{
	"format_version": "1.12.0",
	"minecraft:geometry": [
		{
			"description": {
				"identifier": "geometry.unknown",
				"texture_width": 32,
				"texture_height": 32,
				"visible_bounds_width": 2,
				"visible_bounds_height": 2.5,
				"visible_bounds_offset": [0, 0.75, 0]
			},
			"bones": [
				{
					"name": "arrowHeadIce",
					"pivot": [0.975, 2.5, -3.7],
					"cubes": [
						{"origin": [-0.10625, 5.8625, -21.60625], "size": [0.74375, 2.43125, 0.8375], "inflate": -0.325, "pivot": [1.21875, 3.125, -4.625], "rotation": [-68, 0, 0], "uv": [27, 28], "mirror": true},
						{"origin": [-0.10625, 10.33125, 9.01875], "size": [0.74375, 2.43125, 0.8375], "inflate": -0.325, "pivot": [1.21875, 3.125, -4.625], "rotation": [68, 0, 0], "uv": [27, 28.225]},
						{"origin": [-0.1, 12.86875, -18.38125], "size": [0.73125, 1.575, 0.85625], "inflate": -0.35, "pivot": [1.21875, 3.125, -4.625], "rotation": [-45, 0, 0], "uv": [28, 29]},
						{"origin": [-0.232, 11.893, -19.20075], "size": [1.0265, 1.0265, 0.99525], "inflate": -0.447, "pivot": [1.21875, 3.125, -4.625], "rotation": [-45, 0, 0], "uv": [27, 28]},
						{"origin": [-0.1, 15.15, 4.9625], "size": [0.73125, 1.575, 0.85625], "inflate": -0.35, "pivot": [1.21875, 3.125, -4.625], "rotation": [45, 0, 0], "uv": [28, 30]},
						{"origin": [-0.19375, 19.18125, -7.44375], "size": [0.8875, 0.91875, 1.35625], "inflate": -0.35, "uv": [26, 28]},
						{"origin": [-0.15, 19.1625, -8.15], "size": [0.83125, 0.95625, 1.4875], "inflate": -0.4, "uv": [28, 28]},
						{"origin": [-0.125, 18.875, -7.34375], "size": [0.78125, 1.53125, 0.8125], "inflate": -0.375, "uv": [27, 28]},
						{"origin": [-0.21875, 19.21875, -8.40625], "size": [0.96875, 0.84375, 1.6875], "inflate": -0.375, "uv": [26, 28]}
					]
				}
			]
		}
	]
}