{
	"format_version": "1.12.0",
	"minecraft:geometry": [
		{
			"description": {
				"identifier": "geometry.unknown",
				"texture_width": 32,
				"texture_height": 32,
				"visible_bounds_width": 2,
				"visible_bounds_height": 2.5,
				"visible_bounds_offset": [0, 0.75, 0]
			},
			"bones": [
				{
					"name": "bone",
					"pivot": [0.975, 2, -3.7],
					"cubes": [
						{"origin": [-0.09375, -0.6875, -22.125], "size": [0.6875, 1.34375, 0.71875], "inflate": -0.125, "pivot": [1.21875, 2.5, -4.625], "rotation": [-90, 0, 0], "uv": [24, 21]},
						{"origin": [-0.08125, -1.7375, -22.14375], "size": [0.6625, 1.475, 0.75625], "inflate": -0.175, "pivot": [1.21875, 2.5, -4.625], "rotation": [-90, 0, 0], "uv": [21, 16], "mirror": true},
						{"origin": [-0.06875, -1.85, -22.1], "size": [0.6375, 0.73125, 0.66875], "inflate": -0.225, "pivot": [1.21875, 2.5, -4.625], "rotation": [-90, 0, 0], "uv": [4, 5], "mirror": true},
						{"origin": [-0.11875, -1.4, -21.99375], "size": [0.7375, 0.58125, 0.4875], "inflate": -0.15, "pivot": [1.21875, 2.5, -4.625], "rotation": [-90, 0, 0], "uv": [4, 5]},
						{"origin": [-0.1125, -1.55, -21.9875], "size": [0.725, 0.9125, 0.475], "inflate": -0.175, "pivot": [1.21875, 2.5, -4.625], "rotation": [-90, 0, 0], "uv": [4, 5]},
						{"origin": [-0.025, -1.61875, -22.05625], "size": [0.55, 2.6125, 0.6125], "inflate": -0.15, "pivot": [1.21875, 2.5, -4.625], "rotation": [-90, 0, 0], "uv": [20, 15]}
					]
				}
			]
		}
	]
}