{
	"format_version": "1.12.0",
	"minecraft:geometry": [
		{
			"description": {
				"identifier": "geometry.unknown",
				"texture_width": 32,
				"texture_height": 32,
				"visible_bounds_width": 2,
				"visible_bounds_height": 2.5,
				"visible_bounds_offset": [0, 0.75, 0]
			},
			"bones": [
				{
					"name": "arrowHeadGrapple",
					"pivot": [5.975, 2.5, -28.7],
					"cubes": [
						{"origin": [-0.10625, 5.8625, -21.60625], "size": [0.74375, 1.43125, 0.775], "inflate": -0.325, "pivot": [1.21875, 3.125, -4.625], "rotation": [-68, 0, 0], "uv": [25, 11]},
						{"origin": [-0.10625, 11.33125, 9.01875], "size": [0.74375, 1.43125, 0.775], "inflate": -0.325, "pivot": [1.21875, 3.125, -4.625], "rotation": [68, 0, 0], "uv": [25, 11]},
						{"origin": [-0.1, 12.65, -19.25625], "size": [0.73125, 1.35625, 0.95], "inflate": -0.35, "pivot": [1.21875, 3.125, -4.625], "rotation": [-45, 0, 0], "uv": [29, 16]},
						{"origin": [-0.20075, 11.893, -19.20075], "size": [0.93275, 1.0265, 0.99525], "inflate": -0.447, "pivot": [1.21875, 3.125, -4.625], "rotation": [-45, 0, 0], "uv": [29, 20]},
						{"origin": [-0.1, 15.5875, 4.11875], "size": [0.73125, 1.35625, 0.95], "inflate": -0.35, "pivot": [1.21875, 3.125, -4.625], "rotation": [45, 0, 0], "uv": [28, 16]},
						{"origin": [-0.19375, 19.18125, -7.44375], "size": [0.8875, 0.91875, 1.35625], "inflate": -0.35, "uv": [24, 11]},
						{"origin": [-0.1875, 16, 4.3125], "size": [0.875, 0.90625, 1.4375], "inflate": -0.375, "pivot": [1.21875, 3.125, -4.625], "rotation": [45, 0, 0], "uv": [24, 11]},
						{"origin": [-0.1875, 12.6875, -19.09375], "size": [0.875, 0.90625, 1.4375], "inflate": -0.375, "pivot": [1.21875, 3.125, -4.625], "rotation": [-45, 0, 0], "uv": [24, 11]},
						{"origin": [-1.625, 19.1875, -6.8125], "size": [0.875, 0.90625, 1.4375], "inflate": -0.375, "pivot": [1.21875, 3.125, -4.625], "rotation": [0, -45, 0], "uv": [24, 11]},
						{"origin": [-2.5, 19.25, -6.21875], "size": [1, 0.78125, 1.53125], "inflate": -0.375, "pivot": [1.21875, 3.125, -4.625], "rotation": [0, -45, 0], "uv": [29, 15]},
						{"origin": [2.59375, 19.25, -7.59375], "size": [1, 0.78125, 1.53125], "inflate": -0.375, "pivot": [1.21875, 3.125, -4.625], "rotation": [0, 45, 0], "uv": [27, 15]},
						{"origin": [1.8125, 19.1875, -8.15625], "size": [0.875, 0.90625, 1.4375], "inflate": -0.375, "pivot": [1.21875, 3.125, -4.625], "rotation": [0, 45, 0], "uv": [24, 11]},
						{"origin": [-0.125, 19.21875, -8.40625], "size": [0.78125, 0.84375, 2], "inflate": -0.375, "uv": [29, 15]}
					]
				}
			]
		}
	]
}