{
	"format_version": "1.12.0",
	"minecraft:geometry": [
		{
			"description": {
				"identifier": "geometry.unknown",
				"texture_width": 32,
				"texture_height": 32,
				"visible_bounds_width": 2,
				"visible_bounds_height": 2.5,
				"visible_bounds_offset": [0, 0.75, 0]
			},
			"bones": [
				{
					"name": "arrowFlash",
					"pivot": [2.725, -13.35, 0.8],
					"rotation": [0, -90, 0],
					"cubes": [
						{"origin": [1.65625, -13.41, -14.1], "size": [0.6075, 8.29875, 0.63375], "inflate": -0.225, "pivot": [2.77375, -14.025, 0.615], "rotation": [-90, 0, 0], "uv": [15, 14]},
						{"origin": [1.65, -15.275, -13.225], "size": [0.6, 5.225, 0.625], "inflate": -0.25, "pivot": [2.725, -13.35, 0.8], "rotation": [-90, 0, 0], "uv": [16, 17]},
						{"origin": [1.6575, -5.58625, -13.285], "size": [0.605, 2.0225, 0.73625], "inflate": -0.25, "pivot": [2.77375, -14.025, 0.615], "rotation": [-83.5, 0, 0], "uv": [23, 20]},
						{"origin": [1.65875, -4.77125, -13.33625], "size": [0.6025, 1.39, 0.76], "inflate": -0.275, "pivot": [2.77375, -14.025, 0.615], "rotation": [-83.5, 0, 0], "uv": [23, 20]},
						{"origin": [1.659, -5.7685, -14.386], "size": [0.602, 0.8645, 0.73325], "inflate": -0.28, "pivot": [2.77375, -14.025, 0.615], "rotation": [-90, 0, 0], "uv": [23, 20]},
						{"origin": [1.659, -5.74225, -13.88725], "size": [0.602, 0.8645, 0.73325], "inflate": -0.28, "pivot": [2.77375, -14.025, 0.615], "rotation": [-90, 0, 0], "uv": [23, 20]},
						{"origin": [-11.91225, -5.7685, 0.76025], "size": [0.602, 0.8645, 0.7595], "inflate": -0.28, "pivot": [2.77375, -14.025, 0.615], "rotation": [-90, 0, 90], "uv": [23, 20]},
						{"origin": [-11.91225, -5.7685, 1.33775], "size": [0.602, 0.8645, 0.7595], "inflate": -0.28, "pivot": [2.77375, -14.025, 0.615], "rotation": [-90, 0, 90], "uv": [23, 20]},
						{"origin": [-11.86125, -7.345, 2.49125], "size": [0.605, 2.0225, 0.73625], "inflate": -0.25, "pivot": [2.77375, -14.025, 0.615], "rotation": [-80.07692, -0.41768, 90.72692], "uv": [23, 20]},
						{"origin": [-11.86, -6.50375, 2.44], "size": [0.6025, 1.39, 0.73375], "inflate": -0.275, "pivot": [2.77375, -14.025, 0.615], "rotation": [-80.07692, -0.41768, 90.72692], "uv": [23, 20]},
						{"origin": [-11.86125, -23.06875, 0.5225], "size": [0.605, 2.0225, 0.73625], "inflate": -0.25, "pivot": [2.77375, -14.025, 0.615], "rotation": [80.0769, -0.41768, 90.72692], "uv": [23, 20]},
						{"origin": [-11.86, -23.2775, 0.47125], "size": [0.6025, 1.39, 0.73375], "inflate": -0.275, "pivot": [2.77375, -14.025, 0.615], "rotation": [80.0769, -0.41768, 90.72692], "uv": [23, 20]},
						{"origin": [-11.835, -8.92, 7.0325], "size": [0.5525, 0.7625, 0.6575], "inflate": -0.25, "pivot": [2.77375, -14.025, 0.615], "rotation": [-45.07692, -0.41768, 90.72692], "uv": [23, 20]},
						{"origin": [-11.835, -8.78875, 7.085], "size": [0.5525, 0.7625, 0.6575], "inflate": -0.25, "pivot": [2.77375, -14.025, 0.615], "rotation": [-45.07692, -0.41768, 90.72692], "uv": [23, 20]},
						{"origin": [1.73625, 1.86875, -3.91375], "size": [0.5525, 0.7625, 0.6575], "inflate": -0.25, "pivot": [2.77375, -14.025, 0.615], "rotation": [-45.07692, -0.41768, 0], "uv": [23, 20]},
						{"origin": [1.73625, 2, -3.835], "size": [0.5525, 0.7625, 0.63125], "inflate": -0.25, "pivot": [2.77375, -14.025, 0.615], "rotation": [-45.07692, -0.41768, 0], "uv": [23, 20]},
						{"origin": [1.73625, -10.3375, 16.45625], "size": [0.5525, 0.7625, 0.6575], "inflate": -0.25, "pivot": [2.77375, -14.025, 0.615], "rotation": [45.0769, -0.41768, 0], "uv": [23, 20]},
						{"origin": [1.73625, -10.495, 16.56125], "size": [0.5525, 0.7625, 0.63125], "inflate": -0.25, "pivot": [2.77375, -14.025, 0.615], "rotation": [45.0769, -0.41768, 0], "uv": [23, 20]},
						{"origin": [1.5596, 0.02838, 8.8513], "size": [0.5525, 0.7625, 0.6575], "inflate": -0.25, "pivot": [1.83585, 0.38338, 9.18005], "rotation": [45.0769, -0.41768, 90.72692], "uv": [23, 20]},
						{"origin": [1.5596, -0.10287, 8.9038], "size": [0.5525, 0.7625, 0.6575], "inflate": -0.25, "pivot": [1.83585, 0.38338, 9.18005], "rotation": [45.0769, -0.41768, 90.72692], "uv": [23, 20]},
						{"origin": [1.6575, -21.23125, 15.3275], "size": [0.605, 2.0225, 0.73625], "inflate": -0.25, "pivot": [2.77375, -14.025, 0.615], "rotation": [83.5, 0, 0], "uv": [23, 20]},
						{"origin": [1.65875, -21.44, 15.27625], "size": [0.6025, 1.39, 0.76], "inflate": -0.275, "pivot": [2.77375, -14.025, 0.615], "rotation": [83.5, 0, 0], "uv": [23, 20]}
					]
				},
				{
					"name": "arrowHeadFlash",
					"parent": "arrowFlash",
					"pivot": [2.725, -12.85, 0.525],
					"cubes": [
						{"origin": [1.825, -18.25, -12.05], "size": [0.25, 1.4, 0.325], "inflate": -0.072, "pivot": [2.725, -12.85, 0.525], "rotation": [-100.5, 0, 0], "uv": [22, 18]},
						{"origin": [1.825, -16.95, -12.55], "size": [0.25, 1.4, 0.3], "inflate": -0.047, "pivot": [2.725, -12.85, 0.525], "rotation": [-100.5, 0, 0], "uv": [22, 18]},
						{"origin": [1.825, -13.675, 13.925], "size": [0.25, 1.4, 0.325], "inflate": -0.072, "pivot": [2.725, -12.85, 0.525], "rotation": [100.5, 0, 0], "uv": [22, 18]},
						{"origin": [1.825, -14.975, 13.425], "size": [0.25, 1.4, 0.3], "inflate": -0.047, "pivot": [2.725, -12.85, 0.525], "rotation": [100.5, 0, 0], "uv": [22, 18]},
						{"origin": [1.8, 0.2, -1.25], "size": [0.3, 0.325, 1.175], "inflate": 0.025, "uv": [8, 8]},
						{"origin": [1.6, 0, -1.7], "size": [0.7, 0.725, 1.225], "inflate": -0.025, "uv": [24, 11]},
						{"origin": [1.6, 0.15, -1.575], "size": [0.7, 0.425, 0.95], "inflate": 0.025, "uv": [23, 20]},
						{"origin": [1.7, 0, -1.575], "size": [0.5, 0.725, 0.95], "inflate": 0.025, "uv": [23, 20]},
						{"origin": [1.7, 0.1, -1.95], "size": [0.5, 0.525, 1.775], "inflate": 0.025, "uv": [23, 20]},
						{"origin": [1.8, 0.2, -2.15], "size": [0.3, 0.325, 1.075], "inflate": 0.025, "uv": [6, 11]},
						{"origin": [1.9, 0.3, -2.45], "size": [0.1, 0.125, 1.075], "inflate": 0.025, "uv": [24, 20]}
					]
				}
			]
		}
	]
}