{
	"format_version": "1.12.0",
	"minecraft:geometry": [
		{
			"description": {
				"identifier": "geometry.unknown",
				"texture_width": 32,
				"texture_height": 32,
				"visible_bounds_width": 2,
				"visible_bounds_height": 2.5,
				"visible_bounds_offset": [0, 0.75, 0]
			},
			"bones": [
				{
					"name": "bone2",
					"pivot": [0.975, 2, -3.7],
					"cubes": [
						{"origin": [-0.09375, -0.6875, -22.125], "size": [0.6875, 1.34375, 0.71875], "inflate": -0.125, "pivot": [1.21875, 2.5, -4.625], "rotation": [-90, 0, 0], "uv": [24, 21]},
						{"origin": [-0.175, -1.7375, -22.14375], "size": [0.85, 2.1, 0.725], "inflate": -0.175, "pivot": [1.21875, 2.5, -4.625], "rotation": [-90, 0, 0], "uv": [23, 16], "mirror": true},
						{"origin": [-0.06875, -1.85, -22.1], "size": [0.6375, 0.73125, 0.66875], "inflate": -0.225, "pivot": [1.21875, 2.5, -4.625], "rotation": [-90, 0, 0], "uv": [1, 1], "mirror": true},
						{"origin": [-0.025, -1.61875, -22.05625], "size": [0.55, 2.6125, 0.6125], "inflate": -0.15, "pivot": [1.21875, 2.5, -4.625], "rotation": [-90, 0, 0], "uv": [20, 15]},
						{"origin": [0.03125, 5.25, -22.3125], "size": [0.4375, 1.34375, 0.65625], "inflate": -0.125, "pivot": [1.21875, 2.5, -4.625], "rotation": [-67.5, 0, 0], "uv": [24, 21]},
						{"origin": [0.03125, -7.875, -19.3125], "size": [0.4375, 1.34375, 0.6875], "inflate": -0.125, "pivot": [1.21875, 2.5, -4.625], "rotation": [-112.5, 0, 0], "uv": [24, 21]},
						{"origin": [-0.08125, -7.3, -20.01875], "size": [0.6625, 1.31875, 0.69375], "inflate": -0.175, "pivot": [1.21875, 2.5, -4.625], "rotation": [-112.5, 0, 0], "uv": [24, 21]},
						{"origin": [-0.08125, 5.825, -21.6125], "size": [0.6625, 1.31875, 0.69375], "inflate": -0.175, "pivot": [1.21875, 2.5, -4.625], "rotation": [-67.5, 0, 0], "uv": [24, 21]},
						{"origin": [-0.25625, -1.725, -22.1], "size": [1.0125, 0.54375, 0.66875], "inflate": -0.225, "pivot": [1.21875, 2.5, -4.625], "rotation": [-90, 0, 0], "uv": [1, 1], "mirror": true},
						{"origin": [-0.25625, -1.56875, -22.1], "size": [1.0125, 0.54375, 0.66875], "inflate": -0.225, "pivot": [1.21875, 2.5, -4.625], "rotation": [-90, 0, 0], "uv": [1, 1], "mirror": true},
						{"origin": [-0.25625, -1.4125, -22.1], "size": [1.0125, 0.54375, 0.66875], "inflate": -0.225, "pivot": [1.21875, 2.5, -4.625], "rotation": [-90, 0, 0], "uv": [1, 1], "mirror": true}
					]
				}
			]
		}
	]
}