{
	"format_version": "1.12.0",
	"minecraft:geometry": [
		{
			"description": {
				"identifier": "geometry.unknown",
				"texture_width": 32,
				"texture_height": 32,
				"visible_bounds_width": 2,
				"visible_bounds_height": 2.5,
				"visible_bounds_offset": [0, 0.75, 0]
			},
			"bones": [
				{
					"name": "arrowTearGas",
					"pivot": [2.725, -13.25, 0.8],
					"rotation": [0, -90, 0],
					"cubes": [
						{"origin": [1.65625, -13.31, -14.1], "size": [0.6075, 8.29875, 0.63375], "inflate": -0.225, "pivot": [2.77375, -13.925, 0.615], "rotation": [-90, 0, 0], "uv": [15, 14]},
						{"origin": [1.65, -16.625, -13.225], "size": [0.6, 2.125, 0.625], "inflate": -0.15, "pivot": [2.725, -13.25, 0.8], "rotation": [-90, 0, 0], "uv": [24, 19]},
						{"origin": [1.65, -16.725, -13.225], "size": [0.6, 2.325, 0.625], "inflate": -0.175, "pivot": [2.725, -13.25, 0.8], "rotation": [-90, 0, 0], "uv": [9, 8], "mirror": true},
						{"origin": [1.65, -16.85, -13.225], "size": [0.6, 0.65, 0.625], "inflate": -0.25, "pivot": [2.725, -13.25, 0.8], "rotation": [-90, 0, 0], "uv": [5, 3], "mirror": true},
						{"origin": [1.65, -14.95, -13.225], "size": [0.6, 0.65, 0.625], "inflate": -0.225, "pivot": [2.725, -13.25, 0.8], "rotation": [-90, 0, 0], "uv": [5, 3], "mirror": true},
						{"origin": [1.65, -16.8, -13.225], "size": [0.6, 0.65, 0.625], "inflate": -0.225, "pivot": [2.725, -13.25, 0.8], "rotation": [-90, 0, 0], "uv": [5, 3], "mirror": true},
						{"origin": [1.6, -15.4, -13.15], "size": [0.7, 0.85, 0.475], "inflate": -0.15, "pivot": [2.725, -13.25, 0.8], "rotation": [-90, 0, 0], "uv": [20, 15]},
						{"origin": [1.6, -16.475, -13.125], "size": [0.7, 0.725, 0.425], "inflate": -0.15, "pivot": [2.725, -13.25, 0.8], "rotation": [-90, 0, 0], "uv": [4, 3]},
						{"origin": [1.6, -15.9, -13.125], "size": [0.7, 0.65, 0.425], "inflate": -0.15, "pivot": [2.725, -13.25, 0.8], "rotation": [-90, 0, 0], "uv": [4, 3]},
						{"origin": [1.6, -16.05, -13.2], "size": [0.7, 0.45, 0.575], "inflate": -0.15, "pivot": [2.725, -13.25, 0.8], "rotation": [-90, 0, 0], "uv": [20, 15]},
						{"origin": [1.6, -15.55, -13.2], "size": [0.7, 0.45, 0.575], "inflate": -0.15, "pivot": [2.725, -13.25, 0.8], "rotation": [-90, 0, 0], "uv": [20, 15]},
						{"origin": [1.6, -16.575, -13.2], "size": [0.7, 0.4, 0.575], "inflate": -0.15, "pivot": [2.725, -13.25, 0.8], "rotation": [-90, 0, 0], "uv": [20, 15]},
						{"origin": [1.7, -16.575, -13.275], "size": [0.5, 2.025, 0.725], "inflate": -0.15, "pivot": [2.725, -13.25, 0.8], "rotation": [-90, 0, 0], "uv": [20, 15]},
						{"origin": [1.65, -15.175, -13.225], "size": [0.6, 5.225, 0.625], "inflate": -0.25, "pivot": [2.725, -13.25, 0.8], "rotation": [-90, 0, 0], "uv": [16, 17]},
						{"origin": [1.6575, -5.48625, -13.285], "size": [0.605, 2.0225, 0.73625], "inflate": -0.25, "pivot": [2.77375, -13.925, 0.615], "rotation": [-83.5, 0, 0], "uv": [23, 20]},
						{"origin": [1.65875, -4.67125, -13.33625], "size": [0.6025, 1.39, 0.76], "inflate": -0.275, "pivot": [2.77375, -13.925, 0.615], "rotation": [-83.5, 0, 0], "uv": [23, 20]},
						{"origin": [1.659, -5.6685, -14.386], "size": [0.602, 0.8645, 0.73325], "inflate": -0.28, "pivot": [2.77375, -13.925, 0.615], "rotation": [-90, 0, 0], "uv": [23, 20]},
						{"origin": [1.659, -5.64225, -13.88725], "size": [0.602, 0.8645, 0.73325], "inflate": -0.28, "pivot": [2.77375, -13.925, 0.615], "rotation": [-90, 0, 0], "uv": [23, 20]},
						{"origin": [-11.91225, -5.6685, 0.76025], "size": [0.602, 0.8645, 0.7595], "inflate": -0.28, "pivot": [2.77375, -13.925, 0.615], "rotation": [-90, 0, 90], "uv": [23, 20]},
						{"origin": [-11.91225, -5.6685, 1.33775], "size": [0.602, 0.8645, 0.7595], "inflate": -0.28, "pivot": [2.77375, -13.925, 0.615], "rotation": [-90, 0, 90], "uv": [23, 20]},
						{"origin": [-11.86125, -7.245, 2.49125], "size": [0.605, 2.0225, 0.73625], "inflate": -0.25, "pivot": [2.77375, -13.925, 0.615], "rotation": [-80.07692, -0.41768, 90.72692], "uv": [23, 20]},
						{"origin": [-11.86, -6.40375, 2.44], "size": [0.6025, 1.39, 0.73375], "inflate": -0.275, "pivot": [2.77375, -13.925, 0.615], "rotation": [-80.07692, -0.41768, 90.72692], "uv": [23, 20]},
						{"origin": [-11.86125, -22.96875, 0.5225], "size": [0.605, 2.0225, 0.73625], "inflate": -0.25, "pivot": [2.77375, -13.925, 0.615], "rotation": [80.0769, -0.41768, 90.72692], "uv": [23, 20]},
						{"origin": [-11.86, -23.1775, 0.47125], "size": [0.6025, 1.39, 0.73375], "inflate": -0.275, "pivot": [2.77375, -13.925, 0.615], "rotation": [80.0769, -0.41768, 90.72692], "uv": [23, 20]},
						{"origin": [-11.835, -8.82, 7.0325], "size": [0.5525, 0.7625, 0.6575], "inflate": -0.25, "pivot": [2.77375, -13.925, 0.615], "rotation": [-45.07692, -0.41768, 90.72692], "uv": [23, 20]},
						{"origin": [-11.835, -8.68875, 7.085], "size": [0.5525, 0.7625, 0.6575], "inflate": -0.25, "pivot": [2.77375, -13.925, 0.615], "rotation": [-45.07692, -0.41768, 90.72692], "uv": [23, 20]},
						{"origin": [1.73625, 1.96875, -3.91375], "size": [0.5525, 0.7625, 0.6575], "inflate": -0.25, "pivot": [2.77375, -13.925, 0.615], "rotation": [-45.07692, -0.41768, 0], "uv": [23, 20]},
						{"origin": [1.73625, 2.1, -3.835], "size": [0.5525, 0.7625, 0.63125], "inflate": -0.25, "pivot": [2.77375, -13.925, 0.615], "rotation": [-45.07692, -0.41768, 0], "uv": [23, 20]},
						{"origin": [1.73625, -10.2375, 16.45625], "size": [0.5525, 0.7625, 0.6575], "inflate": -0.25, "pivot": [2.77375, -13.925, 0.615], "rotation": [45.0769, -0.41768, 0], "uv": [23, 20]},
						{"origin": [1.73625, -10.395, 16.56125], "size": [0.5525, 0.7625, 0.63125], "inflate": -0.25, "pivot": [2.77375, -13.925, 0.615], "rotation": [45.0769, -0.41768, 0], "uv": [23, 20]},
						{"origin": [1.5596, 0.12838, 8.8513], "size": [0.5525, 0.7625, 0.6575], "inflate": -0.25, "pivot": [1.83585, 0.48338, 9.18005], "rotation": [45.0769, -0.41768, 90.72692], "uv": [23, 20]},
						{"origin": [1.5596, -0.00287, 8.9038], "size": [0.5525, 0.7625, 0.6575], "inflate": -0.25, "pivot": [1.83585, 0.48338, 9.18005], "rotation": [45.0769, -0.41768, 90.72692], "uv": [23, 20]},
						{"origin": [1.6575, -21.13125, 15.3275], "size": [0.605, 2.0225, 0.73625], "inflate": -0.25, "pivot": [2.77375, -13.925, 0.615], "rotation": [83.5, 0, 0], "uv": [23, 20]},
						{"origin": [1.65875, -21.34, 15.27625], "size": [0.6025, 1.39, 0.76], "inflate": -0.275, "pivot": [2.77375, -13.925, 0.615], "rotation": [83.5, 0, 0], "uv": [23, 20]}
					]
				}
			]
		}
	]
}