{
	"format_version": "1.12.0",
	"minecraft:geometry": [
		{
			"description": {
				"identifier": "geometry.unknown",
				"texture_width": 32,
				"texture_height": 32,
				"visible_bounds_width": 2,
				"visible_bounds_height": 2.5,
				"visible_bounds_offset": [0, 0.75, 0]
			},
			"bones": [
				{
					"name": "arrowKryptonite",
					"pivot": [2.925, -13.5, 0.8],
					"rotation": [0, -90, 0],
					"cubes": [
						{"origin": [1.85625, -13.56, -14.1], "size": [0.6075, 8.29875, 0.63375], "inflate": -0.225, "pivot": [2.97375, -14.175, 0.615], "rotation": [-90, 0, 0], "uv": [15, 14]},
						{"origin": [1.85, -15.425, -13.225], "size": [0.6, 5.225, 0.625], "inflate": -0.25, "pivot": [2.925, -13.5, 0.8], "rotation": [-90, 0, 0], "uv": [16, 17]},
						{"origin": [1.8575, -5.73625, -13.285], "size": [0.605, 2.0225, 0.73625], "inflate": -0.25, "pivot": [2.97375, -14.175, 0.615], "rotation": [-83.5, 0, 0], "uv": [23, 20]},
						{"origin": [1.85875, -4.92125, -13.33625], "size": [0.6025, 1.39, 0.76], "inflate": -0.275, "pivot": [2.97375, -14.175, 0.615], "rotation": [-83.5, 0, 0], "uv": [23, 20]},
						{"origin": [1.859, -5.9185, -14.386], "size": [0.602, 0.8645, 0.73325], "inflate": -0.28, "pivot": [2.97375, -14.175, 0.615], "rotation": [-90, 0, 0], "uv": [23, 20]},
						{"origin": [1.859, -5.89225, -13.88725], "size": [0.602, 0.8645, 0.73325], "inflate": -0.28, "pivot": [2.97375, -14.175, 0.615], "rotation": [-90, 0, 0], "uv": [23, 20]},
						{"origin": [-11.71225, -5.9185, 0.76025], "size": [0.602, 0.8645, 0.7595], "inflate": -0.28, "pivot": [2.97375, -14.175, 0.615], "rotation": [-90, 0, 90], "uv": [23, 20]},
						{"origin": [-11.71225, -5.9185, 1.33775], "size": [0.602, 0.8645, 0.7595], "inflate": -0.28, "pivot": [2.97375, -14.175, 0.615], "rotation": [-90, 0, 90], "uv": [23, 20]},
						{"origin": [-11.66125, -7.495, 2.49125], "size": [0.605, 2.0225, 0.73625], "inflate": -0.25, "pivot": [2.97375, -14.175, 0.615], "rotation": [-80.07692, -0.41768, 90.72692], "uv": [23, 20]},
						{"origin": [-11.66, -6.65375, 2.44], "size": [0.6025, 1.39, 0.73375], "inflate": -0.275, "pivot": [2.97375, -14.175, 0.615], "rotation": [-80.07692, -0.41768, 90.72692], "uv": [23, 20]},
						{"origin": [-11.66125, -23.21875, 0.5225], "size": [0.605, 2.0225, 0.73625], "inflate": -0.25, "pivot": [2.97375, -14.175, 0.615], "rotation": [80.0769, -0.41768, 90.72692], "uv": [23, 20]},
						{"origin": [-11.66, -23.4275, 0.47125], "size": [0.6025, 1.39, 0.73375], "inflate": -0.275, "pivot": [2.97375, -14.175, 0.615], "rotation": [80.0769, -0.41768, 90.72692], "uv": [23, 20]},
						{"origin": [-11.635, -9.07, 7.0325], "size": [0.5525, 0.7625, 0.6575], "inflate": -0.25, "pivot": [2.97375, -14.175, 0.615], "rotation": [-45.07692, -0.41768, 90.72692], "uv": [23, 20]},
						{"origin": [-11.635, -8.93875, 7.085], "size": [0.5525, 0.7625, 0.6575], "inflate": -0.25, "pivot": [2.97375, -14.175, 0.615], "rotation": [-45.07692, -0.41768, 90.72692], "uv": [23, 20]},
						{"origin": [1.93625, 1.71875, -3.91375], "size": [0.5525, 0.7625, 0.6575], "inflate": -0.25, "pivot": [2.97375, -14.175, 0.615], "rotation": [-45.07692, -0.41768, 0], "uv": [23, 20]},
						{"origin": [1.93625, 1.85, -3.835], "size": [0.5525, 0.7625, 0.63125], "inflate": -0.25, "pivot": [2.97375, -14.175, 0.615], "rotation": [-45.07692, -0.41768, 0], "uv": [23, 20]},
						{"origin": [1.93625, -10.4875, 16.45625], "size": [0.5525, 0.7625, 0.6575], "inflate": -0.25, "pivot": [2.97375, -14.175, 0.615], "rotation": [45.0769, -0.41768, 0], "uv": [23, 20]},
						{"origin": [1.93625, -10.645, 16.56125], "size": [0.5525, 0.7625, 0.63125], "inflate": -0.25, "pivot": [2.97375, -14.175, 0.615], "rotation": [45.0769, -0.41768, 0], "uv": [23, 20]},
						{"origin": [1.7596, -0.12162, 8.8513], "size": [0.5525, 0.7625, 0.6575], "inflate": -0.25, "pivot": [2.03585, 0.23338, 9.18005], "rotation": [45.0769, -0.41768, 90.72692], "uv": [23, 20]},
						{"origin": [1.7596, -0.25287, 8.9038], "size": [0.5525, 0.7625, 0.6575], "inflate": -0.25, "pivot": [2.03585, 0.23338, 9.18005], "rotation": [45.0769, -0.41768, 90.72692], "uv": [23, 20]},
						{"origin": [1.8575, -21.38125, 15.3275], "size": [0.605, 2.0225, 0.73625], "inflate": -0.25, "pivot": [2.97375, -14.175, 0.615], "rotation": [83.5, 0, 0], "uv": [23, 20]},
						{"origin": [1.85875, -21.59, 15.27625], "size": [0.6025, 1.39, 0.76], "inflate": -0.275, "pivot": [2.97375, -14.175, 0.615], "rotation": [83.5, 0, 0], "uv": [23, 20]}
					]
				},
				{
					"name": "arrowHeadKryptonite",
					"parent": "arrowKryptonite",
					"pivot": [2.925, -13, 0.8],
					"cubes": [
						{"origin": [1.8, -10.875, -12.85], "size": [0.725, 2.075, 0.8], "inflate": -0.325, "pivot": [2.925, -13, 0.8], "rotation": [-68, 0, 0], "uv": [2, 1], "mirror": true},
						{"origin": [1.8, -7.3, 11.65], "size": [0.725, 2.075, 0.8], "inflate": -0.325, "pivot": [2.925, -13, 0.8], "rotation": [68, 0, 0], "uv": [2, 1.225]},
						{"origin": [1.8, -5.275, -10.275], "size": [0.725, 1.4, 0.825], "inflate": -0.35, "pivot": [2.925, -13, 0.8], "rotation": [-45, 0, 0], "uv": [3, 2]},
						{"origin": [1.675, -6.075, -10.95], "size": [1, 1, 0.975], "inflate": -0.447, "pivot": [2.925, -13, 0.8], "rotation": [-45, 0, 0], "uv": [2, 1]},
						{"origin": [1.8, -3.45, 8.4], "size": [0.725, 1.4, 0.825], "inflate": -0.35, "pivot": [2.925, -13, 0.8], "rotation": [45, 0, 0], "uv": [3, 3]},
						{"origin": [1.725, -0.225, -1.525], "size": [0.85, 0.875, 1.225], "inflate": -0.35, "uv": [1, 1]},
						{"origin": [1.75, -0.25, -2.1], "size": [0.825, 0.925, 1.35], "inflate": -0.4, "uv": [3, 1]},
						{"origin": [1.775, -0.475, -1.45], "size": [0.775, 1.375, 0.8], "inflate": -0.375, "uv": [2, 1]},
						{"origin": [1.7, -0.2, -2.3], "size": [0.925, 0.825, 1.5], "inflate": -0.375, "uv": [1, 1]}
					]
				}
			]
		}
	]
}