{
	"format_version": "1.12.0",
	"minecraft:geometry": [
		{
			"description": {
				"identifier": "geometry.unknown",
				"texture_width": 32,
				"texture_height": 32,
				"visible_bounds_width": 2,
				"visible_bounds_height": 2.5,
				"visible_bounds_offset": [0, 0.75, 0]
			},
			"bones": [
				{
					"name": "bone",
					"pivot": [0.975, 2, -3.7],
					"cubes": [
						{"origin": [-0.0875, -1.68125, -22.11875], "size": [0.675, 2.58125, 0.70625], "inflate": -0.15, "pivot": [1.21875, 2.5, -4.625], "rotation": [-90, 0, 0], "uv": [24, 19]},
						{"origin": [-0.15, -1.61875, -22.05625], "size": [0.8, 2.45625, 0.58125], "inflate": -0.15, "pivot": [1.21875, 2.5, -4.625], "rotation": [-90, 0, 0], "uv": [20, 15]},
						{"origin": [-0.025, -1.61875, -22.18125], "size": [0.55, 2.45625, 0.83125], "inflate": -0.15, "pivot": [1.21875, 2.5, -4.625], "rotation": [-90, 0, 0], "uv": [20, 15]},
						{"origin": [-0.08125, -1.8, -22.1125], "size": [0.6625, 2.81875, 0.69375], "inflate": -0.175, "pivot": [1.21875, 2.5, -4.625], "rotation": [-90, 0, 0], "uv": [9, 8], "mirror": true},
						{"origin": [-4.33125, 15.16875, -12.70625], "size": [8.9125, 8.94375, 8.94375], "inflate": -4.3, "uv": [0, 16]},
						{"origin": [-4.08125, 15.16875, -12.70625], "size": [8.9125, 8.94375, 8.94375], "inflate": -4.3, "uv": [0, 16], "mirror": true},
						{"origin": [-0.0625, -1.9375, -22.09375], "size": [0.625, 0.71875, 0.65625], "inflate": -0.25, "pivot": [1.21875, 2.5, -4.625], "rotation": [-90, 0, 0], "uv": [6, 8], "mirror": true},
						{"origin": [-0.18125, -1.0875, -22.0875], "size": [0.8625, 0.6125, 0.64375], "inflate": -0.15, "pivot": [1.21875, 2.5, -4.625], "rotation": [-90, 0, 0], "uv": [20, 15]},
						{"origin": [-0.18125, -1.61875, -22.0875], "size": [0.8625, 0.4875, 0.64375], "inflate": -0.15, "pivot": [1.21875, 2.5, -4.625], "rotation": [-90, 0, 0], "uv": [20, 15]}
					]
				}
			]
		}
	]
}