{
	"format_version": "1.12.0",
	"minecraft:geometry": [
		{
			"description": {
				"identifier": "geometry.unknown",
				"texture_width": 32,
				"texture_height": 32,
				"visible_bounds_width": 2,
				"visible_bounds_height": 2.5,
				"visible_bounds_offset": [0, 0.75, 0]
			},
			"bones": [
				{
					"name": "bb_main",
					"pivot": [-1, -15.25, 0],
					"rotation": [0, -90, 0],
					"cubes": [
						{"origin": [-1.09375, -13.31, -18.6], "size": [0.6075, 8.29875, 0.63375], "inflate": -0.225, "pivot": [0.02375, -13.925, -3.885], "rotation": [-90, 0, 0], "uv": [15, 14]},
						{"origin": [-1.1, -15.175, -17.725], "size": [0.6, 5.225, 0.625], "inflate": -0.25, "pivot": [-0.025, -13.25, -3.7], "rotation": [-90, 0, 0], "uv": [16, 17]},
						{"origin": [-1.0925, -5.48625, -17.785], "size": [0.605, 2.0225, 0.73625], "inflate": -0.25, "pivot": [0.02375, -13.925, -3.885], "rotation": [-83.5, 0, 0], "uv": [23, 20]},
						{"origin": [-1.09125, -4.67125, -17.83625], "size": [0.6025, 1.39, 0.76], "inflate": -0.275, "pivot": [0.02375, -13.925, -3.885], "rotation": [-83.5, 0, 0], "uv": [23, 20]},
						{"origin": [-1.091, -5.6685, -18.886], "size": [0.602, 0.8645, 0.73325], "inflate": -0.28, "pivot": [0.02375, -13.925, -3.885], "rotation": [-90, 0, 0], "uv": [23, 20]},
						{"origin": [-1.091, -5.64225, -18.38725], "size": [0.602, 0.8645, 0.73325], "inflate": -0.28, "pivot": [0.02375, -13.925, -3.885], "rotation": [-90, 0, 0], "uv": [23, 20]},
						{"origin": [-14.66225, -5.6685, -3.73975], "size": [0.602, 0.8645, 0.7595], "inflate": -0.28, "pivot": [0.02375, -13.925, -3.885], "rotation": [-90, 0, 90], "uv": [23, 20]},
						{"origin": [-14.66225, -5.6685, -3.16225], "size": [0.602, 0.8645, 0.7595], "inflate": -0.28, "pivot": [0.02375, -13.925, -3.885], "rotation": [-90, 0, 90], "uv": [23, 20]},
						{"origin": [-14.61125, -7.245, -2.00875], "size": [0.605, 2.0225, 0.73625], "inflate": -0.25, "pivot": [0.02375, -13.925, -3.885], "rotation": [-80.07692, -0.41768, 90.72692], "uv": [23, 20]},
						{"origin": [-14.61, -6.40375, -2.06], "size": [0.6025, 1.39, 0.73375], "inflate": -0.275, "pivot": [0.02375, -13.925, -3.885], "rotation": [-80.07692, -0.41768, 90.72692], "uv": [23, 20]},
						{"origin": [-14.61125, -22.96875, -3.9775], "size": [0.605, 2.0225, 0.73625], "inflate": -0.25, "pivot": [0.02375, -13.925, -3.885], "rotation": [80.0769, -0.41768, 90.72692], "uv": [23, 20]},
						{"origin": [-14.61, -23.1775, -4.02875], "size": [0.6025, 1.39, 0.73375], "inflate": -0.275, "pivot": [0.02375, -13.925, -3.885], "rotation": [80.0769, -0.41768, 90.72692], "uv": [23, 20]},
						{"origin": [-14.585, -8.82, 2.5325], "size": [0.5525, 0.7625, 0.6575], "inflate": -0.25, "pivot": [0.02375, -13.925, -3.885], "rotation": [-45.07692, -0.41768, 90.72692], "uv": [23, 20]},
						{"origin": [-14.585, -8.68875, 2.585], "size": [0.5525, 0.7625, 0.6575], "inflate": -0.25, "pivot": [0.02375, -13.925, -3.885], "rotation": [-45.07692, -0.41768, 90.72692], "uv": [23, 20]},
						{"origin": [-1.01375, 1.96875, -8.41375], "size": [0.5525, 0.7625, 0.6575], "inflate": -0.25, "pivot": [0.02375, -13.925, -3.885], "rotation": [-45.07692, -0.41768, 0], "uv": [23, 20]},
						{"origin": [-1.01375, 2.1, -8.335], "size": [0.5525, 0.7625, 0.63125], "inflate": -0.25, "pivot": [0.02375, -13.925, -3.885], "rotation": [-45.07692, -0.41768, 0], "uv": [23, 20]},
						{"origin": [-1.01375, -10.2375, 11.95625], "size": [0.5525, 0.7625, 0.6575], "inflate": -0.25, "pivot": [0.02375, -13.925, -3.885], "rotation": [45.0769, -0.41768, 0], "uv": [23, 20]},
						{"origin": [-1.01375, -10.395, 12.06125], "size": [0.5525, 0.7625, 0.63125], "inflate": -0.25, "pivot": [0.02375, -13.925, -3.885], "rotation": [45.0769, -0.41768, 0], "uv": [23, 20]},
						{"origin": [-1.1904, 0.12838, 4.3513], "size": [0.5525, 0.7625, 0.6575], "inflate": -0.25, "pivot": [-0.91415, 0.48338, 4.68005], "rotation": [45.0769, -0.41768, 90.72692], "uv": [23, 20]},
						{"origin": [-1.1904, -0.00287, 4.4038], "size": [0.5525, 0.7625, 0.6575], "inflate": -0.25, "pivot": [-0.91415, 0.48338, 4.68005], "rotation": [45.0769, -0.41768, 90.72692], "uv": [23, 20]},
						{"origin": [-1.0925, -21.13125, 10.8275], "size": [0.605, 2.0225, 0.73625], "inflate": -0.25, "pivot": [0.02375, -13.925, -3.885], "rotation": [83.5, 0, 0], "uv": [23, 20]},
						{"origin": [-1.09125, -21.34, 10.77625], "size": [0.6025, 1.39, 0.76], "inflate": -0.275, "pivot": [0.02375, -13.925, -3.885], "rotation": [83.5, 0, 0], "uv": [23, 20]},
						{"origin": [-1.4, -10.425, -16.625], "size": [1.2, 0.875, 0.25], "inflate": 0.05, "pivot": [-0.025, -12.75, -3.975], "rotation": [-68, 0, 0], "uv": [26, 16]},
						{"origin": [-1.65, -5.55, -15.55], "size": [1.7, 1.3, 0.825], "inflate": -0.072, "pivot": [-0.025, -12.75, -3.975], "rotation": [-45, 0, 0], "uv": [29, 20]},
						{"origin": [-0.95, 0.3, -5.75], "size": [0.3, 0.325, 1.175], "inflate": 0.025, "uv": [13, 16]},
						{"origin": [-1.35, -0.1, -6], "size": [1.1, 1.125, 1.025], "inflate": 0.075, "uv": [24, 11]},
						{"origin": [-1.45, -0.2, -6.325], "size": [1.3, 1.325, 1.2], "inflate": 0.025, "uv": [24, 11]},
						{"origin": [-1.35, -0.1, -5.75], "size": [1.1, 1.125, 1.025], "uv": [26, 15]},
						{"origin": [0.9, -10.4, -16.8], "size": [0.2, 0.875, 0.35], "inflate": 0.05, "pivot": [-0.025, -12.75, -3.975], "rotation": [-66.5275, -19.86554, -8.39407], "uv": [26, 16]},
						{"origin": [0.225, -10.625, -16.85], "size": [0.775, 0.375, 0.325], "inflate": 0.05, "pivot": [-0.025, -12.75, -3.975], "rotation": [-66.5275, -19.86554, -8.39407], "uv": [24, 16]},
						{"origin": [-1.55, -0.75, 1.25], "size": [1.5, 0.55, 0.825], "inflate": -0.072, "pivot": [-0.025, -12.75, -3.975], "rotation": [35.75, 0, 0], "uv": [23, 20]},
						{"origin": [-1.55, -5.45, -15.625], "size": [1.5, 1.1, 0.825], "inflate": -0.072, "pivot": [-0.025, -12.75, -3.975], "rotation": [-45, 0, 0], "uv": [23, 20]},
						{"origin": [-1.75, -0.75, 1.45], "size": [0.8, 0.55, 0.825], "inflate": -0.072, "pivot": [-0.025, -12.75, -3.975], "rotation": [35.75, 0, 0], "uv": [23, 20]},
						{"origin": [-0.65, -0.75, 1.45], "size": [0.8, 0.55, 0.825], "inflate": -0.072, "pivot": [-0.025, -12.75, -3.975], "rotation": [35.75, 0, 0], "uv": [23, 20]},
						{"origin": [-1.45, -17.475, -17.475], "size": [1.3, 1.1, 0.825], "inflate": -0.072, "pivot": [-0.025, -12.75, -3.975], "rotation": [-100.5, 0, 0], "uv": [22, 18]},
						{"origin": [-1.35, -12.05, -16.825], "size": [1.1, 1.1, 0.425], "inflate": -0.072, "pivot": [-0.025, -12.75, -3.975], "rotation": [-75.25, 0, 0], "uv": [23, 21]},
						{"origin": [-1.55, -0.1, -5.625], "size": [1.5, 1.125, 0.5], "inflate": 0.025, "uv": [23, 20]},
						{"origin": [-1.35, 0.15, -6.95], "size": [1.1, 0.35, 0.825], "inflate": 0.025, "uv": [23, 21]},
						{"origin": [-1.25, 0, -5.75], "size": [0.9, 0.925, 1.125], "inflate": 0.025, "uv": [6, 11]},
						{"origin": [-1.35, -0.1, -5.85], "size": [1.1, 1.125, 1.025], "inflate": 0.025, "uv": [5, 5]}
					]
				}
			]
		}
	]
}