{
	"format_version": "1.12.0",
	"minecraft:geometry": [
		{
			"description": {
				"identifier": "geometry.unknown",
				"texture_width": 32,
				"texture_height": 32,
				"visible_bounds_width": 2,
				"visible_bounds_height": 2.5,
				"visible_bounds_offset": [0, 0.75, 0]
			},
			"bones": [
				{
					"name": "bb_main",
					"pivot": [-0.75, -15.25, 0],
					"rotation": [0, -90, 0],
					"cubes": [
						{"origin": [-0.84375, -13.31, -18.6], "size": [0.6075, 8.29875, 0.63375], "inflate": -0.225, "pivot": [0.27375, -13.925, -3.885], "rotation": [-90, 0, 0], "uv": [15, 14]},
						{"origin": [-0.85, -15.175, -17.725], "size": [0.6, 5.225, 0.625], "inflate": -0.25, "pivot": [0.225, -13.25, -3.7], "rotation": [-90, 0, 0], "uv": [16, 17]},
						{"origin": [-0.8425, -5.48625, -17.785], "size": [0.605, 2.0225, 0.73625], "inflate": -0.25, "pivot": [0.27375, -13.925, -3.885], "rotation": [-83.5, 0, 0], "uv": [23, 20]},
						{"origin": [-0.84125, -4.67125, -17.83625], "size": [0.6025, 1.39, 0.76], "inflate": -0.275, "pivot": [0.27375, -13.925, -3.885], "rotation": [-83.5, 0, 0], "uv": [23, 20]},
						{"origin": [-0.841, -5.6685, -18.886], "size": [0.602, 0.8645, 0.73325], "inflate": -0.28, "pivot": [0.27375, -13.925, -3.885], "rotation": [-90, 0, 0], "uv": [23, 20]},
						{"origin": [-0.841, -5.64225, -18.38725], "size": [0.602, 0.8645, 0.73325], "inflate": -0.28, "pivot": [0.27375, -13.925, -3.885], "rotation": [-90, 0, 0], "uv": [23, 20]},
						{"origin": [-14.41225, -5.6685, -3.73975], "size": [0.602, 0.8645, 0.7595], "inflate": -0.28, "pivot": [0.27375, -13.925, -3.885], "rotation": [-90, 0, 90], "uv": [23, 20]},
						{"origin": [-14.41225, -5.6685, -3.16225], "size": [0.602, 0.8645, 0.7595], "inflate": -0.28, "pivot": [0.27375, -13.925, -3.885], "rotation": [-90, 0, 90], "uv": [23, 20]},
						{"origin": [-14.36125, -7.245, -2.00875], "size": [0.605, 2.0225, 0.73625], "inflate": -0.25, "pivot": [0.27375, -13.925, -3.885], "rotation": [-80.07692, -0.41768, 90.72692], "uv": [23, 20]},
						{"origin": [-14.36, -6.40375, -2.06], "size": [0.6025, 1.39, 0.73375], "inflate": -0.275, "pivot": [0.27375, -13.925, -3.885], "rotation": [-80.07692, -0.41768, 90.72692], "uv": [23, 20]},
						{"origin": [-14.36125, -22.96875, -3.9775], "size": [0.605, 2.0225, 0.73625], "inflate": -0.25, "pivot": [0.27375, -13.925, -3.885], "rotation": [80.0769, -0.41768, 90.72692], "uv": [23, 20]},
						{"origin": [-14.36, -23.1775, -4.02875], "size": [0.6025, 1.39, 0.73375], "inflate": -0.275, "pivot": [0.27375, -13.925, -3.885], "rotation": [80.0769, -0.41768, 90.72692], "uv": [23, 20]},
						{"origin": [-14.335, -8.82, 2.5325], "size": [0.5525, 0.7625, 0.6575], "inflate": -0.25, "pivot": [0.27375, -13.925, -3.885], "rotation": [-45.07692, -0.41768, 90.72692], "uv": [23, 20]},
						{"origin": [-14.335, -8.68875, 2.585], "size": [0.5525, 0.7625, 0.6575], "inflate": -0.25, "pivot": [0.27375, -13.925, -3.885], "rotation": [-45.07692, -0.41768, 90.72692], "uv": [23, 20]},
						{"origin": [-0.76375, 1.96875, -8.41375], "size": [0.5525, 0.7625, 0.6575], "inflate": -0.25, "pivot": [0.27375, -13.925, -3.885], "rotation": [-45.07692, -0.41768, 0], "uv": [23, 20]},
						{"origin": [-0.76375, 2.1, -8.335], "size": [0.5525, 0.7625, 0.63125], "inflate": -0.25, "pivot": [0.27375, -13.925, -3.885], "rotation": [-45.07692, -0.41768, 0], "uv": [23, 20]},
						{"origin": [-0.76375, -10.2375, 11.95625], "size": [0.5525, 0.7625, 0.6575], "inflate": -0.25, "pivot": [0.27375, -13.925, -3.885], "rotation": [45.0769, -0.41768, 0], "uv": [23, 20]},
						{"origin": [-0.76375, -10.395, 12.06125], "size": [0.5525, 0.7625, 0.63125], "inflate": -0.25, "pivot": [0.27375, -13.925, -3.885], "rotation": [45.0769, -0.41768, 0], "uv": [23, 20]},
						{"origin": [-0.9404, 0.12838, 4.3513], "size": [0.5525, 0.7625, 0.6575], "inflate": -0.25, "pivot": [-0.66415, 0.48338, 4.68005], "rotation": [45.0769, -0.41768, 90.72692], "uv": [23, 20]},
						{"origin": [-0.9404, -0.00287, 4.4038], "size": [0.5525, 0.7625, 0.6575], "inflate": -0.25, "pivot": [-0.66415, 0.48338, 4.68005], "rotation": [45.0769, -0.41768, 90.72692], "uv": [23, 20]},
						{"origin": [-0.8425, -21.13125, 10.8275], "size": [0.605, 2.0225, 0.73625], "inflate": -0.25, "pivot": [0.27375, -13.925, -3.885], "rotation": [83.5, 0, 0], "uv": [23, 20]},
						{"origin": [-0.84125, -21.34, 10.77625], "size": [0.6025, 1.39, 0.76], "inflate": -0.275, "pivot": [0.27375, -13.925, -3.885], "rotation": [83.5, 0, 0], "uv": [23, 20]},
						{"origin": [-0.9, -10.625, -17.35], "size": [0.725, 1.275, 0.75], "inflate": -0.325, "pivot": [0.225, -12.75, -3.7], "rotation": [-68, 0, 0], "uv": [25, 11]},
						{"origin": [-0.9, -6.25, 7.15], "size": [0.725, 1.275, 0.75], "inflate": -0.325, "pivot": [0.225, -12.75, -3.7], "rotation": [68, 0, 0], "uv": [25, 11]},
						{"origin": [-0.9, -2.85, 3.225], "size": [0.725, 1.225, 0.9], "inflate": -0.35, "pivot": [0.225, -12.75, -3.7], "rotation": [45, 0, 0], "uv": [28, 16]},
						{"origin": [-0.975, 0.025, -6.025], "size": [0.85, 0.875, 1.225], "inflate": -0.35, "uv": [24, 11]},
						{"origin": [-0.975, -2.525, 3.375], "size": [0.85, 0.875, 1.3], "inflate": -0.375, "pivot": [0.225, -12.75, -3.7], "rotation": [45, 0, 0], "uv": [24, 11]},
						{"origin": [-0.925, 0.05, -6.8], "size": [0.775, 0.825, 1.75], "inflate": -0.375, "uv": [29, 15]},
						{"origin": [-0.975, -5.175, -15.35], "size": [0.85, 0.875, 1.3], "inflate": -0.375, "pivot": [0.225, -12.75, -3.7], "rotation": [-45, 0, 0], "uv": [24, 11]},
						{"origin": [-2.125, 0.025, -5.525], "size": [0.85, 0.875, 1.3], "inflate": -0.375, "pivot": [0.225, -12.75, -3.7], "rotation": [0, -45, 0], "uv": [24, 11]},
						{"origin": [0.625, 0.025, -6.6], "size": [0.85, 0.875, 1.3], "inflate": -0.375, "pivot": [0.225, -12.75, -3.7], "rotation": [0, 45, 0], "uv": [24, 11]},
						{"origin": [-0.9, -5.2, -15.475], "size": [0.725, 1.225, 0.9], "inflate": -0.35, "pivot": [0.225, -12.75, -3.7], "rotation": [-45, 0, 0], "uv": [29, 16]},
						{"origin": [-2.825, 0.075, -5.05], "size": [0.95, 0.775, 1.375], "inflate": -0.375, "pivot": [0.225, -12.75, -3.7], "rotation": [0, -45, 0], "uv": [29, 15]},
						{"origin": [1.25, 0.075, -6.15], "size": [0.95, 0.775, 1.375], "inflate": -0.375, "pivot": [0.225, -12.75, -3.7], "rotation": [0, 45, 0], "uv": [27, 15]},
						{"origin": [-1, -5.825, -15.45], "size": [0.925, 1, 0.975], "inflate": -0.447, "pivot": [0.225, -12.75, -3.7], "rotation": [-45, 0, 0], "uv": [29, 20]}
					]
				}
			]
		}
	]
}