{
  "format_version": "1.12.0",
  "minecraft:geometry": [
    {
      "description": {
        "identifier": "geometry.unknown",
        "texture_width": 32,
        "texture_height": 32,
        "visible_bounds_width": 2,
        "visible_bounds_height": 2.5,
        "visible_bounds_offset": [
          0,
          0.75,
          0
        ]
      },
      "bones": [
        {
          "name": "bb_main",
          "pivot": [
            0,
            0,
            0
          ],
          "cubes": [
            {
              "origin": [
                -1,
                0,
                -1
              ],
              "size": [
                2,
                4,
                2
              ],
              "inflate": -0.8,
              "uv": {
                "north": {
                  "uv": [
                    0,
                    0
                  ],
                  "uv_size": [
                    16,
                    16
                  ]
                },
                "east": {
                  "uv": [
                    0,
                    0
                  ],
                  "uv_size": [
                    16,
                    16
                  ]
                },
                "south": {
                  "uv": [
                    0,
                    0
                  ],
                  "uv_size": [
                    16,
                    16
                  ]
                },
                "west": {
                  "uv": [
                    0,
                    0
                  ],
                  "uv_size": [
                    16,
                    16
                  ]
                },
                "up": {
                  "uv": [
                    0,
                    0
                  ],
                  "uv_size": [
                    16,
                    16
                  ]
                },
                "down": {
                  "uv": [
                    0,
                    16
                  ],
                  "uv_size": [
                    16,
                    -16
                  ]
                }
              }
            },
            {
              "origin": [
                -1,
                2.6,
                -1
              ],
              "size": [
                2,
                1.4,
                2
              ],
              "inflate": -0.6,
              "uv": {
                "north": {
                  "uv": [
                    0,
                    16
                  ],
                  "uv_size": [
                    16,
                    16
                  ]
                },
                "east": {
                  "uv": [
                    0,
                    16
                  ],
                  "uv_size": [
                    16,
                    16
                  ]
                },
                "south": {
                  "uv": [
                    0,
                    16
                  ],
                  "uv_size": [
                    16,
                    16
                  ]
                },
                "west": {
                  "uv": [
                    0,
                    16
                  ],
                  "uv_size": [
                    16,
                    16
                  ]
                },
                "up": {
                  "uv": [
                    0,
                    16
                  ],
                  "uv_size": [
                    16,
                    16
                  ]
                },
                "down": {
                  "uv": [
                    0,
                    32
                  ],
                  "uv_size": [
                    16,
                    -16
                  ]
                }
              }
            },
            {
              "origin": [
                -1.25,
                6.65,
                -1.25
              ],
              "size": [
                2.5,
                1.4,
                2.5
              ],
              "inflate": -0.55,
              "uv": {
                "north": {
                  "uv": [
                    0,
                    0
                  ],
                  "uv_size": [
                    16,
                    16
                  ]
                },
                "east": {
                  "uv": [
                    0,
                    0
                  ],
                  "uv_size": [
                    16,
                    16
                  ]
                },
                "south": {
                  "uv": [
                    0,
                    0
                  ],
                  "uv_size": [
                    16,
                    16
                  ]
                },
                "west": {
                  "uv": [
                    0,
                    0
                  ],
                  "uv_size": [
                    16,
                    16
                  ]
                },
                "up": {
                  "uv": [
                    0,
                    0
                  ],
                  "uv_size": [
                    16,
                    16
                  ]
                },
                "down": {
                  "uv": [
                    0,
                    16
                  ],
                  "uv_size": [
                    16,
                    -16
                  ]
                }
              }
            },
            {
              "origin": [
                -1,
                8.4,
                -1
              ],
              "size": [
                2,
                1.4,
                2
              ],
              "inflate": -0.55,
              "uv": {
                "north": {
                  "uv": [
                    0,
                    0
                  ],
                  "uv_size": [
                    16,
                    16
                  ]
                },
                "east": {
                  "uv": [
                    0,
                    0
                  ],
                  "uv_size": [
                    16,
                    16
                  ]
                },
                "south": {
                  "uv": [
                    0,
                    0
                  ],
                  "uv_size": [
                    16,
                    16
                  ]
                },
                "west": {
                  "uv": [
                    0,
                    0
                  ],
                  "uv_size": [
                    16,
                    16
                  ]
                },
                "up": {
                  "uv": [
                    0,
                    0
                  ],
                  "uv_size": [
                    16,
                    16
                  ]
                },
                "down": {
                  "uv": [
                    0,
                    16
                  ],
                  "uv_size": [
                    16,
                    -16
                  ]
                }
              }
            },
            {
              "origin": [
                -0.75,
                6.9,
                -0.75
              ],
              "size": [
                1.5,
                2.65,
                1.5
              ],
              "inflate": -0.55,
              "uv": {
                "north": {
                  "uv": [
                    0,
                    16
                  ],
                  "uv_size": [
                    16,
                    16
                  ]
                },
                "east": {
                  "uv": [
                    0,
                    16
                  ],
                  "uv_size": [
                    16,
                    16
                  ]
                },
                "south": {
                  "uv": [
                    0,
                    16
                  ],
                  "uv_size": [
                    16,
                    16
                  ]
                },
                "west": {
                  "uv": [
                    0,
                    16
                  ],
                  "uv_size": [
                    16,
                    16
                  ]
                },
                "up": {
                  "uv": [
                    0,
                    16
                  ],
                  "uv_size": [
                    16,
                    16
                  ]
                },
                "down": {
                  "uv": [
                    0,
                    32
                  ],
                  "uv_size": [
                    16,
                    -16
                  ]
                }
              }
            },
            {
              "origin": [
                -0.75,
                3.1,
                -0.75
              ],
              "size": [
                1.5,
                3.75,
                1.5
              ],
              "inflate": -0.325,
              "uv": {
                "north": {
                  "uv": [
                    16,
                    0
                  ],
                  "uv_size": [
                    16,
                    16
                  ]
                },
                "east": {
                  "uv": [
                    16,
                    0
                  ],
                  "uv_size": [
                    16,
                    16
                  ]
                },
                "south": {
                  "uv": [
                    16,
                    0
                  ],
                  "uv_size": [
                    16,
                    16
                  ]
                },
                "west": {
                  "uv": [
                    16,
                    0
                  ],
                  "uv_size": [
                    16,
                    16
                  ]
                },
                "up": {
                  "uv": [
                    16,
                    0
                  ],
                  "uv_size": [
                    16,
                    16
                  ]
                },
                "down": {
                  "uv": [
                    16,
                    16
                  ],
                  "uv_size": [
                    16,
                    -16
                  ]
                }
              }
            },
            {
              "origin": [
                -1.1,
                2.75,
                -1.1
              ],
              "size": [
                2.2,
                3.15,
                2.2
              ],
              "inflate": -0.6,
              "uv": {
                "north": {
                  "uv": [
                    16,
                    16
                  ],
                  "uv_size": [
                    16,
                    16
                  ]
                },
                "east": {
                  "uv": [
                    16,
                    16
                  ],
                  "uv_size": [
                    16,
                    16
                  ]
                },
                "south": {
                  "uv": [
                    16,
                    16
                  ],
                  "uv_size": [
                    16,
                    16
                  ]
                },
                "west": {
                  "uv": [
                    16,
                    16
                  ],
                  "uv_size": [
                    16,
                    16
                  ]
                },
                "up": {
                  "uv": [
                    20,
                    20
                  ],
                  "uv_size": [
                    6,
                    8
                  ]
                },
                "down": {
                  "uv": [
                    16,
                    32
                  ],
                  "uv_size": [
                    16,
                    -16
                  ]
                }
              }
            },
            {
              "origin": [
                -1.1,
                4.7,
                -1.1
              ],
              "size": [
                2.2,
                3.15,
                2.2
              ],
              "inflate": -0.6,
              "uv": {
                "north": {
                  "uv": [
                    16,
                    16
                  ],
                  "uv_size": [
                    16,
                    16
                  ]
                },
                "east": {
                  "uv": [
                    16,
                    16
                  ],
                  "uv_size": [
                    16,
                    16
                  ]
                },
                "south": {
                  "uv": [
                    16,
                    16
                  ],
                  "uv_size": [
                    16,
                    16
                  ]
                },
                "west": {
                  "uv": [
                    16,
                    16
                  ],
                  "uv_size": [
                    16,
                    16
                  ]
                },
                "up": {
                  "uv": [
                    16,
                    16
                  ],
                  "uv_size": [
                    16,
                    16
                  ]
                },
                "down": {
                  "uv": [
                    22,
                    28
                  ],
                  "uv_size": [
                    6,
                    -8
                  ]
                }
              }
            }
          ]
        },
        {
          "name": "antidote",
          "pivot": [
            0,
            0,
            0
          ]
        }
      ]
    }
  ]
}