{
  "format_version": "1.12.0",
  "minecraft:geometry": [
    {
      "description": {
        "identifier": "geometry.unknown",
        "texture_width": 8,
        "texture_height": 8,
        "visible_bounds_width": 2,
        "visible_bounds_height": 2.5,
        "visible_bounds_offset": [
          0,
          0.75,
          0
        ]
      },
      "bones": [
        {
          "name": "bb_main",
          "pivot": [
            0,
            0,
            0
          ],
          "cubes": [
            {
              "origin": [
                -0.4,
                1.1,
                -0.5
              ],
              "size": [
                0.8,
                0.9,
                1
              ],
              "uv": {
                "north": {
                  "uv": [
                    1,
                    5
                  ],
                  "uv_size": [
                    0.8,
                    2
                  ]
                },
                "east": {
                  "uv": [
                    1,
                    5
                  ],
                  "uv_size": [
                    1,
                    2
                  ]
                },
                "south": {
                  "uv": [
                    1,
                    5
                  ],
                  "uv_size": [
                    0.8,
                    2
                  ]
                },
                "west": {
                  "uv": [
                    1,
                    5
                  ],
                  "uv_size": [
                    1,
                    2
                  ]
                },
                "up": {
                  "uv": [
                    1.8,
                    6
                  ],
                  "uv_size": [
                    -0.8,
                    -1
                  ]
                },
                "down": {
                  "uv": [
                    1.8,
                    6
                  ],
                  "uv_size": [
                    -0.8,
                    -1
                  ]
                }
              }
            },
            {
              "origin": [
                -0.5,
                1.1,
                -0.4
              ],
              "size": [
                1,
                0.9,
                0.8
              ],
              "uv": {
                "north": {
                  "uv": [
                    1,
                    5
                  ],
                  "uv_size": [
                    1,
                    2
                  ]
                },
                "east": {
                  "uv": [
                    1,
                    5
                  ],
                  "uv_size": [
                    0.8,
                    2
                  ]
                },
                "south": {
                  "uv": [
                    1,
                    5
                  ],
                  "uv_size": [
                    1,
                    2
                  ]
                },
                "west": {
                  "uv": [
                    1,
                    5
                  ],
                  "uv_size": [
                    0.8,
                    2
                  ]
                },
                "up": {
                  "uv": [
                    2,
                    5.8
                  ],
                  "uv_size": [
                    -1,
                    -0.8
                  ]
                },
                "down": {
                  "uv": [
                    2,
                    5.8
                  ],
                  "uv_size": [
                    -1,
                    -0.8
                  ]
                }
              }
            },
            {
              "origin": [
                -0.5,
                0,
                -0.4
              ],
              "size": [
                1,
                0.9,
                0.8
              ],
              "uv": {
                "north": {
                  "uv": [
                    1,
                    5
                  ],
                  "uv_size": [
                    1,
                    2
                  ]
                },
                "east": {
                  "uv": [
                    1,
                    5
                  ],
                  "uv_size": [
                    0.8,
                    2
                  ]
                },
                "south": {
                  "uv": [
                    1,
                    5
                  ],
                  "uv_size": [
                    1,
                    2
                  ]
                },
                "west": {
                  "uv": [
                    1,
                    5
                  ],
                  "uv_size": [
                    0.8,
                    2
                  ]
                },
                "up": {
                  "uv": [
                    2,
                    5.8
                  ],
                  "uv_size": [
                    -1,
                    -0.8
                  ]
                },
                "down": {
                  "uv": [
                    2,
                    5.8
                  ],
                  "uv_size": [
                    -1,
                    -0.8
                  ]
                }
              }
            },
            {
              "origin": [
                -0.4,
                0,
                -0.5
              ],
              "size": [
                0.8,
                0.9,
                1
              ],
              "uv": {
                "north": {
                  "uv": [
                    1,
                    5
                  ],
                  "uv_size": [
                    0.8,
                    2
                  ]
                },
                "east": {
                  "uv": [
                    1,
                    5
                  ],
                  "uv_size": [
                    1,
                    2
                  ]
                },
                "south": {
                  "uv": [
                    1,
                    5
                  ],
                  "uv_size": [
                    0.8,
                    2
                  ]
                },
                "west": {
                  "uv": [
                    1,
                    5
                  ],
                  "uv_size": [
                    1,
                    2
                  ]
                },
                "up": {
                  "uv": [
                    1.8,
                    6
                  ],
                  "uv_size": [
                    -0.8,
                    -1
                  ]
                },
                "down": {
                  "uv": [
                    1.8,
                    6
                  ],
                  "uv_size": [
                    -0.8,
                    -1
                  ]
                }
              }
            },
            {
              "origin": [
                -0.4,
                0.9,
                -0.3
              ],
              "size": [
                0.8,
                0.2,
                0.6
              ],
              "uv": {
                "north": {
                  "uv": [
                    5,
                    5
                  ],
                  "uv_size": [
                    1.2,
                    0.2
                  ]
                },
                "east": {
                  "uv": [
                    5,
                    5
                  ],
                  "uv_size": [
                    1,
                    0.2
                  ]
                },
                "south": {
                  "uv": [
                    5,
                    5
                  ],
                  "uv_size": [
                    1.2,
                    0.2
                  ]
                },
                "west": {
                  "uv": [
                    5,
                    5
                  ],
                  "uv_size": [
                    1,
                    0.2
                  ]
                },
                "up": {
                  "uv": [
                    6.2,
                    6
                  ],
                  "uv_size": [
                    -1.2,
                    -1
                  ]
                },
                "down": {
                  "uv": [
                    6.2,
                    6
                  ],
                  "uv_size": [
                    -1.2,
                    -1
                  ]
                }
              }
            },
            {
              "origin": [
                -0.3,
                0.9,
                -0.4
              ],
              "size": [
                0.6,
                0.2,
                0.8
              ],
              "uv": {
                "north": {
                  "uv": [
                    5,
                    5
                  ],
                  "uv_size": [
                    1,
                    0.2
                  ]
                },
                "east": {
                  "uv": [
                    5,
                    5
                  ],
                  "uv_size": [
                    1.2,
                    0.2
                  ]
                },
                "south": {
                  "uv": [
                    5,
                    5
                  ],
                  "uv_size": [
                    1,
                    0.2
                  ]
                },
                "west": {
                  "uv": [
                    5,
                    5
                  ],
                  "uv_size": [
                    1.2,
                    0.2
                  ]
                },
                "up": {
                  "uv": [
                    6,
                    6.2
                  ],
                  "uv_size": [
                    -1,
                    -1.2
                  ]
                },
                "down": {
                  "uv": [
                    6,
                    6.2
                  ],
                  "uv_size": [
                    -1,
                    -1.2
                  ]
                }
              }
            },
            {
              "origin": [
                -0.1,
                1.85,
                -0.525
              ],
              "size": [
                0.2,
                0.2,
                0.2
              ],
              "uv": {
                "north": {
                  "uv": [
                    4.5,
                    4.5
                  ],
                  "uv_size": [
                    2,
                    2
                  ]
                },
                "east": {
                  "uv": [
                    4.5,
                    4.5
                  ],
                  "uv_size": [
                    2,
                    2
                  ]
                },
                "south": {
                  "uv": [
                    4.5,
                    4.5
                  ],
                  "uv_size": [
                    2,
                    2
                  ]
                },
                "west": {
                  "uv": [
                    4.5,
                    4.5
                  ],
                  "uv_size": [
                    2,
                    2
                  ]
                },
                "up": {
                  "uv": [
                    6.5,
                    6.5
                  ],
                  "uv_size": [
                    -2,
                    -2
                  ]
                },
                "down": {
                  "uv": [
                    6.5,
                    6.5
                  ],
                  "uv_size": [
                    -2,
                    -2
                  ]
                }
              }
            },
            {
              "origin": [
                -0.2,
                1.85,
                -0.2
              ],
              "size": [
                0.4,
                0.2,
                0.4
              ],
              "uv": {
                "north": {
                  "uv": [
                    6,
                    1.5
                  ],
                  "uv_size": [
                    0.2,
                    0.2
                  ]
                },
                "east": {
                  "uv": [
                    6,
                    1.5
                  ],
                  "uv_size": [
                    0.2,
                    0.2
                  ]
                },
                "south": {
                  "uv": [
                    6,
                    1.5
                  ],
                  "uv_size": [
                    0.2,
                    0.2
                  ]
                },
                "west": {
                  "uv": [
                    6,
                    1.5
                  ],
                  "uv_size": [
                    0.2,
                    0.2
                  ]
                },
                "up": {
                  "uv": [
                    6.2,
                    1.7
                  ],
                  "uv_size": [
                    -0.2,
                    -0.2
                  ]
                },
                "down": {
                  "uv": [
                    6.2,
                    1.7
                  ],
                  "uv_size": [
                    -0.2,
                    -0.2
                  ]
                }
              }
            },
            {
              "origin": [
                -0.1,
                1.85,
                0.325
              ],
              "size": [
                0.2,
                0.2,
                0.2
              ],
              "uv": {
                "north": {
                  "uv": [
                    4.5,
                    4.5
                  ],
                  "uv_size": [
                    2,
                    2
                  ]
                },
                "east": {
                  "uv": [
                    4.5,
                    4.5
                  ],
                  "uv_size": [
                    2,
                    2
                  ]
                },
                "south": {
                  "uv": [
                    4.5,
                    4.5
                  ],
                  "uv_size": [
                    2,
                    2
                  ]
                },
                "west": {
                  "uv": [
                    4.5,
                    4.5
                  ],
                  "uv_size": [
                    2,
                    2
                  ]
                },
                "up": {
                  "uv": [
                    6.5,
                    6.5
                  ],
                  "uv_size": [
                    -2,
                    -2
                  ]
                },
                "down": {
                  "uv": [
                    6.5,
                    6.5
                  ],
                  "uv_size": [
                    -2,
                    -2
                  ]
                }
              }
            },
            {
              "origin": [
                0.325,
                1.85,
                -0.1
              ],
              "size": [
                0.2,
                0.2,
                0.2
              ],
              "uv": {
                "north": {
                  "uv": [
                    4.5,
                    4.5
                  ],
                  "uv_size": [
                    2,
                    2
                  ]
                },
                "east": {
                  "uv": [
                    4.5,
                    4.5
                  ],
                  "uv_size": [
                    2,
                    2
                  ]
                },
                "south": {
                  "uv": [
                    4.5,
                    4.5
                  ],
                  "uv_size": [
                    2,
                    2
                  ]
                },
                "west": {
                  "uv": [
                    4.5,
                    4.5
                  ],
                  "uv_size": [
                    2,
                    2
                  ]
                },
                "up": {
                  "uv": [
                    6.5,
                    6.5
                  ],
                  "uv_size": [
                    -2,
                    -2
                  ]
                },
                "down": {
                  "uv": [
                    6.5,
                    6.5
                  ],
                  "uv_size": [
                    -2,
                    -2
                  ]
                }
              }
            },
            {
              "origin": [
                -0.525,
                1.85,
                -0.1
              ],
              "size": [
                0.2,
                0.2,
                0.2
              ],
              "uv": {
                "north": {
                  "uv": [
                    4.5,
                    4.5
                  ],
                  "uv_size": [
                    2,
                    2
                  ]
                },
                "east": {
                  "uv": [
                    4.5,
                    4.5
                  ],
                  "uv_size": [
                    2,
                    2
                  ]
                },
                "south": {
                  "uv": [
                    4.5,
                    4.5
                  ],
                  "uv_size": [
                    2,
                    2
                  ]
                },
                "west": {
                  "uv": [
                    4.5,
                    4.5
                  ],
                  "uv_size": [
                    2,
                    2
                  ]
                },
                "up": {
                  "uv": [
                    6.5,
                    6.5
                  ],
                  "uv_size": [
                    -2,
                    -2
                  ]
                },
                "down": {
                  "uv": [
                    6.5,
                    6.5
                  ],
                  "uv_size": [
                    -2,
                    -2
                  ]
                }
              }
            },
            {
              "origin": [
                -0.525,
                -0.05,
                -0.1
              ],
              "size": [
                0.2,
                0.2,
                0.2
              ],
              "uv": {
                "north": {
                  "uv": [
                    4.5,
                    4.5
                  ],
                  "uv_size": [
                    2,
                    2
                  ]
                },
                "east": {
                  "uv": [
                    4.5,
                    4.5
                  ],
                  "uv_size": [
                    2,
                    2
                  ]
                },
                "south": {
                  "uv": [
                    4.5,
                    4.5
                  ],
                  "uv_size": [
                    2,
                    2
                  ]
                },
                "west": {
                  "uv": [
                    4.5,
                    4.5
                  ],
                  "uv_size": [
                    2,
                    2
                  ]
                },
                "up": {
                  "uv": [
                    6.5,
                    6.5
                  ],
                  "uv_size": [
                    -2,
                    -2
                  ]
                },
                "down": {
                  "uv": [
                    6.5,
                    6.5
                  ],
                  "uv_size": [
                    -2,
                    -2
                  ]
                }
              }
            },
            {
              "origin": [
                -0.1,
                -0.05,
                0.325
              ],
              "size": [
                0.2,
                0.2,
                0.2
              ],
              "uv": {
                "north": {
                  "uv": [
                    4.5,
                    4.5
                  ],
                  "uv_size": [
                    2,
                    2
                  ]
                },
                "east": {
                  "uv": [
                    4.5,
                    4.5
                  ],
                  "uv_size": [
                    2,
                    2
                  ]
                },
                "south": {
                  "uv": [
                    4.5,
                    4.5
                  ],
                  "uv_size": [
                    2,
                    2
                  ]
                },
                "west": {
                  "uv": [
                    4.5,
                    4.5
                  ],
                  "uv_size": [
                    2,
                    2
                  ]
                },
                "up": {
                  "uv": [
                    6.5,
                    6.5
                  ],
                  "uv_size": [
                    -2,
                    -2
                  ]
                },
                "down": {
                  "uv": [
                    6.5,
                    6.5
                  ],
                  "uv_size": [
                    -2,
                    -2
                  ]
                }
              }
            },
            {
              "origin": [
                0.325,
                -0.05,
                -0.1
              ],
              "size": [
                0.2,
                0.2,
                0.2
              ],
              "uv": {
                "north": {
                  "uv": [
                    4.5,
                    4.5
                  ],
                  "uv_size": [
                    2,
                    2
                  ]
                },
                "east": {
                  "uv": [
                    4.5,
                    4.5
                  ],
                  "uv_size": [
                    2,
                    2
                  ]
                },
                "south": {
                  "uv": [
                    4.5,
                    4.5
                  ],
                  "uv_size": [
                    2,
                    2
                  ]
                },
                "west": {
                  "uv": [
                    4.5,
                    4.5
                  ],
                  "uv_size": [
                    2,
                    2
                  ]
                },
                "up": {
                  "uv": [
                    6.5,
                    6.5
                  ],
                  "uv_size": [
                    -2,
                    -2
                  ]
                },
                "down": {
                  "uv": [
                    6.5,
                    6.5
                  ],
                  "uv_size": [
                    -2,
                    -2
                  ]
                }
              }
            },
            {
              "origin": [
                -0.1,
                -0.05,
                -0.525
              ],
              "size": [
                0.2,
                0.2,
                0.2
              ],
              "uv": {
                "north": {
                  "uv": [
                    4.5,
                    4.5
                  ],
                  "uv_size": [
                    2,
                    2
                  ]
                },
                "east": {
                  "uv": [
                    4.5,
                    4.5
                  ],
                  "uv_size": [
                    2,
                    2
                  ]
                },
                "south": {
                  "uv": [
                    4.5,
                    4.5
                  ],
                  "uv_size": [
                    2,
                    2
                  ]
                },
                "west": {
                  "uv": [
                    4.5,
                    4.5
                  ],
                  "uv_size": [
                    2,
                    2
                  ]
                },
                "up": {
                  "uv": [
                    6.5,
                    6.5
                  ],
                  "uv_size": [
                    -2,
                    -2
                  ]
                },
                "down": {
                  "uv": [
                    6.5,
                    6.5
                  ],
                  "uv_size": [
                    -2,
                    -2
                  ]
                }
              }
            }
          ]
        }
      ]
    }
  ]
}