{
  "format_version": "1.12.0",
  "minecraft:geometry": [
    {
      "description": {
        "identifier": "geometry.unknown",
        "texture_width": 8,
        "texture_height": 8,
        "visible_bounds_width": 2,
        "visible_bounds_height": 2.5,
        "visible_bounds_offset": [
          0,
          0.75,
          0
        ]
      },
      "bones": [
        {
          "name": "bb_main",
          "pivot": [
            0,
            0,
            0
          ],
          "cubes": [
            {
              "origin": [
                -0.5,
                0.8,
                -0.5
              ],
              "size": [
                1,
                0.7,
                1
              ],
              "uv": {
                "north": {
                  "uv": [
                    0,
                    5.25
                  ],
                  "uv_size": [
                    1,
                    0.7
                  ]
                },
                "east": {
                  "uv": [
                    1.25,
                    5.25
                  ],
                  "uv_size": [
                    1,
                    0.7
                  ]
                },
                "south": {
                  "uv": [
                    0,
                    6.5
                  ],
                  "uv_size": [
                    1,
                    0.7
                  ]
                },
                "west": {
                  "uv": [
                    1.25,
                    6.5
                  ],
                  "uv_size": [
                    1,
                    0.7
                  ]
                },
                "up": {
                  "uv": [
                    2.25,
                    5
                  ],
                  "uv_size": [
                    -1,
                    -1
                  ]
                },
                "down": {
                  "uv": [
                    1,
                    5
                  ],
                  "uv_size": [
                    -1,
                    -1
                  ]
                }
              }
            },
            {
              "origin": [
                -0.5,
                1.6,
                -0.5
              ],
              "size": [
                1,
                0.7,
                1
              ],
              "uv": {
                "north": {
                  "uv": [
                    1.5,
                    5.5
                  ],
                  "uv_size": [
                    1,
                    0.7
                  ]
                },
                "east": {
                  "uv": [
                    2.75,
                    5.5
                  ],
                  "uv_size": [
                    1,
                    0.7
                  ]
                },
                "south": {
                  "uv": [
                    1.5,
                    6.75
                  ],
                  "uv_size": [
                    1,
                    0.7
                  ]
                },
                "west": {
                  "uv": [
                    2.75,
                    6.75
                  ],
                  "uv_size": [
                    1,
                    0.7
                  ]
                },
                "up": {
                  "uv": [
                    3.75,
                    5.25
                  ],
                  "uv_size": [
                    -1,
                    -1
                  ]
                },
                "down": {
                  "uv": [
                    2.5,
                    5.25
                  ],
                  "uv_size": [
                    -1,
                    -1
                  ]
                }
              }
            },
            {
              "origin": [
                -0.5,
                2.3,
                -0.5
              ],
              "size": [
                1,
                0.2,
                1
              ],
              "uv": {
                "north": {
                  "uv": [
                    4.75,
                    1.5
                  ],
                  "uv_size": [
                    1,
                    0.2
                  ]
                },
                "east": {
                  "uv": [
                    6,
                    1.5
                  ],
                  "uv_size": [
                    1,
                    0.2
                  ]
                },
                "south": {
                  "uv": [
                    4.75,
                    2.75
                  ],
                  "uv_size": [
                    1,
                    0.2
                  ]
                },
                "west": {
                  "uv": [
                    6,
                    2.75
                  ],
                  "uv_size": [
                    1,
                    0.2
                  ]
                },
                "up": {
                  "uv": [
                    7,
                    1.25
                  ],
                  "uv_size": [
                    -1,
                    -1
                  ]
                },
                "down": {
                  "uv": [
                    5.75,
                    1.25
                  ],
                  "uv_size": [
                    -1,
                    -1
                  ]
                }
              }
            },
            {
              "origin": [
                -0.5,
                2.6,
                -0.5
              ],
              "size": [
                1,
                0.2,
                1
              ],
              "uv": {
                "north": {
                  "uv": [
                    1.25,
                    6.11574
                  ],
                  "uv_size": [
                    1,
                    0.21852
                  ]
                },
                "east": {
                  "uv": [
                    2.5,
                    6.11574
                  ],
                  "uv_size": [
                    1,
                    0.21852
                  ]
                },
                "south": {
                  "uv": [
                    1.25,
                    7.48148
                  ],
                  "uv_size": [
                    1,
                    0.21852
                  ]
                },
                "west": {
                  "uv": [
                    2.5,
                    7.48148
                  ],
                  "uv_size": [
                    1,
                    0.21852
                  ]
                },
                "up": {
                  "uv": [
                    3.5,
                    5.84259
                  ],
                  "uv_size": [
                    -1,
                    -1.09259
                  ]
                },
                "down": {
                  "uv": [
                    2.25,
                    5.84259
                  ],
                  "uv_size": [
                    -1,
                    -1.09259
                  ]
                }
              }
            },
            {
              "origin": [
                -0.4,
                3.35,
                -0.4
              ],
              "size": [
                0.8,
                0.15,
                0.8
              ],
              "uv": {
                "north": {
                  "uv": [
                    4.5,
                    1.61574
                  ],
                  "uv_size": [
                    0.8,
                    0.6
                  ]
                },
                "east": {
                  "uv": [
                    5.75,
                    1.61574
                  ],
                  "uv_size": [
                    0.8,
                    0.6
                  ]
                },
                "south": {
                  "uv": [
                    4.5,
                    2.98148
                  ],
                  "uv_size": [
                    0.8,
                    0.6
                  ]
                },
                "west": {
                  "uv": [
                    5.75,
                    2.98148
                  ],
                  "uv_size": [
                    0.8,
                    0.6
                  ]
                },
                "up": {
                  "uv": [
                    6.55,
                    1.05
                  ],
                  "uv_size": [
                    -0.8,
                    -0.8
                  ]
                },
                "down": {
                  "uv": [
                    5.3,
                    1.05
                  ],
                  "uv_size": [
                    -0.8,
                    -0.8
                  ]
                }
              }
            },
            {
              "origin": [
                -0.4,
                2.9,
                -0.4
              ],
              "size": [
                0.8,
                0.45,
                0.8
              ],
              "uv": {
                "north": {
                  "uv": [
                    5,
                    5.61574
                  ],
                  "uv_size": [
                    0.8,
                    0.45
                  ]
                },
                "east": {
                  "uv": [
                    6.25,
                    5.61574
                  ],
                  "uv_size": [
                    0.8,
                    0.45
                  ]
                },
                "south": {
                  "uv": [
                    5,
                    6.98148
                  ],
                  "uv_size": [
                    0.8,
                    0.45
                  ]
                },
                "west": {
                  "uv": [
                    6.25,
                    6.98148
                  ],
                  "uv_size": [
                    0.8,
                    0.45
                  ]
                },
                "up": {
                  "uv": [
                    7.05,
                    5.05
                  ],
                  "uv_size": [
                    -0.8,
                    -0.8
                  ]
                },
                "down": {
                  "uv": [
                    5.8,
                    5.05
                  ],
                  "uv_size": [
                    -0.8,
                    -0.8
                  ]
                }
              }
            },
            {
              "origin": [
                -0.3,
                2.9,
                -0.3
              ],
              "size": [
                0.6,
                0.7,
                0.6
              ],
              "uv": {
                "north": {
                  "uv": [
                    4.5,
                    1.61574
                  ],
                  "uv_size": [
                    0.6,
                    0.7
                  ]
                },
                "east": {
                  "uv": [
                    5.75,
                    1.61574
                  ],
                  "uv_size": [
                    0.6,
                    0.7
                  ]
                },
                "south": {
                  "uv": [
                    4.5,
                    2.98148
                  ],
                  "uv_size": [
                    0.6,
                    0.7
                  ]
                },
                "west": {
                  "uv": [
                    5.75,
                    2.98148
                  ],
                  "uv_size": [
                    0.6,
                    0.7
                  ]
                },
                "up": {
                  "uv": [
                    6.35,
                    0.85
                  ],
                  "uv_size": [
                    -0.6,
                    -0.6
                  ]
                },
                "down": {
                  "uv": [
                    5.1,
                    0.85
                  ],
                  "uv_size": [
                    -0.6,
                    -0.6
                  ]
                }
              }
            },
            {
              "origin": [
                0.2,
                2.88428,
                0.23148
              ],
              "size": [
                0.2,
                0.5,
                0.2
              ],
              "pivot": [
                0,
                3.23428,
                0.35648
              ],
              "rotation": [
                12.5,
                0,
                0
              ],
              "uv": {
                "north": {
                  "uv": [
                    4.5,
                    1.61574
                  ],
                  "uv_size": [
                    0.2,
                    0.5
                  ]
                },
                "east": {
                  "uv": [
                    5.75,
                    1.61574
                  ],
                  "uv_size": [
                    0.2,
                    0.5
                  ]
                },
                "south": {
                  "uv": [
                    4.5,
                    2.98148
                  ],
                  "uv_size": [
                    0.2,
                    0.5
                  ]
                },
                "west": {
                  "uv": [
                    5.75,
                    2.98148
                  ],
                  "uv_size": [
                    0.2,
                    0.5
                  ]
                },
                "up": {
                  "uv": [
                    5.95,
                    0.45
                  ],
                  "uv_size": [
                    -0.2,
                    -0.2
                  ]
                },
                "down": {
                  "uv": [
                    4.7,
                    0.45
                  ],
                  "uv_size": [
                    -0.2,
                    -0.2
                  ]
                }
              }
            },
            {
              "origin": [
                -0.1,
                2.88428,
                0.23148
              ],
              "size": [
                0.2,
                0.5,
                0.2
              ],
              "pivot": [
                0,
                3.23428,
                0.35648
              ],
              "rotation": [
                12.5,
                0,
                0
              ],
              "uv": {
                "north": {
                  "uv": [
                    4.5,
                    1.61574
                  ],
                  "uv_size": [
                    0.2,
                    0.5
                  ]
                },
                "east": {
                  "uv": [
                    5.75,
                    1.61574
                  ],
                  "uv_size": [
                    0.2,
                    0.5
                  ]
                },
                "south": {
                  "uv": [
                    4.5,
                    2.98148
                  ],
                  "uv_size": [
                    0.2,
                    0.5
                  ]
                },
                "west": {
                  "uv": [
                    5.75,
                    2.98148
                  ],
                  "uv_size": [
                    0.2,
                    0.5
                  ]
                },
                "up": {
                  "uv": [
                    5.95,
                    0.45
                  ],
                  "uv_size": [
                    -0.2,
                    -0.2
                  ]
                },
                "down": {
                  "uv": [
                    4.7,
                    0.45
                  ],
                  "uv_size": [
                    -0.2,
                    -0.2
                  ]
                }
              }
            },
            {
              "origin": [
                -0.4,
                2.88428,
                0.23148
              ],
              "size": [
                0.2,
                0.5,
                0.2
              ],
              "pivot": [
                0,
                3.23428,
                0.35648
              ],
              "rotation": [
                12.5,
                0,
                0
              ],
              "uv": {
                "north": {
                  "uv": [
                    4.5,
                    1.61574
                  ],
                  "uv_size": [
                    0.2,
                    0.5
                  ]
                },
                "east": {
                  "uv": [
                    5.75,
                    1.61574
                  ],
                  "uv_size": [
                    0.2,
                    0.5
                  ]
                },
                "south": {
                  "uv": [
                    4.5,
                    2.98148
                  ],
                  "uv_size": [
                    0.2,
                    0.5
                  ]
                },
                "west": {
                  "uv": [
                    5.75,
                    2.98148
                  ],
                  "uv_size": [
                    0.2,
                    0.5
                  ]
                },
                "up": {
                  "uv": [
                    5.95,
                    0.45
                  ],
                  "uv_size": [
                    -0.2,
                    -0.2
                  ]
                },
                "down": {
                  "uv": [
                    4.7,
                    0.45
                  ],
                  "uv_size": [
                    -0.2,
                    -0.2
                  ]
                }
              }
            },
            {
              "origin": [
                -0.4,
                2.75881,
                0.30546
              ],
              "size": [
                0.2,
                0.15,
                0.2
              ],
              "uv": {
                "north": {
                  "uv": [
                    4.5,
                    1.61574
                  ],
                  "uv_size": [
                    0.2,
                    0.15
                  ]
                },
                "east": {
                  "uv": [
                    5.75,
                    1.61574
                  ],
                  "uv_size": [
                    0.2,
                    0.15
                  ]
                },
                "south": {
                  "uv": [
                    4.5,
                    2.98148
                  ],
                  "uv_size": [
                    0.2,
                    0.15
                  ]
                },
                "west": {
                  "uv": [
                    5.75,
                    2.98148
                  ],
                  "uv_size": [
                    0.2,
                    0.15
                  ]
                },
                "up": {
                  "uv": [
                    5.95,
                    0.45
                  ],
                  "uv_size": [
                    -0.2,
                    -0.2
                  ]
                },
                "down": {
                  "uv": [
                    4.7,
                    0.45
                  ],
                  "uv_size": [
                    -0.2,
                    -0.2
                  ]
                }
              }
            },
            {
              "origin": [
                -0.1,
                2.75881,
                0.30546
              ],
              "size": [
                0.2,
                0.15,
                0.2
              ],
              "uv": {
                "north": {
                  "uv": [
                    4.5,
                    1.61574
                  ],
                  "uv_size": [
                    0.2,
                    0.15
                  ]
                },
                "east": {
                  "uv": [
                    5.75,
                    1.61574
                  ],
                  "uv_size": [
                    0.2,
                    0.15
                  ]
                },
                "south": {
                  "uv": [
                    4.5,
                    2.98148
                  ],
                  "uv_size": [
                    0.2,
                    0.15
                  ]
                },
                "west": {
                  "uv": [
                    5.75,
                    2.98148
                  ],
                  "uv_size": [
                    0.2,
                    0.15
                  ]
                },
                "up": {
                  "uv": [
                    5.95,
                    0.45
                  ],
                  "uv_size": [
                    -0.2,
                    -0.2
                  ]
                },
                "down": {
                  "uv": [
                    4.7,
                    0.45
                  ],
                  "uv_size": [
                    -0.2,
                    -0.2
                  ]
                }
              }
            },
            {
              "origin": [
                0.2,
                2.75881,
                0.30546
              ],
              "size": [
                0.2,
                0.15,
                0.2
              ],
              "uv": {
                "north": {
                  "uv": [
                    4.5,
                    1.61574
                  ],
                  "uv_size": [
                    0.2,
                    0.15
                  ]
                },
                "east": {
                  "uv": [
                    5.75,
                    1.61574
                  ],
                  "uv_size": [
                    0.2,
                    0.15
                  ]
                },
                "south": {
                  "uv": [
                    4.5,
                    2.98148
                  ],
                  "uv_size": [
                    0.2,
                    0.15
                  ]
                },
                "west": {
                  "uv": [
                    5.75,
                    2.98148
                  ],
                  "uv_size": [
                    0.2,
                    0.15
                  ]
                },
                "up": {
                  "uv": [
                    5.95,
                    0.45
                  ],
                  "uv_size": [
                    -0.2,
                    -0.2
                  ]
                },
                "down": {
                  "uv": [
                    4.7,
                    0.45
                  ],
                  "uv_size": [
                    -0.2,
                    -0.2
                  ]
                }
              }
            },
            {
              "origin": [
                0.2,
                2.88428,
                -0.43148
              ],
              "size": [
                0.2,
                0.5,
                0.2
              ],
              "pivot": [
                0,
                3.23428,
                -0.35648
              ],
              "rotation": [
                -12.5,
                0,
                0
              ],
              "uv": {
                "north": {
                  "uv": [
                    4.7,
                    2.98148
                  ],
                  "uv_size": [
                    -0.2,
                    0.5
                  ]
                },
                "east": {
                  "uv": [
                    5.95,
                    1.61574
                  ],
                  "uv_size": [
                    -0.2,
                    0.5
                  ]
                },
                "south": {
                  "uv": [
                    4.7,
                    1.61574
                  ],
                  "uv_size": [
                    -0.2,
                    0.5
                  ]
                },
                "west": {
                  "uv": [
                    5.95,
                    2.98148
                  ],
                  "uv_size": [
                    -0.2,
                    0.5
                  ]
                },
                "up": {
                  "uv": [
                    5.95,
                    0.25
                  ],
                  "uv_size": [
                    -0.2,
                    0.2
                  ]
                },
                "down": {
                  "uv": [
                    4.7,
                    0.25
                  ],
                  "uv_size": [
                    -0.2,
                    0.2
                  ]
                }
              }
            },
            {
              "origin": [
                -0.4,
                2.88428,
                -0.43148
              ],
              "size": [
                0.2,
                0.5,
                0.2
              ],
              "pivot": [
                0,
                3.23428,
                -0.35648
              ],
              "rotation": [
                -12.5,
                0,
                0
              ],
              "uv": {
                "north": {
                  "uv": [
                    4.7,
                    2.98148
                  ],
                  "uv_size": [
                    -0.2,
                    0.5
                  ]
                },
                "east": {
                  "uv": [
                    5.95,
                    1.61574
                  ],
                  "uv_size": [
                    -0.2,
                    0.5
                  ]
                },
                "south": {
                  "uv": [
                    4.7,
                    1.61574
                  ],
                  "uv_size": [
                    -0.2,
                    0.5
                  ]
                },
                "west": {
                  "uv": [
                    5.95,
                    2.98148
                  ],
                  "uv_size": [
                    -0.2,
                    0.5
                  ]
                },
                "up": {
                  "uv": [
                    5.95,
                    0.25
                  ],
                  "uv_size": [
                    -0.2,
                    0.2
                  ]
                },
                "down": {
                  "uv": [
                    4.7,
                    0.25
                  ],
                  "uv_size": [
                    -0.2,
                    0.2
                  ]
                }
              }
            },
            {
              "origin": [
                0.2,
                2.75881,
                -0.50546
              ],
              "size": [
                0.2,
                0.15,
                0.2
              ],
              "uv": {
                "north": {
                  "uv": [
                    4.7,
                    2.98148
                  ],
                  "uv_size": [
                    -0.2,
                    0.15
                  ]
                },
                "east": {
                  "uv": [
                    5.95,
                    1.61574
                  ],
                  "uv_size": [
                    -0.2,
                    0.15
                  ]
                },
                "south": {
                  "uv": [
                    4.7,
                    1.61574
                  ],
                  "uv_size": [
                    -0.2,
                    0.15
                  ]
                },
                "west": {
                  "uv": [
                    5.95,
                    2.98148
                  ],
                  "uv_size": [
                    -0.2,
                    0.15
                  ]
                },
                "up": {
                  "uv": [
                    5.95,
                    0.25
                  ],
                  "uv_size": [
                    -0.2,
                    0.2
                  ]
                },
                "down": {
                  "uv": [
                    4.7,
                    0.25
                  ],
                  "uv_size": [
                    -0.2,
                    0.2
                  ]
                }
              }
            },
            {
              "origin": [
                -0.1,
                2.75881,
                -0.50546
              ],
              "size": [
                0.2,
                0.15,
                0.2
              ],
              "uv": {
                "north": {
                  "uv": [
                    4.7,
                    2.98148
                  ],
                  "uv_size": [
                    -0.2,
                    0.15
                  ]
                },
                "east": {
                  "uv": [
                    5.95,
                    1.61574
                  ],
                  "uv_size": [
                    -0.2,
                    0.15
                  ]
                },
                "south": {
                  "uv": [
                    4.7,
                    1.61574
                  ],
                  "uv_size": [
                    -0.2,
                    0.15
                  ]
                },
                "west": {
                  "uv": [
                    5.95,
                    2.98148
                  ],
                  "uv_size": [
                    -0.2,
                    0.15
                  ]
                },
                "up": {
                  "uv": [
                    5.95,
                    0.25
                  ],
                  "uv_size": [
                    -0.2,
                    0.2
                  ]
                },
                "down": {
                  "uv": [
                    4.7,
                    0.25
                  ],
                  "uv_size": [
                    -0.2,
                    0.2
                  ]
                }
              }
            },
            {
              "origin": [
                -0.4,
                2.75881,
                -0.50546
              ],
              "size": [
                0.2,
                0.15,
                0.2
              ],
              "uv": {
                "north": {
                  "uv": [
                    4.7,
                    2.98148
                  ],
                  "uv_size": [
                    -0.2,
                    0.15
                  ]
                },
                "east": {
                  "uv": [
                    5.95,
                    1.61574
                  ],
                  "uv_size": [
                    -0.2,
                    0.15
                  ]
                },
                "south": {
                  "uv": [
                    4.7,
                    1.61574
                  ],
                  "uv_size": [
                    -0.2,
                    0.15
                  ]
                },
                "west": {
                  "uv": [
                    5.95,
                    2.98148
                  ],
                  "uv_size": [
                    -0.2,
                    0.15
                  ]
                },
                "up": {
                  "uv": [
                    5.95,
                    0.25
                  ],
                  "uv_size": [
                    -0.2,
                    0.2
                  ]
                },
                "down": {
                  "uv": [
                    4.7,
                    0.25
                  ],
                  "uv_size": [
                    -0.2,
                    0.2
                  ]
                }
              }
            },
            {
              "origin": [
                -0.1,
                2.88428,
                -0.43148
              ],
              "size": [
                0.2,
                0.5,
                0.2
              ],
              "pivot": [
                0,
                3.23428,
                -0.35648
              ],
              "rotation": [
                -12.5,
                0,
                0
              ],
              "uv": {
                "north": {
                  "uv": [
                    4.7,
                    2.98148
                  ],
                  "uv_size": [
                    -0.2,
                    0.5
                  ]
                },
                "east": {
                  "uv": [
                    5.95,
                    1.61574
                  ],
                  "uv_size": [
                    -0.2,
                    0.5
                  ]
                },
                "south": {
                  "uv": [
                    4.7,
                    1.61574
                  ],
                  "uv_size": [
                    -0.2,
                    0.5
                  ]
                },
                "west": {
                  "uv": [
                    5.95,
                    2.98148
                  ],
                  "uv_size": [
                    -0.2,
                    0.5
                  ]
                },
                "up": {
                  "uv": [
                    5.95,
                    0.25
                  ],
                  "uv_size": [
                    -0.2,
                    0.2
                  ]
                },
                "down": {
                  "uv": [
                    4.7,
                    0.25
                  ],
                  "uv_size": [
                    -0.2,
                    0.2
                  ]
                }
              }
            },
            {
              "origin": [
                0.2,
                2.75881,
                -0.50546
              ],
              "size": [
                0.2,
                0.15,
                0.2
              ],
              "pivot": [
                0,
                2.98253,
                0
              ],
              "rotation": [
                0,
                -90,
                0
              ],
              "uv": {
                "north": {
                  "uv": [
                    4.7,
                    2.98148
                  ],
                  "uv_size": [
                    -0.2,
                    0.15
                  ]
                },
                "east": {
                  "uv": [
                    5.95,
                    1.61574
                  ],
                  "uv_size": [
                    -0.2,
                    0.15
                  ]
                },
                "south": {
                  "uv": [
                    4.7,
                    1.61574
                  ],
                  "uv_size": [
                    -0.2,
                    0.15
                  ]
                },
                "west": {
                  "uv": [
                    5.95,
                    2.98148
                  ],
                  "uv_size": [
                    -0.2,
                    0.15
                  ]
                },
                "up": {
                  "uv": [
                    5.95,
                    0.25
                  ],
                  "uv_size": [
                    -0.2,
                    0.2
                  ]
                },
                "down": {
                  "uv": [
                    4.7,
                    0.25
                  ],
                  "uv_size": [
                    -0.2,
                    0.2
                  ]
                }
              }
            },
            {
              "origin": [
                0.2,
                2.80116,
                -0.47752
              ],
              "size": [
                0.2,
                0.5,
                0.2
              ],
              "pivot": [
                0,
                2.98253,
                0
              ],
              "rotation": [
                -12.5,
                -90,
                0
              ],
              "uv": {
                "north": {
                  "uv": [
                    4.7,
                    2.98148
                  ],
                  "uv_size": [
                    -0.2,
                    0.5
                  ]
                },
                "east": {
                  "uv": [
                    5.95,
                    1.61574
                  ],
                  "uv_size": [
                    -0.2,
                    0.5
                  ]
                },
                "south": {
                  "uv": [
                    4.7,
                    1.61574
                  ],
                  "uv_size": [
                    -0.2,
                    0.5
                  ]
                },
                "west": {
                  "uv": [
                    5.95,
                    2.98148
                  ],
                  "uv_size": [
                    -0.2,
                    0.5
                  ]
                },
                "up": {
                  "uv": [
                    5.95,
                    0.25
                  ],
                  "uv_size": [
                    -0.2,
                    0.2
                  ]
                },
                "down": {
                  "uv": [
                    4.7,
                    0.25
                  ],
                  "uv_size": [
                    -0.2,
                    0.2
                  ]
                }
              }
            },
            {
              "origin": [
                -0.1,
                2.80116,
                -0.47752
              ],
              "size": [
                0.2,
                0.5,
                0.2
              ],
              "pivot": [
                0,
                2.98253,
                0
              ],
              "rotation": [
                -12.5,
                -90,
                0
              ],
              "uv": {
                "north": {
                  "uv": [
                    4.7,
                    2.98148
                  ],
                  "uv_size": [
                    -0.2,
                    0.5
                  ]
                },
                "east": {
                  "uv": [
                    5.95,
                    1.61574
                  ],
                  "uv_size": [
                    -0.2,
                    0.5
                  ]
                },
                "south": {
                  "uv": [
                    4.7,
                    1.61574
                  ],
                  "uv_size": [
                    -0.2,
                    0.5
                  ]
                },
                "west": {
                  "uv": [
                    5.95,
                    2.98148
                  ],
                  "uv_size": [
                    -0.2,
                    0.5
                  ]
                },
                "up": {
                  "uv": [
                    5.95,
                    0.25
                  ],
                  "uv_size": [
                    -0.2,
                    0.2
                  ]
                },
                "down": {
                  "uv": [
                    4.7,
                    0.25
                  ],
                  "uv_size": [
                    -0.2,
                    0.2
                  ]
                }
              }
            },
            {
              "origin": [
                -0.1,
                2.75881,
                -0.50546
              ],
              "size": [
                0.2,
                0.15,
                0.2
              ],
              "pivot": [
                0,
                2.98253,
                0
              ],
              "rotation": [
                0,
                -90,
                0
              ],
              "uv": {
                "north": {
                  "uv": [
                    4.7,
                    2.98148
                  ],
                  "uv_size": [
                    -0.2,
                    0.15
                  ]
                },
                "east": {
                  "uv": [
                    5.95,
                    1.61574
                  ],
                  "uv_size": [
                    -0.2,
                    0.15
                  ]
                },
                "south": {
                  "uv": [
                    4.7,
                    1.61574
                  ],
                  "uv_size": [
                    -0.2,
                    0.15
                  ]
                },
                "west": {
                  "uv": [
                    5.95,
                    2.98148
                  ],
                  "uv_size": [
                    -0.2,
                    0.15
                  ]
                },
                "up": {
                  "uv": [
                    5.95,
                    0.25
                  ],
                  "uv_size": [
                    -0.2,
                    0.2
                  ]
                },
                "down": {
                  "uv": [
                    4.7,
                    0.25
                  ],
                  "uv_size": [
                    -0.2,
                    0.2
                  ]
                }
              }
            },
            {
              "origin": [
                -0.4,
                2.75881,
                -0.50546
              ],
              "size": [
                0.2,
                0.15,
                0.2
              ],
              "pivot": [
                0,
                2.98253,
                0
              ],
              "rotation": [
                0,
                -90,
                0
              ],
              "uv": {
                "north": {
                  "uv": [
                    4.7,
                    2.98148
                  ],
                  "uv_size": [
                    -0.2,
                    0.15
                  ]
                },
                "east": {
                  "uv": [
                    5.95,
                    1.61574
                  ],
                  "uv_size": [
                    -0.2,
                    0.15
                  ]
                },
                "south": {
                  "uv": [
                    4.7,
                    1.61574
                  ],
                  "uv_size": [
                    -0.2,
                    0.15
                  ]
                },
                "west": {
                  "uv": [
                    5.95,
                    2.98148
                  ],
                  "uv_size": [
                    -0.2,
                    0.15
                  ]
                },
                "up": {
                  "uv": [
                    5.95,
                    0.25
                  ],
                  "uv_size": [
                    -0.2,
                    0.2
                  ]
                },
                "down": {
                  "uv": [
                    4.7,
                    0.25
                  ],
                  "uv_size": [
                    -0.2,
                    0.2
                  ]
                }
              }
            },
            {
              "origin": [
                -0.4,
                2.80116,
                -0.47752
              ],
              "size": [
                0.2,
                0.5,
                0.2
              ],
              "pivot": [
                0,
                2.98253,
                0
              ],
              "rotation": [
                -12.5,
                -90,
                0
              ],
              "uv": {
                "north": {
                  "uv": [
                    4.7,
                    2.98148
                  ],
                  "uv_size": [
                    -0.2,
                    0.5
                  ]
                },
                "east": {
                  "uv": [
                    5.95,
                    1.61574
                  ],
                  "uv_size": [
                    -0.2,
                    0.5
                  ]
                },
                "south": {
                  "uv": [
                    4.7,
                    1.61574
                  ],
                  "uv_size": [
                    -0.2,
                    0.5
                  ]
                },
                "west": {
                  "uv": [
                    5.95,
                    2.98148
                  ],
                  "uv_size": [
                    -0.2,
                    0.5
                  ]
                },
                "up": {
                  "uv": [
                    5.95,
                    0.25
                  ],
                  "uv_size": [
                    -0.2,
                    0.2
                  ]
                },
                "down": {
                  "uv": [
                    4.7,
                    0.25
                  ],
                  "uv_size": [
                    -0.2,
                    0.2
                  ]
                }
              }
            },
            {
              "origin": [
                -0.4,
                2.80116,
                0.27752
              ],
              "size": [
                0.2,
                0.5,
                0.2
              ],
              "pivot": [
                0,
                2.98253,
                0
              ],
              "rotation": [
                12.5,
                -90,
                0
              ],
              "uv": {
                "north": {
                  "uv": [
                    4.5,
                    1.61574
                  ],
                  "uv_size": [
                    0.8,
                    0.5
                  ]
                },
                "east": {
                  "uv": [
                    5.75,
                    1.61574
                  ],
                  "uv_size": [
                    1,
                    0.5
                  ]
                },
                "south": {
                  "uv": [
                    4.5,
                    2.98148
                  ],
                  "uv_size": [
                    0.8,
                    0.5
                  ]
                },
                "west": {
                  "uv": [
                    5.75,
                    2.98148
                  ],
                  "uv_size": [
                    1,
                    0.5
                  ]
                },
                "up": {
                  "uv": [
                    6.55,
                    1.25
                  ],
                  "uv_size": [
                    -0.8,
                    -1
                  ]
                },
                "down": {
                  "uv": [
                    5.3,
                    1.25
                  ],
                  "uv_size": [
                    -0.8,
                    -1
                  ]
                }
              }
            },
            {
              "origin": [
                -0.4,
                2.75881,
                0.30546
              ],
              "size": [
                0.2,
                0.15,
                0.2
              ],
              "pivot": [
                0,
                2.98253,
                0
              ],
              "rotation": [
                0,
                -90,
                0
              ],
              "uv": {
                "north": {
                  "uv": [
                    4.5,
                    1.61574
                  ],
                  "uv_size": [
                    0.8,
                    0.5
                  ]
                },
                "east": {
                  "uv": [
                    5.75,
                    1.61574
                  ],
                  "uv_size": [
                    1,
                    0.5
                  ]
                },
                "south": {
                  "uv": [
                    4.5,
                    2.98148
                  ],
                  "uv_size": [
                    0.8,
                    0.5
                  ]
                },
                "west": {
                  "uv": [
                    5.75,
                    2.98148
                  ],
                  "uv_size": [
                    1,
                    0.5
                  ]
                },
                "up": {
                  "uv": [
                    6.55,
                    1.25
                  ],
                  "uv_size": [
                    -0.8,
                    -1
                  ]
                },
                "down": {
                  "uv": [
                    5.3,
                    1.25
                  ],
                  "uv_size": [
                    -0.8,
                    -1
                  ]
                }
              }
            },
            {
              "origin": [
                -0.1,
                2.75881,
                0.30546
              ],
              "size": [
                0.2,
                0.15,
                0.2
              ],
              "pivot": [
                0,
                2.98253,
                0
              ],
              "rotation": [
                0,
                -90,
                0
              ],
              "uv": {
                "north": {
                  "uv": [
                    4.5,
                    1.61574
                  ],
                  "uv_size": [
                    0.8,
                    0.5
                  ]
                },
                "east": {
                  "uv": [
                    5.75,
                    1.61574
                  ],
                  "uv_size": [
                    1,
                    0.5
                  ]
                },
                "south": {
                  "uv": [
                    4.5,
                    2.98148
                  ],
                  "uv_size": [
                    0.8,
                    0.5
                  ]
                },
                "west": {
                  "uv": [
                    5.75,
                    2.98148
                  ],
                  "uv_size": [
                    1,
                    0.5
                  ]
                },
                "up": {
                  "uv": [
                    6.55,
                    1.25
                  ],
                  "uv_size": [
                    -0.8,
                    -1
                  ]
                },
                "down": {
                  "uv": [
                    5.3,
                    1.25
                  ],
                  "uv_size": [
                    -0.8,
                    -1
                  ]
                }
              }
            },
            {
              "origin": [
                -0.1,
                2.80116,
                0.27752
              ],
              "size": [
                0.2,
                0.5,
                0.2
              ],
              "pivot": [
                0,
                2.98253,
                0
              ],
              "rotation": [
                12.5,
                -90,
                0
              ],
              "uv": {
                "north": {
                  "uv": [
                    4.5,
                    1.61574
                  ],
                  "uv_size": [
                    0.8,
                    0.5
                  ]
                },
                "east": {
                  "uv": [
                    5.75,
                    1.61574
                  ],
                  "uv_size": [
                    1,
                    0.5
                  ]
                },
                "south": {
                  "uv": [
                    4.5,
                    2.98148
                  ],
                  "uv_size": [
                    0.8,
                    0.5
                  ]
                },
                "west": {
                  "uv": [
                    5.75,
                    2.98148
                  ],
                  "uv_size": [
                    1,
                    0.5
                  ]
                },
                "up": {
                  "uv": [
                    6.55,
                    1.25
                  ],
                  "uv_size": [
                    -0.8,
                    -1
                  ]
                },
                "down": {
                  "uv": [
                    5.3,
                    1.25
                  ],
                  "uv_size": [
                    -0.8,
                    -1
                  ]
                }
              }
            },
            {
              "origin": [
                0.2,
                2.80116,
                0.27752
              ],
              "size": [
                0.2,
                0.5,
                0.2
              ],
              "pivot": [
                0,
                2.98253,
                0
              ],
              "rotation": [
                12.5,
                -90,
                0
              ],
              "uv": {
                "north": {
                  "uv": [
                    4.5,
                    1.61574
                  ],
                  "uv_size": [
                    0.8,
                    0.5
                  ]
                },
                "east": {
                  "uv": [
                    5.75,
                    1.61574
                  ],
                  "uv_size": [
                    1,
                    0.5
                  ]
                },
                "south": {
                  "uv": [
                    4.5,
                    2.98148
                  ],
                  "uv_size": [
                    0.8,
                    0.5
                  ]
                },
                "west": {
                  "uv": [
                    5.75,
                    2.98148
                  ],
                  "uv_size": [
                    1,
                    0.5
                  ]
                },
                "up": {
                  "uv": [
                    6.55,
                    1.25
                  ],
                  "uv_size": [
                    -0.8,
                    -1
                  ]
                },
                "down": {
                  "uv": [
                    5.3,
                    1.25
                  ],
                  "uv_size": [
                    -0.8,
                    -1
                  ]
                }
              }
            },
            {
              "origin": [
                0.2,
                2.75881,
                0.30546
              ],
              "size": [
                0.2,
                0.15,
                0.2
              ],
              "pivot": [
                0,
                2.98253,
                0
              ],
              "rotation": [
                0,
                -90,
                0
              ],
              "uv": {
                "north": {
                  "uv": [
                    4.5,
                    1.61574
                  ],
                  "uv_size": [
                    0.8,
                    0.5
                  ]
                },
                "east": {
                  "uv": [
                    5.75,
                    1.61574
                  ],
                  "uv_size": [
                    1,
                    0.5
                  ]
                },
                "south": {
                  "uv": [
                    4.5,
                    2.98148
                  ],
                  "uv_size": [
                    0.8,
                    0.5
                  ]
                },
                "west": {
                  "uv": [
                    5.75,
                    2.98148
                  ],
                  "uv_size": [
                    1,
                    0.5
                  ]
                },
                "up": {
                  "uv": [
                    6.55,
                    1.25
                  ],
                  "uv_size": [
                    -0.8,
                    -1
                  ]
                },
                "down": {
                  "uv": [
                    5.3,
                    1.25
                  ],
                  "uv_size": [
                    -0.8,
                    -1
                  ]
                }
              }
            },
            {
              "origin": [
                -0.4,
                2.4,
                -0.4
              ],
              "size": [
                0.8,
                0.2,
                0.8
              ],
              "uv": {
                "north": {
                  "uv": [
                    4.75,
                    1.5
                  ],
                  "uv_size": [
                    1,
                    0.2
                  ]
                },
                "east": {
                  "uv": [
                    6,
                    1.5
                  ],
                  "uv_size": [
                    1,
                    0.2
                  ]
                },
                "south": {
                  "uv": [
                    4.75,
                    2.75
                  ],
                  "uv_size": [
                    1,
                    0.2
                  ]
                },
                "west": {
                  "uv": [
                    6,
                    2.75
                  ],
                  "uv_size": [
                    1,
                    0.2
                  ]
                },
                "up": {
                  "uv": [
                    7,
                    1.25
                  ],
                  "uv_size": [
                    -1,
                    -1
                  ]
                },
                "down": {
                  "uv": [
                    5.75,
                    1.25
                  ],
                  "uv_size": [
                    -1,
                    -1
                  ]
                }
              }
            },
            {
              "origin": [
                -0.4,
                2.7,
                -0.4
              ],
              "size": [
                0.8,
                0.2,
                0.8
              ],
              "uv": {
                "north": {
                  "uv": [
                    4.75,
                    1.5
                  ],
                  "uv_size": [
                    1,
                    0.2
                  ]
                },
                "east": {
                  "uv": [
                    6,
                    1.5
                  ],
                  "uv_size": [
                    1,
                    0.2
                  ]
                },
                "south": {
                  "uv": [
                    4.75,
                    2.75
                  ],
                  "uv_size": [
                    1,
                    0.2
                  ]
                },
                "west": {
                  "uv": [
                    6,
                    2.75
                  ],
                  "uv_size": [
                    1,
                    0.2
                  ]
                },
                "up": {
                  "uv": [
                    7,
                    1.25
                  ],
                  "uv_size": [
                    -1,
                    -1
                  ]
                },
                "down": {
                  "uv": [
                    5.75,
                    1.25
                  ],
                  "uv_size": [
                    -1,
                    -1
                  ]
                }
              }
            },
            {
              "origin": [
                -0.4,
                1.5,
                -0.4
              ],
              "size": [
                0.8,
                0.15,
                0.8
              ],
              "uv": {
                "north": {
                  "uv": [
                    0,
                    5.25
                  ],
                  "uv_size": [
                    0.8,
                    0.15
                  ]
                },
                "east": {
                  "uv": [
                    1.25,
                    5.25
                  ],
                  "uv_size": [
                    0.8,
                    0.15
                  ]
                },
                "south": {
                  "uv": [
                    0,
                    6.5
                  ],
                  "uv_size": [
                    0.8,
                    0.15
                  ]
                },
                "west": {
                  "uv": [
                    1.25,
                    6.5
                  ],
                  "uv_size": [
                    0.8,
                    0.15
                  ]
                },
                "up": {
                  "uv": [
                    2.05,
                    4.8
                  ],
                  "uv_size": [
                    -0.8,
                    -0.8
                  ]
                },
                "down": {
                  "uv": [
                    0.8,
                    4.8
                  ],
                  "uv_size": [
                    -0.8,
                    -0.8
                  ]
                }
              }
            }
          ]
        }
      ]
    }
  ]
}