{
  "format_version": "1.8.0",
  "animations": {
    "animation.batwing.open": {
      "animation_length": 2.56,
      "bones": {
        "windshield": {
          "rotation": {
            "0.0": {
              "vector": [
                0,
                0,
                0
              ]
            },
            "0.28": {
              "vector": [
                -22.5,
                0,
                0
              ],
              "easing": "linear"
            },
            "0.8": {
              "vector": [
                -45,
                0,
                0
              ],
              "easing": "linear"
            },
            "1.32": {
              "vector": [
                -70,
                0,
                0
              ],
              "easing": "linear"
            },
            "1.68": {
              "vector": [
                -92.5,
                0,
                0
              ]
            },
            "2.56": {
              "vector": [
                -92.5,
                0,
                0
              ]
            }
          },
          "position": {
            "vector": [
              0,
              0,
              0
            ]
          },
          "scale": {
            "vector": [
              1,
              1,
              1
            ]
          }
        }
      }
    }
  }
}