{
  "variants": {
    "facing=north": {
      "y": 0,
      "model": "thematic:block/gadget_bench"
    },
    "facing=south": {
      "y": 180,
      "model": "thematic:block/gadget_bench"
    },
    "facing=east": {
      "y": 180,
      "model": "thematic:block/gadget_bench"
    },
    "facing=west": {
      "y": 180,
      "model": "thematic:block/gadget_bench"
    },
    "facing=up": {
      "y": 0,
      "model": "thematic:block/gadget_bench"
    },
    "facing=down": {
      "y": 0,
      "model": "thematic:block/gadget_bench"
    }
  }
}