{
  "variants": {
    "layers=1": {
      "model": "thematic:block/icy_height2"
    },
    "layers=2": {
      "model": "thematic:block/icy_height4"
    },
    "layers=3": {
      "model": "thematic:block/icy_height6"
    },
    "layers=4": {
      "model": "thematic:block/icy_height8"
    },
    "layers=5": {
      "model": "thematic:block/icy_height10"
    },
    "layers=6": {
      "model": "thematic:block/icy_height12"
    },
    "layers=7": {
      "model": "thematic:block/icy_height14"
    },
    "layers=8": {
      "model": "thematic:block/icy_block"
    }
  }
}