{
  "format_version": "1.12.0",
  "minecraft:geometry": [
    {
      "description": {
        "identifier": "geometry.unknown",
        "texture_width": 128,
        "texture_height": 128,
        "visible_bounds_width": 3,
        "visible_bounds_height": 3.5,
        "visible_bounds_offset": [
          0,
          1.25,
          0
        ]
      },
      "bones": [
        {
          "name": "bb_main",
          "pivot": [
            0,
            0,
            0
          ],
          "cubes": [
            {
              "origin": [
                -1.21593,
                3.375,
                -13.40617
              ],
              "size": [
                2.25152,
                5.925,
                0.95508
              ],
              "pivot": [
                -0.00178,
                4.9875,
                -9.67057
              ],
              "rotation": [
                -90,
                0,
                -45
              ],
              "uv": [
                93.5,
                4
              ]
            },
            {
              "origin": [
                -2.96995,
                6.803,
                -11.07596
              ],
              "size": [
                1.22098,
                2.8,
                0.90177
              ],
              "pivot": [
                -2.34787,
                7.35323,
                -10.59852
              ],
              "rotation": [
                -90,
                0,
                -45
              ],
              "uv": [
                107.5,
                16
              ]
            },
            {
              "origin": [
                1.76046,
                6.80315,
                -11.07596
              ],
              "size": [
                1.22098,
                2.8,
                0.90177
              ],
              "pivot": [
                2.38254,
                7.35337,
                -10.59852
              ],
              "rotation": [
                -90,
                0,
                45
              ],
              "uv": [
                107.5,
                16
              ]
            },
            {
              "origin": [
                1.80062,
                2.03289,
                -11.07596
              ],
              "size": [
                1.22098,
                2.8,
                0.90177
              ],
              "pivot": [
                2.4227,
                2.58311,
                -10.59852
              ],
              "rotation": [
                -90,
                0,
                -45
              ],
              "uv": [
                107.5,
                16
              ]
            },
            {
              "origin": [
                -1.2174,
                3.80503,
                -6.90617
              ],
              "size": [
                2.25152,
                5.95,
                0.95508
              ],
              "pivot": [
                -0.00325,
                5.24253,
                -9.87057
              ],
              "rotation": [
                -90,
                0,
                -45
              ],
              "uv": [
                93.5,
                4
              ]
            },
            {
              "origin": [
                -1.78471,
                3.14397,
                -7.41454
              ],
              "size": [
                3.56586,
                5.95,
                1.45
              ],
              "pivot": [
                0.20425,
                4.78147,
                -9.67057
              ],
              "rotation": [
                -90,
                0,
                90
              ],
              "uv": [
                93.5,
                4
              ]
            },
            {
              "origin": [
                -1.0356,
                3.55,
                -13.60617
              ],
              "size": [
                2.25152,
                5.95,
                0.95508
              ],
              "pivot": [
                0.00178,
                4.9875,
                -9.87057
              ],
              "rotation": [
                -90,
                0,
                45
              ],
              "uv": [
                93.5,
                4
              ],
              "mirror": true
            },
            {
              "origin": [
                -5.4889,
                -0.84975,
                -13.10617
              ],
              "size": [
                2.25152,
                5.95,
                1.05508
              ],
              "pivot": [
                -4.45152,
                0.78775,
                -9.67057
              ],
              "rotation": [
                -90,
                0,
                45
              ],
              "uv": [
                93.5,
                4
              ],
              "mirror": true
            },
            {
              "origin": [
                -1.78116,
                3.44397,
                -7.61454
              ],
              "size": [
                3.56586,
                5.85,
                1.45
              ],
              "pivot": [
                -0.20425,
                4.78147,
                -9.87057
              ],
              "rotation": [
                -90,
                0,
                -90
              ],
              "uv": [
                93.5,
                4
              ],
              "mirror": true
            },
            {
              "origin": [
                -1.90971,
                -1.95,
                -13.24557
              ],
              "size": [
                3.81942,
                5.95,
                1.25
              ],
              "pivot": [
                -0.00178,
                -0.5125,
                -9.87057
              ],
              "rotation": [
                -90,
                0,
                0
              ],
              "uv": [
                93.5,
                4
              ]
            },
            {
              "origin": [
                -1.90971,
                3.3,
                -13.04557
              ],
              "size": [
                3.81942,
                6,
                1.25
              ],
              "pivot": [
                -0.00178,
                4.9875,
                -9.67057
              ],
              "rotation": [
                -90,
                0,
                0
              ],
              "uv": [
                91.5,
                7
              ]
            },
            {
              "origin": [
                -0.69029,
                3.1,
                -13.54557
              ],
              "size": [
                1.5,
                3.75,
                1.25
              ],
              "pivot": [
                -0.00178,
                4.7875,
                -9.67057
              ],
              "rotation": [
                -90,
                0,
                0
              ],
              "uv": [
                91.5,
                7
              ]
            },
            {
              "origin": [
                -0.69029,
                3.1,
                -14.14557
              ],
              "size": [
                1.5,
                0.75,
                0.65
              ],
              "pivot": [
                -0.00178,
                4.7875,
                -9.67057
              ],
              "rotation": [
                -90,
                0,
                0
              ],
              "uv": [
                91.5,
                7
              ]
            },
            {
              "origin": [
                -0.69029,
                8.42788,
                -10.95378
              ],
              "size": [
                1.5,
                0.75,
                0.9
              ],
              "pivot": [
                0.05971,
                8.80288,
                -10.67878
              ],
              "rotation": [
                -45,
                0,
                0
              ],
              "uv": [
                91.5,
                7
              ]
            },
            {
              "origin": [
                -0.69029,
                8.44331,
                -8.40441
              ],
              "size": [
                1.5,
                0.75,
                0.9
              ],
              "pivot": [
                0.05971,
                8.75832,
                -8.19709
              ],
              "rotation": [
                135,
                0,
                -180
              ],
              "uv": [
                91.5,
                7
              ]
            },
            {
              "origin": [
                -0.69029,
                8.1693,
                -8.65127
              ],
              "size": [
                1.5,
                0.75,
                0.65
              ],
              "pivot": [
                0.05971,
                8.75832,
                -8.19709
              ],
              "rotation": [
                90,
                0,
                180
              ],
              "uv": [
                91.5,
                7
              ]
            },
            {
              "origin": [
                3.00971,
                3.8375,
                -9.38307
              ],
              "size": [
                1.5,
                0.75,
                0.75
              ],
              "pivot": [
                3.75971,
                4.9625,
                -8.53307
              ],
              "rotation": [
                90,
                0,
                -90
              ],
              "uv": [
                91.5,
                7
              ]
            },
            {
              "origin": [
                3.00971,
                4.54838,
                -9.39928
              ],
              "size": [
                1.5,
                0.75,
                1
              ],
              "pivot": [
                3.75971,
                4.9625,
                -8.53307
              ],
              "rotation": [
                135,
                0,
                -90
              ],
              "uv": [
                91.5,
                7
              ]
            },
            {
              "origin": [
                3.00971,
                3.8375,
                -8.68307
              ],
              "size": [
                1.5,
                3.625,
                1.25
              ],
              "pivot": [
                3.75971,
                4.9625,
                -8.53307
              ],
              "rotation": [
                90,
                0,
                -90
              ],
              "uv": [
                91.5,
                7
              ]
            },
            {
              "origin": [
                -4.49029,
                3.8375,
                -8.68307
              ],
              "size": [
                1.5,
                3.625,
                1.25
              ],
              "pivot": [
                -3.74029,
                4.9625,
                -8.53307
              ],
              "rotation": [
                90,
                0,
                90
              ],
              "uv": [
                91.5,
                7
              ]
            },
            {
              "origin": [
                -4.49029,
                4.54838,
                -9.39928
              ],
              "size": [
                1.5,
                0.75,
                1
              ],
              "pivot": [
                -3.74029,
                4.9625,
                -8.53307
              ],
              "rotation": [
                135,
                0,
                90
              ],
              "uv": [
                91.5,
                7
              ]
            },
            {
              "origin": [
                -4.49029,
                3.8375,
                -9.38307
              ],
              "size": [
                1.5,
                0.75,
                0.75
              ],
              "pivot": [
                -3.74029,
                4.9625,
                -8.53307
              ],
              "rotation": [
                90,
                0,
                90
              ],
              "uv": [
                91.5,
                7
              ]
            },
            {
              "origin": [
                -1.90971,
                2.6,
                -7.64557
              ],
              "size": [
                3.81942,
                4.25,
                0.75
              ],
              "pivot": [
                -0.00178,
                4.9875,
                -9.67057
              ],
              "rotation": [
                -90,
                0,
                0
              ],
              "uv": [
                106.5,
                14
              ]
            },
            {
              "origin": [
                -1.90971,
                2.6,
                -7.74557
              ],
              "size": [
                3.81942,
                4.25,
                0.85
              ],
              "pivot": [
                -0.00178,
                4.9875,
                -9.67057
              ],
              "rotation": [
                -90,
                0,
                90
              ],
              "uv": [
                103.5,
                16
              ]
            },
            {
              "origin": [
                -1.90971,
                2.6,
                -12.44557
              ],
              "size": [
                3.81942,
                4.25,
                0.75
              ],
              "pivot": [
                -0.00178,
                4.9875,
                -9.67057
              ],
              "rotation": [
                -90,
                0,
                90
              ],
              "uv": [
                103.5,
                16
              ]
            },
            {
              "origin": [
                -1.90971,
                2.6,
                -12.44557
              ],
              "size": [
                3.81942,
                4.25,
                0.75
              ],
              "pivot": [
                -0.00178,
                4.9875,
                -9.67057
              ],
              "rotation": [
                -90,
                0,
                0
              ],
              "uv": [
                103.5,
                16
              ]
            },
            {
              "origin": [
                -4.75687,
                2.31813,
                -12.05807
              ],
              "size": [
                1.22371,
                0.74749,
                2.25
              ],
              "pivot": [
                -2.84894,
                0.30563,
                -9.58307
              ],
              "rotation": [
                0,
                0,
                45
              ],
              "uv": [
                103.5,
                16
              ]
            },
            {
              "origin": [
                2.77394,
                4.15106,
                -12.05807
              ],
              "size": [
                1.22371,
                0.74749,
                1.05
              ],
              "pivot": [
                4.68187,
                2.13856,
                -9.58307
              ],
              "rotation": [
                0,
                0,
                -45
              ],
              "uv": [
                103.5,
                16
              ]
            },
            {
              "origin": [
                -1.38221,
                8.30721,
                -12.05807
              ],
              "size": [
                1.22371,
                0.74749,
                1.15
              ],
              "pivot": [
                0.52572,
                6.29471,
                -9.58307
              ],
              "rotation": [
                0,
                0,
                -45
              ],
              "uv": [
                103.5,
                16
              ]
            },
            {
              "origin": [
                -0.60249,
                6.47251,
                -12.05807
              ],
              "size": [
                1.22371,
                0.74749,
                0.75
              ],
              "pivot": [
                1.30544,
                4.46001,
                -9.58307
              ],
              "rotation": [
                0,
                0,
                45
              ],
              "uv": [
                103.5,
                16
              ]
            },
            {
              "origin": [
                -0.60249,
                6.47251,
                -12.05807
              ],
              "size": [
                1.22371,
                0.74749,
                1.05
              ],
              "pivot": [
                1.30544,
                4.46001,
                -9.58307
              ],
              "rotation": [
                0,
                0,
                45
              ],
              "uv": [
                103.5,
                16
              ]
            },
            {
              "origin": [
                -0.40971,
                1.64571,
                -11.89756
              ],
              "size": [
                0.82371,
                1.04749,
                1.05
              ],
              "pivot": [
                -0.24786,
                2.31945,
                -11.42256
              ],
              "rotation": [
                45,
                0,
                0
              ],
              "uv": [
                103.5,
                16
              ]
            },
            {
              "origin": [
                -0.40971,
                1.50717,
                -11.28203
              ],
              "size": [
                0.82371,
                1.04749,
                2.05
              ],
              "uv": [
                103.5,
                16
              ]
            },
            {
              "origin": [
                -1.64558,
                6.35984,
                -11.94756
              ],
              "size": [
                0.82371,
                0.74749,
                0.95
              ],
              "pivot": [
                -2.88373,
                6.73358,
                -11.42256
              ],
              "rotation": [
                -45,
                0,
                90
              ],
              "uv": [
                103.5,
                16
              ]
            },
            {
              "origin": [
                5.28297,
                7.45984,
                -11.93292
              ],
              "size": [
                0.82371,
                0.74749,
                0.95
              ],
              "pivot": [
                2.84482,
                7.83358,
                -11.45792
              ],
              "rotation": [
                45,
                0,
                90
              ],
              "uv": [
                103.5,
                16
              ]
            },
            {
              "origin": [
                -0.364,
                7.49571,
                -11.94756
              ],
              "size": [
                0.82371,
                0.74749,
                1.05
              ],
              "pivot": [
                1.29786,
                7.86945,
                -11.42256
              ],
              "rotation": [
                45,
                0,
                0
              ],
              "uv": [
                103.5,
                16
              ]
            },
            {
              "origin": [
                1.09582,
                7.32638,
                -11.45506
              ],
              "size": [
                1.22215,
                0.72044,
                1.05
              ],
              "pivot": [
                1.6904,
                6.70013,
                -10.93006
              ],
              "rotation": [
                30,
                0,
                45
              ],
              "uv": [
                103.5,
                16
              ]
            },
            {
              "origin": [
                -2.9611,
                2.64058,
                -11.86702
              ],
              "size": [
                1.22215,
                0.72044,
                1.05
              ],
              "pivot": [
                -2.35031,
                2.63567,
                -10.58602
              ],
              "rotation": [
                30,
                0,
                -135
              ],
              "uv": [
                103.5,
                16
              ]
            },
            {
              "origin": [
                -2.9611,
                2.07295,
                -11.09869
              ],
              "size": [
                1.22098,
                2.8,
                0.90177
              ],
              "pivot": [
                -2.35031,
                2.63567,
                -10.58602
              ],
              "rotation": [
                -90,
                0,
                -135
              ],
              "uv": [
                107.5,
                16
              ]
            },
            {
              "origin": [
                1.69686,
                2.32045,
                -11.9483
              ],
              "size": [
                1.22215,
                0.72044,
                1.05
              ],
              "pivot": [
                2.30793,
                2.68067,
                -11.4233
              ],
              "rotation": [
                30,
                0,
                135
              ],
              "uv": [
                103.5,
                16
              ]
            },
            {
              "origin": [
                -2.94563,
                7.40965,
                -11.87297
              ],
              "size": [
                1.22215,
                0.62044,
                1.05
              ],
              "pivot": [
                -2.34497,
                7.3184,
                -10.59852
              ],
              "rotation": [
                30,
                0,
                -45
              ],
              "uv": [
                103.5,
                16
              ]
            },
            {
              "origin": [
                -2.15971,
                -2.59645,
                -12.94557
              ],
              "size": [
                4.31942,
                4.25,
                1.15
              ],
              "inflate": -0.25,
              "pivot": [
                0.04822,
                -0.40895,
                -9.67057
              ],
              "rotation": [
                -90,
                0,
                0
              ],
              "uv": [
                93.5,
                4
              ]
            },
            {
              "origin": [
                -5.4889,
                -1.39975,
                -13.40617
              ],
              "size": [
                2.25152,
                4.5,
                1.35508
              ],
              "inflate": -0.25,
              "pivot": [
                -4.45152,
                0.78775,
                -9.67057
              ],
              "rotation": [
                -90,
                0,
                45
              ],
              "uv": [
                93.5,
                4
              ],
              "mirror": true
            },
            {
              "origin": [
                -2.03471,
                2.59397,
                -7.21454
              ],
              "size": [
                4.06586,
                4.5,
                1.14645
              ],
              "inflate": -0.25,
              "pivot": [
                0.20425,
                4.78147,
                -9.67057
              ],
              "rotation": [
                -90,
                0,
                90
              ],
              "uv": [
                93.5,
                4
              ]
            },
            {
              "origin": [
                -1.21593,
                2.8,
                -13.40617
              ],
              "size": [
                2.25152,
                4.5,
                1.35508
              ],
              "inflate": -0.25,
              "pivot": [
                -0.00178,
                4.9875,
                -9.67057
              ],
              "rotation": [
                -90,
                0,
                -45
              ],
              "uv": [
                93.5,
                4
              ],
              "mirror": true
            },
            {
              "origin": [
                -2.15971,
                2.8,
                -12.94202
              ],
              "size": [
                4.31942,
                4.25,
                1.14645
              ],
              "inflate": -0.25,
              "pivot": [
                -0.00178,
                4.9875,
                -9.67057
              ],
              "rotation": [
                -90,
                0,
                0
              ],
              "uv": [
                93.5,
                4
              ]
            },
            {
              "origin": [
                -1.0356,
                2.8,
                -13.40617
              ],
              "size": [
                2.25152,
                4.5,
                1.35508
              ],
              "inflate": -0.25,
              "pivot": [
                0.00178,
                4.9875,
                -9.67057
              ],
              "rotation": [
                -90,
                0,
                45
              ],
              "uv": [
                93.5,
                4
              ],
              "mirror": true
            },
            {
              "origin": [
                -2.03116,
                2.59397,
                -7.21454
              ],
              "size": [
                4.06586,
                4.5,
                1.14645
              ],
              "inflate": -0.25,
              "pivot": [
                -0.20425,
                4.78147,
                -9.67057
              ],
              "rotation": [
                -90,
                0,
                -90
              ],
              "uv": [
                93.5,
                4
              ],
              "mirror": true
            },
            {
              "origin": [
                -1.2174,
                3.05503,
                -7.10617
              ],
              "size": [
                2.25152,
                4.5,
                1.35508
              ],
              "inflate": -0.25,
              "pivot": [
                -0.00325,
                5.24253,
                -9.67057
              ],
              "rotation": [
                -90,
                0,
                -45
              ],
              "uv": [
                93.5,
                4
              ]
            },
            {
              "origin": [
                -0.975,
                3.95,
                -11.48891
              ],
              "size": [
                2.05,
                2.05,
                3.25
              ],
              "uv": [
                116,
                27
              ]
            },
            {
              "origin": [
                -0.725,
                4.2,
                -11.93891
              ],
              "size": [
                1.55,
                1.55,
                3.25
              ],
              "uv": [
                116,
                27
              ]
            },
            {
              "origin": [
                -0.525,
                4.4,
                -13.93891
              ],
              "size": [
                1.15,
                1.15,
                4.25
              ],
              "uv": [
                116,
                27
              ]
            },
            {
              "origin": [
                -0.875,
                4.05,
                -14.53891
              ],
              "size": [
                1.85,
                1.85,
                1.1
              ],
              "uv": [
                116,
                27
              ]
            },
            {
              "origin": [
                -0.775,
                4.15,
                -14.73891
              ],
              "size": [
                1.65,
                1.65,
                1.1
              ],
              "uv": [
                105,
                13
              ]
            },
            {
              "origin": [
                -0.725,
                4.2,
                -12.18891
              ],
              "size": [
                1.55,
                1.55,
                0.25
              ],
              "uv": [
                107,
                18
              ]
            }
          ]
        },
        {
          "name": "bipedRightArm",
          "pivot": [
            2.05625,
            5,
            2.9375
          ],
          "rotation": [
            -90,
            0,
            0
          ]
        },
        {
          "name": "armorRightArm",
          "parent": "bipedRightArm",
          "pivot": [
            2.05625,
            5,
            2.9375
          ]
        },
        {
          "name": "rightArmtop",
          "parent": "armorRightArm",
          "pivot": [
            6.05625,
            7,
            2.9375
          ],
          "cubes": [
            {
              "origin": [
                -1.94375,
                1,
                0.9375
              ],
              "size": [
                4,
                6,
                4
              ],
              "uv": {
                "north": {
                  "uv": [
                    44,
                    20
                  ],
                  "uv_size": [
                    4,
                    6
                  ]
                },
                "east": {
                  "uv": [
                    40,
                    20
                  ],
                  "uv_size": [
                    4,
                    6
                  ]
                },
                "south": {
                  "uv": [
                    52,
                    20
                  ],
                  "uv_size": [
                    4,
                    6
                  ]
                },
                "west": {
                  "uv": [
                    48,
                    20
                  ],
                  "uv_size": [
                    4,
                    6
                  ]
                },
                "up": {
                  "uv": [
                    44,
                    16
                  ],
                  "uv_size": [
                    4,
                    4
                  ]
                },
                "down": {
                  "uv": [
                    48,
                    20
                  ],
                  "uv_size": [
                    4,
                    -4
                  ]
                }
              }
            },
            {
              "origin": [
                0.68125,
                1.05,
                0.9375
              ],
              "size": [
                1.275,
                2.5,
                4
              ],
              "inflate": 0.15,
              "uv": {
                "north": {
                  "uv": [
                    80,
                    11.5
                  ],
                  "uv_size": [
                    1,
                    2
                  ]
                },
                "east": {
                  "uv": [
                    76,
                    11.5
                  ],
                  "uv_size": [
                    4,
                    2
                  ]
                },
                "south": {
                  "uv": [
                    85,
                    11.5
                  ],
                  "uv_size": [
                    1,
                    2
                  ]
                },
                "west": {
                  "uv": [
                    81,
                    11.5
                  ],
                  "uv_size": [
                    4,
                    2
                  ]
                },
                "up": {
                  "uv": [
                    80,
                    7.5
                  ],
                  "uv_size": [
                    1,
                    4
                  ]
                },
                "down": {
                  "uv": [
                    81,
                    11.5
                  ],
                  "uv_size": [
                    1,
                    -4
                  ]
                }
              }
            },
            {
              "origin": [
                1.20625,
                -0.2,
                0.9375
              ],
              "size": [
                0.775,
                1.25,
                4
              ],
              "inflate": 0.125,
              "uv": {
                "north": {
                  "uv": [
                    79,
                    10.5
                  ],
                  "uv_size": [
                    0,
                    1
                  ]
                },
                "east": {
                  "uv": [
                    75,
                    10.5
                  ],
                  "uv_size": [
                    4,
                    1
                  ]
                },
                "south": {
                  "uv": [
                    83,
                    10.5
                  ],
                  "uv_size": [
                    0,
                    1
                  ]
                },
                "west": {
                  "uv": [
                    79,
                    10.5
                  ],
                  "uv_size": [
                    4,
                    1
                  ]
                },
                "up": {
                  "uv": [
                    79,
                    6.5
                  ],
                  "uv_size": [
                    0,
                    4
                  ]
                },
                "down": {
                  "uv": [
                    79,
                    10.5
                  ],
                  "uv_size": [
                    0,
                    -4
                  ]
                }
              }
            }
          ]
        },
        {
          "name": "bone3",
          "parent": "rightArmtop",
          "pivot": [
            10.05625,
            5,
            2.9375
          ],
          "cubes": [
            {
              "origin": [
                -1.99375,
                5.05,
                0.6875
              ],
              "size": [
                3.75,
                1.5,
                4.4
              ],
              "inflate": 0.15,
              "uv": {
                "north": {
                  "uv": [
                    93,
                    10.5
                  ],
                  "uv_size": [
                    -3,
                    1
                  ]
                },
                "east": {
                  "uv": [
                    97,
                    10.5
                  ],
                  "uv_size": [
                    -4,
                    1
                  ]
                },
                "south": {
                  "uv": [
                    100,
                    10.5
                  ],
                  "uv_size": [
                    -3,
                    1
                  ]
                },
                "west": {
                  "uv": [
                    90,
                    10.5
                  ],
                  "uv_size": [
                    -4,
                    1
                  ]
                },
                "up": {
                  "uv": [
                    93,
                    6.5
                  ],
                  "uv_size": [
                    -3,
                    4
                  ]
                },
                "down": {
                  "uv": [
                    96,
                    10.5
                  ],
                  "uv_size": [
                    -3,
                    -4
                  ]
                }
              }
            },
            {
              "origin": [
                -1.86875,
                6.225,
                0.6875
              ],
              "size": [
                3.75,
                0.5,
                4.4
              ],
              "inflate": 0.15,
              "pivot": [
                10.05625,
                5,
                2.9375
              ],
              "rotation": [
                0,
                0,
                -9.25
              ],
              "uv": {
                "north": {
                  "uv": [
                    93,
                    11.5
                  ],
                  "uv_size": [
                    -3,
                    0
                  ]
                },
                "east": {
                  "uv": [
                    97,
                    11.5
                  ],
                  "uv_size": [
                    -4,
                    0
                  ]
                },
                "south": {
                  "uv": [
                    100,
                    11.5
                  ],
                  "uv_size": [
                    -3,
                    0
                  ]
                },
                "west": {
                  "uv": [
                    90,
                    11.5
                  ],
                  "uv_size": [
                    -4,
                    0
                  ]
                },
                "up": {
                  "uv": [
                    93,
                    7.5
                  ],
                  "uv_size": [
                    -3,
                    4
                  ]
                },
                "down": {
                  "uv": [
                    96,
                    11.5
                  ],
                  "uv_size": [
                    -3,
                    -4
                  ]
                }
              }
            },
            {
              "origin": [
                -2.06875,
                5,
                1.1875
              ],
              "size": [
                4.25,
                2.25,
                3.4
              ],
              "uv": {
                "north": {
                  "uv": [
                    94,
                    10.5
                  ],
                  "uv_size": [
                    -4,
                    2
                  ]
                },
                "east": {
                  "uv": [
                    97,
                    10.5
                  ],
                  "uv_size": [
                    -3,
                    2
                  ]
                },
                "south": {
                  "uv": [
                    101,
                    10.5
                  ],
                  "uv_size": [
                    -4,
                    2
                  ]
                },
                "west": {
                  "uv": [
                    90,
                    10.5
                  ],
                  "uv_size": [
                    -3,
                    2
                  ]
                },
                "up": {
                  "uv": [
                    94,
                    7.5
                  ],
                  "uv_size": [
                    -4,
                    3
                  ]
                },
                "down": {
                  "uv": [
                    98,
                    10.5
                  ],
                  "uv_size": [
                    -4,
                    -3
                  ]
                }
              }
            }
          ]
        },
        {
          "name": "rightArmBottom",
          "parent": "armorRightArm",
          "pivot": [
            2.05625,
            5,
            2.9375
          ],
          "cubes": [
            {
              "origin": [
                -1.94375,
                -9,
                0.8375
              ],
              "size": [
                4,
                10,
                4.2
              ],
              "uv": {
                "north": {
                  "uv": [
                    44,
                    26
                  ],
                  "uv_size": [
                    4,
                    6
                  ]
                },
                "east": {
                  "uv": [
                    40,
                    26
                  ],
                  "uv_size": [
                    4,
                    6
                  ]
                },
                "south": {
                  "uv": [
                    52,
                    26
                  ],
                  "uv_size": [
                    4,
                    6
                  ]
                },
                "west": {
                  "uv": [
                    48,
                    26
                  ],
                  "uv_size": [
                    4,
                    6
                  ]
                },
                "up": {
                  "uv": [
                    44,
                    22
                  ],
                  "uv_size": [
                    4,
                    4
                  ]
                },
                "down": {
                  "uv": [
                    48,
                    26
                  ],
                  "uv_size": [
                    4,
                    -4
                  ]
                }
              }
            },
            {
              "origin": [
                -2.09375,
                -3,
                0.6875
              ],
              "size": [
                1,
                3.75,
                4.5
              ],
              "uv": {
                "north": {
                  "uv": [
                    94,
                    11
                  ],
                  "uv_size": [
                    1,
                    3
                  ]
                },
                "east": {
                  "uv": [
                    90,
                    11
                  ],
                  "uv_size": [
                    4,
                    3
                  ]
                },
                "south": {
                  "uv": [
                    99,
                    11
                  ],
                  "uv_size": [
                    1,
                    3
                  ]
                },
                "west": {
                  "uv": [
                    95,
                    11
                  ],
                  "uv_size": [
                    4,
                    3
                  ]
                },
                "up": {
                  "uv": [
                    94,
                    7
                  ],
                  "uv_size": [
                    1,
                    4
                  ]
                },
                "down": {
                  "uv": [
                    95,
                    11
                  ],
                  "uv_size": [
                    1,
                    -4
                  ]
                }
              }
            }
          ]
        }
      ]
    }
  ]
}