{
  "format_version": "1.12.0",
  "minecraft:geometry": [
    {
      "description": {
        "identifier": "geometry.unknown",
        "texture_width": 16,
        "texture_height": 16,
        "visible_bounds_width": 3,
        "visible_bounds_height": 3.5,
        "visible_bounds_offset": [
          0,
          1.25,
          0
        ]
      },
      "bones": [
        {
          "name": "root",
          "pivot": [
            0,
            24,
            0
          ]
        },
        {
          "name": "topRing1",
          "parent": "root",
          "pivot": [
            0,
            24.7,
            0
          ],
          "rotation": [
            90,
            0,
            0
          ],
          "cubes": [
            {
              "origin": [
                -1.5,
                27.55,
                -1
              ],
              "size": [
                3,
                0.8,
                2
              ],
              "uv": [
                9,
                0
              ]
            }
          ]
        },
        {
          "name": "topRing1Child",
          "parent": "topRing1",
          "pivot": [
            0,
            24.7,
            0
          ],
          "rotation": [
            0,
            0,
            -90
          ],
          "cubes": [
            {
              "origin": [
                -1.5,
                27.55,
                -1
              ],
              "size": [
                3,
                0.8,
                2
              ],
              "uv": [
                9,
                0
              ]
            }
          ]
        },
        {
          "name": "topRing1Child2",
          "parent": "topRing1",
          "pivot": [
            0,
            24.7,
            0
          ],
          "rotation": [
            0,
            0,
            180.00001
          ],
          "cubes": [
            {
              "origin": [
                -1.5,
                27.55,
                -1
              ],
              "size": [
                3,
                0.8,
                2
              ],
              "uv": [
                9,
                0
              ]
            }
          ]
        },
        {
          "name": "topRing1Child3",
          "parent": "topRing1",
          "pivot": [
            0,
            24.7,
            0
          ],
          "rotation": [
            0,
            0,
            90
          ],
          "cubes": [
            {
              "origin": [
                -1.5,
                27.55,
                -1
              ],
              "size": [
                3,
                0.8,
                2
              ],
              "uv": [
                9,
                0
              ]
            }
          ]
        },
        {
          "name": "topRing1Child4",
          "parent": "topRing1",
          "pivot": [
            0,
            24.7,
            0
          ],
          "rotation": [
            0,
            0,
            135
          ],
          "cubes": [
            {
              "origin": [
                -1.5,
                27.55,
                -1
              ],
              "size": [
                3,
                0.8,
                2
              ],
              "uv": [
                9,
                0
              ]
            }
          ]
        },
        {
          "name": "topRing1Child5",
          "parent": "topRing1",
          "pivot": [
            0,
            24.7,
            0
          ],
          "rotation": [
            0,
            0,
            -45
          ],
          "cubes": [
            {
              "origin": [
                -1.5,
                27.55,
                -1
              ],
              "size": [
                3,
                0.8,
                2
              ],
              "uv": [
                9,
                0
              ]
            }
          ]
        },
        {
          "name": "topRing1Child6",
          "parent": "topRing1",
          "pivot": [
            0,
            24.7,
            0
          ],
          "rotation": [
            0,
            0,
            -135
          ],
          "cubes": [
            {
              "origin": [
                -1.5,
                27.55,
                -1
              ],
              "size": [
                3,
                0.8,
                2
              ],
              "uv": [
                9,
                0
              ]
            }
          ]
        },
        {
          "name": "topRing1Child7",
          "parent": "topRing1",
          "pivot": [
            0,
            24.7,
            0
          ],
          "rotation": [
            0,
            0,
            45
          ],
          "cubes": [
            {
              "origin": [
                -1.5,
                27.55,
                -1
              ],
              "size": [
                3,
                0.8,
                2
              ],
              "uv": [
                9,
                0
              ]
            }
          ]
        },
        {
          "name": "upperRingBase1",
          "parent": "root",
          "pivot": [
            0,
            24.4,
            0
          ],
          "cubes": [
            {
              "origin": [
                -2.8,
                24.4,
                -2.1
              ],
              "size": [
                5.7,
                1,
                4
              ],
              "uv": [
                0,
                8
              ]
            }
          ]
        },
        {
          "name": "upperRingBase1Child",
          "parent": "upperRingBase1",
          "pivot": [
            0,
            24.1,
            -0.5
          ],
          "cubes": [
            {
              "origin": [
                -2.1,
                24.35,
                -3
              ],
              "size": [
                4.2,
                1,
                6
              ],
              "uv": [
                0,
                7
              ]
            }
          ]
        },
        {
          "name": "ring1",
          "parent": "root",
          "pivot": [
            0,
            21,
            0
          ],
          "cubes": [
            {
              "origin": [
                -1.5,
                23.65,
                -1.5
              ],
              "size": [
                3,
                1,
                3
              ],
              "uv": [
                0,
                0
              ]
            }
          ]
        },
        {
          "name": "ring1Child",
          "parent": "ring1",
          "pivot": [
            0,
            21,
            0
          ],
          "rotation": [
            0,
            0,
            45
          ],
          "cubes": [
            {
              "origin": [
                -1.5,
                23.65,
                -1.5
              ],
              "size": [
                3,
                1,
                3
              ],
              "uv": [
                0,
                0
              ]
            }
          ]
        },
        {
          "name": "ring1Child2",
          "parent": "ring1",
          "pivot": [
            0,
            21,
            0
          ],
          "rotation": [
            0,
            0,
            135
          ],
          "cubes": [
            {
              "origin": [
                -1.5,
                23.65,
                -1.5
              ],
              "size": [
                3,
                1,
                3
              ],
              "uv": [
                0,
                0
              ]
            }
          ]
        },
        {
          "name": "ring1Child3",
          "parent": "ring1",
          "pivot": [
            0,
            21,
            0
          ],
          "rotation": [
            0,
            0,
            -135
          ],
          "cubes": [
            {
              "origin": [
                -1.5,
                23.65,
                -1.5
              ],
              "size": [
                3,
                1,
                3
              ],
              "uv": [
                0,
                0
              ]
            }
          ]
        },
        {
          "name": "ring1Child4",
          "parent": "ring1",
          "pivot": [
            0,
            21,
            0
          ],
          "rotation": [
            0,
            0,
            90
          ],
          "cubes": [
            {
              "origin": [
                -1.5,
                23.65,
                -1.5
              ],
              "size": [
                3,
                1,
                3
              ],
              "uv": [
                0,
                0
              ]
            }
          ]
        },
        {
          "name": "ring1Child5",
          "parent": "ring1",
          "pivot": [
            0,
            21,
            0
          ],
          "rotation": [
            0,
            0,
            180.00001
          ],
          "cubes": [
            {
              "origin": [
                -1.5,
                23.65,
                -1.5
              ],
              "size": [
                3,
                1,
                3
              ],
              "uv": [
                0,
                0
              ]
            }
          ]
        },
        {
          "name": "ring1Child6",
          "parent": "ring1",
          "pivot": [
            0,
            21,
            0
          ],
          "rotation": [
            0,
            0,
            -90
          ],
          "cubes": [
            {
              "origin": [
                -1.5,
                23.65,
                -1.5
              ],
              "size": [
                3,
                1,
                3
              ],
              "uv": [
                0,
                0
              ]
            }
          ]
        },
        {
          "name": "ring1Child7",
          "parent": "ring1",
          "pivot": [
            0,
            21,
            0
          ],
          "rotation": [
            0,
            0,
            -45
          ],
          "cubes": [
            {
              "origin": [
                -1.5,
                23.65,
                -1.5
              ],
              "size": [
                3,
                1,
                3
              ],
              "uv": [
                0,
                0
              ]
            }
          ]
        },
        {
          "name": "upperRingSide2",
          "parent": "root",
          "pivot": [
            -1.58,
            24.95,
            0
          ],
          "rotation": [
            0,
            0,
            -30
          ],
          "cubes": [
            {
              "origin": [
                0.795,
                20.2,
                -1
              ],
              "size": [
                1,
                3,
                2
              ],
              "uv": [
                0,
                15
              ],
              "mirror": true
            }
          ]
        },
        {
          "name": "upperRingSide1",
          "parent": "root",
          "pivot": [
            1.58,
            24.95,
            0
          ],
          "rotation": [
            0,
            0,
            30
          ],
          "cubes": [
            {
              "origin": [
                -1.795,
                20.2,
                -1
              ],
              "size": [
                1,
                3,
                2
              ],
              "uv": [
                0,
                15
              ]
            }
          ]
        },
        {
          "name": "lanternLogo",
          "parent": "root",
          "pivot": [
            0.2,
            25.7,
            0
          ]
        },
        {
          "name": "lanternLogoChild",
          "parent": "lanternLogo",
          "pivot": [
            1,
            25.3,
            0.8
          ]
        },
        {
          "name": "lanternLogo2",
          "parent": "root",
          "pivot": [
            1,
            25.7,
            -0.1
          ]
        },
        {
          "name": "lanternLogo2Child",
          "parent": "lanternLogo2",
          "pivot": [
            1,
            25.7,
            -0.1
          ]
        },
        {
          "name": "lanternLogo2Child2",
          "parent": "lanternLogo2",
          "pivot": [
            1.5,
            25.5,
            2.2
          ]
        },
        {
          "name": "lanternLogo2Child3",
          "parent": "lanternLogo2",
          "pivot": [
            1.5,
            25.5,
            -3.2
          ],
          "cubes": [
            {
              "origin": [
                -1.8,
                24.675,
                -2.475
              ],
              "size": [
                3.175,
                1,
                0.225
              ],
              "pivot": [
                -0.0125,
                25.125,
                -1.1875
              ],
              "rotation": [
                0,
                52.5,
                0
              ],
              "uv": [
                0,
                0
              ]
            },
            {
              "origin": [
                -1.375,
                24.675,
                -2.475
              ],
              "size": [
                3.175,
                1,
                0.225
              ],
              "pivot": [
                0.0125,
                25.125,
                -1.1875
              ],
              "rotation": [
                0,
                -52.5,
                0
              ],
              "uv": [
                0,
                0
              ],
              "mirror": true
            },
            {
              "origin": [
                -2.1221,
                24.675,
                -0.37136
              ],
              "size": [
                4.24421,
                1,
                -0.1818
              ],
              "uv": [
                0,
                0
              ]
            },
            {
              "origin": [
                -1.21644,
                24.675,
                -2.0438
              ],
              "size": [
                0.175,
                1,
                0.175
              ],
              "pivot": [
                0.72106,
                25.125,
                -1.1063
              ],
              "rotation": [
                0,
                -45,
                0
              ],
              "uv": [
                0,
                0
              ],
              "mirror": true
            },
            {
              "origin": [
                -1.85,
                24.675,
                1.575
              ],
              "size": [
                2.475,
                1,
                0.375
              ],
              "pivot": [
                -0.0125,
                25.125,
                1.8125
              ],
              "rotation": [
                0,
                -90,
                0
              ],
              "uv": [
                0,
                0
              ]
            },
            {
              "origin": [
                -1.85,
                24.675,
                0.775
              ],
              "size": [
                2.275,
                1,
                0.375
              ],
              "pivot": [
                -0.0125,
                25.125,
                1.8125
              ],
              "rotation": [
                0,
                -90,
                0
              ],
              "uv": [
                0,
                0
              ]
            },
            {
              "origin": [
                -1.85,
                24.675,
                2.375
              ],
              "size": [
                2.275,
                1,
                0.375
              ],
              "pivot": [
                -0.0125,
                25.125,
                1.8125
              ],
              "rotation": [
                0,
                -90,
                0
              ],
              "uv": [
                0,
                0
              ]
            },
            {
              "origin": [
                -1.85,
                24.675,
                3.175
              ],
              "size": [
                1.975,
                1,
                0.375
              ],
              "pivot": [
                -0.0125,
                25.125,
                1.8125
              ],
              "rotation": [
                0,
                -90,
                0
              ],
              "uv": [
                0,
                0
              ]
            },
            {
              "origin": [
                -1.85,
                24.675,
                -0.025
              ],
              "size": [
                1.975,
                1,
                0.375
              ],
              "pivot": [
                -0.0125,
                25.125,
                1.8125
              ],
              "rotation": [
                0,
                -90,
                0
              ],
              "uv": [
                0,
                0
              ]
            }
          ]
        }
      ]
    }
  ]
}