{
  "format_version": "1.12.0",
  "minecraft:geometry": [
    {
      "description": {
        "identifier": "geometry.unknown",
        "texture_width": 128,
        "texture_height": 128,
        "visible_bounds_width": 2,
        "visible_bounds_height": 2.5,
        "visible_bounds_offset": [
          0,
          0.75,
          0
        ]
      },
      "bones": [
        {
          "name": "boomerang",
          "pivot": [
            4,
            23.25,
            3
          ],
          "rotation": [
            8.25,
            0,
            -135
          ],
          "cubes": [
            {
              "origin": [
                -11.2,
                39.35,
                -2.8
              ],
              "size": [
                2.4,
                0.4,
                0.05
              ],
              "inflate": 0.1,
              "pivot": [
                -7,
                35.25,
                3
              ],
              "rotation": [
                -11.57518,
                4.75113,
                22.01816
              ],
              "uv": {
                "north": {
                  "uv": [
                    64,
                    117
                  ],
                  "uv_size": [
                    8,
                    2
                  ]
                },
                "east": {
                  "uv": [
                    55,
                    117
                  ],
                  "uv_size": [
                    9,
                    2
                  ]
                },
                "south": {
                  "uv": [
                    73,
                    117
                  ],
                  "uv_size": [
                    8,
                    2
                  ]
                },
                "west": {
                  "uv": [
                    72,
                    117
                  ],
                  "uv_size": [
                    9,
                    2
                  ]
                },
                "up": {
                  "uv": [
                    64,
                    108
                  ],
                  "uv_size": [
                    8,
                    9
                  ]
                },
                "down": {
                  "uv": [
                    72,
                    117
                  ],
                  "uv_size": [
                    8,
                    -9
                  ]
                }
              }
            },
            {
              "origin": [
                -5.25,
                39.35,
                -2.8
              ],
              "size": [
                2.4,
                0.4,
                0.05
              ],
              "inflate": 0.1,
              "pivot": [
                -7,
                35.25,
                3
              ],
              "rotation": [
                -11.57518,
                -4.75113,
                -22.01816
              ],
              "uv": {
                "north": {
                  "uv": [
                    72,
                    117
                  ],
                  "uv_size": [
                    -8,
                    2
                  ]
                },
                "east": {
                  "uv": [
                    64,
                    117
                  ],
                  "uv_size": [
                    -9,
                    2
                  ]
                },
                "south": {
                  "uv": [
                    81,
                    117
                  ],
                  "uv_size": [
                    -8,
                    2
                  ]
                },
                "west": {
                  "uv": [
                    81,
                    117
                  ],
                  "uv_size": [
                    -9,
                    2
                  ]
                },
                "up": {
                  "uv": [
                    72,
                    108
                  ],
                  "uv_size": [
                    -8,
                    9
                  ]
                },
                "down": {
                  "uv": [
                    80,
                    117
                  ],
                  "uv_size": [
                    -8,
                    -9
                  ]
                }
              }
            },
            {
              "origin": [
                -5.25,
                39.55,
                -2.8
              ],
              "size": [
                2.5,
                0.35,
                0.05
              ],
              "inflate": 0.05,
              "pivot": [
                -7,
                35.25,
                3
              ],
              "rotation": [
                -11.57518,
                -4.75113,
                -22.01816
              ],
              "uv": {
                "north": {
                  "uv": [
                    96,
                    4
                  ],
                  "uv_size": [
                    -8,
                    2
                  ]
                },
                "east": {
                  "uv": [
                    97,
                    5
                  ],
                  "uv_size": [
                    -9,
                    2
                  ]
                },
                "south": {
                  "uv": [
                    97,
                    4
                  ],
                  "uv_size": [
                    -8,
                    2
                  ]
                },
                "west": {
                  "uv": [
                    97,
                    4
                  ],
                  "uv_size": [
                    -9,
                    2
                  ]
                },
                "up": {
                  "uv": [
                    97,
                    1
                  ],
                  "uv_size": [
                    -8,
                    9
                  ]
                },
                "down": {
                  "uv": [
                    97,
                    10
                  ],
                  "uv_size": [
                    -8,
                    -9
                  ]
                }
              }
            },
            {
              "origin": [
                -11.3,
                39.55,
                -2.8
              ],
              "size": [
                2.5,
                0.35,
                0.05
              ],
              "inflate": 0.05,
              "pivot": [
                -7,
                35.25,
                3
              ],
              "rotation": [
                -11.57518,
                4.75113,
                22.01816
              ],
              "uv": {
                "north": {
                  "uv": [
                    96,
                    4
                  ],
                  "uv_size": [
                    -8,
                    2
                  ]
                },
                "east": {
                  "uv": [
                    97,
                    5
                  ],
                  "uv_size": [
                    -9,
                    2
                  ]
                },
                "south": {
                  "uv": [
                    97,
                    4
                  ],
                  "uv_size": [
                    -8,
                    2
                  ]
                },
                "west": {
                  "uv": [
                    97,
                    4
                  ],
                  "uv_size": [
                    -9,
                    2
                  ]
                },
                "up": {
                  "uv": [
                    97,
                    1
                  ],
                  "uv_size": [
                    -8,
                    9
                  ]
                },
                "down": {
                  "uv": [
                    97,
                    10
                  ],
                  "uv_size": [
                    -8,
                    -9
                  ]
                }
              }
            },
            {
              "origin": [
                -1.5,
                37.375,
                -2.8
              ],
              "size": [
                0.1,
                0.425,
                0.05
              ],
              "inflate": 0.075,
              "pivot": [
                -7,
                35.25,
                3
              ],
              "rotation": [
                -8.90928,
                -8.80348,
                -44.31282
              ],
              "uv": {
                "north": {
                  "uv": [
                    72,
                    117
                  ],
                  "uv_size": [
                    -8,
                    2
                  ]
                },
                "east": {
                  "uv": [
                    64,
                    117
                  ],
                  "uv_size": [
                    -9,
                    2
                  ]
                },
                "south": {
                  "uv": [
                    81,
                    117
                  ],
                  "uv_size": [
                    -8,
                    2
                  ]
                },
                "west": {
                  "uv": [
                    81,
                    117
                  ],
                  "uv_size": [
                    -9,
                    2
                  ]
                },
                "up": {
                  "uv": [
                    72,
                    108
                  ],
                  "uv_size": [
                    -8,
                    9
                  ]
                },
                "down": {
                  "uv": [
                    80,
                    117
                  ],
                  "uv_size": [
                    -8,
                    -9
                  ]
                }
              }
            },
            {
              "origin": [
                -12.65,
                37.375,
                -2.8
              ],
              "size": [
                0.1,
                0.4,
                0.05
              ],
              "inflate": 0.075,
              "pivot": [
                -7,
                35.25,
                3
              ],
              "rotation": [
                -8.90928,
                8.80348,
                44.31282
              ],
              "uv": {
                "north": {
                  "uv": [
                    72,
                    117
                  ],
                  "uv_size": [
                    -8,
                    2
                  ]
                },
                "east": {
                  "uv": [
                    64,
                    117
                  ],
                  "uv_size": [
                    -9,
                    2
                  ]
                },
                "south": {
                  "uv": [
                    81,
                    117
                  ],
                  "uv_size": [
                    -8,
                    2
                  ]
                },
                "west": {
                  "uv": [
                    81,
                    117
                  ],
                  "uv_size": [
                    -9,
                    2
                  ]
                },
                "up": {
                  "uv": [
                    72,
                    108
                  ],
                  "uv_size": [
                    -8,
                    9
                  ]
                },
                "down": {
                  "uv": [
                    80,
                    117
                  ],
                  "uv_size": [
                    -8,
                    -9
                  ]
                }
              }
            },
            {
              "origin": [
                -12.8,
                37.35,
                -2.8
              ],
              "size": [
                0.1,
                0.55,
                0.05
              ],
              "inflate": 0.025,
              "pivot": [
                -7,
                35.25,
                3
              ],
              "rotation": [
                -8.90928,
                8.80348,
                44.31282
              ],
              "uv": {
                "north": {
                  "uv": [
                    96,
                    4
                  ],
                  "uv_size": [
                    -8,
                    2
                  ]
                },
                "east": {
                  "uv": [
                    96,
                    4
                  ],
                  "uv_size": [
                    -9,
                    2
                  ]
                },
                "south": {
                  "uv": [
                    96,
                    5
                  ],
                  "uv_size": [
                    -8,
                    2
                  ]
                },
                "west": {
                  "uv": [
                    97,
                    4
                  ],
                  "uv_size": [
                    -9,
                    2
                  ]
                },
                "up": {
                  "uv": [
                    96,
                    1
                  ],
                  "uv_size": [
                    -8,
                    9
                  ]
                },
                "down": {
                  "uv": [
                    96,
                    10
                  ],
                  "uv_size": [
                    -8,
                    -9
                  ]
                }
              }
            },
            {
              "origin": [
                -12.75,
                32.575,
                -2.8
              ],
              "size": [
                0.1,
                0.575,
                0.05
              ],
              "inflate": 0.025,
              "pivot": [
                -7,
                35.25,
                3
              ],
              "rotation": [
                8.90928,
                8.80348,
                135.68718
              ],
              "uv": {
                "north": {
                  "uv": [
                    96,
                    4
                  ],
                  "uv_size": [
                    -8,
                    2
                  ]
                },
                "east": {
                  "uv": [
                    96,
                    4
                  ],
                  "uv_size": [
                    -9,
                    2
                  ]
                },
                "south": {
                  "uv": [
                    96,
                    5
                  ],
                  "uv_size": [
                    -8,
                    2
                  ]
                },
                "west": {
                  "uv": [
                    97,
                    4
                  ],
                  "uv_size": [
                    -9,
                    2
                  ]
                },
                "up": {
                  "uv": [
                    96,
                    1
                  ],
                  "uv_size": [
                    -8,
                    9
                  ]
                },
                "down": {
                  "uv": [
                    96,
                    10
                  ],
                  "uv_size": [
                    -8,
                    -9
                  ]
                }
              }
            }
          ]
        }
      ]
    }
  ]
}