{
  "format_version": "1.12.0",
  "minecraft:geometry": [
    {
      "description": {
        "identifier": "geometry.unknown",
        "texture_width": 16,
        "texture_height": 16,
        "visible_bounds_width": 2,
        "visible_bounds_height": 2.5,
        "visible_bounds_offset": [
          0,
          0.75,
          0
        ]
      },
      "bones": [
        {
          "name": "bb_main",
          "pivot": [
            0,
            0,
            0
          ],
          "cubes": [
            {
              "origin": [
                -1,
                0,
                -1
              ],
              "size": [
                2,
                6,
                2
              ],
              "inflate": -0.6,
              "uv": [
                0,
                0
              ]
            },
            {
              "origin": [
                -1,
                -0.35,
                -1
              ],
              "size": [
                2,
                9.1,
                2
              ],
              "inflate": -0.7,
              "uv": [
                0,
                0
              ]
            },
            {
              "origin": [
                -1,
                9.65,
                -1
              ],
              "size": [
                2,
                4.4,
                2
              ],
              "inflate": -0.7,
              "uv": [
                0,
                0
              ]
            },
            {
              "origin": [
                -1,
                3.65,
                -1
              ],
              "size": [
                2,
                10.7,
                2
              ],
              "inflate": -0.8,
              "uv": [
                0,
                0
              ]
            },
            {
              "origin": [
                -1,
                10.2,
                -4.95
              ],
              "size": [
                2,
                3.25,
                4.75
              ],
              "inflate": -0.9,
              "uv": [
                0,
                0
              ]
            },
            {
              "origin": [
                -1,
                5.15,
                -1
              ],
              "size": [
                2,
                10.7,
                2
              ],
              "inflate": -0.9,
              "uv": [
                0,
                0
              ]
            },
            {
              "origin": [
                -1,
                10.325,
                -8.75
              ],
              "size": [
                2,
                2.8,
                3.75
              ],
              "inflate": -0.9,
              "pivot": [
                0,
                0,
                -1
              ],
              "rotation": [
                -22.5,
                0,
                0
              ],
              "uv": [
                0,
                0
              ]
            },
            {
              "origin": [
                -1,
                11.525,
                -5.75
              ],
              "size": [
                2,
                2.05,
                3.75
              ],
              "inflate": -0.9,
              "pivot": [
                0,
                0,
                -1
              ],
              "rotation": [
                -22.5,
                0,
                0
              ],
              "uv": [
                0,
                0
              ]
            },
            {
              "origin": [
                -1,
                9.175,
                3.525
              ],
              "size": [
                2,
                2.05,
                4
              ],
              "inflate": -0.9,
              "pivot": [
                0,
                0,
                -1
              ],
              "rotation": [
                22.5,
                0,
                0
              ],
              "uv": [
                0,
                0
              ]
            },
            {
              "origin": [
                -0.975,
                9.575,
                -2.1
              ],
              "size": [
                1.975,
                4.5,
                2.85
              ],
              "inflate": -0.9,
              "uv": [
                0,
                0
              ]
            },
            {
              "origin": [
                -0.975,
                10.725,
                -1.35
              ],
              "size": [
                1.975,
                3.1,
                2.95
              ],
              "inflate": -0.9,
              "uv": [
                0,
                0
              ]
            },
            {
              "origin": [
                -0.975,
                11.175,
                0.4
              ],
              "size": [
                1.975,
                2.2,
                2.3
              ],
              "inflate": -0.9,
              "uv": [
                0,
                0
              ]
            },
            {
              "origin": [
                -0.975,
                10.975,
                -0.3
              ],
              "size": [
                1.975,
                2.7,
                2.5
              ],
              "inflate": -0.9,
              "uv": [
                0,
                0
              ]
            },
            {
              "origin": [
                -1,
                8.725,
                0.275
              ],
              "size": [
                2,
                2.8,
                3.75
              ],
              "inflate": -0.9,
              "pivot": [
                0,
                0,
                -1
              ],
              "rotation": [
                22.5,
                0,
                0
              ],
              "uv": [
                0,
                0
              ]
            },
            {
              "origin": [
                -1,
                8.725,
                -6.475
              ],
              "size": [
                2,
                3.3,
                3.75
              ],
              "inflate": -0.95,
              "pivot": [
                0,
                0,
                -1
              ],
              "rotation": [
                -22.5,
                0,
                0
              ],
              "uv": [
                0,
                0
              ]
            },
            {
              "origin": [
                -1,
                4.79639,
                -11.91017
              ],
              "size": [
                2,
                3.8,
                3.75
              ],
              "inflate": -0.9,
              "pivot": [
                0,
                -0.00361,
                -0.98517
              ],
              "rotation": [
                -45,
                0,
                0
              ],
              "uv": [
                0,
                0
              ]
            },
            {
              "origin": [
                -1,
                5.59907,
                1.67256
              ],
              "size": [
                2,
                3.8,
                3.75
              ],
              "inflate": -0.9,
              "pivot": [
                0,
                2.54907,
                -5.60244
              ],
              "rotation": [
                45,
                0,
                0
              ],
              "uv": [
                0,
                0
              ]
            }
          ]
        }
      ]
    }
  ]
}