{
  "format_version": "1.12.0",
  "minecraft:geometry": [
    {
      "description": {
        "identifier": "geometry.unknown",
        "texture_width": 16,
        "texture_height": 16,
        "visible_bounds_width": 3,
        "visible_bounds_height": 3.5,
        "visible_bounds_offset": [
          0,
          1.25,
          0
        ]
      },
      "bones": [
        {
          "name": "bb_main",
          "pivot": [
            0,
            0,
            0
          ],
          "cubes": [
            {
              "origin": [
                -1,
                0,
                -1
              ],
              "size": [
                2,
                10,
                2
              ],
              "inflate": -0.45,
              "uv": [
                0,
                0
              ]
            },
            {
              "origin": [
                -1,
                4.75,
                -1
              ],
              "size": [
                2,
                24,
                2
              ],
              "inflate": -0.65,
              "uv": [
                0,
                0
              ]
            },
            {
              "origin": [
                -2.825,
                26.65,
                -0.775
              ],
              "size": [
                1.65,
                17.6,
                1.55
              ],
              "inflate": -0.65,
              "uv": [
                0,
                0
              ]
            },
            {
              "origin": [
                -4.825,
                26.65,
                -0.775
              ],
              "size": [
                1.65,
                17.6,
                1.55
              ],
              "inflate": -0.65,
              "uv": [
                0,
                0
              ]
            },
            {
              "origin": [
                -6.325,
                26.65,
                -0.775
              ],
              "size": [
                1.65,
                11.6,
                1.55
              ],
              "inflate": -0.65,
              "uv": [
                0,
                0
              ]
            },
            {
              "origin": [
                4.675,
                26.65,
                -0.775
              ],
              "size": [
                1.65,
                11.6,
                1.55
              ],
              "inflate": -0.65,
              "uv": [
                0,
                0
              ],
              "mirror": true
            },
            {
              "origin": [
                1.175,
                26.65,
                -0.775
              ],
              "size": [
                1.65,
                17.6,
                1.55
              ],
              "inflate": -0.65,
              "uv": [
                0,
                0
              ]
            },
            {
              "origin": [
                3.175,
                26.65,
                -0.775
              ],
              "size": [
                1.65,
                17.6,
                1.55
              ],
              "inflate": -0.65,
              "uv": [
                0,
                0
              ]
            },
            {
              "origin": [
                -0.825,
                26.65,
                -0.775
              ],
              "size": [
                1.65,
                17.6,
                1.55
              ],
              "inflate": -0.65,
              "uv": [
                0,
                0
              ]
            },
            {
              "origin": [
                -11.7,
                25.35,
                -1
              ],
              "size": [
                2,
                17.9,
                2
              ],
              "inflate": -0.65,
              "pivot": [
                0,
                0,
                0
              ],
              "rotation": [
                0,
                0,
                8
              ],
              "uv": [
                0,
                0
              ]
            },
            {
              "origin": [
                9.7,
                25.35,
                -1
              ],
              "size": [
                2,
                17.9,
                2
              ],
              "inflate": -0.65,
              "pivot": [
                0,
                0,
                0
              ],
              "rotation": [
                0,
                0,
                -8
              ],
              "uv": [
                0,
                0
              ],
              "mirror": true
            },
            {
              "origin": [
                -7.85,
                26.5,
                -1
              ],
              "size": [
                15.7,
                2.25,
                2
              ],
              "inflate": -0.7,
              "uv": [
                0,
                0
              ]
            },
            {
              "origin": [
                -5.725,
                42.5,
                -1
              ],
              "size": [
                11.45,
                2.25,
                2
              ],
              "inflate": -0.7,
              "uv": [
                0,
                0
              ]
            },
            {
              "origin": [
                -5.725,
                40,
                -0.925
              ],
              "size": [
                11.45,
                1.75,
                1.85
              ],
              "inflate": -0.7,
              "uv": [
                0,
                0
              ]
            },
            {
              "origin": [
                -5.725,
                41.75,
                -0.925
              ],
              "size": [
                11.45,
                1.75,
                1.85
              ],
              "inflate": -0.7,
              "uv": [
                0,
                0
              ]
            },
            {
              "origin": [
                -5.725,
                37.75,
                -0.925
              ],
              "size": [
                11.45,
                1.75,
                1.85
              ],
              "inflate": -0.7,
              "uv": [
                0,
                0
              ]
            },
            {
              "origin": [
                -6.375,
                35.25,
                -0.925
              ],
              "size": [
                12.75,
                1.75,
                1.85
              ],
              "inflate": -0.7,
              "uv": [
                0,
                0
              ]
            },
            {
              "origin": [
                -7.025,
                32.75,
                -0.925
              ],
              "size": [
                14.05,
                1.75,
                1.85
              ],
              "inflate": -0.7,
              "uv": [
                0,
                0
              ]
            },
            {
              "origin": [
                -7.275,
                30.25,
                -0.925
              ],
              "size": [
                14.55,
                1.75,
                1.85
              ],
              "inflate": -0.7,
              "uv": [
                0,
                0
              ]
            },
            {
              "origin": [
                -7.625,
                28,
                -0.925
              ],
              "size": [
                15.25,
                1.75,
                1.85
              ],
              "inflate": -0.7,
              "uv": [
                0,
                0
              ]
            }
          ]
        }
      ]
    }
  ]
}