{
  "format_version": "1.12.0",
  "minecraft:geometry": [
    {
      "description": {
        "identifier": "geometry.unknown",
        "texture_width": 16,
        "texture_height": 16,
        "visible_bounds_width": 2,
        "visible_bounds_height": 2.5,
        "visible_bounds_offset": [
          0,
          0.75,
          0
        ]
      },
      "bones": [
        {
          "name": "bb_main",
          "pivot": [
            0,
            0,
            0
          ],
          "cubes": [
            {
              "origin": [
                -1,
                0.7,
                -1
              ],
              "size": [
                2,
                8.3,
                2
              ],
              "inflate": 0.75,
              "pivot": [
                0,
                0,
                0
              ],
              "rotation": [
                0,
                -90,
                0
              ],
              "uv": [
                0,
                0
              ]
            },
            {
              "origin": [
                -1,
                1.45,
                -1
              ],
              "size": [
                2,
                8.3,
                2
              ],
              "inflate": 0.35,
              "pivot": [
                0,
                0,
                0
              ],
              "rotation": [
                0,
                -90,
                0
              ],
              "uv": [
                0,
                0
              ]
            },
            {
              "origin": [
                -1,
                1.95,
                -1
              ],
              "size": [
                2,
                8.3,
                2
              ],
              "inflate": 0.15,
              "pivot": [
                0,
                0,
                0
              ],
              "rotation": [
                0,
                -90,
                0
              ],
              "uv": [
                0,
                0
              ]
            },
            {
              "origin": [
                -1,
                3.2,
                -0.875
              ],
              "size": [
                2,
                8.45,
                1.75
              ],
              "inflate": -0.5,
              "pivot": [
                0,
                0,
                0
              ],
              "rotation": [
                0,
                -90,
                0
              ],
              "uv": [
                0,
                0
              ]
            },
            {
              "origin": [
                -1.5,
                10.125,
                -0.7
              ],
              "size": [
                2,
                1.35,
                1.4
              ],
              "inflate": -0.4,
              "pivot": [
                0,
                0,
                0
              ],
              "rotation": [
                0,
                -90,
                0
              ],
              "uv": [
                0,
                0
              ]
            },
            {
              "origin": [
                -1.7,
                10.075,
                -0.7
              ],
              "size": [
                4,
                1.35,
                1.4
              ],
              "inflate": -0.5,
              "pivot": [
                0,
                0,
                0
              ],
              "rotation": [
                90,
                -75,
                -90
              ],
              "uv": [
                0,
                0
              ]
            },
            {
              "origin": [
                -0.425,
                9.675,
                -0.7
              ],
              "size": [
                4,
                1.35,
                1.4
              ],
              "inflate": -0.5,
              "pivot": [
                0,
                0,
                0
              ],
              "rotation": [
                90.25,
                -52.5,
                -90
              ],
              "uv": [
                0,
                0
              ]
            },
            {
              "origin": [
                0.375,
                8.85,
                -2.3
              ],
              "size": [
                4,
                1.35,
                1.4
              ],
              "inflate": -0.525,
              "pivot": [
                0,
                0,
                0
              ],
              "rotation": [
                102.61375,
                -27.44683,
                -115.43455
              ],
              "uv": [
                0,
                0
              ]
            },
            {
              "origin": [
                -10.675,
                5.575,
                -2.3
              ],
              "size": [
                4,
                1.35,
                1.4
              ],
              "inflate": -0.55,
              "pivot": [
                0,
                0,
                0
              ],
              "rotation": [
                148.41366,
                -76.85005,
                -167.27594
              ],
              "uv": [
                0,
                0
              ]
            },
            {
              "origin": [
                -11.275,
                5.575,
                -2.5
              ],
              "size": [
                2.35,
                1.35,
                1.375
              ],
              "inflate": -0.55,
              "pivot": [
                0,
                0,
                0
              ],
              "rotation": [
                148.41366,
                -76.85005,
                -167.27594
              ],
              "uv": [
                0,
                0
              ]
            },
            {
              "origin": [
                -11.275,
                5.8,
                -2.3
              ],
              "size": [
                2.35,
                1.325,
                1.4
              ],
              "inflate": -0.55,
              "pivot": [
                0,
                0,
                0
              ],
              "rotation": [
                148.41366,
                -76.85005,
                -167.27594
              ],
              "uv": [
                0,
                0
              ]
            },
            {
              "origin": [
                -11.275,
                5.35,
                -2.3
              ],
              "size": [
                2.35,
                1.325,
                1.4
              ],
              "inflate": -0.55,
              "pivot": [
                0,
                0,
                0
              ],
              "rotation": [
                148.41366,
                -76.85005,
                -167.27594
              ],
              "uv": [
                0,
                0
              ]
            },
            {
              "origin": [
                -11.275,
                5.575,
                -2.075
              ],
              "size": [
                2.35,
                1.35,
                1.375
              ],
              "inflate": -0.55,
              "pivot": [
                0,
                0,
                0
              ],
              "rotation": [
                148.41366,
                -76.85005,
                -167.27594
              ],
              "uv": [
                0,
                0
              ]
            },
            {
              "origin": [
                -9,
                7.025,
                -1.075
              ],
              "size": [
                2,
                2,
                2.15
              ],
              "inflate": -0.525,
              "pivot": [
                0,
                0,
                0
              ],
              "rotation": [
                -90,
                -45,
                90
              ],
              "uv": [
                0,
                0
              ]
            },
            {
              "origin": [
                -11.75,
                3.025,
                -0.9
              ],
              "size": [
                1.5,
                4,
                1.8
              ],
              "inflate": -0.425,
              "pivot": [
                0,
                0,
                0
              ],
              "rotation": [
                -90,
                -22.5,
                90
              ],
              "uv": [
                0,
                0
              ]
            },
            {
              "origin": [
                -11.5,
                -5.475,
                -0.95
              ],
              "size": [
                1.5,
                4,
                1.9
              ],
              "inflate": -0.525,
              "pivot": [
                0,
                0,
                0
              ],
              "rotation": [
                -90,
                22.5,
                90
              ],
              "uv": [
                0,
                0
              ]
            },
            {
              "origin": [
                -11.675,
                -0.35,
                -0.95
              ],
              "size": [
                1.525,
                1.175,
                1.9
              ],
              "inflate": -0.55,
              "pivot": [
                0,
                0,
                0
              ],
              "rotation": [
                -90,
                10.75,
                90
              ],
              "uv": [
                0,
                0
              ]
            },
            {
              "origin": [
                -13.55,
                0.275,
                -0.875
              ],
              "size": [
                1.5,
                2,
                1.75
              ],
              "inflate": -0.45,
              "pivot": [
                0,
                0,
                0
              ],
              "rotation": [
                -90,
                4.5,
                90
              ],
              "uv": [
                0,
                0
              ]
            },
            {
              "origin": [
                -1.3,
                0.825,
                -0.675
              ],
              "size": [
                2.6,
                8.05,
                1.35
              ],
              "inflate": 0.75,
              "pivot": [
                0,
                0,
                0
              ],
              "rotation": [
                0,
                -90,
                0
              ],
              "uv": [
                0,
                0
              ]
            },
            {
              "origin": [
                -0.75,
                0.825,
                -1.35
              ],
              "size": [
                1.5,
                8.05,
                2.7
              ],
              "inflate": 0.75,
              "pivot": [
                0,
                0,
                0
              ],
              "rotation": [
                0,
                -90,
                0
              ],
              "uv": [
                0,
                0
              ]
            }
          ]
        }
      ]
    }
  ]
}