{
  "format_version": "1.12.0",
  "minecraft:geometry": [
    {
      "description": {
        "identifier": "geometry.unknown",
        "texture_width": 16,
        "texture_height": 16,
        "visible_bounds_width": 2,
        "visible_bounds_height": 2.5,
        "visible_bounds_offset": [
          0,
          0.75,
          0
        ]
      },
      "bones": [
        {
          "name": "bb_main",
          "pivot": [
            0,
            0,
            0
          ],
          "cubes": [
            {
              "origin": [
                -0.275,
                0.3,
                -0.675
              ],
              "size": [
                0.55,
                0.625,
                0.9
              ],
              "inflate": -0.1,
              "pivot": [
                0,
                0,
                0
              ],
              "rotation": [
                -45,
                0,
                0
              ],
              "uv": [
                0,
                0
              ]
            },
            {
              "origin": [
                -0.275,
                0.525,
                -0.425
              ],
              "size": [
                0.55,
                5.15,
                1.05
              ],
              "inflate": -0.1,
              "pivot": [
                0,
                0,
                0
              ],
              "rotation": [
                -16,
                0,
                0
              ],
              "uv": [
                0,
                0
              ]
            },
            {
              "origin": [
                -0.275,
                4.325,
                2.425
              ],
              "size": [
                0.55,
                5.15,
                1.05
              ],
              "inflate": -0.125,
              "pivot": [
                0,
                0,
                0
              ],
              "rotation": [
                16,
                0,
                0
              ],
              "uv": [
                0,
                0
              ]
            },
            {
              "origin": [
                -0.275,
                7.75,
                4.875
              ],
              "size": [
                0.55,
                1.15,
                1.05
              ],
              "inflate": -0.225,
              "pivot": [
                0,
                0,
                0
              ],
              "rotation": [
                31.25,
                0,
                0
              ],
              "uv": [
                0,
                0
              ]
            },
            {
              "origin": [
                -0.275,
                8.625,
                -0.25
              ],
              "size": [
                0.55,
                0.95,
                3.05
              ],
              "inflate": -0.15,
              "pivot": [
                0,
                0,
                0
              ],
              "rotation": [
                12,
                0,
                0
              ],
              "uv": [
                0,
                0
              ]
            },
            {
              "origin": [
                -0.275,
                7.875,
                1.575
              ],
              "size": [
                0.55,
                0.95,
                2.15
              ],
              "inflate": -0.175,
              "pivot": [
                0,
                -0.05,
                -0.05
              ],
              "rotation": [
                34.75,
                0,
                0
              ],
              "uv": [
                0,
                0
              ]
            },
            {
              "origin": [
                -0.275,
                6.475,
                3.45
              ],
              "size": [
                0.55,
                0.95,
                1.65
              ],
              "inflate": -0.175,
              "pivot": [
                0,
                -0.05,
                -0.05
              ],
              "rotation": [
                57.25,
                0,
                0
              ],
              "uv": [
                0,
                0
              ]
            },
            {
              "origin": [
                -0.275,
                6.25,
                -6.6
              ],
              "size": [
                0.55,
                0.95,
                1.65
              ],
              "inflate": -0.175,
              "pivot": [
                0,
                -0.05,
                0.05
              ],
              "rotation": [
                -57.25,
                0,
                0
              ],
              "uv": [
                0,
                0
              ]
            },
            {
              "origin": [
                -0.275,
                7.925,
                -0.625
              ],
              "size": [
                0.55,
                0.95,
                0.9
              ],
              "inflate": -0.2,
              "pivot": [
                0,
                -0.05,
                0.05
              ],
              "rotation": [
                -20.75,
                0,
                0
              ],
              "uv": [
                0,
                0
              ]
            },
            {
              "origin": [
                -0.275,
                0.875,
                7.325
              ],
              "size": [
                0.55,
                0.925,
                0.975
              ],
              "inflate": -0.225,
              "pivot": [
                0,
                -0.175,
                -0.275
              ],
              "rotation": [
                102.25,
                0,
                0
              ],
              "uv": [
                0,
                0
              ]
            },
            {
              "origin": [
                -0.275,
                0.625,
                7.575
              ],
              "size": [
                0.55,
                0.925,
                0.975
              ],
              "inflate": -0.225,
              "pivot": [
                0,
                -0.175,
                -0.275
              ],
              "rotation": [
                102.25,
                0,
                0
              ],
              "uv": [
                0,
                0
              ]
            },
            {
              "origin": [
                -0.275,
                0.25,
                7.975
              ],
              "size": [
                0.55,
                0.925,
                0.825
              ],
              "inflate": -0.225,
              "pivot": [
                0,
                -0.175,
                -0.275
              ],
              "rotation": [
                102.25,
                0,
                0
              ],
              "uv": [
                0,
                0
              ]
            },
            {
              "origin": [
                -0.275,
                5.8,
                5.175
              ],
              "size": [
                0.55,
                0.925,
                0.975
              ],
              "inflate": -0.225,
              "pivot": [
                0,
                -0.175,
                -0.275
              ],
              "rotation": [
                57.25,
                0,
                0
              ],
              "uv": [
                0,
                0
              ]
            },
            {
              "origin": [
                -0.275,
                6.025,
                4.825
              ],
              "size": [
                0.55,
                0.925,
                0.975
              ],
              "inflate": -0.225,
              "pivot": [
                0,
                -0.175,
                -0.275
              ],
              "rotation": [
                57.25,
                0,
                0
              ],
              "uv": [
                0,
                0
              ]
            },
            {
              "origin": [
                -0.275,
                5.5,
                5.775
              ],
              "size": [
                0.55,
                0.925,
                0.975
              ],
              "inflate": -0.225,
              "pivot": [
                0,
                -0.175,
                -0.275
              ],
              "rotation": [
                57.25,
                0,
                0
              ],
              "uv": [
                0,
                0
              ]
            },
            {
              "origin": [
                -0.275,
                5,
                6.275
              ],
              "size": [
                0.55,
                0.925,
                0.975
              ],
              "inflate": -0.225,
              "pivot": [
                0,
                -0.175,
                -0.275
              ],
              "rotation": [
                57.25,
                0,
                0
              ],
              "uv": [
                0,
                0
              ]
            },
            {
              "origin": [
                -0.275,
                4.5,
                6.775
              ],
              "size": [
                0.55,
                0.925,
                0.975
              ],
              "inflate": -0.225,
              "pivot": [
                0,
                -0.175,
                -0.275
              ],
              "rotation": [
                57.25,
                0,
                0
              ],
              "uv": [
                0,
                0
              ]
            },
            {
              "origin": [
                -0.275,
                2,
                8.075
              ],
              "size": [
                0.55,
                0.925,
                0.975
              ],
              "inflate": -0.225,
              "pivot": [
                0,
                -0.175,
                -0.275
              ],
              "rotation": [
                57.25,
                0,
                0
              ],
              "uv": [
                0,
                0
              ]
            },
            {
              "origin": [
                -0.275,
                4,
                7.275
              ],
              "size": [
                0.55,
                0.925,
                0.975
              ],
              "inflate": -0.225,
              "pivot": [
                0,
                -0.175,
                -0.275
              ],
              "rotation": [
                57.25,
                0,
                0
              ],
              "uv": [
                0,
                0
              ]
            },
            {
              "origin": [
                -0.275,
                -2.75,
                8.725
              ],
              "size": [
                0.55,
                2.675,
                0.825
              ],
              "inflate": -0.225,
              "pivot": [
                0,
                -0.175,
                -0.275
              ],
              "rotation": [
                102.25,
                0,
                0
              ],
              "uv": [
                0,
                0
              ]
            },
            {
              "origin": [
                -0.275,
                1.05,
                7.15
              ],
              "size": [
                0.55,
                0.925,
                0.975
              ],
              "inflate": -0.225,
              "pivot": [
                0,
                -0.175,
                -0.275
              ],
              "rotation": [
                102.25,
                0,
                0
              ],
              "uv": [
                0,
                0
              ]
            },
            {
              "origin": [
                -0.275,
                1.275,
                6.875
              ],
              "size": [
                0.55,
                1.1,
                0.95
              ],
              "inflate": -0.225,
              "pivot": [
                0,
                -0.175,
                -0.275
              ],
              "rotation": [
                102.25,
                0,
                0
              ],
              "uv": [
                0,
                0
              ]
            },
            {
              "origin": [
                -0.275,
                8.75,
                -2.3
              ],
              "size": [
                0.55,
                0.95,
                2.3
              ],
              "inflate": -0.15,
              "pivot": [
                0,
                0,
                0
              ],
              "rotation": [
                -16,
                0,
                0
              ],
              "uv": [
                0,
                0
              ]
            },
            {
              "origin": [
                -0.275,
                8.675,
                1.6
              ],
              "size": [
                0.55,
                0.95,
                2.8
              ],
              "inflate": -0.35,
              "pivot": [
                0,
                0,
                0
              ],
              "rotation": [
                24,
                0,
                0
              ],
              "uv": [
                0,
                0
              ]
            },
            {
              "origin": [
                -0.275,
                8.4,
                -5.45
              ],
              "size": [
                0.55,
                0.95,
                2.8
              ],
              "inflate": -0.35,
              "pivot": [
                0,
                0,
                0
              ],
              "rotation": [
                -32,
                0,
                0
              ],
              "uv": [
                0,
                0
              ]
            }
          ]
        }
      ]
    }
  ]
}