{
  "format_version": "1.12.0",
  "minecraft:geometry": [
    {
      "description": {
        "identifier": "geometry.unknown",
        "texture_width": 16,
        "texture_height": 16,
        "visible_bounds_width": 3,
        "visible_bounds_height": 2.5,
        "visible_bounds_offset": [
          0,
          0.75,
          0
        ]
      },
      "bones": [
        {
          "name": "bone",
          "pivot": [
            -5.75,
            3.25,
            -0.25
          ],
          "rotation": [
            0,
            0,
            22.5
          ],
          "cubes": [
            {
              "origin": [
                -7.975,
                -2.1,
                0
              ],
              "size": [
                1.475,
                1.85,
                0.75
              ],
              "pivot": [
                -5.75,
                3.25,
                -0.25
              ],
              "rotation": [
                0,
                0,
                51
              ],
              "uv": [
                0,
                0
              ]
            },
            {
              "origin": [
                -10.675,
                0.85,
                0
              ],
              "size": [
                2.25,
                14.75,
                0.75
              ],
              "inflate": -0.025,
              "pivot": [
                -5.75,
                3.25,
                -0.25
              ],
              "rotation": [
                0,
                0,
                14.5
              ],
              "uv": [
                0,
                0
              ]
            },
            {
              "origin": [
                -10.9,
                0.1,
                0
              ],
              "size": [
                2.1,
                14.75,
                0.75
              ],
              "inflate": -0.15,
              "pivot": [
                -5.75,
                3.25,
                -0.25
              ],
              "rotation": [
                0,
                0,
                14.5
              ],
              "uv": [
                0,
                0
              ]
            },
            {
              "origin": [
                -10.675,
                14.6,
                0
              ],
              "size": [
                3,
                1,
                0.75
              ],
              "inflate": 0.275,
              "pivot": [
                -5.75,
                3.25,
                -0.25
              ],
              "rotation": [
                0,
                0,
                14.5
              ],
              "uv": [
                0,
                0
              ]
            },
            {
              "origin": [
                -11.15,
                21.35,
                0
              ],
              "size": [
                2.9,
                1,
                0.75
              ],
              "inflate": 0.275,
              "pivot": [
                -5.75,
                3.25,
                -0.25
              ],
              "rotation": [
                0,
                0,
                14.5
              ],
              "uv": [
                0,
                0
              ]
            },
            {
              "origin": [
                -22.2,
                1.7,
                0
              ],
              "size": [
                3,
                1,
                0.75
              ],
              "inflate": 0.25,
              "pivot": [
                -5.75,
                3.25,
                -0.25
              ],
              "rotation": [
                0,
                0,
                82
              ],
              "uv": [
                0,
                0
              ]
            },
            {
              "origin": [
                -20.05,
                -10.475,
                0
              ],
              "size": [
                4.75,
                1,
                0.75
              ],
              "inflate": 0.25,
              "pivot": [
                -5.75,
                3.25,
                -0.25
              ],
              "rotation": [
                0,
                0,
                132
              ],
              "uv": [
                0,
                0
              ]
            },
            {
              "origin": [
                -9.45281,
                -14.45383,
                -0.025
              ],
              "size": [
                1,
                1,
                0.75
              ],
              "inflate": 0.25,
              "pivot": [
                -2.62781,
                0.09617,
                -0.275
              ],
              "rotation": [
                0,
                0,
                149.5
              ],
              "uv": [
                0,
                0
              ]
            },
            {
              "origin": [
                6.625,
                2.6,
                0
              ],
              "size": [
                3,
                1,
                0.75
              ],
              "inflate": 0.25,
              "pivot": [
                -5.75,
                3.25,
                -0.25
              ],
              "rotation": [
                0,
                0,
                -82
              ],
              "uv": [
                0,
                0
              ],
              "mirror": true
            },
            {
              "origin": [
                9.075,
                -2.1,
                0
              ],
              "size": [
                3,
                1,
                0.75
              ],
              "inflate": 0.225,
              "pivot": [
                -5.75,
                3.25,
                -0.25
              ],
              "rotation": [
                0,
                0,
                -99.5
              ],
              "uv": [
                0,
                0
              ],
              "mirror": true
            },
            {
              "origin": [
                -4.13309,
                -13.56498,
                -0.025
              ],
              "size": [
                1,
                1,
                0.75
              ],
              "inflate": 0.25,
              "pivot": [
                -9.95809,
                0.98502,
                -0.275
              ],
              "rotation": [
                0,
                0,
                -149.5
              ],
              "uv": [
                0,
                0
              ],
              "mirror": true
            },
            {
              "origin": [
                -10.675,
                3.1,
                0
              ],
              "size": [
                1.75,
                2.6,
                0.75
              ],
              "inflate": -0.025,
              "pivot": [
                -5.75,
                3.25,
                -0.25
              ],
              "rotation": [
                0,
                0,
                14.5
              ],
              "uv": [
                0,
                0
              ]
            },
            {
              "origin": [
                -10.8,
                3.4,
                0
              ],
              "size": [
                2.25,
                11.8,
                0.75
              ],
              "inflate": -0.05,
              "pivot": [
                -5.75,
                3.25,
                -0.25
              ],
              "rotation": [
                0,
                0,
                18
              ],
              "uv": [
                0,
                0
              ]
            }
          ]
        },
        {
          "name": "bone2",
          "pivot": [
            -3.25,
            3.25,
            0
          ],
          "rotation": [
            0,
            0,
            -22.5
          ],
          "cubes": [
            {
              "origin": [
                -2.475,
                -2.1,
                0.25
              ],
              "size": [
                1.475,
                1.85,
                0.75
              ],
              "pivot": [
                -3.25,
                3.25,
                0
              ],
              "rotation": [
                0,
                0,
                -51
              ],
              "uv": [
                0,
                0
              ],
              "mirror": true
            },
            {
              "origin": [
                -0.575,
                0.85,
                0.25
              ],
              "size": [
                2.25,
                14.75,
                0.75
              ],
              "inflate": -0.025,
              "pivot": [
                -3.25,
                3.25,
                0
              ],
              "rotation": [
                0,
                0,
                -14.5
              ],
              "uv": [
                0,
                0
              ],
              "mirror": true
            },
            {
              "origin": [
                -0.2,
                0.1,
                0.25
              ],
              "size": [
                2.1,
                14.75,
                0.75
              ],
              "inflate": -0.15,
              "pivot": [
                -3.25,
                3.25,
                0
              ],
              "rotation": [
                0,
                0,
                -14.5
              ],
              "uv": [
                0,
                0
              ],
              "mirror": true
            },
            {
              "origin": [
                -1.325,
                14.6,
                0.25
              ],
              "size": [
                3,
                1,
                0.75
              ],
              "inflate": 0.275,
              "pivot": [
                -3.25,
                3.25,
                0
              ],
              "rotation": [
                0,
                0,
                -14.5
              ],
              "uv": [
                0,
                0
              ],
              "mirror": true
            },
            {
              "origin": [
                -0.75,
                21.35,
                0.25
              ],
              "size": [
                2.9,
                1,
                0.75
              ],
              "inflate": 0.275,
              "pivot": [
                -3.25,
                3.25,
                0
              ],
              "rotation": [
                0,
                0,
                -14.5
              ],
              "uv": [
                0,
                0
              ],
              "mirror": true
            },
            {
              "origin": [
                10.2,
                1.7,
                0.25
              ],
              "size": [
                3,
                1,
                0.75
              ],
              "inflate": 0.25,
              "pivot": [
                -3.25,
                3.25,
                0
              ],
              "rotation": [
                0,
                0,
                -82
              ],
              "uv": [
                0,
                0
              ],
              "mirror": true
            },
            {
              "origin": [
                6.3,
                -10.475,
                0.25
              ],
              "size": [
                4.75,
                1,
                0.75
              ],
              "inflate": 0.25,
              "pivot": [
                -3.25,
                3.25,
                0
              ],
              "rotation": [
                0,
                0,
                -132
              ],
              "uv": [
                0,
                0
              ],
              "mirror": true
            },
            {
              "origin": [
                -0.54719,
                -14.45383,
                0.225
              ],
              "size": [
                1,
                1,
                0.75
              ],
              "inflate": 0.25,
              "pivot": [
                -6.37219,
                0.09617,
                -0.025
              ],
              "rotation": [
                0,
                0,
                -149.5
              ],
              "uv": [
                0,
                0
              ],
              "mirror": true
            },
            {
              "origin": [
                -18.625,
                2.6,
                0.25
              ],
              "size": [
                3,
                1,
                0.75
              ],
              "inflate": 0.25,
              "pivot": [
                -3.25,
                3.25,
                0
              ],
              "rotation": [
                0,
                0,
                82
              ],
              "uv": [
                0,
                0
              ]
            },
            {
              "origin": [
                -21.075,
                -2.1,
                0.25
              ],
              "size": [
                3,
                1,
                0.75
              ],
              "inflate": 0.225,
              "pivot": [
                -3.25,
                3.25,
                0
              ],
              "rotation": [
                0,
                0,
                99.5
              ],
              "uv": [
                0,
                0
              ]
            },
            {
              "origin": [
                -5.86691,
                -13.56498,
                0.225
              ],
              "size": [
                1,
                1,
                0.75
              ],
              "inflate": 0.25,
              "pivot": [
                0.95809,
                0.98502,
                -0.025
              ],
              "rotation": [
                0,
                0,
                149.5
              ],
              "uv": [
                0,
                0
              ]
            },
            {
              "origin": [
                -0.075,
                3.1,
                0.25
              ],
              "size": [
                1.75,
                2.6,
                0.75
              ],
              "inflate": -0.025,
              "pivot": [
                -3.25,
                3.25,
                0
              ],
              "rotation": [
                0,
                0,
                -14.5
              ],
              "uv": [
                0,
                0
              ],
              "mirror": true
            },
            {
              "origin": [
                -0.45,
                3.4,
                0.25
              ],
              "size": [
                2.25,
                11.8,
                0.75
              ],
              "inflate": -0.05,
              "pivot": [
                -3.25,
                3.25,
                0
              ],
              "rotation": [
                0,
                0,
                -18
              ],
              "uv": [
                0,
                0
              ],
              "mirror": true
            }
          ]
        }
      ]
    }
  ]
}