{
  "format_version": "1.12.0",
  "minecraft:geometry": [
    {
      "description": {
        "identifier": "geometry.unknown",
        "texture_width": 16,
        "texture_height": 16,
        "visible_bounds_width": 2,
        "visible_bounds_height": 1.5,
        "visible_bounds_offset": [
          0,
          0.25,
          0
        ]
      },
      "bones": [
        {
          "name": "bb_main",
          "pivot": [
            0,
            0,
            0
          ],
          "cubes": [
            {
              "origin": [
                -1,
                0,
                -8
              ],
              "size": [
                2,
                0.5,
                16
              ],
              "uv": [
                0,
                0
              ]
            },
            {
              "origin": [
                -1,
                1.25,
                -8
              ],
              "size": [
                2,
                0.5,
                16
              ],
              "uv": [
                0,
                0
              ]
            },
            {
              "origin": [
                -0.5,
                0.5,
                -8
              ],
              "size": [
                1,
                0.75,
                16
              ],
              "uv": [
                0,
                0
              ]
            }
          ]
        }
      ]
    }
  ]
}