{
  "format_version": "1.12.0",
  "minecraft:geometry": [
    {
      "description": {
        "identifier": "geometry.unknown",
        "texture_width": 16,
        "texture_height": 16,
        "visible_bounds_width": 2,
        "visible_bounds_height": 2.5,
        "visible_bounds_offset": [
          0,
          0.75,
          0
        ]
      },
      "bones": [
        {
          "name": "bb_main",
          "pivot": [
            0,
            0,
            0
          ],
          "cubes": [
            {
              "origin": [
                -1,
                -0.5,
                -1
              ],
              "size": [
                2,
                2,
                2
              ],
              "inflate": -0.4,
              "uv": [
                0,
                0
              ]
            },
            {
              "origin": [
                -1,
                4.5,
                -1
              ],
              "size": [
                2,
                2,
                2
              ],
              "inflate": -0.4,
              "uv": [
                0,
                0
              ]
            },
            {
              "origin": [
                -1,
                14.75,
                -1
              ],
              "size": [
                2,
                2,
                2
              ],
              "inflate": -0.4,
              "uv": [
                0,
                0
              ]
            },
            {
              "origin": [
                -1,
                5.5,
                -1
              ],
              "size": [
                2,
                11,
                2
              ],
              "inflate": -0.3,
              "uv": [
                0,
                0
              ]
            },
            {
              "origin": [
                -1,
                5.5,
                -1.2
              ],
              "size": [
                2,
                11,
                2.4
              ],
              "inflate": -0.4,
              "uv": [
                0,
                0
              ]
            },
            {
              "origin": [
                -1.2,
                5.5,
                -1
              ],
              "size": [
                2.4,
                11,
                2
              ],
              "inflate": -0.4,
              "uv": [
                0,
                0
              ]
            },
            {
              "origin": [
                -1,
                0.5,
                -1
              ],
              "size": [
                2,
                6,
                2
              ],
              "inflate": -0.55,
              "uv": [
                0,
                0
              ]
            },
            {
              "origin": [
                -0.35,
                4.55,
                -1
              ],
              "size": [
                3.25,
                2,
                2
              ],
              "inflate": -0.7,
              "uv": [
                0,
                0
              ]
            },
            {
              "origin": [
                1.4,
                4.55,
                -1
              ],
              "size": [
                1.5,
                2,
                2
              ],
              "inflate": -0.6,
              "uv": [
                0,
                0
              ]
            }
          ]
        }
      ]
    }
  ]
}