{
  "format_version": "1.12.0",
  "minecraft:geometry": [
    {
      "description": {
        "identifier": "geometry.unknown",
        "texture_width": 16,
        "texture_height": 16,
        "visible_bounds_width": 2,
        "visible_bounds_height": 3.5,
        "visible_bounds_offset": [
          0,
          1.25,
          0
        ]
      },
      "bones": [
        {
          "name": "bb_main",
          "pivot": [
            0,
            0,
            0
          ],
          "cubes": [
            {
              "origin": [
                -0.3,
                0,
                -0.3
              ],
              "size": [
                0.6,
                28,
                0.6
              ],
              "uv": [
                0,
                0
              ]
            },
            {
              "origin": [
                -0.3,
                13.45,
                -0.3
              ],
              "size": [
                0.6,
                4.35,
                0.6
              ],
              "inflate": 0.1,
              "uv": [
                0,
                0
              ]
            },
            {
              "origin": [
                -0.3,
                24.7,
                -0.3
              ],
              "size": [
                0.6,
                3.6,
                0.6
              ],
              "inflate": 0.05,
              "uv": [
                0,
                0
              ]
            },
            {
              "origin": [
                -0.3,
                24.2,
                -14.5
              ],
              "size": [
                0.6,
                1.1,
                4.05
              ],
              "inflate": 0.025,
              "pivot": [
                0,
                0,
                0
              ],
              "rotation": [
                -22.5,
                0,
                0
              ],
              "uv": [
                0,
                0
              ]
            },
            {
              "origin": [
                -0.3,
                22.625,
                5.35
              ],
              "size": [
                0.6,
                1.1,
                4.05
              ],
              "inflate": 0.025,
              "pivot": [
                0,
                0,
                0
              ],
              "rotation": [
                22.5,
                0,
                0
              ],
              "uv": [
                0,
                0
              ]
            },
            {
              "origin": [
                -0.3,
                -23.125,
                -19.125
              ],
              "size": [
                0.6,
                0.6,
                2.6
              ],
              "inflate": 0,
              "pivot": [
                0,
                0,
                0
              ],
              "rotation": [
                -134.5,
                0,
                0
              ],
              "uv": [
                0,
                0
              ]
            },
            {
              "origin": [
                -0.3,
                -23.525,
                -17.75
              ],
              "size": [
                0.6,
                0.6,
                2.6
              ],
              "inflate": 0,
              "pivot": [
                0,
                0,
                0
              ],
              "rotation": [
                -134.5,
                0,
                0
              ],
              "uv": [
                0,
                0
              ]
            },
            {
              "origin": [
                -0.3,
                -13.85,
                17.9
              ],
              "size": [
                0.6,
                0.6,
                2.6
              ],
              "inflate": 0,
              "pivot": [
                0,
                0,
                0
              ],
              "rotation": [
                134.5,
                0,
                0
              ],
              "uv": [
                0,
                0
              ]
            },
            {
              "origin": [
                -0.3,
                -13.45,
                19.15
              ],
              "size": [
                0.6,
                0.6,
                2.6
              ],
              "inflate": 0,
              "pivot": [
                0,
                0,
                0
              ],
              "rotation": [
                134.5,
                0,
                0
              ],
              "uv": [
                0,
                0
              ]
            },
            {
              "origin": [
                -0.3,
                -28.675,
                -8.95
              ],
              "size": [
                0.6,
                0.6,
                2.85
              ],
              "inflate": -0.025,
              "pivot": [
                0,
                0,
                0
              ],
              "rotation": [
                -156.75,
                0,
                0
              ],
              "uv": [
                0,
                0
              ]
            },
            {
              "origin": [
                -0.3,
                -19.625,
                11.55
              ],
              "size": [
                0.6,
                0.6,
                2.85
              ],
              "inflate": -0.025,
              "pivot": [
                0,
                0,
                0
              ],
              "rotation": [
                156.75,
                0,
                0
              ],
              "uv": [
                0,
                0
              ]
            },
            {
              "origin": [
                -0.3,
                -15.975,
                -24.675
              ],
              "size": [
                0.6,
                6.6,
                2.35
              ],
              "inflate": -0.025,
              "pivot": [
                0,
                0,
                0
              ],
              "rotation": [
                -111.75,
                0,
                0
              ],
              "uv": [
                0,
                0
              ]
            },
            {
              "origin": [
                -0.3,
                -10.125,
                23.575
              ],
              "size": [
                0.6,
                6.85,
                2.35
              ],
              "inflate": -0.025,
              "pivot": [
                0,
                0,
                0
              ],
              "rotation": [
                111.75,
                0,
                0
              ],
              "uv": [
                0,
                0
              ]
            },
            {
              "origin": [
                -0.3,
                26.45,
                -0.3
              ],
              "size": [
                0.6,
                3.6,
                0.6
              ],
              "inflate": -0.05,
              "uv": [
                0,
                0
              ]
            },
            {
              "origin": [
                -0.3,
                25.2,
                -6.55
              ],
              "size": [
                0.6,
                1.6,
                2.6
              ],
              "inflate": -0.05,
              "uv": [
                0,
                0
              ]
            },
            {
              "origin": [
                -0.3,
                24.2,
                10.45
              ],
              "size": [
                0.6,
                1.1,
                4.05
              ],
              "inflate": 0.025,
              "pivot": [
                0,
                0,
                0
              ],
              "rotation": [
                22.5,
                0,
                0
              ],
              "uv": [
                0,
                0
              ]
            },
            {
              "origin": [
                -0.3,
                -23.125,
                16.525
              ],
              "size": [
                0.6,
                0.6,
                2.6
              ],
              "inflate": 0,
              "pivot": [
                0,
                0,
                0
              ],
              "rotation": [
                134.5,
                0,
                0
              ],
              "uv": [
                0,
                0
              ]
            },
            {
              "origin": [
                -0.3,
                -28.675,
                6.1
              ],
              "size": [
                0.6,
                0.6,
                2.85
              ],
              "inflate": -0.025,
              "pivot": [
                0,
                0,
                0
              ],
              "rotation": [
                156.75,
                0,
                0
              ],
              "uv": [
                0,
                0
              ]
            },
            {
              "origin": [
                -0.3,
                -15.975,
                22.325
              ],
              "size": [
                0.6,
                6.6,
                2.35
              ],
              "inflate": -0.025,
              "pivot": [
                0,
                0,
                0
              ],
              "rotation": [
                111.75,
                0,
                0
              ],
              "uv": [
                0,
                0
              ]
            },
            {
              "origin": [
                -0.3,
                -10.125,
                -25.925
              ],
              "size": [
                0.6,
                6.85,
                2.35
              ],
              "inflate": -0.025,
              "pivot": [
                0,
                0,
                0
              ],
              "rotation": [
                -111.75,
                0,
                0
              ],
              "uv": [
                0,
                0
              ]
            },
            {
              "origin": [
                -0.3,
                25.2,
                3.95
              ],
              "size": [
                0.6,
                1.6,
                2.6
              ],
              "inflate": -0.05,
              "uv": [
                0,
                0
              ]
            },
            {
              "origin": [
                -0.3,
                -19.625,
                -14.4
              ],
              "size": [
                0.6,
                0.6,
                2.85
              ],
              "inflate": -0.025,
              "pivot": [
                0,
                0,
                0
              ],
              "rotation": [
                -156.75,
                0,
                0
              ],
              "uv": [
                0,
                0
              ]
            },
            {
              "origin": [
                -0.3,
                -13.85,
                -20.5
              ],
              "size": [
                0.6,
                0.6,
                2.6
              ],
              "inflate": 0,
              "pivot": [
                0,
                0,
                0
              ],
              "rotation": [
                -134.5,
                0,
                0
              ],
              "uv": [
                0,
                0
              ]
            },
            {
              "origin": [
                -0.3,
                22.625,
                -9.4
              ],
              "size": [
                0.6,
                1.1,
                4.05
              ],
              "inflate": 0.025,
              "pivot": [
                0,
                0,
                0
              ],
              "rotation": [
                -22.5,
                0,
                0
              ],
              "uv": [
                0,
                0
              ]
            },
            {
              "origin": [
                -0.3,
                -13.45,
                -21.75
              ],
              "size": [
                0.6,
                0.6,
                2.6
              ],
              "inflate": 0,
              "pivot": [
                0,
                0,
                0
              ],
              "rotation": [
                -134.5,
                0,
                0
              ],
              "uv": [
                0,
                0
              ]
            },
            {
              "origin": [
                -0.3,
                -23.525,
                15.15
              ],
              "size": [
                0.6,
                0.6,
                2.6
              ],
              "inflate": 0,
              "pivot": [
                0,
                0,
                0
              ],
              "rotation": [
                134.5,
                0,
                0
              ],
              "uv": [
                0,
                0
              ]
            },
            {
              "origin": [
                -0.3,
                27.75,
                -0.3
              ],
              "size": [
                0.6,
                3.6,
                0.6
              ],
              "inflate": -0.15,
              "uv": [
                0,
                0
              ]
            },
            {
              "origin": [
                -0.3,
                28.75,
                -0.3
              ],
              "size": [
                0.6,
                3.6,
                0.6
              ],
              "inflate": -0.225,
              "uv": [
                0,
                0
              ]
            }
          ]
        }
      ]
    }
  ]
}