{
  "format_version": "1.12.0",
  "minecraft:geometry": [
    {
      "description": {
        "identifier": "geometry.unknown",
        "texture_width": 16,
        "texture_height": 16,
        "visible_bounds_width": 2,
        "visible_bounds_height": 2.5,
        "visible_bounds_offset": [
          0,
          0.75,
          0
        ]
      },
      "bones": [
        {
          "name": "bb_main",
          "pivot": [
            0,
            0,
            0
          ],
          "cubes": [
            {
              "origin": [
                0.55,
                3.675,
                -0.575
              ],
              "size": [
                1.2,
                2,
                1.15
              ],
              "pivot": [
                1.15,
                3.675,
                0
              ],
              "rotation": [
                0,
                0,
                18
              ],
              "uv": [
                0,
                0
              ]
            },
            {
              "origin": [
                0.85,
                5.425,
                -0.575
              ],
              "size": [
                1.2,
                2,
                1.15
              ],
              "inflate": -0.1,
              "pivot": [
                1.15,
                3.675,
                0
              ],
              "rotation": [
                0,
                0,
                11
              ],
              "uv": [
                0,
                0
              ]
            },
            {
              "origin": [
                0.55,
                2,
                -0.575
              ],
              "size": [
                1.2,
                2,
                1.15
              ],
              "inflate": -0.1,
              "pivot": [
                1.15,
                3.675,
                0
              ],
              "rotation": [
                0,
                0,
                36
              ],
              "uv": [
                0,
                0
              ]
            },
            {
              "origin": [
                -0.3,
                7.4,
                -0.575
              ],
              "size": [
                1.2,
                2,
                1.15
              ],
              "inflate": -0.2,
              "pivot": [
                0,
                4,
                0
              ],
              "rotation": [
                0,
                0,
                30.5
              ],
              "uv": [
                0,
                0
              ]
            },
            {
              "origin": [
                -3.8,
                7.4,
                -0.575
              ],
              "size": [
                1.2,
                2,
                1.15
              ],
              "inflate": -0.2,
              "pivot": [
                0,
                4,
                0
              ],
              "rotation": [
                0,
                0,
                75.5
              ],
              "uv": [
                0,
                0
              ]
            },
            {
              "origin": [
                0.95,
                7.05,
                -0.275
              ],
              "size": [
                1.2,
                2,
                0.55
              ],
              "inflate": -0.2,
              "pivot": [
                0,
                4,
                0
              ],
              "rotation": [
                0,
                0,
                8
              ],
              "uv": [
                0,
                0
              ]
            },
            {
              "origin": [
                2.725,
                8.4,
                -0.275
              ],
              "size": [
                1.2,
                4.25,
                0.55
              ],
              "inflate": -0.2,
              "pivot": [
                0,
                4,
                0
              ],
              "rotation": [
                0,
                0,
                8
              ],
              "uv": [
                0,
                0
              ]
            },
            {
              "origin": [
                6.275,
                10.15,
                -0.275
              ],
              "size": [
                0.6,
                4.3,
                0.55
              ],
              "inflate": -0.2,
              "pivot": [
                0,
                4,
                0
              ],
              "rotation": [
                0,
                0,
                -14.5
              ],
              "uv": [
                0,
                0
              ]
            },
            {
              "origin": [
                1.475,
                10,
                -0.275
              ],
              "size": [
                0.9,
                3.55,
                0.55
              ],
              "inflate": -0.2,
              "pivot": [
                0,
                4,
                0
              ],
              "rotation": [
                0,
                0,
                14.5
              ],
              "uv": [
                0,
                0
              ],
              "mirror": true
            },
            {
              "origin": [
                4.3,
                10.8,
                -0.275
              ],
              "size": [
                0.6,
                4.75,
                0.55
              ],
              "inflate": -0.2,
              "pivot": [
                0,
                4,
                0
              ],
              "rotation": [
                0,
                0,
                -4
              ],
              "uv": [
                0,
                0
              ]
            },
            {
              "origin": [
                4.3,
                10.8,
                -0.275
              ],
              "size": [
                1,
                2.25,
                0.55
              ],
              "inflate": -0.2,
              "pivot": [
                0,
                4,
                0
              ],
              "rotation": [
                0,
                0,
                -4
              ],
              "uv": [
                0,
                0
              ]
            },
            {
              "origin": [
                4.4,
                10.6,
                -0.275
              ],
              "size": [
                1,
                1.65,
                0.55
              ],
              "inflate": -0.2,
              "pivot": [
                0,
                4,
                0
              ],
              "rotation": [
                0,
                0,
                -4
              ],
              "uv": [
                0,
                0
              ]
            },
            {
              "origin": [
                4.4,
                12.55,
                -0.275
              ],
              "size": [
                0.6,
                1.95,
                0.55
              ],
              "inflate": -0.2,
              "pivot": [
                0,
                4,
                0
              ],
              "rotation": [
                0,
                0,
                -4
              ],
              "uv": [
                0,
                0
              ]
            },
            {
              "origin": [
                -2.8,
                8.025,
                -0.275
              ],
              "size": [
                1.2,
                3.25,
                0.55
              ],
              "inflate": -0.2,
              "pivot": [
                0,
                4,
                0
              ],
              "rotation": [
                0,
                0,
                53
              ],
              "uv": [
                0,
                0
              ]
            }
          ]
        }
      ]
    }
  ]
}