{
  "format_version": "1.12.0",
  "minecraft:geometry": [
    {
      "description": {
        "identifier": "geometry.unknown",
        "texture_width": 16,
        "texture_height": 16,
        "visible_bounds_width": 2,
        "visible_bounds_height": 2.5,
        "visible_bounds_offset": [
          0,
          0.75,
          0
        ]
      },
      "bones": [
        {
          "name": "bb_main",
          "pivot": [
            0,
            0,
            0
          ],
          "cubes": [
            {
              "origin": [
                -1,
                2,
                -1
              ],
              "size": [
                2,
                14,
                0.75
              ],
              "uv": [
                0,
                0
              ]
            },
            {
              "origin": [
                -2,
                12.75,
                -1
              ],
              "size": [
                4,
                3.75,
                1
              ],
              "inflate": -0.1,
              "uv": [
                0,
                0
              ]
            },
            {
              "origin": [
                0.475,
                3,
                -1.25
              ],
              "size": [
                2.25,
                13,
                0.75
              ],
              "pivot": [
                0,
                0,
                0
              ],
              "rotation": [
                0,
                -22.5,
                0
              ],
              "uv": [
                0,
                0
              ]
            },
            {
              "origin": [
                0.225,
                3,
                -1.25
              ],
              "size": [
                2.5,
                13,
                0.75
              ],
              "inflate": -0.025,
              "pivot": [
                0,
                0,
                0
              ],
              "rotation": [
                -3.2993,
                -22.26923,
                8.64954
              ],
              "uv": [
                0,
                0
              ]
            },
            {
              "origin": [
                0.125,
                3.5,
                -1.25
              ],
              "size": [
                2,
                7.25,
                0.75
              ],
              "inflate": -0.05,
              "pivot": [
                0,
                0,
                0
              ],
              "rotation": [
                -7.96791,
                -21.11079,
                21.23705
              ],
              "uv": [
                0,
                0
              ]
            },
            {
              "origin": [
                -2.125,
                3.5,
                -1.25
              ],
              "size": [
                2,
                7.25,
                0.75
              ],
              "inflate": -0.05,
              "pivot": [
                0,
                0,
                0
              ],
              "rotation": [
                -7.96791,
                21.11079,
                -21.23705
              ],
              "uv": [
                0,
                0
              ],
              "mirror": true
            },
            {
              "origin": [
                -6.05,
                9,
                -1.25
              ],
              "size": [
                4,
                7.25,
                0.75
              ],
              "inflate": -0.075,
              "pivot": [
                0,
                0,
                0
              ],
              "rotation": [
                1.1385,
                22.47267,
                2.97619
              ],
              "uv": [
                0,
                0
              ],
              "mirror": true
            },
            {
              "origin": [
                2.05,
                9,
                -1.25
              ],
              "size": [
                4,
                7.25,
                0.75
              ],
              "inflate": -0.075,
              "pivot": [
                0,
                0,
                0
              ],
              "rotation": [
                1.1385,
                -22.47267,
                -2.97619
              ],
              "uv": [
                0,
                0
              ]
            },
            {
              "origin": [
                1.125,
                1.75,
                -1.25
              ],
              "size": [
                2.5,
                1,
                0.75
              ],
              "inflate": -0.075,
              "pivot": [
                0.1,
                0,
                0
              ],
              "rotation": [
                7.48758,
                -21.27888,
                -19.90853
              ],
              "uv": [
                0,
                0
              ]
            },
            {
              "origin": [
                -3.625,
                1.75,
                -1.25
              ],
              "size": [
                2.5,
                1,
                0.75
              ],
              "inflate": -0.075,
              "pivot": [
                -0.1,
                0,
                0
              ],
              "rotation": [
                7.48758,
                21.27888,
                19.90853
              ],
              "uv": [
                0,
                0
              ],
              "mirror": true
            },
            {
              "origin": [
                -2.725,
                3,
                -1.25
              ],
              "size": [
                2.5,
                13,
                0.75
              ],
              "inflate": -0.025,
              "pivot": [
                0,
                0,
                0
              ],
              "rotation": [
                -3.2993,
                22.26923,
                -8.64954
              ],
              "uv": [
                0,
                0
              ],
              "mirror": true
            },
            {
              "origin": [
                -2.625,
                3,
                -1.25
              ],
              "size": [
                2.25,
                13,
                0.75
              ],
              "pivot": [
                0.1,
                0,
                0
              ],
              "rotation": [
                0,
                22.5,
                0
              ],
              "uv": [
                0,
                0
              ],
              "mirror": true
            }
          ]
        }
      ]
    }
  ]
}