{
  "format_version": "1.12.0",
  "minecraft:geometry": [
    {
      "description": {
        "identifier": "geometry.unknown",
        "texture_width": 16,
        "texture_height": 16,
        "visible_bounds_width": 3,
        "visible_bounds_height": 3.5,
        "visible_bounds_offset": [
          0,
          1.25,
          0
        ]
      },
      "bones": [
        {
          "name": "bb_main",
          "pivot": [
            0,
            0,
            0
          ],
          "cubes": [
            {
              "origin": [
                -1,
                8,
                -4.5
              ],
              "size": [
                2,
                2,
                6.5
              ],
              "inflate": 0.4,
              "uv": [
                0,
                0
              ]
            },
            {
              "origin": [
                -1,
                8,
                -9.5
              ],
              "size": [
                2,
                0,
                2.25
              ],
              "inflate": 0.45,
              "uv": [
                0,
                0
              ]
            },
            {
              "origin": [
                -0.4,
                7.75,
                -9.35
              ],
              "size": [
                0.8,
                0,
                1.95
              ],
              "inflate": 0.45,
              "uv": [
                0,
                0
              ]
            },
            {
              "origin": [
                -6.5,
                6,
                -2.25
              ],
              "size": [
                0.75,
                2,
                4.25
              ],
              "inflate": 0.4,
              "pivot": [
                0,
                0,
                4
              ],
              "rotation": [
                0,
                0,
                45
              ],
              "uv": [
                0,
                0
              ]
            },
            {
              "origin": [
                6.25,
                4.75,
                -2.25
              ],
              "size": [
                0.75,
                2,
                4.25
              ],
              "inflate": 0.4,
              "pivot": [
                0,
                0,
                4
              ],
              "rotation": [
                0,
                0,
                -45
              ],
              "uv": [
                0,
                0
              ]
            },
            {
              "origin": [
                8.7,
                -1.75,
                -2.25
              ],
              "size": [
                0.65,
                2,
                4.25
              ],
              "inflate": 0.4,
              "pivot": [
                0,
                0,
                4
              ],
              "rotation": [
                0,
                0,
                -90
              ],
              "uv": [
                0,
                0
              ]
            },
            {
              "origin": [
                5.75,
                6,
                -2.25
              ],
              "size": [
                0.75,
                2,
                4.25
              ],
              "inflate": 0.4,
              "pivot": [
                0,
                0,
                4
              ],
              "rotation": [
                0,
                0,
                -45
              ],
              "uv": [
                0,
                0
              ],
              "mirror": true
            },
            {
              "origin": [
                -9.35,
                -1.75,
                -2.25
              ],
              "size": [
                0.65,
                2,
                4.25
              ],
              "inflate": 0.4,
              "pivot": [
                0,
                0,
                4
              ],
              "rotation": [
                0,
                0,
                90
              ],
              "uv": [
                0,
                0
              ],
              "mirror": true
            },
            {
              "origin": [
                -7,
                4.75,
                -2.25
              ],
              "size": [
                0.75,
                2,
                4.25
              ],
              "inflate": 0.4,
              "pivot": [
                0,
                0,
                4
              ],
              "rotation": [
                0,
                0,
                45
              ],
              "uv": [
                0,
                0
              ],
              "mirror": true
            },
            {
              "origin": [
                8.25,
                -1.5,
                -10.5
              ],
              "size": [
                0.775,
                1.75,
                5.5
              ],
              "inflate": 0.2,
              "pivot": [
                -0.3,
                0,
                -3
              ],
              "rotation": [
                0,
                0,
                -90
              ],
              "uv": [
                0,
                0
              ]
            },
            {
              "origin": [
                8,
                -1.5,
                -13.9
              ],
              "size": [
                1.275,
                0.4,
                3
              ],
              "inflate": 0.2,
              "pivot": [
                -0.3,
                0,
                -3
              ],
              "rotation": [
                0,
                0,
                -90
              ],
              "uv": [
                0,
                0
              ]
            },
            {
              "origin": [
                -9.275,
                -1.5,
                -13.9
              ],
              "size": [
                1.275,
                0.4,
                3
              ],
              "inflate": 0.2,
              "pivot": [
                0.3,
                0,
                -3
              ],
              "rotation": [
                0,
                0,
                90
              ],
              "uv": [
                0,
                0
              ],
              "mirror": true
            },
            {
              "origin": [
                -0.025,
                -10.1,
                -13.9
              ],
              "size": [
                1.275,
                0.4,
                3
              ],
              "inflate": 0.2,
              "pivot": [
                0.3,
                0,
                -3
              ],
              "rotation": [
                0,
                0,
                -180
              ],
              "uv": [
                0,
                0
              ],
              "mirror": true
            },
            {
              "origin": [
                -0.025,
                -10,
                -14.9
              ],
              "size": [
                1.275,
                0.4,
                3.5
              ],
              "inflate": 0.1,
              "pivot": [
                0.3,
                0,
                -3
              ],
              "rotation": [
                0,
                0,
                -180
              ],
              "uv": [
                0,
                0
              ],
              "mirror": true
            },
            {
              "origin": [
                -9.275,
                0.4,
                -14.9
              ],
              "size": [
                1.275,
                0.4,
                3.5
              ],
              "inflate": 0.1,
              "pivot": [
                0.3,
                0,
                -3
              ],
              "rotation": [
                0,
                0,
                90
              ],
              "uv": [
                0,
                0
              ],
              "mirror": true
            },
            {
              "origin": [
                -9.275,
                -1.4,
                -14.9
              ],
              "size": [
                1.275,
                0.4,
                3.5
              ],
              "inflate": 0.1,
              "pivot": [
                0.3,
                0,
                -3
              ],
              "rotation": [
                0,
                0,
                90
              ],
              "uv": [
                0,
                0
              ],
              "mirror": true
            },
            {
              "origin": [
                -0.025,
                -8.2,
                -14.9
              ],
              "size": [
                1.275,
                0.4,
                3.5
              ],
              "inflate": 0.1,
              "pivot": [
                0.3,
                0,
                -3
              ],
              "rotation": [
                0,
                0,
                -180
              ],
              "uv": [
                0,
                0
              ],
              "mirror": true
            },
            {
              "origin": [
                -0.025,
                -8.1,
                -13.9
              ],
              "size": [
                1.275,
                0.4,
                3
              ],
              "inflate": 0.2,
              "pivot": [
                0.3,
                0,
                -3
              ],
              "rotation": [
                0,
                0,
                -180
              ],
              "uv": [
                0,
                0
              ],
              "mirror": true
            },
            {
              "origin": [
                -1.45,
                -10.075,
                -10.5
              ],
              "size": [
                0.85,
                2.225,
                5.5
              ],
              "inflate": 0.2,
              "pivot": [
                -0.5,
                0,
                -3
              ],
              "rotation": [
                0,
                0,
                -180
              ],
              "uv": [
                0,
                0
              ]
            },
            {
              "origin": [
                -6.7,
                6,
                -10.5
              ],
              "size": [
                0.65,
                1.725,
                5.5
              ],
              "inflate": 0.2,
              "pivot": [
                -0.3,
                0,
                -3
              ],
              "rotation": [
                0,
                0,
                45
              ],
              "uv": [
                0,
                0
              ]
            },
            {
              "origin": [
                5.975,
                4.925,
                -10.5
              ],
              "size": [
                0.625,
                1.825,
                5.5
              ],
              "inflate": 0.2,
              "pivot": [
                -0.3,
                0,
                -3
              ],
              "rotation": [
                0,
                0,
                -45
              ],
              "uv": [
                0,
                0
              ]
            },
            {
              "origin": [
                6.05,
                6,
                -10.5
              ],
              "size": [
                0.65,
                1.725,
                5.5
              ],
              "inflate": 0.2,
              "pivot": [
                0.3,
                0,
                -3
              ],
              "rotation": [
                0,
                0,
                -45
              ],
              "uv": [
                0,
                0
              ],
              "mirror": true
            },
            {
              "origin": [
                -9.025,
                -1.525,
                -10.5
              ],
              "size": [
                0.65,
                1.775,
                5.5
              ],
              "inflate": 0.2,
              "pivot": [
                0.3,
                0,
                -3
              ],
              "rotation": [
                0,
                0,
                90
              ],
              "uv": [
                0,
                0
              ],
              "mirror": true
            },
            {
              "origin": [
                -6.7,
                4.975,
                -10.5
              ],
              "size": [
                0.75,
                1.775,
                5.5
              ],
              "inflate": 0.2,
              "pivot": [
                0.3,
                0,
                -3
              ],
              "rotation": [
                0,
                0,
                45
              ],
              "uv": [
                0,
                0
              ],
              "mirror": true
            },
            {
              "origin": [
                -1,
                7.75,
                2.35
              ],
              "size": [
                2,
                3.1,
                1.8
              ],
              "inflate": 0.375,
              "uv": [
                0,
                0
              ]
            },
            {
              "origin": [
                -1,
                0.65,
                0
              ],
              "size": [
                2,
                6.6,
                1.8
              ],
              "inflate": 0.05,
              "pivot": [
                0,
                0,
                4
              ],
              "rotation": [
                -20.25,
                0,
                0
              ],
              "uv": [
                0,
                0
              ]
            },
            {
              "origin": [
                -1,
                1.4,
                0
              ],
              "size": [
                2,
                3.6,
                1.8
              ],
              "inflate": 0.45,
              "pivot": [
                0,
                0,
                4
              ],
              "rotation": [
                -20.25,
                0,
                0
              ],
              "uv": [
                0,
                0
              ]
            },
            {
              "origin": [
                -1,
                1.4,
                -0.4
              ],
              "size": [
                2,
                3.6,
                2.6
              ],
              "inflate": 0.25,
              "pivot": [
                0,
                0,
                4
              ],
              "rotation": [
                -20.25,
                0,
                0
              ],
              "uv": [
                0,
                0
              ]
            },
            {
              "origin": [
                -1,
                9.7,
                -0.2
              ],
              "size": [
                2,
                2,
                4.5
              ],
              "inflate": 0.2,
              "pivot": [
                0,
                -0.5,
                4
              ],
              "rotation": [
                11.5,
                0,
                0
              ],
              "uv": [
                0,
                0
              ]
            },
            {
              "origin": [
                -0.05,
                10.3,
                3.5
              ],
              "size": [
                0.1,
                2,
                0.1
              ],
              "inflate": 0.2,
              "pivot": [
                0,
                -0.5,
                4
              ],
              "rotation": [
                11.5,
                0,
                0
              ],
              "uv": [
                0,
                0
              ]
            },
            {
              "origin": [
                -0.05,
                12.55,
                3.5
              ],
              "size": [
                0.1,
                0,
                0.1
              ],
              "inflate": 0.275,
              "pivot": [
                0,
                -0.5,
                4
              ],
              "rotation": [
                11.5,
                0,
                0
              ],
              "uv": [
                0,
                0
              ]
            },
            {
              "origin": [
                -0.05,
                10.3,
                2.25
              ],
              "size": [
                0.1,
                2,
                0.1
              ],
              "inflate": 0.2,
              "pivot": [
                0,
                -0.5,
                4
              ],
              "rotation": [
                11.5,
                0,
                0
              ],
              "uv": [
                0,
                0
              ]
            },
            {
              "origin": [
                -0.05,
                12.55,
                2.25
              ],
              "size": [
                0.1,
                0,
                0.1
              ],
              "inflate": 0.275,
              "pivot": [
                0,
                -0.5,
                4
              ],
              "rotation": [
                11.5,
                0,
                0
              ],
              "uv": [
                0,
                0
              ]
            },
            {
              "origin": [
                -0.05,
                10.3,
                1
              ],
              "size": [
                0.1,
                2,
                0.1
              ],
              "inflate": 0.2,
              "pivot": [
                0,
                -0.5,
                4
              ],
              "rotation": [
                11.5,
                0,
                0
              ],
              "uv": [
                0,
                0
              ]
            },
            {
              "origin": [
                -0.05,
                12.55,
                1
              ],
              "size": [
                0.1,
                0,
                0.1
              ],
              "inflate": 0.275,
              "pivot": [
                0,
                -0.5,
                4
              ],
              "rotation": [
                11.5,
                0,
                0
              ],
              "uv": [
                0,
                0
              ]
            },
            {
              "origin": [
                -1,
                9.7,
                2.3
              ],
              "size": [
                2,
                2.75,
                4.35
              ],
              "inflate": 0.2,
              "pivot": [
                0,
                -0.25,
                -4
              ],
              "rotation": [
                -11.5,
                0,
                0
              ],
              "uv": [
                0,
                0
              ]
            },
            {
              "origin": [
                -1,
                7.7,
                5.75
              ],
              "size": [
                2,
                3.25,
                2.75
              ],
              "inflate": -0.125,
              "pivot": [
                0,
                -0.25,
                -4
              ],
              "rotation": [
                -11.5,
                0,
                0
              ],
              "uv": [
                0,
                0
              ]
            },
            {
              "origin": [
                -1,
                7.25,
                6.65
              ],
              "size": [
                2,
                1.15,
                2.95
              ],
              "inflate": -0.15,
              "pivot": [
                0,
                -0.25,
                -4
              ],
              "rotation": [
                -11.5,
                0,
                0
              ],
              "uv": [
                0,
                0
              ]
            },
            {
              "origin": [
                -1,
                2.9,
                9.2
              ],
              "size": [
                2,
                3.25,
                2.5
              ],
              "inflate": -0.15,
              "pivot": [
                0,
                -0.25,
                -4
              ],
              "rotation": [
                8.5,
                0,
                0
              ],
              "uv": [
                0,
                0
              ]
            },
            {
              "origin": [
                -1,
                9.2,
                6.975
              ],
              "size": [
                2,
                2,
                2.5
              ],
              "inflate": 0.175,
              "pivot": [
                0,
                -0.5,
                4
              ],
              "rotation": [
                56.5,
                0,
                0
              ],
              "uv": [
                0,
                0
              ]
            },
            {
              "origin": [
                -1,
                6.3,
                -0.2
              ],
              "size": [
                2,
                2,
                4.5
              ],
              "inflate": 0.2,
              "pivot": [
                0,
                18.5,
                4
              ],
              "rotation": [
                -11.5,
                0,
                0
              ],
              "uv": [
                0,
                0
              ]
            },
            {
              "origin": [
                -1,
                6.8,
                6.975
              ],
              "size": [
                2,
                2,
                2.5
              ],
              "inflate": 0.175,
              "pivot": [
                0,
                18.5,
                4
              ],
              "rotation": [
                -56.5,
                0,
                0
              ],
              "uv": [
                0,
                0
              ]
            },
            {
              "origin": [
                -1,
                8,
                -12.45
              ],
              "size": [
                2,
                2,
                8
              ],
              "inflate": -0.35,
              "uv": [
                0,
                0
              ]
            },
            {
              "origin": [
                -0.2,
                1.325,
                -2.9
              ],
              "size": [
                0.4,
                0.45,
                5
              ],
              "uv": [
                0,
                0
              ]
            },
            {
              "origin": [
                -0.2,
                6.025,
                -9.6
              ],
              "size": [
                0.4,
                0.45,
                9
              ],
              "uv": [
                0,
                0
              ]
            },
            {
              "origin": [
                -0.2,
                6.025,
                -8.625
              ],
              "size": [
                0.4,
                0.45,
                7.05
              ],
              "inflate": 0.225,
              "uv": [
                0,
                0
              ]
            },
            {
              "origin": [
                -0.2,
                5.575,
                5.05
              ],
              "size": [
                0.4,
                0.45,
                2.5
              ],
              "uv": [
                0,
                0
              ]
            },
            {
              "origin": [
                -0.2,
                -0.575,
                -8.1
              ],
              "size": [
                0.4,
                0.45,
                5
              ],
              "inflate": -0.025,
              "pivot": [
                0,
                0,
                0
              ],
              "rotation": [
                -35,
                0,
                0
              ],
              "uv": [
                0,
                0
              ]
            },
            {
              "origin": [
                -0.2,
                -3.625,
                -12.225
              ],
              "size": [
                0.4,
                0.45,
                5
              ],
              "inflate": -0.025,
              "pivot": [
                0,
                0,
                0
              ],
              "rotation": [
                -57.5,
                0,
                0
              ],
              "uv": [
                0,
                0
              ]
            },
            {
              "origin": [
                -0.35,
                -4.875,
                -13.225
              ],
              "size": [
                0.7,
                0.45,
                3
              ],
              "inflate": -0.025,
              "pivot": [
                0,
                0,
                0
              ],
              "rotation": [
                -57.5,
                0,
                0
              ],
              "uv": [
                0,
                0
              ]
            },
            {
              "origin": [
                -0.35,
                3.7,
                4.75
              ],
              "size": [
                0.7,
                0.45,
                3
              ],
              "inflate": -0.025,
              "pivot": [
                0,
                0,
                0
              ],
              "rotation": [
                57.5,
                0,
                0
              ],
              "uv": [
                0,
                0
              ]
            },
            {
              "origin": [
                -0.2,
                7.225,
                -4.225
              ],
              "size": [
                0.4,
                0.45,
                2.25
              ],
              "inflate": -0.025,
              "pivot": [
                0,
                0,
                0
              ],
              "rotation": [
                -57.5,
                0,
                0
              ],
              "uv": [
                0,
                0
              ]
            },
            {
              "origin": [
                -0.2,
                9.325,
                -2.875
              ],
              "size": [
                0.4,
                0.45,
                2.25
              ],
              "inflate": -0.025,
              "pivot": [
                0,
                0,
                0
              ],
              "rotation": [
                -57.5,
                0,
                0
              ],
              "uv": [
                0,
                0
              ]
            },
            {
              "origin": [
                -0.5,
                9.925,
                -3.475
              ],
              "size": [
                1,
                3.1,
                1.85
              ],
              "inflate": 0.275,
              "pivot": [
                0,
                0,
                0
              ],
              "rotation": [
                -57.5,
                0,
                0
              ],
              "uv": [
                0,
                0
              ]
            },
            {
              "origin": [
                -0.2,
                8.475,
                2.025
              ],
              "size": [
                0.4,
                0.45,
                2.925
              ],
              "inflate": -0.025,
              "pivot": [
                0,
                0,
                0
              ],
              "rotation": [
                -12.5,
                0,
                0
              ],
              "uv": [
                0,
                0
              ]
            }
          ]
        }
      ]
    }
  ]
}