{
  "format_version": "1.12.0",
  "minecraft:geometry": [
    {
      "description": {
        "identifier": "geometry.unknown",
        "texture_width": 32,
        "texture_height": 32,
        "visible_bounds_width": 2,
        "visible_bounds_height": 1.5,
        "visible_bounds_offset": [
          0,
          0.25,
          0
        ]
      },
      "bones": [
        {
          "name": "bb_main",
          "pivot": [
            0,
            0,
            0
          ],
          "cubes": [
            {
              "origin": [
                -9.75,
                13,
                0.25
              ],
              "size": [
                1.5,
                3.25,
                1.5
              ],
              "uv": [
                0,
                0
              ]
            },
            {
              "origin": [
                -10.85,
                10.25,
                -10
              ],
              "size": [
                3.5,
                3.5,
                7.25
              ],
              "uv": [
                0,
                0
              ]
            },
            {
              "origin": [
                -10.5,
                10.4,
                -12.25
              ],
              "size": [
                3.05,
                2.95,
                0.5
              ],
              "uv": [
                0,
                0
              ]
            },
            {
              "origin": [
                -10.5,
                10.4,
                -17.25
              ],
              "size": [
                3.05,
                2.95,
                0.5
              ],
              "uv": [
                0,
                0
              ]
            },
            {
              "origin": [
                -16,
                5.25,
                -8
              ],
              "size": [
                2,
                2.25,
                4.5
              ],
              "pivot": [
                0,
                0,
                0
              ],
              "rotation": [
                0,
                0,
                22.5
              ],
              "uv": [
                0,
                0
              ]
            },
            {
              "origin": [
                -8.5,
                11.75,
                -7.5
              ],
              "size": [
                2,
                1.75,
                3
              ],
              "uv": [
                0,
                0
              ]
            },
            {
              "origin": [
                -10.5,
                9.25,
                -6.5
              ],
              "size": [
                2.75,
                1.75,
                3
              ],
              "uv": [
                0,
                0
              ]
            },
            {
              "origin": [
                -10.5,
                9.75,
                -9.5
              ],
              "size": [
                2.75,
                1.25,
                3
              ],
              "uv": [
                0,
                0
              ]
            },
            {
              "origin": [
                -10,
                12,
                -4
              ],
              "size": [
                2,
                1,
                6
              ],
              "uv": [
                0,
                0
              ]
            },
            {
              "origin": [
                -9.625,
                14.75,
                0.75
              ],
              "size": [
                1.25,
                3.5,
                1.5
              ],
              "inflate": -0.2,
              "uv": [
                0,
                0
              ]
            },
            {
              "origin": [
                -10,
                9.25,
                0.25
              ],
              "size": [
                2,
                3.25,
                1.5
              ],
              "inflate": -0.3,
              "uv": [
                0,
                0
              ]
            },
            {
              "origin": [
                -10,
                13.5,
                -9.5
              ],
              "size": [
                2,
                1.75,
                1.5
              ],
              "inflate": -0.3,
              "uv": [
                0,
                0
              ]
            },
            {
              "origin": [
                -11,
                14.15,
                -9.5
              ],
              "size": [
                4,
                1,
                1.5
              ],
              "inflate": -0.375,
              "uv": [
                0,
                0
              ]
            },
            {
              "origin": [
                9.025,
                14.925,
                -9.5
              ],
              "size": [
                2.5,
                1,
                1.5
              ],
              "inflate": -0.375,
              "pivot": [
                0,
                0,
                0
              ],
              "rotation": [
                0,
                0,
                -67.5
              ],
              "uv": [
                0,
                0
              ]
            },
            {
              "origin": [
                -18.4,
                -1.7,
                -9.5
              ],
              "size": [
                2.5,
                1,
                1.5
              ],
              "inflate": -0.375,
              "pivot": [
                0,
                0,
                0
              ],
              "rotation": [
                0,
                0,
                67.5
              ],
              "uv": [
                0,
                0
              ]
            },
            {
              "origin": [
                -10.5,
                15.4,
                -9.25
              ],
              "size": [
                3,
                1.25,
                1.25
              ],
              "inflate": -0.375,
              "uv": [
                0,
                0
              ]
            },
            {
              "origin": [
                -9.5,
                10.25,
                -4.5
              ],
              "size": [
                1,
                1,
                6
              ],
              "inflate": -0.3,
              "uv": [
                2,
                2
              ]
            },
            {
              "origin": [
                -9.5,
                14,
                -8.75
              ],
              "size": [
                1,
                1,
                6
              ],
              "inflate": -0.3,
              "uv": [
                2,
                2
              ]
            },
            {
              "origin": [
                -9.5,
                13.25,
                -5.25
              ],
              "size": [
                1,
                1.5,
                1.25
              ],
              "inflate": -0.35,
              "uv": [
                2,
                2
              ]
            },
            {
              "origin": [
                -9.5,
                10.05,
                -10.775
              ],
              "size": [
                1,
                1,
                3.75
              ],
              "inflate": -0.25,
              "pivot": [
                0,
                0,
                0
              ],
              "rotation": [
                -32.5,
                0,
                0
              ],
              "uv": [
                2,
                2
              ]
            },
            {
              "origin": [
                -9.625,
                10.25,
                -20.5
              ],
              "size": [
                1.275,
                1.175,
                11
              ],
              "inflate": -0.3,
              "uv": [
                6,
                6
              ]
            },
            {
              "origin": [
                -9.625,
                12.25,
                -20.5
              ],
              "size": [
                1.275,
                1.175,
                11
              ],
              "inflate": -0.3,
              "uv": [
                6,
                6
              ]
            },
            {
              "origin": [
                -9.625,
                12.25,
                -21.25
              ],
              "size": [
                1.275,
                1.175,
                11
              ],
              "inflate": -0.4,
              "uv": [
                6,
                6
              ]
            },
            {
              "origin": [
                -9.625,
                11.25,
                -20.5
              ],
              "size": [
                1.275,
                1.175,
                11
              ],
              "inflate": -0.4,
              "uv": [
                6,
                6
              ]
            },
            {
              "origin": [
                -9.625,
                10.25,
                -21.25
              ],
              "size": [
                1.275,
                1.175,
                11
              ],
              "inflate": -0.4,
              "uv": [
                6,
                6
              ]
            },
            {
              "origin": [
                -10.625,
                11.25,
                -21.25
              ],
              "size": [
                1.275,
                1.175,
                11
              ],
              "inflate": -0.4,
              "uv": [
                6,
                6
              ]
            },
            {
              "origin": [
                -8.625,
                11.25,
                -21.25
              ],
              "size": [
                1.275,
                1.175,
                11
              ],
              "inflate": -0.4,
              "uv": [
                6,
                6
              ]
            },
            {
              "origin": [
                -10.625,
                11.25,
                -20.5
              ],
              "size": [
                1.275,
                1.175,
                11
              ],
              "inflate": -0.3,
              "uv": [
                6,
                6
              ]
            },
            {
              "origin": [
                -16.375,
                1.5,
                -20.5
              ],
              "size": [
                1.275,
                1.175,
                11
              ],
              "inflate": -0.3,
              "pivot": [
                0,
                0,
                0
              ],
              "rotation": [
                0,
                0,
                45
              ],
              "uv": [
                6,
                6
              ]
            },
            {
              "origin": [
                -16.375,
                1.5,
                -21.25
              ],
              "size": [
                1.275,
                1.175,
                11
              ],
              "inflate": -0.4,
              "pivot": [
                0,
                0,
                0
              ],
              "rotation": [
                0,
                0,
                45
              ],
              "uv": [
                6,
                6
              ]
            },
            {
              "origin": [
                -15.375,
                0.5,
                -20.5
              ],
              "size": [
                1.275,
                1.175,
                11
              ],
              "inflate": -0.3,
              "pivot": [
                0,
                0,
                0
              ],
              "rotation": [
                0,
                0,
                45
              ],
              "uv": [
                6,
                6
              ]
            },
            {
              "origin": [
                -15.375,
                0.5,
                -21.25
              ],
              "size": [
                1.275,
                1.175,
                11
              ],
              "inflate": -0.4,
              "pivot": [
                0,
                0,
                0
              ],
              "rotation": [
                0,
                0,
                45
              ],
              "uv": [
                6,
                6
              ]
            },
            {
              "origin": [
                -14.375,
                1.5,
                -20.5
              ],
              "size": [
                1.275,
                1.175,
                11
              ],
              "inflate": -0.3,
              "pivot": [
                0,
                0,
                0
              ],
              "rotation": [
                0,
                0,
                45
              ],
              "uv": [
                6,
                6
              ]
            },
            {
              "origin": [
                -14.375,
                1.5,
                -21.25
              ],
              "size": [
                1.275,
                1.175,
                11
              ],
              "inflate": -0.4,
              "pivot": [
                0,
                0,
                0
              ],
              "rotation": [
                0,
                0,
                45
              ],
              "uv": [
                6,
                6
              ]
            },
            {
              "origin": [
                -15.375,
                2.5,
                -20.5
              ],
              "size": [
                1.275,
                1.175,
                11
              ],
              "inflate": -0.3,
              "pivot": [
                0,
                0,
                0
              ],
              "rotation": [
                0,
                0,
                45
              ],
              "uv": [
                6,
                6
              ]
            },
            {
              "origin": [
                -15.375,
                2.5,
                -21.25
              ],
              "size": [
                1.275,
                1.175,
                11
              ],
              "inflate": -0.4,
              "pivot": [
                0,
                0,
                0
              ],
              "rotation": [
                0,
                0,
                45
              ],
              "uv": [
                6,
                6
              ]
            },
            {
              "origin": [
                -8.625,
                11.25,
                -20.5
              ],
              "size": [
                1.275,
                1.175,
                11
              ],
              "inflate": -0.3,
              "uv": [
                6,
                6
              ]
            },
            {
              "origin": [
                -9.875,
                11,
                -20.25
              ],
              "size": [
                1.775,
                1.675,
                10.75
              ],
              "inflate": -0.3,
              "uv": [
                6,
                6
              ]
            }
          ]
        }
      ]
    }
  ]
}