{
  "format_version": "1.12.0",
  "minecraft:geometry": [
    {
      "description": {
        "identifier": "geometry.unknown",
        "texture_width": 16,
        "texture_height": 16,
        "visible_bounds_width": 2,
        "visible_bounds_height": 1.5,
        "visible_bounds_offset": [
          0,
          0.25,
          0
        ]
      },
      "bones": [
        {
          "name": "bb_main",
          "pivot": [
            0,
            0,
            0
          ],
          "cubes": [
            {
              "origin": [
                -3,
                3,
                -1
              ],
              "size": [
                6,
                2,
                8
              ],
              "uv": [
                0,
                0
              ]
            },
            {
              "origin": [
                -3.15,
                3,
                -1.775
              ],
              "size": [
                2,
                2,
                2
              ],
              "pivot": [
                0,
                0,
                0
              ],
              "rotation": [
                0,
                -22.5,
                0
              ],
              "uv": [
                0,
                0
              ]
            },
            {
              "origin": [
                1.15,
                3,
                -1.775
              ],
              "size": [
                2,
                2,
                2
              ],
              "pivot": [
                0,
                0,
                0
              ],
              "rotation": [
                0,
                22.5,
                0
              ],
              "uv": [
                0,
                0
              ],
              "mirror": true
            },
            {
              "origin": [
                0.35,
                3,
                -3.075
              ],
              "size": [
                1.9,
                2,
                1.05
              ],
              "inflate": -0.025,
              "uv": [
                0,
                0
              ],
              "mirror": true
            },
            {
              "origin": [
                -2.25,
                3,
                -3.075
              ],
              "size": [
                1.9,
                2,
                1.05
              ],
              "inflate": -0.025,
              "uv": [
                0,
                0
              ]
            },
            {
              "origin": [
                -2,
                3.75,
                -4.075
              ],
              "size": [
                1.15,
                0.75,
                1.05
              ],
              "inflate": -0.025,
              "uv": [
                0,
                0
              ]
            },
            {
              "origin": [
                -2.5,
                4,
                -3.825
              ],
              "size": [
                1.15,
                0.15,
                0.2
              ],
              "inflate": -0.025,
              "pivot": [
                -0.75,
                -0.25,
                -0.25
              ],
              "rotation": [
                0,
                0,
                13
              ],
              "uv": [
                0,
                0
              ]
            },
            {
              "origin": [
                -1.05,
                4.05,
                -3.825
              ],
              "size": [
                0.625,
                0.15,
                0.2
              ],
              "inflate": -0.025,
              "pivot": [
                0.675,
                -0.2,
                -0.25
              ],
              "rotation": [
                0,
                0,
                13
              ],
              "uv": [
                0,
                0
              ]
            },
            {
              "origin": [
                1.575,
                5.6,
                -3.825
              ],
              "size": [
                0.6,
                0.15,
                0.2
              ],
              "inflate": -0.025,
              "pivot": [
                3.325,
                1.35,
                -0.25
              ],
              "rotation": [
                0,
                0,
                -32
              ],
              "uv": [
                0,
                0
              ]
            },
            {
              "origin": [
                -1.65,
                5.475,
                -3.825
              ],
              "size": [
                0.65,
                0.15,
                0.2
              ],
              "inflate": -0.025,
              "pivot": [
                -2.75,
                1.225,
                -0.25
              ],
              "rotation": [
                0,
                0,
                32
              ],
              "uv": [
                0,
                0
              ],
              "mirror": true
            },
            {
              "origin": [
                -2,
                3.25,
                -3.575
              ],
              "size": [
                1.15,
                1.75,
                0.55
              ],
              "inflate": -0.025,
              "uv": [
                0,
                0
              ]
            },
            {
              "origin": [
                -2,
                0.399,
                -6.39501
              ],
              "size": [
                1.15,
                0.75,
                1.05
              ],
              "inflate": -0.025,
              "pivot": [
                -0.25,
                -0.351,
                -0.32001
              ],
              "rotation": [
                -45,
                0,
                0
              ],
              "uv": [
                0,
                0
              ]
            },
            {
              "origin": [
                -2,
                7.76001,
                -4.80402
              ],
              "size": [
                1.15,
                0.75,
                1.05
              ],
              "inflate": -0.025,
              "pivot": [
                -0.25,
                7.01001,
                1.27098
              ],
              "rotation": [
                45,
                0,
                0
              ],
              "uv": [
                0,
                0
              ]
            },
            {
              "origin": [
                0.85,
                0.399,
                -6.39501
              ],
              "size": [
                1.15,
                0.75,
                1.05
              ],
              "inflate": -0.025,
              "pivot": [
                0.25,
                -0.351,
                -0.32001
              ],
              "rotation": [
                -45,
                0,
                0
              ],
              "uv": [
                0,
                0
              ],
              "mirror": true
            },
            {
              "origin": [
                0.85,
                3.75,
                -4.075
              ],
              "size": [
                1.15,
                0.75,
                1.05
              ],
              "inflate": -0.025,
              "uv": [
                0,
                0
              ],
              "mirror": true
            },
            {
              "origin": [
                0.85,
                7.76001,
                -4.80402
              ],
              "size": [
                1.15,
                0.75,
                1.05
              ],
              "inflate": -0.025,
              "pivot": [
                0.25,
                7.01001,
                1.27098
              ],
              "rotation": [
                45,
                0,
                0
              ],
              "uv": [
                0,
                0
              ],
              "mirror": true
            },
            {
              "origin": [
                0.85,
                3.25,
                -3.575
              ],
              "size": [
                1.15,
                1.75,
                0.55
              ],
              "inflate": -0.025,
              "uv": [
                0,
                0
              ],
              "mirror": true
            },
            {
              "origin": [
                -3.25,
                3.5,
                -0.6
              ],
              "size": [
                4,
                1.25,
                1.6
              ],
              "pivot": [
                0,
                0,
                0
              ],
              "rotation": [
                0,
                10,
                0
              ],
              "uv": [
                0,
                0
              ]
            },
            {
              "origin": [
                -2.75,
                3.5,
                2
              ],
              "size": [
                4,
                1.25,
                1.6
              ],
              "pivot": [
                0,
                0,
                0
              ],
              "rotation": [
                0,
                -10,
                0
              ],
              "uv": [
                0,
                0
              ]
            },
            {
              "origin": [
                -3,
                2.5,
                -1.4
              ],
              "size": [
                6,
                3,
                8.4
              ],
              "inflate": -0.2,
              "uv": [
                0,
                0
              ]
            },
            {
              "origin": [
                -3,
                1.9,
                -1.4
              ],
              "size": [
                6,
                4.25,
                8.4
              ],
              "inflate": -0.6,
              "uv": [
                0,
                0
              ]
            }
          ]
        },
        {
          "name": "bone",
          "pivot": [
            -1,
            0.125,
            0
          ],
          "rotation": [
            0,
            0,
            -22.5
          ],
          "cubes": [
            {
              "origin": [
                -0.75,
                2.9,
                -3.575
              ],
              "size": [
                1.15,
                0.15,
                0.2
              ],
              "inflate": -0.025,
              "pivot": [
                1,
                -1.35,
                0
              ],
              "rotation": [
                0,
                0,
                13
              ],
              "uv": [
                0,
                0
              ]
            },
            {
              "origin": [
                3.325,
                4.5,
                -3.575
              ],
              "size": [
                0.6,
                0.15,
                0.2
              ],
              "inflate": -0.025,
              "pivot": [
                5.075,
                0.25,
                0
              ],
              "rotation": [
                0,
                0,
                -32
              ],
              "uv": [
                0,
                0
              ]
            },
            {
              "origin": [
                0.7,
                2.95,
                -3.575
              ],
              "size": [
                0.625,
                0.15,
                0.2
              ],
              "inflate": -0.025,
              "pivot": [
                2.425,
                -1.3,
                0
              ],
              "rotation": [
                0,
                0,
                13
              ],
              "uv": [
                0,
                0
              ]
            },
            {
              "origin": [
                0.1,
                4.375,
                -3.575
              ],
              "size": [
                0.65,
                0.15,
                0.2
              ],
              "inflate": -0.025,
              "pivot": [
                -1,
                0.125,
                0
              ],
              "rotation": [
                0,
                0,
                32
              ],
              "uv": [
                0,
                0
              ],
              "mirror": true
            }
          ]
        },
        {
          "name": "bone2",
          "pivot": [
            -2.25,
            0.3,
            0.25
          ],
          "rotation": [
            0,
            0,
            22.5
          ],
          "cubes": [
            {
              "origin": [
                0.075,
                6.15,
                -3.325
              ],
              "size": [
                0.6,
                0.15,
                0.2
              ],
              "inflate": -0.025,
              "pivot": [
                1.825,
                1.9,
                0.25
              ],
              "rotation": [
                0,
                0,
                -32
              ],
              "uv": [
                0,
                0
              ]
            },
            {
              "origin": [
                -2.55,
                4.6,
                -3.325
              ],
              "size": [
                0.625,
                0.15,
                0.2
              ],
              "inflate": -0.025,
              "pivot": [
                -0.825,
                0.35,
                0.25
              ],
              "rotation": [
                0,
                0,
                13
              ],
              "uv": [
                0,
                0
              ]
            },
            {
              "origin": [
                -3.15,
                6.025,
                -3.325
              ],
              "size": [
                0.65,
                0.15,
                0.2
              ],
              "inflate": -0.025,
              "pivot": [
                -4.25,
                1.775,
                0.25
              ],
              "rotation": [
                0,
                0,
                32
              ],
              "uv": [
                0,
                0
              ],
              "mirror": true
            },
            {
              "origin": [
                -4,
                4.55,
                -3.325
              ],
              "size": [
                1.15,
                0.15,
                0.2
              ],
              "inflate": -0.025,
              "pivot": [
                -2.25,
                0.3,
                0.25
              ],
              "rotation": [
                0,
                0,
                13
              ],
              "uv": [
                0,
                0
              ]
            }
          ]
        }
      ]
    }
  ]
}