{
  "format_version": "1.12.0",
  "minecraft:geometry": [
    {
      "description": {
        "identifier": "geometry.unknown",
        "texture_width": 16,
        "texture_height": 16,
        "visible_bounds_width": 2,
        "visible_bounds_height": 3.5,
        "visible_bounds_offset": [
          0,
          1.25,
          0
        ]
      },
      "bones": [
        {
          "name": "bb_main",
          "pivot": [
            0,
            0,
            0
          ],
          "cubes": [
            {
              "origin": [
                -0.5,
                7,
                -0.3
              ],
              "size": [
                1,
                18.25,
                0.6
              ],
              "inflate": -0.1,
              "uv": [
                0,
                0
              ]
            },
            {
              "origin": [
                -0.5,
                6.75,
                -0.325
              ],
              "size": [
                1,
                3.5,
                0.65
              ],
              "uv": [
                0,
                0
              ]
            },
            {
              "origin": [
                -0.5,
                22.75,
                -0.3
              ],
              "size": [
                1,
                3.25,
                0.6
              ],
              "uv": [
                0,
                0
              ]
            },
            {
              "origin": [
                -1.5,
                25.25,
                -0.3
              ],
              "size": [
                3,
                0.75,
                0.6
              ],
              "inflate": -0.1,
              "uv": [
                0,
                0
              ]
            },
            {
              "origin": [
                -1.15,
                27.075,
                -0.3
              ],
              "size": [
                2.3,
                0.7,
                0.6
              ],
              "inflate": -0.1,
              "uv": [
                0,
                0
              ]
            },
            {
              "origin": [
                -1.75,
                25.45,
                -0.3
              ],
              "size": [
                0.75,
                1,
                0.6
              ],
              "inflate": -0.125,
              "uv": [
                0,
                0
              ]
            },
            {
              "origin": [
                -11.7,
                23.55,
                -0.3
              ],
              "size": [
                0.75,
                1.75,
                0.6
              ],
              "inflate": -0.15,
              "pivot": [
                0,
                0,
                0
              ],
              "rotation": [
                0,
                0,
                22.5
              ],
              "uv": [
                0,
                0
              ]
            },
            {
              "origin": [
                10.95,
                23.55,
                -0.3
              ],
              "size": [
                0.75,
                1.75,
                0.6
              ],
              "inflate": -0.15,
              "pivot": [
                0,
                0,
                0
              ],
              "rotation": [
                0,
                0,
                -22.5
              ],
              "uv": [
                0,
                0
              ],
              "mirror": true
            },
            {
              "origin": [
                1,
                25.45,
                -0.3
              ],
              "size": [
                0.75,
                1,
                0.6
              ],
              "inflate": -0.125,
              "uv": [
                0,
                0
              ],
              "mirror": true
            },
            {
              "origin": [
                -0.975,
                0.15,
                -0.5
              ],
              "size": [
                1.95,
                1.55,
                0.5
              ],
              "uv": [
                0,
                0
              ]
            },
            {
              "origin": [
                -0.675,
                4.75,
                -0.325
              ],
              "size": [
                1.35,
                2.5,
                0.65
              ],
              "inflate": 0.075,
              "uv": [
                0,
                0
              ]
            },
            {
              "origin": [
                -1.175,
                1.75,
                -0.2
              ],
              "size": [
                2.35,
                5.25,
                0.4
              ],
              "inflate": 0.075,
              "uv": [
                0,
                0
              ]
            },
            {
              "origin": [
                -0.925,
                0.6,
                -0.5
              ],
              "size": [
                1.95,
                6.45,
                0.4
              ],
              "inflate": 0.05,
              "pivot": [
                0,
                0,
                0
              ],
              "rotation": [
                0,
                22.5,
                17.5
              ],
              "uv": [
                0,
                0
              ]
            },
            {
              "origin": [
                0.825,
                1.6,
                0.25
              ],
              "size": [
                0.7,
                5.7,
                0.4
              ],
              "inflate": 0.05,
              "pivot": [
                0,
                0,
                0
              ],
              "rotation": [
                0,
                67.5,
                17.5
              ],
              "uv": [
                0,
                0
              ]
            },
            {
              "origin": [
                -1.525,
                1.6,
                0.25
              ],
              "size": [
                0.7,
                5.7,
                0.4
              ],
              "inflate": 0.05,
              "pivot": [
                0,
                0,
                0
              ],
              "rotation": [
                0,
                -67.5,
                -17.5
              ],
              "uv": [
                0,
                0
              ],
              "mirror": true
            },
            {
              "origin": [
                -1.025,
                0.6,
                -0.5
              ],
              "size": [
                1.95,
                6.45,
                0.4
              ],
              "inflate": 0.05,
              "pivot": [
                0,
                0,
                0
              ],
              "rotation": [
                0,
                -22.5,
                -17.5
              ],
              "uv": [
                0,
                0
              ],
              "mirror": true
            }
          ]
        }
      ]
    }
  ]
}