{
  "format_version": "1.12.0",
  "minecraft:geometry": [
    {
      "description": {
        "identifier": "geometry.unknown",
        "texture_width": 128,
        "texture_height": 128,
        "visible_bounds_width": 3,
        "visible_bounds_height": 2.5,
        "visible_bounds_offset": [
          0,
          0.75,
          0
        ]
      },
      "bones": [
        {
          "name": "armcannon",
          "pivot": [
            1.775,
            5,
            2.76109
          ],
          "rotation": [
            -90,
            0,
            0
          ]
        },
        {
          "name": "armorRightArm",
          "parent": "armcannon",
          "pivot": [
            1.775,
            5,
            2.76109
          ]
        },
        {
          "name": "rightArmtop",
          "parent": "armorRightArm",
          "pivot": [
            5.775,
            7,
            2.76109
          ],
          "cubes": [
            {
              "origin": [
                -2.475,
                0.75,
                0.76109
              ],
              "size": [
                4.5,
                6.25,
                4.25
              ],
              "uv": [
                20,
                5
              ]
            },
            {
              "origin": [
                -2.475,
                7,
                0.76109
              ],
              "size": [
                4.5,
                2,
                4.25
              ],
              "uv": [
                20,
                5
              ]
            },
            {
              "origin": [
                -2.825,
                9,
                0.51109
              ],
              "size": [
                5.25,
                2.75,
                4.75
              ],
              "uv": [
                84,
                13
              ]
            },
            {
              "origin": [
                -2.825,
                9.8,
                0.51109
              ],
              "size": [
                5.25,
                2.75,
                4.75
              ],
              "inflate": -0.2,
              "uv": [
                84,
                11
              ]
            },
            {
              "origin": [
                -2.725,
                1.15,
                0.51109
              ],
              "size": [
                5.05,
                2.3,
                4.75
              ],
              "uv": [
                91,
                58
              ]
            }
          ]
        },
        {
          "name": "rightArmBottom",
          "parent": "armorRightArm",
          "pivot": [
            1.775,
            5,
            2.76109
          ],
          "cubes": [
            {
              "origin": [
                -2.475,
                -5.25,
                0.76109
              ],
              "size": [
                4.5,
                6.25,
                4.25
              ],
              "uv": [
                1,
                11
              ]
            },
            {
              "origin": [
                -1.975,
                -5.5,
                1.26109
              ],
              "size": [
                3.5,
                2.75,
                3.25
              ],
              "uv": [
                88,
                25
              ]
            },
            {
              "origin": [
                -2.725,
                -4,
                0.51109
              ],
              "size": [
                3.25,
                4.5,
                4.75
              ],
              "uv": [
                92.5,
                3
              ]
            },
            {
              "origin": [
                0.775,
                -4.25,
                -2.23891
              ],
              "size": [
                3.25,
                4.75,
                1.75
              ],
              "pivot": [
                -0.1,
                -1.75,
                -0.73891
              ],
              "rotation": [
                0,
                -45,
                0
              ],
              "uv": [
                92.5,
                3
              ]
            },
            {
              "origin": [
                -4.475,
                -4.25,
                -2.48891
              ],
              "size": [
                3.25,
                4.75,
                1.75
              ],
              "pivot": [
                -0.1,
                -1.75,
                -0.73891
              ],
              "rotation": [
                0,
                45,
                0
              ],
              "uv": [
                92.5,
                3
              ]
            },
            {
              "origin": [
                -3.48316,
                -0.14514,
                0.39201
              ],
              "size": [
                2.75,
                4.75,
                1.75
              ],
              "pivot": [
                -2.10816,
                2.22986,
                1.14201
              ],
              "rotation": [
                -25,
                45,
                0
              ],
              "uv": [
                92.5,
                3
              ]
            },
            {
              "origin": [
                0.25283,
                -0.14514,
                0.21524
              ],
              "size": [
                2.75,
                4.75,
                1.75
              ],
              "pivot": [
                1.37783,
                2.22986,
                0.96524
              ],
              "rotation": [
                -25,
                -45,
                0
              ],
              "uv": [
                92.5,
                3
              ]
            },
            {
              "origin": [
                -3.33672,
                -0.14514,
                3.70124
              ],
              "size": [
                2.75,
                4.75,
                1.75
              ],
              "pivot": [
                -2.46172,
                2.22986,
                4.45124
              ],
              "rotation": [
                25,
                -45,
                0
              ],
              "uv": [
                92.5,
                3
              ]
            },
            {
              "origin": [
                -2.31059,
                -1.83561,
                5.66814
              ],
              "size": [
                2.75,
                4.75,
                1.75
              ],
              "pivot": [
                -1.18559,
                0.53939,
                2.41814
              ],
              "rotation": [
                25,
                45,
                0
              ],
              "uv": [
                92.5,
                3
              ]
            },
            {
              "origin": [
                -4.225,
                -4.5,
                5.01109
              ],
              "size": [
                2.75,
                4.75,
                0.75
              ],
              "pivot": [
                -0.1,
                -1.75,
                -0.73891
              ],
              "rotation": [
                0,
                45,
                0
              ],
              "uv": [
                93.5,
                28
              ]
            },
            {
              "origin": [
                -4.225,
                -4.5,
                -1.98891
              ],
              "size": [
                2.75,
                4.75,
                0.75
              ],
              "pivot": [
                -0.1,
                -1.75,
                -0.73891
              ],
              "rotation": [
                0,
                45,
                0
              ],
              "uv": [
                93.5,
                28
              ]
            },
            {
              "origin": [
                1.025,
                -4.5,
                -1.73891
              ],
              "size": [
                2.75,
                4.75,
                0.75
              ],
              "pivot": [
                -0.1,
                -1.75,
                -0.73891
              ],
              "rotation": [
                0,
                -45,
                0
              ],
              "uv": [
                93.5,
                28
              ]
            },
            {
              "origin": [
                1.025,
                -4.5,
                5.26109
              ],
              "size": [
                2.75,
                4.75,
                0.75
              ],
              "pivot": [
                -0.1,
                -1.75,
                -0.73891
              ],
              "rotation": [
                0,
                -45,
                0
              ],
              "uv": [
                93.5,
                28
              ]
            },
            {
              "origin": [
                -4.475,
                -4.25,
                4.51109
              ],
              "size": [
                3.25,
                4.75,
                1.75
              ],
              "pivot": [
                -0.1,
                -1.75,
                -0.73891
              ],
              "rotation": [
                0,
                45,
                0
              ],
              "uv": [
                92.5,
                3
              ]
            },
            {
              "origin": [
                3.01719,
                -4,
                1.56547
              ],
              "size": [
                4.06586,
                4.5,
                1.25
              ],
              "pivot": [
                0.39219,
                -1.75,
                -1.68453
              ],
              "rotation": [
                0,
                -90,
                0
              ],
              "uv": [
                92.5,
                3
              ]
            },
            {
              "origin": [
                -2.30971,
                -4,
                5.05443
              ],
              "size": [
                4.06586,
                4.25,
                1.25
              ],
              "uv": [
                92.5,
                3
              ]
            },
            {
              "origin": [
                -2.30971,
                -4,
                -0.44557
              ],
              "size": [
                4.06586,
                4.25,
                1.25
              ],
              "uv": [
                92.5,
                3
              ]
            },
            {
              "origin": [
                2.92925,
                -4,
                -4.68453
              ],
              "size": [
                4.06586,
                4.5,
                1.25
              ],
              "pivot": [
                0.30425,
                -2,
                -1.68453
              ],
              "rotation": [
                0,
                -90,
                0
              ],
              "uv": [
                92.5,
                3
              ]
            },
            {
              "origin": [
                0.775,
                -4.25,
                4.76109
              ],
              "size": [
                3.25,
                4.75,
                1.75
              ],
              "pivot": [
                -0.1,
                -1.75,
                -0.73891
              ],
              "rotation": [
                0,
                -45,
                0
              ],
              "uv": [
                92.5,
                3
              ]
            },
            {
              "origin": [
                -2.75,
                25.4,
                14.5
              ],
              "size": [
                3.25,
                2.05,
                5
              ],
              "pivot": [
                4,
                22,
                0
              ],
              "rotation": [
                -90,
                0,
                0
              ],
              "uv": [
                84,
                4
              ]
            },
            {
              "origin": [
                -0.025,
                -2,
                0.51109
              ],
              "size": [
                2.25,
                1.5,
                4.75
              ],
              "uv": [
                92.5,
                7
              ]
            }
          ]
        }
      ]
    }
  ]
}