{
  "format_version": "1.12.0",
  "minecraft:geometry": [
    {
      "description": {
        "identifier": "geometry.unknown",
        "texture_width": 64,
        "texture_height": 64,
        "visible_bounds_width": 2,
        "visible_bounds_height": 2.5,
        "visible_bounds_offset": [
          0,
          0.75,
          0
        ]
      },
      "bones": [
        {
          "name": "blade",
          "pivot": [
            0.49692,
            11.18683,
            -0.51077
          ],
          "rotation": [
            0,
            -90,
            0
          ],
          "cubes": [
            {
              "origin": [
                0.8851,
                8.7,
                -0.65
              ],
              "size": [
                0.1649,
                7.49225,
                0.2
              ],
              "pivot": [
                0.5,
                9.4,
                -0.55
              ],
              "rotation": [
                0,
                -90,
                0
              ],
              "uv": {
                "north": {
                  "uv": [
                    7,
                    0.75
                  ],
                  "uv_size": [
                    0.25,
                    7
                  ]
                },
                "east": {
                  "uv": [
                    2,
                    7
                  ],
                  "uv_size": [
                    0.25,
                    7
                  ]
                },
                "south": {
                  "uv": [
                    55,
                    52
                  ],
                  "uv_size": [
                    0.25,
                    8
                  ]
                },
                "west": {
                  "uv": [
                    7,
                    7
                  ],
                  "uv_size": [
                    0.25,
                    7
                  ]
                },
                "up": {
                  "uv": [
                    24,
                    6
                  ],
                  "uv_size": [
                    0.25,
                    0.25
                  ]
                },
                "down": {
                  "uv": [
                    24,
                    7.25
                  ],
                  "uv_size": [
                    0.25,
                    -0.25
                  ]
                }
              }
            },
            {
              "origin": [
                0.35,
                14.91736,
                -0.6395
              ],
              "size": [
                0.275,
                1.37675,
                0.18726
              ],
              "pivot": [
                0.4875,
                15.54411,
                -0.55224
              ],
              "rotation": [
                -37.5,
                0,
                0
              ],
              "uv": {
                "north": {
                  "uv": [
                    47.75,
                    44.75
                  ],
                  "uv_size": [
                    0.25,
                    7
                  ]
                },
                "east": {
                  "uv": [
                    49,
                    45
                  ],
                  "uv_size": [
                    0.25,
                    7
                  ]
                },
                "south": {
                  "uv": [
                    61,
                    45.75
                  ],
                  "uv_size": [
                    0.25,
                    8
                  ]
                },
                "west": {
                  "uv": [
                    50.75,
                    45.25
                  ],
                  "uv_size": [
                    0.25,
                    7
                  ]
                },
                "up": {
                  "uv": [
                    24,
                    6
                  ],
                  "uv_size": [
                    0.25,
                    0.25
                  ]
                },
                "down": {
                  "uv": [
                    24,
                    7.25
                  ],
                  "uv_size": [
                    0.25,
                    -0.25
                  ]
                }
              }
            },
            {
              "origin": [
                0.35,
                8.7,
                -0.651
              ],
              "size": [
                0.5351,
                6.7,
                0.211
              ],
              "pivot": [
                0.5,
                9.4,
                -0.55
              ],
              "rotation": [
                0,
                -90,
                0
              ],
              "uv": {
                "north": {
                  "uv": [
                    2,
                    0
                  ],
                  "uv_size": [
                    0.5,
                    6.25
                  ]
                },
                "east": {
                  "uv": [
                    9,
                    0
                  ],
                  "uv_size": [
                    0.25,
                    6.25
                  ]
                },
                "south": {
                  "uv": [
                    58.5,
                    4.5
                  ],
                  "uv_size": [
                    0.5,
                    6.25
                  ]
                },
                "west": {
                  "uv": [
                    1,
                    9
                  ],
                  "uv_size": [
                    0.25,
                    6.25
                  ]
                },
                "up": {
                  "uv": [
                    21,
                    22
                  ],
                  "uv_size": [
                    0.5,
                    0.25
                  ]
                },
                "down": {
                  "uv": [
                    22,
                    21.25
                  ],
                  "uv_size": [
                    0.5,
                    -0.25
                  ]
                }
              }
            },
            {
              "origin": [
                0.39,
                4.70627,
                -0.78714
              ],
              "size": [
                0.22,
                4,
                0.7
              ],
              "pivot": [
                0.5,
                6.70627,
                -0.18714
              ],
              "rotation": [
                -2.5,
                0,
                0
              ],
              "uv": {
                "north": {
                  "uv": [
                    5,
                    21
                  ],
                  "uv_size": [
                    0.25,
                    4
                  ]
                },
                "east": {
                  "uv": [
                    4,
                    0
                  ],
                  "uv_size": [
                    0.75,
                    4
                  ]
                },
                "south": {
                  "uv": [
                    53.25,
                    52.25
                  ],
                  "uv_size": [
                    0.25,
                    4
                  ]
                },
                "west": {
                  "uv": [
                    4,
                    4
                  ],
                  "uv_size": [
                    0.75,
                    4
                  ]
                },
                "up": {
                  "uv": [
                    22,
                    13
                  ],
                  "uv_size": [
                    0.25,
                    0.75
                  ]
                },
                "down": {
                  "uv": [
                    22,
                    14.75
                  ],
                  "uv_size": [
                    0.25,
                    -0.75
                  ]
                }
              }
            },
            {
              "origin": [
                0.05,
                5.85319,
                -0.65301
              ],
              "size": [
                0.40301,
                9.24681,
                0.2
              ],
              "pivot": [
                0.5,
                9.55319,
                -0.55301
              ],
              "rotation": [
                0,
                -90,
                0
              ],
              "uv": {
                "north": {
                  "uv": [
                    51,
                    7.25
                  ],
                  "uv_size": [
                    0.5,
                    8.75
                  ]
                },
                "east": {
                  "uv": [
                    49,
                    8
                  ],
                  "uv_size": [
                    0.25,
                    8.75
                  ]
                },
                "south": {
                  "uv": [
                    56,
                    7.5
                  ],
                  "uv_size": [
                    0.25,
                    8.75
                  ]
                },
                "west": {
                  "uv": [
                    55,
                    11.25
                  ],
                  "uv_size": [
                    0.25,
                    8.75
                  ]
                },
                "up": {
                  "uv": [
                    22,
                    15
                  ],
                  "uv_size": [
                    0.5,
                    0.25
                  ]
                },
                "down": {
                  "uv": [
                    22,
                    16.25
                  ],
                  "uv_size": [
                    0.5,
                    -0.25
                  ]
                }
              }
            },
            {
              "origin": [
                0.25,
                15.1,
                -0.65301
              ],
              "size": [
                0.20301,
                0.225,
                0.2
              ],
              "pivot": [
                0.5,
                0.34681,
                -0.55301
              ],
              "rotation": [
                0,
                -90,
                0
              ],
              "uv": {
                "north": {
                  "uv": [
                    46.75,
                    21.75
                  ],
                  "uv_size": [
                    0.5,
                    8.75
                  ]
                },
                "east": {
                  "uv": [
                    49,
                    8
                  ],
                  "uv_size": [
                    0.25,
                    8.75
                  ]
                },
                "south": {
                  "uv": [
                    49.5,
                    22
                  ],
                  "uv_size": [
                    0.5,
                    1
                  ]
                },
                "west": {
                  "uv": [
                    55,
                    11.25
                  ],
                  "uv_size": [
                    0.25,
                    8.75
                  ]
                },
                "up": {
                  "uv": [
                    22,
                    15
                  ],
                  "uv_size": [
                    0.5,
                    0.25
                  ]
                },
                "down": {
                  "uv": [
                    22,
                    16.25
                  ],
                  "uv_size": [
                    0.5,
                    -0.25
                  ]
                }
              }
            },
            {
              "origin": [
                0.3,
                15.4,
                -0.23
              ],
              "size": [
                0.15301,
                0.525,
                0.22
              ],
              "pivot": [
                0.5,
                0.04681,
                -0.1179
              ],
              "rotation": [
                0,
                -90,
                0
              ],
              "uv": {
                "north": {
                  "uv": [
                    52,
                    20.25
                  ],
                  "uv_size": [
                    0.5,
                    8.75
                  ]
                },
                "east": {
                  "uv": [
                    49,
                    8
                  ],
                  "uv_size": [
                    0.25,
                    8.75
                  ]
                },
                "south": {
                  "uv": [
                    59.25,
                    15.75
                  ],
                  "uv_size": [
                    0.5,
                    0.5
                  ]
                },
                "west": {
                  "uv": [
                    55,
                    11.25
                  ],
                  "uv_size": [
                    0.25,
                    8.75
                  ]
                },
                "up": {
                  "uv": [
                    22,
                    15
                  ],
                  "uv_size": [
                    0.5,
                    0.25
                  ]
                },
                "down": {
                  "uv": [
                    22,
                    16.25
                  ],
                  "uv_size": [
                    0.5,
                    -0.25
                  ]
                }
              }
            },
            {
              "origin": [
                0.1,
                15.4,
                -0.18
              ],
              "size": [
                0.15301,
                0.325,
                0.22
              ],
              "pivot": [
                0.5,
                0.04681,
                -0.07091
              ],
              "rotation": [
                0,
                -90,
                0
              ],
              "uv": {
                "north": {
                  "uv": [
                    46.75,
                    21.75
                  ],
                  "uv_size": [
                    0.5,
                    8.75
                  ]
                },
                "east": {
                  "uv": [
                    49,
                    8
                  ],
                  "uv_size": [
                    0.25,
                    8.75
                  ]
                },
                "south": {
                  "uv": [
                    58.5,
                    21.5
                  ],
                  "uv_size": [
                    0.5,
                    0.5
                  ]
                },
                "west": {
                  "uv": [
                    55,
                    11.25
                  ],
                  "uv_size": [
                    0.25,
                    8.75
                  ]
                },
                "up": {
                  "uv": [
                    22,
                    15
                  ],
                  "uv_size": [
                    0.5,
                    0.25
                  ]
                },
                "down": {
                  "uv": [
                    22,
                    16.25
                  ],
                  "uv_size": [
                    0.5,
                    -0.25
                  ]
                }
              }
            },
            {
              "origin": [
                0,
                15.4,
                -0.18
              ],
              "size": [
                0.15301,
                0.125,
                0.22
              ],
              "pivot": [
                0.5,
                0.04681,
                -0.07091
              ],
              "rotation": [
                0,
                -90,
                0
              ],
              "uv": {
                "north": {
                  "uv": [
                    46.75,
                    21.75
                  ],
                  "uv_size": [
                    0.5,
                    8.75
                  ]
                },
                "east": {
                  "uv": [
                    49,
                    8
                  ],
                  "uv_size": [
                    0.25,
                    8.75
                  ]
                },
                "south": {
                  "uv": [
                    58.5,
                    21.5
                  ],
                  "uv_size": [
                    0.5,
                    0.5
                  ]
                },
                "west": {
                  "uv": [
                    55,
                    11.25
                  ],
                  "uv_size": [
                    0.25,
                    8.75
                  ]
                },
                "up": {
                  "uv": [
                    22,
                    15
                  ],
                  "uv_size": [
                    0.5,
                    0.25
                  ]
                },
                "down": {
                  "uv": [
                    22,
                    16.25
                  ],
                  "uv_size": [
                    0.5,
                    -0.25
                  ]
                }
              }
            },
            {
              "origin": [
                0.39,
                4.86381,
                -0.91585
              ],
              "size": [
                0.21,
                1.00681,
                0.25604
              ],
              "pivot": [
                0.5,
                5.36381,
                -0.85981
              ],
              "rotation": [
                10,
                0,
                0
              ],
              "uv": {
                "north": {
                  "uv": [
                    22,
                    7
                  ],
                  "uv_size": [
                    0.25,
                    1
                  ]
                },
                "east": {
                  "uv": [
                    54.25,
                    25
                  ],
                  "uv_size": [
                    0.25,
                    1
                  ]
                },
                "south": {
                  "uv": [
                    63.75,
                    13.5
                  ],
                  "uv_size": [
                    0.25,
                    1
                  ]
                },
                "west": {
                  "uv": [
                    55.5,
                    19.25
                  ],
                  "uv_size": [
                    0.25,
                    1
                  ]
                },
                "up": {
                  "uv": [
                    24,
                    4
                  ],
                  "uv_size": [
                    0.25,
                    0.25
                  ]
                },
                "down": {
                  "uv": [
                    24,
                    5.25
                  ],
                  "uv_size": [
                    0.25,
                    -0.25
                  ]
                }
              }
            },
            {
              "origin": [
                0.389,
                6.2691,
                -1.21952
              ],
              "size": [
                0.222,
                0.09273,
                1.49362
              ],
              "pivot": [
                0.4975,
                6.31547,
                -0.62271
              ],
              "rotation": [
                55,
                0,
                0
              ],
              "uv": {
                "north": {
                  "uv": [
                    24.25,
                    5
                  ],
                  "uv_size": [
                    -0.25,
                    0.25
                  ]
                },
                "east": {
                  "uv": [
                    22,
                    8
                  ],
                  "uv_size": [
                    0.25,
                    1
                  ]
                },
                "south": {
                  "uv": [
                    24.25,
                    4.25
                  ],
                  "uv_size": [
                    -0.25,
                    -0.25
                  ]
                },
                "west": {
                  "uv": [
                    22,
                    10
                  ],
                  "uv_size": [
                    0.25,
                    1
                  ]
                },
                "up": {
                  "uv": [
                    22.25,
                    8
                  ],
                  "uv_size": [
                    -0.25,
                    -1
                  ]
                },
                "down": {
                  "uv": [
                    64,
                    14.5
                  ],
                  "uv_size": [
                    -0.25,
                    -1
                  ]
                }
              }
            },
            {
              "origin": [
                0.386,
                7.3441,
                0.28048
              ],
              "size": [
                0.225,
                0.09273,
                1.64362
              ],
              "pivot": [
                0.4975,
                6.31547,
                -0.62271
              ],
              "rotation": [
                55,
                0,
                0
              ],
              "uv": {
                "north": {
                  "uv": [
                    24.25,
                    5
                  ],
                  "uv_size": [
                    -0.25,
                    0.25
                  ]
                },
                "east": {
                  "uv": [
                    22,
                    8
                  ],
                  "uv_size": [
                    0.25,
                    1
                  ]
                },
                "south": {
                  "uv": [
                    24.25,
                    4.25
                  ],
                  "uv_size": [
                    -0.25,
                    -0.25
                  ]
                },
                "west": {
                  "uv": [
                    22,
                    10
                  ],
                  "uv_size": [
                    0.25,
                    1
                  ]
                },
                "up": {
                  "uv": [
                    22.25,
                    8
                  ],
                  "uv_size": [
                    -0.25,
                    -1
                  ]
                },
                "down": {
                  "uv": [
                    64,
                    14.5
                  ],
                  "uv_size": [
                    -0.25,
                    -1
                  ]
                }
              }
            },
            {
              "origin": [
                0.385,
                8.5941,
                2.08048
              ],
              "size": [
                0.225,
                0.09273,
                1.64362
              ],
              "pivot": [
                0.4975,
                6.31547,
                -0.62271
              ],
              "rotation": [
                55,
                0,
                0
              ],
              "uv": {
                "north": {
                  "uv": [
                    24.25,
                    5
                  ],
                  "uv_size": [
                    -0.25,
                    0.25
                  ]
                },
                "east": {
                  "uv": [
                    22,
                    8
                  ],
                  "uv_size": [
                    0.25,
                    1
                  ]
                },
                "south": {
                  "uv": [
                    24.25,
                    4.25
                  ],
                  "uv_size": [
                    -0.25,
                    -0.25
                  ]
                },
                "west": {
                  "uv": [
                    22,
                    10
                  ],
                  "uv_size": [
                    0.25,
                    1
                  ]
                },
                "up": {
                  "uv": [
                    22.25,
                    8
                  ],
                  "uv_size": [
                    -0.25,
                    -1
                  ]
                },
                "down": {
                  "uv": [
                    64,
                    14.5
                  ],
                  "uv_size": [
                    -0.25,
                    -1
                  ]
                }
              }
            },
            {
              "origin": [
                0.385,
                9.6691,
                3.55548
              ],
              "size": [
                0.225,
                0.09273,
                1.64362
              ],
              "pivot": [
                0.4975,
                6.31547,
                -0.62271
              ],
              "rotation": [
                55,
                0,
                0
              ],
              "uv": {
                "north": {
                  "uv": [
                    24.25,
                    5
                  ],
                  "uv_size": [
                    -0.25,
                    0.25
                  ]
                },
                "east": {
                  "uv": [
                    22,
                    8
                  ],
                  "uv_size": [
                    0.25,
                    1
                  ]
                },
                "south": {
                  "uv": [
                    24.25,
                    4.25
                  ],
                  "uv_size": [
                    -0.25,
                    -0.25
                  ]
                },
                "west": {
                  "uv": [
                    22,
                    10
                  ],
                  "uv_size": [
                    0.25,
                    1
                  ]
                },
                "up": {
                  "uv": [
                    22.25,
                    8
                  ],
                  "uv_size": [
                    -0.25,
                    -1
                  ]
                },
                "down": {
                  "uv": [
                    64,
                    14.5
                  ],
                  "uv_size": [
                    -0.25,
                    -1
                  ]
                }
              }
            },
            {
              "origin": [
                0.385,
                10.6691,
                5.05548
              ],
              "size": [
                0.225,
                0.09273,
                1.64362
              ],
              "pivot": [
                0.4975,
                6.31547,
                -0.62271
              ],
              "rotation": [
                55,
                0,
                0
              ],
              "uv": {
                "north": {
                  "uv": [
                    24.25,
                    5
                  ],
                  "uv_size": [
                    -0.25,
                    0.25
                  ]
                },
                "east": {
                  "uv": [
                    22,
                    8
                  ],
                  "uv_size": [
                    0.25,
                    1
                  ]
                },
                "south": {
                  "uv": [
                    24.25,
                    4.25
                  ],
                  "uv_size": [
                    -0.25,
                    -0.25
                  ]
                },
                "west": {
                  "uv": [
                    22,
                    10
                  ],
                  "uv_size": [
                    0.25,
                    1
                  ]
                },
                "up": {
                  "uv": [
                    22.25,
                    8
                  ],
                  "uv_size": [
                    -0.25,
                    -1
                  ]
                },
                "down": {
                  "uv": [
                    64,
                    14.5
                  ],
                  "uv_size": [
                    -0.25,
                    -1
                  ]
                }
              }
            }
          ]
        },
        {
          "name": "bb_main",
          "pivot": [
            0,
            0,
            0
          ],
          "cubes": [
            {
              "origin": [
                0.2,
                -0.75,
                -0.8
              ],
              "size": [
                0.6,
                4.75,
                0.6
              ],
              "pivot": [
                0.5,
                0.5,
                -0.5
              ],
              "rotation": [
                0,
                -45,
                0
              ],
              "uv": {
                "north": {
                  "uv": [
                    14.75,
                    53.25
                  ],
                  "uv_size": [
                    0.5,
                    3.5
                  ]
                },
                "east": {
                  "uv": [
                    15.75,
                    53.25
                  ],
                  "uv_size": [
                    0.5,
                    3.5
                  ]
                },
                "south": {
                  "uv": [
                    13.75,
                    53.25
                  ],
                  "uv_size": [
                    0.5,
                    3.5
                  ]
                },
                "west": {
                  "uv": [
                    16.75,
                    53.25
                  ],
                  "uv_size": [
                    0.5,
                    3.5
                  ]
                },
                "up": {
                  "uv": [
                    10,
                    58.5
                  ],
                  "uv_size": [
                    0.5,
                    0.5
                  ]
                },
                "down": {
                  "uv": [
                    10,
                    59
                  ],
                  "uv_size": [
                    0.5,
                    -0.5
                  ]
                }
              }
            },
            {
              "origin": [
                0.05,
                -0.5,
                -0.95
              ],
              "size": [
                0.9,
                0.5,
                0.9
              ],
              "pivot": [
                0.5,
                0.5,
                -0.5
              ],
              "rotation": [
                0,
                -45,
                0
              ],
              "uv": {
                "north": {
                  "uv": [
                    7,
                    56.25
                  ],
                  "uv_size": [
                    0.75,
                    0.5
                  ]
                },
                "east": {
                  "uv": [
                    7,
                    56.25
                  ],
                  "uv_size": [
                    0.75,
                    0.5
                  ]
                },
                "south": {
                  "uv": [
                    7,
                    56.25
                  ],
                  "uv_size": [
                    0.75,
                    0.5
                  ]
                },
                "west": {
                  "uv": [
                    7,
                    56.25
                  ],
                  "uv_size": [
                    0.75,
                    0.5
                  ]
                },
                "up": {
                  "uv": [
                    7,
                    54.5
                  ],
                  "uv_size": [
                    0.75,
                    0.75
                  ]
                },
                "down": {
                  "uv": [
                    7,
                    55.25
                  ],
                  "uv_size": [
                    0.75,
                    -0.75
                  ]
                }
              }
            },
            {
              "origin": [
                -0.25,
                4,
                -1.05
              ],
              "size": [
                1.5,
                0.75,
                1.1
              ],
              "uv": {
                "north": {
                  "uv": [
                    23.75,
                    54.5
                  ],
                  "uv_size": [
                    1.25,
                    0.75
                  ]
                },
                "east": {
                  "uv": [
                    20.5,
                    54.5
                  ],
                  "uv_size": [
                    0.75,
                    0.75
                  ]
                },
                "south": {
                  "uv": [
                    23.75,
                    54.5
                  ],
                  "uv_size": [
                    1.25,
                    0.75
                  ]
                },
                "west": {
                  "uv": [
                    20.5,
                    54.5
                  ],
                  "uv_size": [
                    0.75,
                    0.75
                  ]
                },
                "up": {
                  "uv": [
                    21,
                    56
                  ],
                  "uv_size": [
                    1.5,
                    1.5
                  ]
                },
                "down": {
                  "uv": [
                    23,
                    57.5
                  ],
                  "uv_size": [
                    1.5,
                    -1.5
                  ]
                }
              }
            },
            {
              "origin": [
                -0.25,
                4.75,
                -0.95
              ],
              "size": [
                0.85,
                0.85,
                0.9
              ],
              "pivot": [
                0.875,
                5.375,
                -0.5
              ],
              "rotation": [
                0,
                0,
                -45
              ],
              "uv": {
                "north": {
                  "uv": [
                    10,
                    54.5
                  ],
                  "uv_size": [
                    1.5,
                    0.25
                  ]
                },
                "east": {
                  "uv": [
                    10,
                    56.5
                  ],
                  "uv_size": [
                    1.5,
                    0.25
                  ]
                },
                "south": {
                  "uv": [
                    10,
                    57.5
                  ],
                  "uv_size": [
                    1.5,
                    0.25
                  ]
                },
                "west": {
                  "uv": [
                    10,
                    55.5
                  ],
                  "uv_size": [
                    1.5,
                    0.25
                  ]
                },
                "up": {
                  "uv": [
                    21,
                    56
                  ],
                  "uv_size": [
                    1.5,
                    1.5
                  ]
                },
                "down": {
                  "uv": [
                    23,
                    57.5
                  ],
                  "uv_size": [
                    1.5,
                    -1.5
                  ]
                }
              }
            },
            {
              "origin": [
                0.22145,
                4.10325,
                -1.15
              ],
              "size": [
                0.6,
                0.6,
                1.3
              ],
              "uv": {
                "north": {
                  "uv": [
                    13.75,
                    43
                  ],
                  "uv_size": [
                    9,
                    8.75
                  ]
                },
                "east": {
                  "uv": [
                    10,
                    56.5
                  ],
                  "uv_size": [
                    1.5,
                    0.25
                  ]
                },
                "south": {
                  "uv": [
                    13.75,
                    43
                  ],
                  "uv_size": [
                    9,
                    9
                  ]
                },
                "west": {
                  "uv": [
                    10,
                    55.5
                  ],
                  "uv_size": [
                    1.5,
                    0.25
                  ]
                },
                "up": {
                  "uv": [
                    23,
                    56
                  ],
                  "uv_size": [
                    1.5,
                    1.5
                  ]
                },
                "down": {
                  "uv": [
                    21,
                    57.5
                  ],
                  "uv_size": [
                    1.5,
                    -1.5
                  ]
                }
              }
            }
          ]
        }
      ]
    }
  ]
}