{
  "format_version": "1.12.0",
  "minecraft:geometry": [
    {
      "description": {
        "identifier": "geometry.unknown",
        "texture_width": 16,
        "texture_height": 16,
        "visible_bounds_width": 2,
        "visible_bounds_height": 2.5,
        "visible_bounds_offset": [
          0,
          0.75,
          0
        ]
      },
      "bones": [
        {
          "name": "SwordBlade",
          "pivot": [
            -15,
            13.75,
            15
          ],
          "cubes": [
            {
              "origin": [
                -0.125,
                9.1,
                -0.575
              ],
              "size": [
                0.3,
                14.925,
                1.425
              ],
              "inflate": -0.025,
              "uv": {
                "north": {
                  "uv": [
                    5,
                    7.125
                  ],
                  "uv_size": [
                    2,
                    2
                  ]
                },
                "east": {
                  "uv": [
                    5,
                    7.125
                  ],
                  "uv_size": [
                    2,
                    2
                  ]
                },
                "south": {
                  "uv": [
                    5,
                    7.125
                  ],
                  "uv_size": [
                    2,
                    2
                  ]
                },
                "west": {
                  "uv": [
                    5,
                    7.125
                  ],
                  "uv_size": [
                    2,
                    2
                  ]
                },
                "up": {
                  "uv": [
                    7,
                    9.125
                  ],
                  "uv_size": [
                    -2,
                    -2
                  ]
                },
                "down": {
                  "uv": [
                    7,
                    9.125
                  ],
                  "uv_size": [
                    -2,
                    -2
                  ]
                }
              }
            },
            {
              "origin": [
                -0.25,
                9.1,
                -0.575
              ],
              "size": [
                0.3,
                14.925,
                1.425
              ],
              "inflate": -0.075,
              "uv": {
                "north": {
                  "uv": [
                    5,
                    7.125
                  ],
                  "uv_size": [
                    2,
                    2
                  ]
                },
                "east": {
                  "uv": [
                    5,
                    7.125
                  ],
                  "uv_size": [
                    2,
                    2
                  ]
                },
                "south": {
                  "uv": [
                    5,
                    7.125
                  ],
                  "uv_size": [
                    2,
                    2
                  ]
                },
                "west": {
                  "uv": [
                    5,
                    7.125
                  ],
                  "uv_size": [
                    2,
                    2
                  ]
                },
                "up": {
                  "uv": [
                    7,
                    9.125
                  ],
                  "uv_size": [
                    -2,
                    -2
                  ]
                },
                "down": {
                  "uv": [
                    7,
                    9.125
                  ],
                  "uv_size": [
                    -2,
                    -2
                  ]
                }
              }
            },
            {
              "origin": [
                -0.175,
                23.83722,
                -0.55351
              ],
              "size": [
                0.225,
                0.875,
                1.425
              ],
              "inflate": -0.075,
              "pivot": [
                -0.1,
                24.24972,
                0.15899
              ],
              "rotation": [
                52.75,
                0,
                0
              ],
              "uv": {
                "north": {
                  "uv": [
                    5.45,
                    7.93438
                  ],
                  "uv_size": [
                    1.37187,
                    0.83125
                  ]
                },
                "east": {
                  "uv": [
                    5.45,
                    7.93438
                  ],
                  "uv_size": [
                    1.37187,
                    0.83125
                  ]
                },
                "south": {
                  "uv": [
                    5.45,
                    7.93438
                  ],
                  "uv_size": [
                    1.37187,
                    0.83125
                  ]
                },
                "west": {
                  "uv": [
                    5.45,
                    7.93438
                  ],
                  "uv_size": [
                    1.37187,
                    0.83125
                  ]
                },
                "up": {
                  "uv": [
                    6.82187,
                    8.76563
                  ],
                  "uv_size": [
                    -1.37187,
                    -0.83125
                  ]
                },
                "down": {
                  "uv": [
                    6.82187,
                    8.76563
                  ],
                  "uv_size": [
                    -1.37187,
                    -0.83125
                  ]
                }
              }
            },
            {
              "origin": [
                0.025,
                23.83722,
                -0.55351
              ],
              "size": [
                0.225,
                0.875,
                1.425
              ],
              "inflate": -0.075,
              "pivot": [
                -0.1,
                24.24972,
                0.15899
              ],
              "rotation": [
                52.75,
                0,
                0
              ],
              "uv": {
                "north": {
                  "uv": [
                    5.45,
                    7.93438
                  ],
                  "uv_size": [
                    1.37187,
                    0.83125
                  ]
                },
                "east": {
                  "uv": [
                    5.45,
                    7.93438
                  ],
                  "uv_size": [
                    1.37187,
                    0.83125
                  ]
                },
                "south": {
                  "uv": [
                    5.45,
                    7.93438
                  ],
                  "uv_size": [
                    1.37187,
                    0.83125
                  ]
                },
                "west": {
                  "uv": [
                    5.45,
                    7.93438
                  ],
                  "uv_size": [
                    1.37187,
                    0.83125
                  ]
                },
                "up": {
                  "uv": [
                    6.82187,
                    8.76563
                  ],
                  "uv_size": [
                    -1.37187,
                    -0.83125
                  ]
                },
                "down": {
                  "uv": [
                    6.82187,
                    8.76563
                  ],
                  "uv_size": [
                    -1.37187,
                    -0.83125
                  ]
                }
              }
            },
            {
              "origin": [
                -0.175,
                23.98722,
                0.09649
              ],
              "size": [
                0.3,
                0.725,
                1
              ],
              "inflate": -0.1,
              "pivot": [
                -0.1,
                24.24972,
                0.15899
              ],
              "rotation": [
                52.75,
                0,
                0
              ],
              "uv": {
                "north": {
                  "uv": [
                    5.45,
                    7.93438
                  ],
                  "uv_size": [
                    1.37187,
                    0.83125
                  ]
                },
                "east": {
                  "uv": [
                    5.45,
                    7.93438
                  ],
                  "uv_size": [
                    1.37187,
                    0.83125
                  ]
                },
                "south": {
                  "uv": [
                    5.45,
                    7.93438
                  ],
                  "uv_size": [
                    1.37187,
                    0.83125
                  ]
                },
                "west": {
                  "uv": [
                    5.45,
                    7.93438
                  ],
                  "uv_size": [
                    1.37187,
                    0.83125
                  ]
                },
                "up": {
                  "uv": [
                    6.82187,
                    8.76563
                  ],
                  "uv_size": [
                    -1.37187,
                    -0.83125
                  ]
                },
                "down": {
                  "uv": [
                    6.82187,
                    8.76563
                  ],
                  "uv_size": [
                    -1.37187,
                    -0.83125
                  ]
                }
              }
            },
            {
              "origin": [
                -0.05,
                23.98722,
                0.09649
              ],
              "size": [
                0.3,
                0.725,
                1
              ],
              "inflate": -0.1,
              "pivot": [
                -0.1,
                24.24972,
                0.15899
              ],
              "rotation": [
                52.75,
                0,
                0
              ],
              "uv": {
                "north": {
                  "uv": [
                    5.45,
                    7.93438
                  ],
                  "uv_size": [
                    1.37187,
                    0.83125
                  ]
                },
                "east": {
                  "uv": [
                    5.45,
                    7.93438
                  ],
                  "uv_size": [
                    1.37187,
                    0.83125
                  ]
                },
                "south": {
                  "uv": [
                    5.45,
                    7.93438
                  ],
                  "uv_size": [
                    1.37187,
                    0.83125
                  ]
                },
                "west": {
                  "uv": [
                    5.45,
                    7.93438
                  ],
                  "uv_size": [
                    1.37187,
                    0.83125
                  ]
                },
                "up": {
                  "uv": [
                    6.82187,
                    8.76563
                  ],
                  "uv_size": [
                    -1.37187,
                    -0.83125
                  ]
                },
                "down": {
                  "uv": [
                    6.82187,
                    8.76563
                  ],
                  "uv_size": [
                    -1.37187,
                    -0.83125
                  ]
                }
              }
            },
            {
              "origin": [
                -0.2,
                23.68722,
                -0.55351
              ],
              "size": [
                0.3,
                0.35,
                1.2
              ],
              "inflate": -0.075,
              "pivot": [
                -0.1,
                24.24972,
                0.15899
              ],
              "rotation": [
                52.75,
                0,
                0
              ],
              "uv": {
                "north": {
                  "uv": [
                    5.45,
                    7.93438
                  ],
                  "uv_size": [
                    1.37187,
                    0.83125
                  ]
                },
                "east": {
                  "uv": [
                    5.45,
                    7.93438
                  ],
                  "uv_size": [
                    1.37187,
                    0.83125
                  ]
                },
                "south": {
                  "uv": [
                    5.45,
                    7.93438
                  ],
                  "uv_size": [
                    1.37187,
                    0.83125
                  ]
                },
                "west": {
                  "uv": [
                    5.45,
                    7.93438
                  ],
                  "uv_size": [
                    1.37187,
                    0.83125
                  ]
                },
                "up": {
                  "uv": [
                    6.82187,
                    8.76563
                  ],
                  "uv_size": [
                    -1.37187,
                    -0.83125
                  ]
                },
                "down": {
                  "uv": [
                    6.82187,
                    8.76563
                  ],
                  "uv_size": [
                    -1.37187,
                    -0.83125
                  ]
                }
              }
            },
            {
              "origin": [
                -0.025,
                23.68722,
                -0.55351
              ],
              "size": [
                0.3,
                0.35,
                1.2
              ],
              "inflate": -0.075,
              "pivot": [
                -0.1,
                24.24972,
                0.15899
              ],
              "rotation": [
                52.75,
                0,
                0
              ],
              "uv": {
                "north": {
                  "uv": [
                    5.45,
                    7.93438
                  ],
                  "uv_size": [
                    1.37187,
                    0.83125
                  ]
                },
                "east": {
                  "uv": [
                    5.45,
                    7.93438
                  ],
                  "uv_size": [
                    1.37187,
                    0.83125
                  ]
                },
                "south": {
                  "uv": [
                    5.45,
                    7.93438
                  ],
                  "uv_size": [
                    1.37187,
                    0.83125
                  ]
                },
                "west": {
                  "uv": [
                    5.45,
                    7.93438
                  ],
                  "uv_size": [
                    1.37187,
                    0.83125
                  ]
                },
                "up": {
                  "uv": [
                    6.82187,
                    8.76563
                  ],
                  "uv_size": [
                    -1.37187,
                    -0.83125
                  ]
                },
                "down": {
                  "uv": [
                    6.82187,
                    8.76563
                  ],
                  "uv_size": [
                    -1.37187,
                    -0.83125
                  ]
                }
              }
            },
            {
              "origin": [
                0,
                9.1,
                -0.575
              ],
              "size": [
                0.3,
                14.925,
                1.425
              ],
              "inflate": -0.075,
              "uv": {
                "north": {
                  "uv": [
                    7,
                    7.125
                  ],
                  "uv_size": [
                    -2,
                    2
                  ]
                },
                "east": {
                  "uv": [
                    7,
                    7.125
                  ],
                  "uv_size": [
                    -2,
                    2
                  ]
                },
                "south": {
                  "uv": [
                    7,
                    7.125
                  ],
                  "uv_size": [
                    -2,
                    2
                  ]
                },
                "west": {
                  "uv": [
                    7,
                    7.125
                  ],
                  "uv_size": [
                    -2,
                    2
                  ]
                },
                "up": {
                  "uv": [
                    5,
                    9.125
                  ],
                  "uv_size": [
                    2,
                    -2
                  ]
                },
                "down": {
                  "uv": [
                    5,
                    9.125
                  ],
                  "uv_size": [
                    2,
                    -2
                  ]
                }
              }
            },
            {
              "origin": [
                -0.05,
                23.8941,
                -0.2258
              ],
              "size": [
                0.175,
                0.65,
                1.55
              ],
              "inflate": -0.025,
              "pivot": [
                0.025,
                23.8816,
                0.1367
              ],
              "rotation": [
                52.25,
                0,
                0
              ],
              "uv": {
                "north": {
                  "uv": [
                    6.25937,
                    7.325
                  ],
                  "uv_size": [
                    0.32813,
                    0
                  ]
                },
                "east": {
                  "uv": [
                    6.25937,
                    7.325
                  ],
                  "uv_size": [
                    0.32813,
                    0
                  ]
                },
                "south": {
                  "uv": [
                    6.25937,
                    7.325
                  ],
                  "uv_size": [
                    0.32813,
                    0
                  ]
                },
                "west": {
                  "uv": [
                    6.25937,
                    7.325
                  ],
                  "uv_size": [
                    -0.125,
                    0.19375
                  ]
                },
                "up": {
                  "uv": [
                    6.5875,
                    7.325
                  ],
                  "uv_size": [
                    -0.32813,
                    0
                  ]
                },
                "down": {
                  "uv": [
                    6.5875,
                    7.325
                  ],
                  "uv_size": [
                    -0.32813,
                    0
                  ]
                }
              }
            },
            {
              "origin": [
                -0.05,
                24.3941,
                0.3742
              ],
              "size": [
                0.175,
                0.15,
                1.6
              ],
              "inflate": -0.025,
              "pivot": [
                0.025,
                23.8816,
                0.1367
              ],
              "rotation": [
                52.25,
                0,
                0
              ],
              "uv": {
                "north": {
                  "uv": [
                    6.25937,
                    7.325
                  ],
                  "uv_size": [
                    0.32813,
                    0
                  ]
                },
                "east": {
                  "uv": [
                    6.25937,
                    7.325
                  ],
                  "uv_size": [
                    0.32813,
                    0
                  ]
                },
                "south": {
                  "uv": [
                    6.25937,
                    7.325
                  ],
                  "uv_size": [
                    0.32813,
                    0
                  ]
                },
                "west": {
                  "uv": [
                    6.25937,
                    7.325
                  ],
                  "uv_size": [
                    -0.125,
                    0.19375
                  ]
                },
                "up": {
                  "uv": [
                    6.5875,
                    7.325
                  ],
                  "uv_size": [
                    -0.32813,
                    0
                  ]
                },
                "down": {
                  "uv": [
                    6.5875,
                    7.325
                  ],
                  "uv_size": [
                    -0.32813,
                    0
                  ]
                }
              }
            },
            {
              "origin": [
                -0.05,
                24.4191,
                1.9242
              ],
              "size": [
                0.175,
                0.125,
                0.1
              ],
              "inflate": -0.025,
              "pivot": [
                0.025,
                23.8816,
                0.1367
              ],
              "rotation": [
                52.25,
                0,
                0
              ],
              "uv": {
                "north": {
                  "uv": [
                    6.25937,
                    7.325
                  ],
                  "uv_size": [
                    0.32813,
                    0
                  ]
                },
                "east": {
                  "uv": [
                    6.25937,
                    7.325
                  ],
                  "uv_size": [
                    0.32813,
                    0
                  ]
                },
                "south": {
                  "uv": [
                    6.25937,
                    7.325
                  ],
                  "uv_size": [
                    0.32813,
                    0
                  ]
                },
                "west": {
                  "uv": [
                    6.25937,
                    7.325
                  ],
                  "uv_size": [
                    -0.125,
                    0.19375
                  ]
                },
                "up": {
                  "uv": [
                    6.5875,
                    7.325
                  ],
                  "uv_size": [
                    -0.32813,
                    0
                  ]
                },
                "down": {
                  "uv": [
                    6.5875,
                    7.325
                  ],
                  "uv_size": [
                    -0.32813,
                    0
                  ]
                }
              }
            },
            {
              "origin": [
                -0.05,
                23.69606,
                0.6109
              ],
              "size": [
                0.175,
                1.425,
                0.25
              ],
              "inflate": -0.025,
              "pivot": [
                0.025,
                24.15856,
                0.7109
              ],
              "rotation": [
                -1,
                0,
                0
              ],
              "uv": {
                "north": {
                  "uv": [
                    6.25937,
                    7.325
                  ],
                  "uv_size": [
                    0.32813,
                    0
                  ]
                },
                "east": {
                  "uv": [
                    6.25937,
                    7.325
                  ],
                  "uv_size": [
                    0.32813,
                    0
                  ]
                },
                "south": {
                  "uv": [
                    6.25937,
                    7.325
                  ],
                  "uv_size": [
                    0.32813,
                    0
                  ]
                },
                "west": {
                  "uv": [
                    6.25937,
                    7.325
                  ],
                  "uv_size": [
                    -0.125,
                    0.19375
                  ]
                },
                "up": {
                  "uv": [
                    6.5875,
                    7.325
                  ],
                  "uv_size": [
                    -0.32813,
                    0
                  ]
                },
                "down": {
                  "uv": [
                    6.5875,
                    7.325
                  ],
                  "uv_size": [
                    -0.32813,
                    0
                  ]
                }
              }
            },
            {
              "origin": [
                -0.05,
                23.69606,
                0.3859
              ],
              "size": [
                0.175,
                1.425,
                0.275
              ],
              "inflate": -0.025,
              "pivot": [
                0.025,
                24.15856,
                0.7109
              ],
              "rotation": [
                -1,
                0,
                0
              ],
              "uv": {
                "north": {
                  "uv": [
                    6.25937,
                    7.325
                  ],
                  "uv_size": [
                    0.32813,
                    0
                  ]
                },
                "east": {
                  "uv": [
                    6.25937,
                    7.325
                  ],
                  "uv_size": [
                    0.32813,
                    0
                  ]
                },
                "south": {
                  "uv": [
                    6.25937,
                    7.325
                  ],
                  "uv_size": [
                    0.32813,
                    0
                  ]
                },
                "west": {
                  "uv": [
                    6.25937,
                    7.325
                  ],
                  "uv_size": [
                    -0.125,
                    0.19375
                  ]
                },
                "up": {
                  "uv": [
                    6.5875,
                    7.325
                  ],
                  "uv_size": [
                    -0.32813,
                    0
                  ]
                },
                "down": {
                  "uv": [
                    6.5875,
                    7.325
                  ],
                  "uv_size": [
                    -0.32813,
                    0
                  ]
                }
              }
            },
            {
              "origin": [
                -0.05,
                24.77944,
                0.81798
              ],
              "size": [
                0.175,
                0.525,
                0.4
              ],
              "inflate": -0.025,
              "pivot": [
                0.025,
                25.25444,
                0.81798
              ],
              "rotation": [
                -89.25,
                0,
                0
              ],
              "uv": {
                "north": {
                  "uv": [
                    6.25937,
                    7.325
                  ],
                  "uv_size": [
                    0.32813,
                    0
                  ]
                },
                "east": {
                  "uv": [
                    6.25937,
                    7.325
                  ],
                  "uv_size": [
                    0.32813,
                    0
                  ]
                },
                "south": {
                  "uv": [
                    6.25937,
                    7.325
                  ],
                  "uv_size": [
                    0.32813,
                    0
                  ]
                },
                "west": {
                  "uv": [
                    6.25937,
                    7.325
                  ],
                  "uv_size": [
                    -0.125,
                    0.19375
                  ]
                },
                "up": {
                  "uv": [
                    6.5875,
                    7.325
                  ],
                  "uv_size": [
                    -0.32813,
                    0
                  ]
                },
                "down": {
                  "uv": [
                    6.5875,
                    7.325
                  ],
                  "uv_size": [
                    -0.32813,
                    0
                  ]
                }
              }
            },
            {
              "origin": [
                -0.05,
                24.87944,
                0.69298
              ],
              "size": [
                0.175,
                0.425,
                0.175
              ],
              "inflate": -0.025,
              "pivot": [
                0.025,
                25.25444,
                0.81798
              ],
              "rotation": [
                -89.25,
                0,
                0
              ],
              "uv": {
                "north": {
                  "uv": [
                    6.25937,
                    7.325
                  ],
                  "uv_size": [
                    0.32813,
                    0
                  ]
                },
                "east": {
                  "uv": [
                    6.25937,
                    7.325
                  ],
                  "uv_size": [
                    0.32813,
                    0
                  ]
                },
                "south": {
                  "uv": [
                    6.25937,
                    7.325
                  ],
                  "uv_size": [
                    0.32813,
                    0
                  ]
                },
                "west": {
                  "uv": [
                    6.25937,
                    7.325
                  ],
                  "uv_size": [
                    -0.125,
                    0.19375
                  ]
                },
                "up": {
                  "uv": [
                    6.5875,
                    7.325
                  ],
                  "uv_size": [
                    -0.32813,
                    0
                  ]
                },
                "down": {
                  "uv": [
                    6.5875,
                    7.325
                  ],
                  "uv_size": [
                    -0.32813,
                    0
                  ]
                }
              }
            },
            {
              "origin": [
                -0.05,
                24.97944,
                0.56798
              ],
              "size": [
                0.175,
                0.325,
                0.175
              ],
              "inflate": -0.025,
              "pivot": [
                0.025,
                25.25444,
                0.81798
              ],
              "rotation": [
                -89.25,
                0,
                0
              ],
              "uv": {
                "north": {
                  "uv": [
                    6.25937,
                    7.325
                  ],
                  "uv_size": [
                    0.32813,
                    0
                  ]
                },
                "east": {
                  "uv": [
                    6.25937,
                    7.325
                  ],
                  "uv_size": [
                    0.32813,
                    0
                  ]
                },
                "south": {
                  "uv": [
                    6.25937,
                    7.325
                  ],
                  "uv_size": [
                    0.32813,
                    0
                  ]
                },
                "west": {
                  "uv": [
                    6.25937,
                    7.325
                  ],
                  "uv_size": [
                    -0.125,
                    0.19375
                  ]
                },
                "up": {
                  "uv": [
                    6.5875,
                    7.325
                  ],
                  "uv_size": [
                    -0.32813,
                    0
                  ]
                },
                "down": {
                  "uv": [
                    6.5875,
                    7.325
                  ],
                  "uv_size": [
                    -0.32813,
                    0
                  ]
                }
              }
            },
            {
              "origin": [
                -0.05,
                25.05444,
                0.46798
              ],
              "size": [
                0.175,
                0.25,
                0.175
              ],
              "inflate": -0.025,
              "pivot": [
                0.025,
                25.25444,
                0.81798
              ],
              "rotation": [
                -89.25,
                0,
                0
              ],
              "uv": {
                "north": {
                  "uv": [
                    6.25937,
                    7.325
                  ],
                  "uv_size": [
                    0.32813,
                    0
                  ]
                },
                "east": {
                  "uv": [
                    6.25937,
                    7.325
                  ],
                  "uv_size": [
                    0.32813,
                    0
                  ]
                },
                "south": {
                  "uv": [
                    6.25937,
                    7.325
                  ],
                  "uv_size": [
                    0.32813,
                    0
                  ]
                },
                "west": {
                  "uv": [
                    6.25937,
                    7.325
                  ],
                  "uv_size": [
                    -0.125,
                    0.19375
                  ]
                },
                "up": {
                  "uv": [
                    6.5875,
                    7.325
                  ],
                  "uv_size": [
                    -0.32813,
                    0
                  ]
                },
                "down": {
                  "uv": [
                    6.5875,
                    7.325
                  ],
                  "uv_size": [
                    -0.32813,
                    0
                  ]
                }
              }
            },
            {
              "origin": [
                -0.05,
                25.15444,
                0.34298
              ],
              "size": [
                0.175,
                0.15,
                0.175
              ],
              "inflate": -0.025,
              "pivot": [
                0.025,
                25.25444,
                0.81798
              ],
              "rotation": [
                -89.25,
                0,
                0
              ],
              "uv": {
                "north": {
                  "uv": [
                    6.25937,
                    7.325
                  ],
                  "uv_size": [
                    0.32813,
                    0
                  ]
                },
                "east": {
                  "uv": [
                    6.25937,
                    7.325
                  ],
                  "uv_size": [
                    0.32813,
                    0
                  ]
                },
                "south": {
                  "uv": [
                    6.25937,
                    7.325
                  ],
                  "uv_size": [
                    0.32813,
                    0
                  ]
                },
                "west": {
                  "uv": [
                    6.25937,
                    7.325
                  ],
                  "uv_size": [
                    -0.125,
                    0.19375
                  ]
                },
                "up": {
                  "uv": [
                    6.5875,
                    7.325
                  ],
                  "uv_size": [
                    -0.32813,
                    0
                  ]
                },
                "down": {
                  "uv": [
                    6.5875,
                    7.325
                  ],
                  "uv_size": [
                    -0.32813,
                    0
                  ]
                }
              }
            },
            {
              "origin": [
                -0.05,
                23.69606,
                0.1609
              ],
              "size": [
                0.175,
                1.225,
                0.275
              ],
              "inflate": -0.025,
              "pivot": [
                0.025,
                24.15856,
                0.7109
              ],
              "rotation": [
                -1,
                0,
                0
              ],
              "uv": {
                "north": {
                  "uv": [
                    6.25937,
                    7.325
                  ],
                  "uv_size": [
                    0.32813,
                    0
                  ]
                },
                "east": {
                  "uv": [
                    6.25937,
                    7.325
                  ],
                  "uv_size": [
                    0.32813,
                    0
                  ]
                },
                "south": {
                  "uv": [
                    6.25937,
                    7.325
                  ],
                  "uv_size": [
                    0.32813,
                    0
                  ]
                },
                "west": {
                  "uv": [
                    6.25937,
                    7.325
                  ],
                  "uv_size": [
                    -0.125,
                    0.19375
                  ]
                },
                "up": {
                  "uv": [
                    6.5875,
                    7.325
                  ],
                  "uv_size": [
                    -0.32813,
                    0
                  ]
                },
                "down": {
                  "uv": [
                    6.5875,
                    7.325
                  ],
                  "uv_size": [
                    -0.32813,
                    0
                  ]
                }
              }
            }
          ]
        },
        {
          "name": "SwordHilt",
          "pivot": [
            0,
            0,
            0
          ],
          "cubes": [
            {
              "origin": [
                -0.35,
                3.075,
                -0.7
              ],
              "size": [
                0.7,
                6.225,
                1.65
              ],
              "inflate": -0.075,
              "uv": {
                "north": {
                  "uv": [
                    1.04062,
                    4.39063
                  ],
                  "uv_size": [
                    2,
                    2
                  ]
                },
                "east": {
                  "uv": [
                    1.04062,
                    4.39063
                  ],
                  "uv_size": [
                    2,
                    2
                  ]
                },
                "south": {
                  "uv": [
                    1.04062,
                    4.39063
                  ],
                  "uv_size": [
                    2,
                    2
                  ]
                },
                "west": {
                  "uv": [
                    1.04062,
                    4.39063
                  ],
                  "uv_size": [
                    2,
                    2
                  ]
                },
                "up": {
                  "uv": [
                    3.04062,
                    6.39062
                  ],
                  "uv_size": [
                    -2,
                    -2
                  ]
                },
                "down": {
                  "uv": [
                    3.04062,
                    6.39062
                  ],
                  "uv_size": [
                    -2,
                    -2
                  ]
                }
              }
            },
            {
              "origin": [
                -0.35,
                2.95,
                -0.7
              ],
              "size": [
                0.7,
                6.225,
                1.65
              ],
              "inflate": -0.15,
              "uv": {
                "north": {
                  "uv": [
                    1.04062,
                    4.39063
                  ],
                  "uv_size": [
                    2,
                    2
                  ]
                },
                "east": {
                  "uv": [
                    1.04062,
                    4.39063
                  ],
                  "uv_size": [
                    2,
                    2
                  ]
                },
                "south": {
                  "uv": [
                    1.04062,
                    4.39063
                  ],
                  "uv_size": [
                    2,
                    2
                  ]
                },
                "west": {
                  "uv": [
                    1.04062,
                    4.39063
                  ],
                  "uv_size": [
                    2,
                    2
                  ]
                },
                "up": {
                  "uv": [
                    3.04062,
                    6.39062
                  ],
                  "uv_size": [
                    -2,
                    -2
                  ]
                },
                "down": {
                  "uv": [
                    3.04062,
                    6.39062
                  ],
                  "uv_size": [
                    -2,
                    -2
                  ]
                }
              }
            },
            {
              "origin": [
                -0.225,
                3.075,
                -0.7
              ],
              "size": [
                0.7,
                6.225,
                1.65
              ],
              "inflate": -0.15,
              "uv": {
                "north": {
                  "uv": [
                    1.04062,
                    4.39063
                  ],
                  "uv_size": [
                    2,
                    2
                  ]
                },
                "east": {
                  "uv": [
                    1.04062,
                    4.39063
                  ],
                  "uv_size": [
                    2,
                    2
                  ]
                },
                "south": {
                  "uv": [
                    1.04062,
                    4.39063
                  ],
                  "uv_size": [
                    2,
                    2
                  ]
                },
                "west": {
                  "uv": [
                    1.04062,
                    4.39063
                  ],
                  "uv_size": [
                    2,
                    2
                  ]
                },
                "up": {
                  "uv": [
                    3.04062,
                    6.39062
                  ],
                  "uv_size": [
                    -2,
                    -2
                  ]
                },
                "down": {
                  "uv": [
                    3.04062,
                    6.39062
                  ],
                  "uv_size": [
                    -2,
                    -2
                  ]
                }
              }
            },
            {
              "origin": [
                -0.475,
                3.075,
                -0.7
              ],
              "size": [
                0.7,
                6.225,
                1.65
              ],
              "inflate": -0.15,
              "uv": {
                "north": {
                  "uv": [
                    1.04062,
                    4.39063
                  ],
                  "uv_size": [
                    2,
                    2
                  ]
                },
                "east": {
                  "uv": [
                    1.04062,
                    4.39063
                  ],
                  "uv_size": [
                    2,
                    2
                  ]
                },
                "south": {
                  "uv": [
                    1.04062,
                    4.39063
                  ],
                  "uv_size": [
                    2,
                    2
                  ]
                },
                "west": {
                  "uv": [
                    1.04062,
                    4.39063
                  ],
                  "uv_size": [
                    2,
                    2
                  ]
                },
                "up": {
                  "uv": [
                    3.04062,
                    6.39062
                  ],
                  "uv_size": [
                    -2,
                    -2
                  ]
                },
                "down": {
                  "uv": [
                    3.04062,
                    6.39062
                  ],
                  "uv_size": [
                    -2,
                    -2
                  ]
                }
              }
            },
            {
              "origin": [
                -0.35,
                9.225,
                -1.4
              ],
              "size": [
                0.7,
                0.2,
                3.05
              ],
              "uv": {
                "north": {
                  "uv": [
                    1.04062,
                    4.39063
                  ],
                  "uv_size": [
                    2,
                    2
                  ]
                },
                "east": {
                  "uv": [
                    1.04062,
                    4.39063
                  ],
                  "uv_size": [
                    2,
                    2
                  ]
                },
                "south": {
                  "uv": [
                    1.04062,
                    4.39063
                  ],
                  "uv_size": [
                    2,
                    2
                  ]
                },
                "west": {
                  "uv": [
                    1.04062,
                    4.39063
                  ],
                  "uv_size": [
                    2,
                    2
                  ]
                },
                "up": {
                  "uv": [
                    3.04062,
                    6.39062
                  ],
                  "uv_size": [
                    -2,
                    -2
                  ]
                },
                "down": {
                  "uv": [
                    3.04062,
                    6.39062
                  ],
                  "uv_size": [
                    -2,
                    -2
                  ]
                }
              }
            },
            {
              "origin": [
                -0.375,
                7.925,
                0.375
              ],
              "size": [
                0.75,
                0.45,
                0.45
              ],
              "pivot": [
                0,
                7.8,
                0
              ],
              "rotation": [
                45,
                0,
                0
              ],
              "uv": {
                "north": {
                  "uv": [
                    0,
                    0
                  ],
                  "uv_size": [
                    0.75,
                    0.45
                  ]
                },
                "east": {
                  "uv": [
                    0,
                    0
                  ],
                  "uv_size": [
                    0.45,
                    0.45
                  ]
                },
                "south": {
                  "uv": [
                    0,
                    0
                  ],
                  "uv_size": [
                    0.75,
                    0.45
                  ]
                },
                "west": {
                  "uv": [
                    0,
                    0
                  ],
                  "uv_size": [
                    0.45,
                    0.45
                  ]
                },
                "up": {
                  "uv": [
                    0.75,
                    0.45
                  ],
                  "uv_size": [
                    -0.75,
                    -0.45
                  ]
                },
                "down": {
                  "uv": [
                    0.75,
                    0.45
                  ],
                  "uv_size": [
                    -0.75,
                    -0.45
                  ]
                }
              }
            },
            {
              "origin": [
                -0.375,
                7.275,
                -0.3
              ],
              "size": [
                0.75,
                0.45,
                0.45
              ],
              "pivot": [
                0,
                7.8,
                0
              ],
              "rotation": [
                45,
                0,
                0
              ],
              "uv": {
                "north": {
                  "uv": [
                    0,
                    0
                  ],
                  "uv_size": [
                    0.75,
                    0.45
                  ]
                },
                "east": {
                  "uv": [
                    0,
                    0
                  ],
                  "uv_size": [
                    0.45,
                    0.45
                  ]
                },
                "south": {
                  "uv": [
                    0,
                    0
                  ],
                  "uv_size": [
                    0.75,
                    0.45
                  ]
                },
                "west": {
                  "uv": [
                    0,
                    0
                  ],
                  "uv_size": [
                    0.45,
                    0.45
                  ]
                },
                "up": {
                  "uv": [
                    0.75,
                    0.45
                  ],
                  "uv_size": [
                    -0.75,
                    -0.45
                  ]
                },
                "down": {
                  "uv": [
                    0.75,
                    0.45
                  ],
                  "uv_size": [
                    -0.75,
                    -0.45
                  ]
                }
              }
            },
            {
              "origin": [
                -0.375,
                5.925,
                -1.675
              ],
              "size": [
                0.75,
                0.45,
                0.45
              ],
              "pivot": [
                0,
                7.8,
                0
              ],
              "rotation": [
                45,
                0,
                0
              ],
              "uv": {
                "north": {
                  "uv": [
                    0,
                    0
                  ],
                  "uv_size": [
                    0.75,
                    0.45
                  ]
                },
                "east": {
                  "uv": [
                    0,
                    0
                  ],
                  "uv_size": [
                    0.45,
                    0.45
                  ]
                },
                "south": {
                  "uv": [
                    0,
                    0
                  ],
                  "uv_size": [
                    0.75,
                    0.45
                  ]
                },
                "west": {
                  "uv": [
                    0,
                    0
                  ],
                  "uv_size": [
                    0.45,
                    0.45
                  ]
                },
                "up": {
                  "uv": [
                    0.75,
                    0.45
                  ],
                  "uv_size": [
                    -0.75,
                    -0.45
                  ]
                },
                "down": {
                  "uv": [
                    0.75,
                    0.45
                  ],
                  "uv_size": [
                    -0.75,
                    -0.45
                  ]
                }
              }
            },
            {
              "origin": [
                -0.375,
                5.15,
                -2.45
              ],
              "size": [
                0.75,
                0.45,
                0.45
              ],
              "pivot": [
                0,
                7.8,
                0
              ],
              "rotation": [
                45,
                0,
                0
              ],
              "uv": {
                "north": {
                  "uv": [
                    0,
                    0
                  ],
                  "uv_size": [
                    0.75,
                    0.45
                  ]
                },
                "east": {
                  "uv": [
                    0,
                    0
                  ],
                  "uv_size": [
                    0.45,
                    0.45
                  ]
                },
                "south": {
                  "uv": [
                    0,
                    0
                  ],
                  "uv_size": [
                    0.75,
                    0.45
                  ]
                },
                "west": {
                  "uv": [
                    0,
                    0
                  ],
                  "uv_size": [
                    0.45,
                    0.45
                  ]
                },
                "up": {
                  "uv": [
                    0.75,
                    0.45
                  ],
                  "uv_size": [
                    -0.75,
                    -0.45
                  ]
                },
                "down": {
                  "uv": [
                    0.75,
                    0.45
                  ],
                  "uv_size": [
                    -0.75,
                    -0.45
                  ]
                }
              }
            },
            {
              "origin": [
                -0.375,
                6.575,
                -1
              ],
              "size": [
                0.75,
                0.45,
                0.45
              ],
              "pivot": [
                0,
                7.8,
                0
              ],
              "rotation": [
                45,
                0,
                0
              ],
              "uv": {
                "north": {
                  "uv": [
                    0,
                    0
                  ],
                  "uv_size": [
                    0.75,
                    0.45
                  ]
                },
                "east": {
                  "uv": [
                    0,
                    0
                  ],
                  "uv_size": [
                    0.45,
                    0.45
                  ]
                },
                "south": {
                  "uv": [
                    0,
                    0
                  ],
                  "uv_size": [
                    0.75,
                    0.45
                  ]
                },
                "west": {
                  "uv": [
                    0,
                    0
                  ],
                  "uv_size": [
                    0.45,
                    0.45
                  ]
                },
                "up": {
                  "uv": [
                    0.75,
                    0.45
                  ],
                  "uv_size": [
                    -0.75,
                    -0.45
                  ]
                },
                "down": {
                  "uv": [
                    0.75,
                    0.45
                  ],
                  "uv_size": [
                    -0.75,
                    -0.45
                  ]
                }
              }
            }
          ]
        }
      ]
    }
  ]
}