{
  "format_version": "1.12.0",
  "minecraft:geometry": [
    {
      "description": {
        "identifier": "geometry.unknown",
        "texture_width": 8,
        "texture_height": 8,
        "visible_bounds_width": 2,
        "visible_bounds_height": 2.5,
        "visible_bounds_offset": [
          0,
          0.75,
          0
        ]
      },
      "bones": [
        {
          "name": "Hilt",
          "pivot": [
            0,
            1,
            0
          ],
          "cubes": [
            {
              "origin": [
                -1,
                0.7,
                0
              ],
              "size": [
                0.75,
                4.55,
                1
              ],
              "inflate": -0.1,
              "uv": {
                "north": {
                  "uv": [
                    1,
                    5
                  ],
                  "uv_size": [
                    1,
                    3
                  ]
                },
                "east": {
                  "uv": [
                    0,
                    5
                  ],
                  "uv_size": [
                    2,
                    3
                  ]
                },
                "south": {
                  "uv": [
                    2,
                    5
                  ],
                  "uv_size": [
                    1,
                    3
                  ]
                },
                "west": {
                  "uv": [
                    1,
                    5
                  ],
                  "uv_size": [
                    2,
                    3
                  ]
                },
                "up": {
                  "uv": [
                    2,
                    4
                  ],
                  "uv_size": [
                    -1,
                    1
                  ]
                },
                "down": {
                  "uv": [
                    2,
                    5
                  ],
                  "uv_size": [
                    -1,
                    -1
                  ]
                }
              }
            },
            {
              "origin": [
                -1,
                0.3,
                -0.125
              ],
              "size": [
                0.75,
                0.625,
                1
              ],
              "inflate": -0.15,
              "pivot": [
                0,
                1,
                0
              ],
              "rotation": [
                25,
                0,
                0
              ],
              "uv": {
                "north": {
                  "uv": [
                    1,
                    5
                  ],
                  "uv_size": [
                    1,
                    1
                  ]
                },
                "east": {
                  "uv": [
                    0,
                    5
                  ],
                  "uv_size": [
                    2,
                    1
                  ]
                },
                "south": {
                  "uv": [
                    2,
                    5
                  ],
                  "uv_size": [
                    1,
                    1
                  ]
                },
                "west": {
                  "uv": [
                    1,
                    5
                  ],
                  "uv_size": [
                    2,
                    1
                  ]
                },
                "up": {
                  "uv": [
                    2,
                    4
                  ],
                  "uv_size": [
                    -1,
                    1
                  ]
                },
                "down": {
                  "uv": [
                    2,
                    5
                  ],
                  "uv_size": [
                    -1,
                    -1
                  ]
                }
              }
            },
            {
              "origin": [
                -1,
                4.225,
                1.7
              ],
              "size": [
                0.75,
                0.65,
                1.025
              ],
              "inflate": -0.15,
              "pivot": [
                0,
                1,
                0
              ],
              "rotation": [
                25,
                0,
                0
              ],
              "uv": {
                "north": {
                  "uv": [
                    2,
                    6
                  ],
                  "uv_size": [
                    1,
                    1
                  ]
                },
                "east": {
                  "uv": [
                    1,
                    6
                  ],
                  "uv_size": [
                    2,
                    1
                  ]
                },
                "south": {
                  "uv": [
                    3,
                    6
                  ],
                  "uv_size": [
                    1,
                    1
                  ]
                },
                "west": {
                  "uv": [
                    2,
                    6
                  ],
                  "uv_size": [
                    2,
                    1
                  ]
                },
                "up": {
                  "uv": [
                    3,
                    5
                  ],
                  "uv_size": [
                    -1,
                    1
                  ]
                },
                "down": {
                  "uv": [
                    3,
                    6
                  ],
                  "uv_size": [
                    -1,
                    -1
                  ]
                }
              }
            },
            {
              "origin": [
                -0.9,
                4.225,
                2.075
              ],
              "size": [
                0.55,
                0.65,
                0.725
              ],
              "inflate": -0.15,
              "pivot": [
                0,
                1,
                0
              ],
              "rotation": [
                32,
                0,
                0
              ],
              "uv": {
                "north": {
                  "uv": [
                    5,
                    2
                  ],
                  "uv_size": [
                    1,
                    1
                  ]
                },
                "east": {
                  "uv": [
                    4,
                    2
                  ],
                  "uv_size": [
                    2,
                    1
                  ]
                },
                "south": {
                  "uv": [
                    6,
                    2
                  ],
                  "uv_size": [
                    1,
                    1
                  ]
                },
                "west": {
                  "uv": [
                    5,
                    2
                  ],
                  "uv_size": [
                    2,
                    1
                  ]
                },
                "up": {
                  "uv": [
                    6,
                    1
                  ],
                  "uv_size": [
                    -1,
                    1
                  ]
                },
                "down": {
                  "uv": [
                    6,
                    2
                  ],
                  "uv_size": [
                    -1,
                    -1
                  ]
                }
              }
            },
            {
              "origin": [
                -0.9,
                4.175,
                1.975
              ],
              "size": [
                0.55,
                0.775,
                0.825
              ],
              "inflate": -0.2,
              "pivot": [
                0,
                1,
                0
              ],
              "rotation": [
                32,
                0,
                0
              ],
              "uv": {
                "north": {
                  "uv": [
                    2,
                    2
                  ],
                  "uv_size": [
                    1,
                    1
                  ]
                },
                "east": {
                  "uv": [
                    1,
                    2
                  ],
                  "uv_size": [
                    2,
                    1
                  ]
                },
                "south": {
                  "uv": [
                    3,
                    2
                  ],
                  "uv_size": [
                    1,
                    1
                  ]
                },
                "west": {
                  "uv": [
                    2,
                    2
                  ],
                  "uv_size": [
                    2,
                    1
                  ]
                },
                "up": {
                  "uv": [
                    3,
                    1
                  ],
                  "uv_size": [
                    -1,
                    1
                  ]
                },
                "down": {
                  "uv": [
                    3,
                    2
                  ],
                  "uv_size": [
                    -1,
                    -1
                  ]
                }
              }
            },
            {
              "origin": [
                -0.9,
                4.8,
                -1.425
              ],
              "size": [
                0.55,
                0.875,
                0.775
              ],
              "inflate": -0.125,
              "pivot": [
                0,
                1,
                0
              ],
              "rotation": [
                -19,
                0,
                0
              ],
              "uv": {
                "north": {
                  "uv": [
                    5,
                    3
                  ],
                  "uv_size": [
                    1,
                    1
                  ]
                },
                "east": {
                  "uv": [
                    4,
                    3
                  ],
                  "uv_size": [
                    2,
                    1
                  ]
                },
                "south": {
                  "uv": [
                    6,
                    3
                  ],
                  "uv_size": [
                    1,
                    1
                  ]
                },
                "west": {
                  "uv": [
                    5,
                    3
                  ],
                  "uv_size": [
                    2,
                    1
                  ]
                },
                "up": {
                  "uv": [
                    6,
                    2
                  ],
                  "uv_size": [
                    -1,
                    1
                  ]
                },
                "down": {
                  "uv": [
                    6,
                    3
                  ],
                  "uv_size": [
                    -1,
                    -1
                  ]
                }
              }
            },
            {
              "origin": [
                -0.9,
                5.15,
                0.7
              ],
              "size": [
                0.55,
                2.15,
                0.725
              ],
              "inflate": -0.175,
              "pivot": [
                0,
                1,
                0
              ],
              "rotation": [
                3.5,
                0,
                0
              ],
              "uv": {
                "north": {
                  "uv": [
                    6,
                    4
                  ],
                  "uv_size": [
                    -1,
                    -2
                  ]
                },
                "east": {
                  "uv": [
                    6,
                    4
                  ],
                  "uv_size": [
                    -2,
                    -2
                  ]
                },
                "south": {
                  "uv": [
                    7,
                    3
                  ],
                  "uv_size": [
                    -1,
                    -1
                  ]
                },
                "west": {
                  "uv": [
                    7,
                    4
                  ],
                  "uv_size": [
                    -2,
                    -2
                  ]
                },
                "up": {
                  "uv": [
                    5,
                    3
                  ],
                  "uv_size": [
                    1,
                    -2
                  ]
                },
                "down": {
                  "uv": [
                    5,
                    1
                  ],
                  "uv_size": [
                    1,
                    2
                  ]
                }
              }
            },
            {
              "origin": [
                -0.9,
                5.3,
                -1
              ],
              "size": [
                0.55,
                2.65,
                0.825
              ],
              "inflate": -0.2,
              "pivot": [
                0,
                1,
                0
              ],
              "rotation": [
                -9.5,
                0,
                0
              ],
              "uv": {
                "north": {
                  "uv": [
                    5,
                    4
                  ],
                  "uv_size": [
                    -1,
                    -2
                  ]
                },
                "east": {
                  "uv": [
                    5,
                    4
                  ],
                  "uv_size": [
                    -1,
                    -1
                  ]
                },
                "south": {
                  "uv": [
                    6,
                    3
                  ],
                  "uv_size": [
                    -1,
                    -1
                  ]
                },
                "west": {
                  "uv": [
                    6,
                    4
                  ],
                  "uv_size": [
                    -2,
                    -2
                  ]
                },
                "up": {
                  "uv": [
                    4,
                    3
                  ],
                  "uv_size": [
                    1,
                    -2
                  ]
                },
                "down": {
                  "uv": [
                    4,
                    1
                  ],
                  "uv_size": [
                    1,
                    2
                  ]
                }
              }
            },
            {
              "origin": [
                -0.9,
                5.2,
                -1.1
              ],
              "size": [
                0.55,
                2.75,
                0.825
              ],
              "inflate": -0.25,
              "pivot": [
                0,
                1,
                0
              ],
              "rotation": [
                -9.5,
                0,
                0
              ],
              "uv": {
                "north": {
                  "uv": [
                    2,
                    4
                  ],
                  "uv_size": [
                    -1,
                    -2
                  ]
                },
                "east": {
                  "uv": [
                    2,
                    4
                  ],
                  "uv_size": [
                    -1,
                    -1
                  ]
                },
                "south": {
                  "uv": [
                    3,
                    3
                  ],
                  "uv_size": [
                    -1,
                    -1
                  ]
                },
                "west": {
                  "uv": [
                    3,
                    4
                  ],
                  "uv_size": [
                    -2,
                    -2
                  ]
                },
                "up": {
                  "uv": [
                    1,
                    3
                  ],
                  "uv_size": [
                    1,
                    -2
                  ]
                },
                "down": {
                  "uv": [
                    1,
                    1
                  ],
                  "uv_size": [
                    1,
                    2
                  ]
                }
              }
            },
            {
              "origin": [
                -0.9,
                7.375,
                -0.15
              ],
              "size": [
                0.55,
                3.4,
                0.725
              ],
              "inflate": -0.275,
              "pivot": [
                0,
                1,
                0
              ],
              "rotation": [
                -2,
                0,
                0
              ],
              "uv": {
                "north": {
                  "uv": [
                    5,
                    2
                  ],
                  "uv_size": [
                    -1,
                    2
                  ]
                },
                "east": {
                  "uv": [
                    5,
                    3
                  ],
                  "uv_size": [
                    -1,
                    1
                  ]
                },
                "south": {
                  "uv": [
                    6,
                    2
                  ],
                  "uv_size": [
                    -1,
                    1
                  ]
                },
                "west": {
                  "uv": [
                    6,
                    2
                  ],
                  "uv_size": [
                    -2,
                    2
                  ]
                },
                "up": {
                  "uv": [
                    4,
                    1
                  ],
                  "uv_size": [
                    1,
                    2
                  ]
                },
                "down": {
                  "uv": [
                    4,
                    3
                  ],
                  "uv_size": [
                    1,
                    -2
                  ]
                }
              }
            },
            {
              "origin": [
                -0.9,
                7.525,
                0.325
              ],
              "size": [
                0.55,
                4.2,
                0.575
              ],
              "inflate": -0.2,
              "pivot": [
                0,
                1,
                0
              ],
              "rotation": [
                -2,
                0,
                0
              ],
              "uv": {
                "north": {
                  "uv": [
                    5,
                    2
                  ],
                  "uv_size": [
                    -1,
                    2
                  ]
                },
                "east": {
                  "uv": [
                    5,
                    3
                  ],
                  "uv_size": [
                    -1,
                    1
                  ]
                },
                "south": {
                  "uv": [
                    6,
                    2
                  ],
                  "uv_size": [
                    -1,
                    1
                  ]
                },
                "west": {
                  "uv": [
                    6,
                    2
                  ],
                  "uv_size": [
                    -2,
                    2
                  ]
                },
                "up": {
                  "uv": [
                    4,
                    1
                  ],
                  "uv_size": [
                    1,
                    2
                  ]
                },
                "down": {
                  "uv": [
                    4,
                    3
                  ],
                  "uv_size": [
                    1,
                    -2
                  ]
                }
              }
            },
            {
              "origin": [
                -0.9,
                11.275,
                -0.225
              ],
              "size": [
                0.55,
                5.525,
                0.575
              ],
              "inflate": -0.2,
              "pivot": [
                0,
                1,
                0
              ],
              "rotation": [
                -5,
                0,
                0
              ],
              "uv": {
                "north": {
                  "uv": [
                    5,
                    2
                  ],
                  "uv_size": [
                    -1,
                    2
                  ]
                },
                "east": {
                  "uv": [
                    5,
                    3
                  ],
                  "uv_size": [
                    -1,
                    1
                  ]
                },
                "south": {
                  "uv": [
                    6,
                    2
                  ],
                  "uv_size": [
                    -1,
                    1
                  ]
                },
                "west": {
                  "uv": [
                    6,
                    2
                  ],
                  "uv_size": [
                    -2,
                    2
                  ]
                },
                "up": {
                  "uv": [
                    4,
                    1
                  ],
                  "uv_size": [
                    1,
                    2
                  ]
                },
                "down": {
                  "uv": [
                    4,
                    3
                  ],
                  "uv_size": [
                    1,
                    -2
                  ]
                }
              }
            },
            {
              "origin": [
                -0.9,
                12.55,
                -1.075
              ],
              "size": [
                0.55,
                2.7,
                0.6
              ],
              "inflate": -0.2,
              "pivot": [
                0,
                1,
                0
              ],
              "rotation": [
                -5,
                0,
                0
              ],
              "uv": {
                "north": {
                  "uv": [
                    5,
                    2
                  ],
                  "uv_size": [
                    -1,
                    2
                  ]
                },
                "east": {
                  "uv": [
                    5,
                    3
                  ],
                  "uv_size": [
                    -1,
                    1
                  ]
                },
                "south": {
                  "uv": [
                    6,
                    2
                  ],
                  "uv_size": [
                    -1,
                    1
                  ]
                },
                "west": {
                  "uv": [
                    6,
                    2
                  ],
                  "uv_size": [
                    -2,
                    2
                  ]
                },
                "up": {
                  "uv": [
                    4,
                    1
                  ],
                  "uv_size": [
                    1,
                    2
                  ]
                },
                "down": {
                  "uv": [
                    4,
                    3
                  ],
                  "uv_size": [
                    1,
                    -2
                  ]
                }
              }
            },
            {
              "origin": [
                -0.9,
                12.5,
                -1.175
              ],
              "size": [
                0.55,
                2.825,
                0.625
              ],
              "inflate": -0.25,
              "pivot": [
                0,
                1,
                0
              ],
              "rotation": [
                -5,
                0,
                0
              ],
              "uv": {
                "north": {
                  "uv": [
                    2,
                    2
                  ],
                  "uv_size": [
                    -1,
                    2
                  ]
                },
                "east": {
                  "uv": [
                    2,
                    3
                  ],
                  "uv_size": [
                    -1,
                    1
                  ]
                },
                "south": {
                  "uv": [
                    3,
                    2
                  ],
                  "uv_size": [
                    -1,
                    1
                  ]
                },
                "west": {
                  "uv": [
                    3,
                    2
                  ],
                  "uv_size": [
                    -2,
                    2
                  ]
                },
                "up": {
                  "uv": [
                    1,
                    1
                  ],
                  "uv_size": [
                    1,
                    2
                  ]
                },
                "down": {
                  "uv": [
                    1,
                    3
                  ],
                  "uv_size": [
                    1,
                    -2
                  ]
                }
              }
            },
            {
              "origin": [
                -0.9,
                7.375,
                0.25
              ],
              "size": [
                0.55,
                5.65,
                0.625
              ],
              "inflate": -0.25,
              "pivot": [
                0,
                1,
                0
              ],
              "rotation": [
                2,
                0,
                0
              ],
              "uv": {
                "north": {
                  "uv": [
                    2,
                    2
                  ],
                  "uv_size": [
                    -1,
                    2
                  ]
                },
                "east": {
                  "uv": [
                    2,
                    3
                  ],
                  "uv_size": [
                    -1,
                    1
                  ]
                },
                "south": {
                  "uv": [
                    3,
                    2
                  ],
                  "uv_size": [
                    -1,
                    1
                  ]
                },
                "west": {
                  "uv": [
                    3,
                    2
                  ],
                  "uv_size": [
                    -2,
                    2
                  ]
                },
                "up": {
                  "uv": [
                    1,
                    1
                  ],
                  "uv_size": [
                    1,
                    2
                  ]
                },
                "down": {
                  "uv": [
                    1,
                    3
                  ],
                  "uv_size": [
                    1,
                    -2
                  ]
                }
              }
            },
            {
              "origin": [
                -0.9,
                7.475,
                0.325
              ],
              "size": [
                0.55,
                5.55,
                0.725
              ],
              "inflate": -0.225,
              "pivot": [
                0,
                1,
                0
              ],
              "rotation": [
                2,
                0,
                0
              ],
              "uv": {
                "north": {
                  "uv": [
                    5,
                    2
                  ],
                  "uv_size": [
                    -1,
                    2
                  ]
                },
                "east": {
                  "uv": [
                    5,
                    3
                  ],
                  "uv_size": [
                    -1,
                    1
                  ]
                },
                "south": {
                  "uv": [
                    6,
                    2
                  ],
                  "uv_size": [
                    -1,
                    1
                  ]
                },
                "west": {
                  "uv": [
                    6,
                    2
                  ],
                  "uv_size": [
                    -2,
                    2
                  ]
                },
                "up": {
                  "uv": [
                    4,
                    1
                  ],
                  "uv_size": [
                    1,
                    2
                  ]
                },
                "down": {
                  "uv": [
                    4,
                    3
                  ],
                  "uv_size": [
                    1,
                    -2
                  ]
                }
              }
            },
            {
              "origin": [
                -0.9,
                12.85,
                -7.45
              ],
              "size": [
                0.55,
                2.25,
                0.575
              ],
              "inflate": -0.2,
              "pivot": [
                0,
                1,
                0
              ],
              "rotation": [
                -32.5,
                0,
                0
              ],
              "uv": {
                "north": {
                  "uv": [
                    5,
                    2
                  ],
                  "uv_size": [
                    -1,
                    2
                  ]
                },
                "east": {
                  "uv": [
                    5,
                    3
                  ],
                  "uv_size": [
                    -1,
                    1
                  ]
                },
                "south": {
                  "uv": [
                    6,
                    2
                  ],
                  "uv_size": [
                    -1,
                    1
                  ]
                },
                "west": {
                  "uv": [
                    6,
                    2
                  ],
                  "uv_size": [
                    -2,
                    2
                  ]
                },
                "up": {
                  "uv": [
                    4,
                    1
                  ],
                  "uv_size": [
                    1,
                    2
                  ]
                },
                "down": {
                  "uv": [
                    4,
                    3
                  ],
                  "uv_size": [
                    1,
                    -2
                  ]
                }
              }
            },
            {
              "origin": [
                -0.9,
                12.8,
                -7.575
              ],
              "size": [
                0.55,
                2.4,
                0.75
              ],
              "inflate": -0.25,
              "pivot": [
                0,
                1,
                0
              ],
              "rotation": [
                -32.5,
                0,
                0
              ],
              "uv": {
                "north": {
                  "uv": [
                    2,
                    2
                  ],
                  "uv_size": [
                    -1,
                    2
                  ]
                },
                "east": {
                  "uv": [
                    2,
                    3
                  ],
                  "uv_size": [
                    -1,
                    1
                  ]
                },
                "south": {
                  "uv": [
                    3,
                    2
                  ],
                  "uv_size": [
                    -1,
                    1
                  ]
                },
                "west": {
                  "uv": [
                    3,
                    2
                  ],
                  "uv_size": [
                    -2,
                    2
                  ]
                },
                "up": {
                  "uv": [
                    1,
                    1
                  ],
                  "uv_size": [
                    1,
                    2
                  ]
                },
                "down": {
                  "uv": [
                    1,
                    3
                  ],
                  "uv_size": [
                    1,
                    -2
                  ]
                }
              }
            },
            {
              "origin": [
                -0.9,
                12.85,
                -7.45
              ],
              "size": [
                0.55,
                1.95,
                0.775
              ],
              "inflate": -0.25,
              "pivot": [
                0,
                1,
                0
              ],
              "rotation": [
                -32.5,
                0,
                0
              ],
              "uv": {
                "north": {
                  "uv": [
                    5,
                    2
                  ],
                  "uv_size": [
                    -1,
                    2
                  ]
                },
                "east": {
                  "uv": [
                    5,
                    3
                  ],
                  "uv_size": [
                    -1,
                    1
                  ]
                },
                "south": {
                  "uv": [
                    6,
                    2
                  ],
                  "uv_size": [
                    -1,
                    1
                  ]
                },
                "west": {
                  "uv": [
                    6,
                    2
                  ],
                  "uv_size": [
                    -2,
                    2
                  ]
                },
                "up": {
                  "uv": [
                    4,
                    1
                  ],
                  "uv_size": [
                    1,
                    2
                  ]
                },
                "down": {
                  "uv": [
                    4,
                    3
                  ],
                  "uv_size": [
                    1,
                    -2
                  ]
                }
              }
            },
            {
              "origin": [
                -0.9,
                6.3,
                2.15
              ],
              "size": [
                0.55,
                0.9,
                0.925
              ],
              "inflate": -0.225,
              "pivot": [
                0,
                1,
                0
              ],
              "rotation": [
                18,
                0,
                0
              ],
              "uv": {
                "north": {
                  "uv": [
                    5,
                    4
                  ],
                  "uv_size": [
                    1,
                    -1
                  ]
                },
                "east": {
                  "uv": [
                    4,
                    4
                  ],
                  "uv_size": [
                    2,
                    -1
                  ]
                },
                "south": {
                  "uv": [
                    6,
                    4
                  ],
                  "uv_size": [
                    1,
                    -1
                  ]
                },
                "west": {
                  "uv": [
                    5,
                    4
                  ],
                  "uv_size": [
                    2,
                    -1
                  ]
                },
                "up": {
                  "uv": [
                    6,
                    3
                  ],
                  "uv_size": [
                    -1,
                    -1
                  ]
                },
                "down": {
                  "uv": [
                    6,
                    2
                  ],
                  "uv_size": [
                    -1,
                    1
                  ]
                }
              }
            },
            {
              "origin": [
                -0.9,
                6.55,
                2.45
              ],
              "size": [
                0.55,
                0.9,
                0.725
              ],
              "inflate": -0.2,
              "pivot": [
                0,
                1,
                0
              ],
              "rotation": [
                18,
                0,
                0
              ],
              "uv": {
                "north": {
                  "uv": [
                    5,
                    4
                  ],
                  "uv_size": [
                    1,
                    -1
                  ]
                },
                "east": {
                  "uv": [
                    4,
                    4
                  ],
                  "uv_size": [
                    2,
                    -1
                  ]
                },
                "south": {
                  "uv": [
                    6,
                    4
                  ],
                  "uv_size": [
                    1,
                    -1
                  ]
                },
                "west": {
                  "uv": [
                    5,
                    4
                  ],
                  "uv_size": [
                    2,
                    -1
                  ]
                },
                "up": {
                  "uv": [
                    6,
                    3
                  ],
                  "uv_size": [
                    -1,
                    -1
                  ]
                },
                "down": {
                  "uv": [
                    6,
                    2
                  ],
                  "uv_size": [
                    -1,
                    1
                  ]
                }
              }
            },
            {
              "origin": [
                -0.9,
                6.8,
                2.35
              ],
              "size": [
                0.55,
                0.9,
                0.95
              ],
              "inflate": -0.25,
              "pivot": [
                0,
                1,
                0
              ],
              "rotation": [
                18,
                0,
                0
              ],
              "uv": {
                "north": {
                  "uv": [
                    5,
                    4
                  ],
                  "uv_size": [
                    1,
                    -1
                  ]
                },
                "east": {
                  "uv": [
                    4,
                    4
                  ],
                  "uv_size": [
                    2,
                    -1
                  ]
                },
                "south": {
                  "uv": [
                    6,
                    4
                  ],
                  "uv_size": [
                    1,
                    -1
                  ]
                },
                "west": {
                  "uv": [
                    5,
                    4
                  ],
                  "uv_size": [
                    2,
                    -1
                  ]
                },
                "up": {
                  "uv": [
                    6,
                    3
                  ],
                  "uv_size": [
                    -1,
                    -1
                  ]
                },
                "down": {
                  "uv": [
                    6,
                    2
                  ],
                  "uv_size": [
                    -1,
                    1
                  ]
                }
              }
            },
            {
              "origin": [
                -0.9,
                7.55,
                2.4
              ],
              "size": [
                0.55,
                0.9,
                1.05
              ],
              "inflate": -0.25,
              "pivot": [
                0,
                1,
                0
              ],
              "rotation": [
                18,
                0,
                0
              ],
              "uv": {
                "north": {
                  "uv": [
                    5,
                    4
                  ],
                  "uv_size": [
                    1,
                    -1
                  ]
                },
                "east": {
                  "uv": [
                    4,
                    4
                  ],
                  "uv_size": [
                    2,
                    -1
                  ]
                },
                "south": {
                  "uv": [
                    6,
                    4
                  ],
                  "uv_size": [
                    1,
                    -1
                  ]
                },
                "west": {
                  "uv": [
                    5,
                    4
                  ],
                  "uv_size": [
                    2,
                    -1
                  ]
                },
                "up": {
                  "uv": [
                    6,
                    3
                  ],
                  "uv_size": [
                    -1,
                    -1
                  ]
                },
                "down": {
                  "uv": [
                    6,
                    2
                  ],
                  "uv_size": [
                    -1,
                    1
                  ]
                }
              }
            },
            {
              "origin": [
                -0.9,
                8.3,
                2.7
              ],
              "size": [
                0.55,
                0.9,
                1.05
              ],
              "inflate": -0.25,
              "pivot": [
                0,
                1,
                0
              ],
              "rotation": [
                18,
                0,
                0
              ],
              "uv": {
                "north": {
                  "uv": [
                    5,
                    4
                  ],
                  "uv_size": [
                    1,
                    -1
                  ]
                },
                "east": {
                  "uv": [
                    4,
                    4
                  ],
                  "uv_size": [
                    2,
                    -1
                  ]
                },
                "south": {
                  "uv": [
                    6,
                    4
                  ],
                  "uv_size": [
                    1,
                    -1
                  ]
                },
                "west": {
                  "uv": [
                    5,
                    4
                  ],
                  "uv_size": [
                    2,
                    -1
                  ]
                },
                "up": {
                  "uv": [
                    6,
                    3
                  ],
                  "uv_size": [
                    -1,
                    -1
                  ]
                },
                "down": {
                  "uv": [
                    6,
                    2
                  ],
                  "uv_size": [
                    -1,
                    1
                  ]
                }
              }
            },
            {
              "origin": [
                -0.9,
                9.05,
                2.95
              ],
              "size": [
                0.55,
                0.9,
                1.075
              ],
              "inflate": -0.25,
              "pivot": [
                0,
                1,
                0
              ],
              "rotation": [
                18,
                0,
                0
              ],
              "uv": {
                "north": {
                  "uv": [
                    5,
                    4
                  ],
                  "uv_size": [
                    1,
                    -1
                  ]
                },
                "east": {
                  "uv": [
                    4,
                    4
                  ],
                  "uv_size": [
                    2,
                    -1
                  ]
                },
                "south": {
                  "uv": [
                    6,
                    4
                  ],
                  "uv_size": [
                    1,
                    -1
                  ]
                },
                "west": {
                  "uv": [
                    5,
                    4
                  ],
                  "uv_size": [
                    2,
                    -1
                  ]
                },
                "up": {
                  "uv": [
                    6,
                    3
                  ],
                  "uv_size": [
                    -1,
                    -1
                  ]
                },
                "down": {
                  "uv": [
                    6,
                    2
                  ],
                  "uv_size": [
                    -1,
                    1
                  ]
                }
              }
            },
            {
              "origin": [
                -0.9,
                9.875,
                0.225
              ],
              "size": [
                0.55,
                5.5,
                1.025
              ],
              "inflate": -0.25,
              "uv": {
                "north": {
                  "uv": [
                    5,
                    3
                  ],
                  "uv_size": [
                    1,
                    1
                  ]
                },
                "east": {
                  "uv": [
                    4,
                    3
                  ],
                  "uv_size": [
                    2,
                    1
                  ]
                },
                "south": {
                  "uv": [
                    6,
                    3
                  ],
                  "uv_size": [
                    1,
                    1
                  ]
                },
                "west": {
                  "uv": [
                    5,
                    3
                  ],
                  "uv_size": [
                    2,
                    1
                  ]
                },
                "up": {
                  "uv": [
                    6,
                    2
                  ],
                  "uv_size": [
                    -1,
                    1
                  ]
                },
                "down": {
                  "uv": [
                    6,
                    3
                  ],
                  "uv_size": [
                    -1,
                    -1
                  ]
                }
              }
            },
            {
              "origin": [
                -0.875,
                12.025,
                -0.325
              ],
              "size": [
                0.55,
                3.825,
                1.125
              ],
              "inflate": -0.25,
              "pivot": [
                0,
                1,
                0
              ],
              "rotation": [
                -3,
                0,
                0
              ],
              "uv": {
                "north": {
                  "uv": [
                    5,
                    3
                  ],
                  "uv_size": [
                    1,
                    1
                  ]
                },
                "east": {
                  "uv": [
                    4,
                    3
                  ],
                  "uv_size": [
                    2,
                    1
                  ]
                },
                "south": {
                  "uv": [
                    6,
                    3
                  ],
                  "uv_size": [
                    1,
                    1
                  ]
                },
                "west": {
                  "uv": [
                    5,
                    3
                  ],
                  "uv_size": [
                    2,
                    1
                  ]
                },
                "up": {
                  "uv": [
                    6,
                    2
                  ],
                  "uv_size": [
                    -1,
                    1
                  ]
                },
                "down": {
                  "uv": [
                    6,
                    3
                  ],
                  "uv_size": [
                    -1,
                    -1
                  ]
                }
              }
            },
            {
              "origin": [
                -0.875,
                15.025,
                -0.05
              ],
              "size": [
                0.55,
                1.225,
                0.85
              ],
              "inflate": -0.25,
              "pivot": [
                0,
                1,
                0
              ],
              "rotation": [
                -3,
                0,
                0
              ],
              "uv": {
                "north": {
                  "uv": [
                    5,
                    3
                  ],
                  "uv_size": [
                    1,
                    1
                  ]
                },
                "east": {
                  "uv": [
                    4,
                    3
                  ],
                  "uv_size": [
                    2,
                    1
                  ]
                },
                "south": {
                  "uv": [
                    6,
                    3
                  ],
                  "uv_size": [
                    1,
                    1
                  ]
                },
                "west": {
                  "uv": [
                    5,
                    3
                  ],
                  "uv_size": [
                    2,
                    1
                  ]
                },
                "up": {
                  "uv": [
                    6,
                    2
                  ],
                  "uv_size": [
                    -1,
                    1
                  ]
                },
                "down": {
                  "uv": [
                    6,
                    3
                  ],
                  "uv_size": [
                    -1,
                    -1
                  ]
                }
              }
            },
            {
              "origin": [
                -0.9,
                8.975,
                0.025
              ],
              "size": [
                0.55,
                5.4,
                0.7
              ],
              "inflate": -0.25,
              "uv": {
                "north": {
                  "uv": [
                    5,
                    4
                  ],
                  "uv_size": [
                    1,
                    -1
                  ]
                },
                "east": {
                  "uv": [
                    4,
                    4
                  ],
                  "uv_size": [
                    2,
                    -1
                  ]
                },
                "south": {
                  "uv": [
                    6,
                    4
                  ],
                  "uv_size": [
                    1,
                    -1
                  ]
                },
                "west": {
                  "uv": [
                    5,
                    4
                  ],
                  "uv_size": [
                    2,
                    -1
                  ]
                },
                "up": {
                  "uv": [
                    6,
                    3
                  ],
                  "uv_size": [
                    -1,
                    -1
                  ]
                },
                "down": {
                  "uv": [
                    6,
                    2
                  ],
                  "uv_size": [
                    -1,
                    1
                  ]
                }
              }
            },
            {
              "origin": [
                -1,
                4.925,
                -1
              ],
              "size": [
                0.75,
                0.7,
                0.7
              ],
              "inflate": -0.175,
              "pivot": [
                0,
                1,
                0
              ],
              "rotation": [
                -20,
                0,
                0
              ],
              "uv": {
                "north": {
                  "uv": [
                    2,
                    6
                  ],
                  "uv_size": [
                    1,
                    1
                  ]
                },
                "east": {
                  "uv": [
                    1,
                    6
                  ],
                  "uv_size": [
                    2,
                    1
                  ]
                },
                "south": {
                  "uv": [
                    3,
                    6
                  ],
                  "uv_size": [
                    1,
                    1
                  ]
                },
                "west": {
                  "uv": [
                    2,
                    6
                  ],
                  "uv_size": [
                    2,
                    1
                  ]
                },
                "up": {
                  "uv": [
                    3,
                    5
                  ],
                  "uv_size": [
                    -1,
                    1
                  ]
                },
                "down": {
                  "uv": [
                    3,
                    6
                  ],
                  "uv_size": [
                    -1,
                    -1
                  ]
                }
              }
            },
            {
              "origin": [
                -1,
                0.225,
                -0.2
              ],
              "size": [
                0.75,
                0.775,
                1.125
              ],
              "inflate": -0.2,
              "pivot": [
                0,
                1,
                0
              ],
              "rotation": [
                25,
                0,
                0
              ],
              "uv": {
                "north": {
                  "uv": [
                    5,
                    2
                  ],
                  "uv_size": [
                    1,
                    1
                  ]
                },
                "east": {
                  "uv": [
                    4,
                    2
                  ],
                  "uv_size": [
                    2,
                    1
                  ]
                },
                "south": {
                  "uv": [
                    6,
                    2
                  ],
                  "uv_size": [
                    1,
                    1
                  ]
                },
                "west": {
                  "uv": [
                    5,
                    2
                  ],
                  "uv_size": [
                    2,
                    1
                  ]
                },
                "up": {
                  "uv": [
                    6,
                    1
                  ],
                  "uv_size": [
                    -1,
                    1
                  ]
                },
                "down": {
                  "uv": [
                    6,
                    2
                  ],
                  "uv_size": [
                    -1,
                    -1
                  ]
                }
              }
            },
            {
              "origin": [
                -1.075,
                0.75,
                0.1
              ],
              "size": [
                0.9,
                4.4,
                0.8
              ],
              "inflate": -0.1,
              "uv": {
                "north": {
                  "uv": [
                    1,
                    5
                  ],
                  "uv_size": [
                    1,
                    2
                  ]
                },
                "east": {
                  "uv": [
                    1,
                    5
                  ],
                  "uv_size": [
                    1,
                    2
                  ]
                },
                "south": {
                  "uv": [
                    1,
                    5
                  ],
                  "uv_size": [
                    1,
                    2
                  ]
                },
                "west": {
                  "uv": [
                    1,
                    5
                  ],
                  "uv_size": [
                    1,
                    2
                  ]
                },
                "up": {
                  "uv": [
                    2,
                    6
                  ],
                  "uv_size": [
                    -1,
                    -1
                  ]
                },
                "down": {
                  "uv": [
                    2,
                    6
                  ],
                  "uv_size": [
                    -1,
                    -1
                  ]
                }
              }
            },
            {
              "origin": [
                -0.9,
                0.75,
                -0.075
              ],
              "size": [
                0.55,
                4.4,
                1.15
              ],
              "inflate": -0.1,
              "uv": {
                "north": {
                  "uv": [
                    1.5,
                    5.75
                  ],
                  "uv_size": [
                    1,
                    2
                  ]
                },
                "east": {
                  "uv": [
                    0.5,
                    5.75
                  ],
                  "uv_size": [
                    2,
                    2
                  ]
                },
                "south": {
                  "uv": [
                    2.5,
                    5.75
                  ],
                  "uv_size": [
                    1,
                    2
                  ]
                },
                "west": {
                  "uv": [
                    1.5,
                    5.75
                  ],
                  "uv_size": [
                    2,
                    2
                  ]
                },
                "up": {
                  "uv": [
                    2.5,
                    4.75
                  ],
                  "uv_size": [
                    -1,
                    1
                  ]
                },
                "down": {
                  "uv": [
                    2.5,
                    5.75
                  ],
                  "uv_size": [
                    -1,
                    -1
                  ]
                }
              }
            }
          ]
        },
        {
          "name": "bone",
          "parent": "Hilt",
          "pivot": [
            0,
            2.05,
            0
          ],
          "cubes": [
            {
              "origin": [
                -1.075,
                4.15,
                0.1
              ],
              "size": [
                0.9,
                0.3,
                0.8
              ],
              "inflate": -0.075,
              "uv": {
                "north": {
                  "uv": [
                    6,
                    2
                  ],
                  "uv_size": [
                    1,
                    1
                  ]
                },
                "east": {
                  "uv": [
                    6,
                    2
                  ],
                  "uv_size": [
                    1,
                    1
                  ]
                },
                "south": {
                  "uv": [
                    6,
                    2
                  ],
                  "uv_size": [
                    1,
                    1
                  ]
                },
                "west": {
                  "uv": [
                    6,
                    2
                  ],
                  "uv_size": [
                    1,
                    1
                  ]
                },
                "up": {
                  "uv": [
                    7,
                    1
                  ],
                  "uv_size": [
                    -1,
                    1
                  ]
                },
                "down": {
                  "uv": [
                    7,
                    1
                  ],
                  "uv_size": [
                    -1,
                    1
                  ]
                }
              }
            },
            {
              "origin": [
                -1.025,
                4.15,
                0
              ],
              "size": [
                0.8,
                0.3,
                1
              ],
              "inflate": -0.075,
              "uv": {
                "north": {
                  "uv": [
                    6,
                    2
                  ],
                  "uv_size": [
                    1,
                    1
                  ]
                },
                "east": {
                  "uv": [
                    6,
                    2
                  ],
                  "uv_size": [
                    1,
                    1
                  ]
                },
                "south": {
                  "uv": [
                    6,
                    2
                  ],
                  "uv_size": [
                    1,
                    1
                  ]
                },
                "west": {
                  "uv": [
                    6,
                    2
                  ],
                  "uv_size": [
                    1,
                    1
                  ]
                },
                "up": {
                  "uv": [
                    7,
                    1
                  ],
                  "uv_size": [
                    -1,
                    1
                  ]
                },
                "down": {
                  "uv": [
                    7,
                    1
                  ],
                  "uv_size": [
                    -1,
                    1
                  ]
                }
              }
            },
            {
              "origin": [
                -0.925,
                4.15,
                -0.075
              ],
              "size": [
                0.6,
                0.3,
                1.15
              ],
              "inflate": -0.075,
              "uv": {
                "north": {
                  "uv": [
                    6,
                    2
                  ],
                  "uv_size": [
                    1,
                    1
                  ]
                },
                "east": {
                  "uv": [
                    6,
                    2
                  ],
                  "uv_size": [
                    1,
                    1
                  ]
                },
                "south": {
                  "uv": [
                    6,
                    2
                  ],
                  "uv_size": [
                    1,
                    1
                  ]
                },
                "west": {
                  "uv": [
                    6,
                    2
                  ],
                  "uv_size": [
                    1,
                    1
                  ]
                },
                "up": {
                  "uv": [
                    7,
                    1
                  ],
                  "uv_size": [
                    -1,
                    1
                  ]
                },
                "down": {
                  "uv": [
                    7,
                    1
                  ],
                  "uv_size": [
                    -1,
                    1
                  ]
                }
              }
            }
          ]
        },
        {
          "name": "bone2",
          "parent": "Hilt",
          "pivot": [
            0,
            2.3,
            0
          ],
          "cubes": [
            {
              "origin": [
                -1.075,
                4.4,
                0.1
              ],
              "size": [
                0.9,
                0.3,
                0.8
              ],
              "inflate": -0.075,
              "uv": {
                "north": {
                  "uv": [
                    6,
                    2
                  ],
                  "uv_size": [
                    1,
                    1
                  ]
                },
                "east": {
                  "uv": [
                    6,
                    2
                  ],
                  "uv_size": [
                    1,
                    1
                  ]
                },
                "south": {
                  "uv": [
                    6,
                    2
                  ],
                  "uv_size": [
                    1,
                    1
                  ]
                },
                "west": {
                  "uv": [
                    6,
                    2
                  ],
                  "uv_size": [
                    1,
                    1
                  ]
                },
                "up": {
                  "uv": [
                    7,
                    1
                  ],
                  "uv_size": [
                    -1,
                    1
                  ]
                },
                "down": {
                  "uv": [
                    7,
                    1
                  ],
                  "uv_size": [
                    -1,
                    1
                  ]
                }
              }
            },
            {
              "origin": [
                -1.025,
                4.4,
                0
              ],
              "size": [
                0.8,
                0.3,
                1
              ],
              "inflate": -0.075,
              "uv": {
                "north": {
                  "uv": [
                    6,
                    2
                  ],
                  "uv_size": [
                    1,
                    1
                  ]
                },
                "east": {
                  "uv": [
                    6,
                    2
                  ],
                  "uv_size": [
                    1,
                    1
                  ]
                },
                "south": {
                  "uv": [
                    6,
                    2
                  ],
                  "uv_size": [
                    1,
                    1
                  ]
                },
                "west": {
                  "uv": [
                    6,
                    2
                  ],
                  "uv_size": [
                    1,
                    1
                  ]
                },
                "up": {
                  "uv": [
                    7,
                    1
                  ],
                  "uv_size": [
                    -1,
                    1
                  ]
                },
                "down": {
                  "uv": [
                    7,
                    1
                  ],
                  "uv_size": [
                    -1,
                    1
                  ]
                }
              }
            },
            {
              "origin": [
                -0.925,
                4.4,
                -0.075
              ],
              "size": [
                0.6,
                0.3,
                1.15
              ],
              "inflate": -0.075,
              "uv": {
                "north": {
                  "uv": [
                    6,
                    2
                  ],
                  "uv_size": [
                    1,
                    1
                  ]
                },
                "east": {
                  "uv": [
                    6,
                    2
                  ],
                  "uv_size": [
                    1,
                    1
                  ]
                },
                "south": {
                  "uv": [
                    6,
                    2
                  ],
                  "uv_size": [
                    1,
                    1
                  ]
                },
                "west": {
                  "uv": [
                    6,
                    2
                  ],
                  "uv_size": [
                    1,
                    1
                  ]
                },
                "up": {
                  "uv": [
                    7,
                    1
                  ],
                  "uv_size": [
                    -1,
                    1
                  ]
                },
                "down": {
                  "uv": [
                    7,
                    1
                  ],
                  "uv_size": [
                    -1,
                    1
                  ]
                }
              }
            }
          ]
        },
        {
          "name": "bone3",
          "parent": "Hilt",
          "pivot": [
            0,
            -0.9,
            0
          ],
          "cubes": [
            {
              "origin": [
                -1.075,
                1.2,
                0.1
              ],
              "size": [
                0.9,
                0.3,
                0.8
              ],
              "inflate": -0.075,
              "uv": {
                "north": {
                  "uv": [
                    6,
                    2
                  ],
                  "uv_size": [
                    1,
                    1
                  ]
                },
                "east": {
                  "uv": [
                    6,
                    2
                  ],
                  "uv_size": [
                    1,
                    1
                  ]
                },
                "south": {
                  "uv": [
                    6,
                    2
                  ],
                  "uv_size": [
                    1,
                    1
                  ]
                },
                "west": {
                  "uv": [
                    6,
                    2
                  ],
                  "uv_size": [
                    1,
                    1
                  ]
                },
                "up": {
                  "uv": [
                    7,
                    1
                  ],
                  "uv_size": [
                    -1,
                    1
                  ]
                },
                "down": {
                  "uv": [
                    7,
                    1
                  ],
                  "uv_size": [
                    -1,
                    1
                  ]
                }
              }
            },
            {
              "origin": [
                -1.025,
                1.2,
                0
              ],
              "size": [
                0.8,
                0.3,
                1
              ],
              "inflate": -0.075,
              "uv": {
                "north": {
                  "uv": [
                    6,
                    2
                  ],
                  "uv_size": [
                    1,
                    1
                  ]
                },
                "east": {
                  "uv": [
                    6,
                    2
                  ],
                  "uv_size": [
                    1,
                    1
                  ]
                },
                "south": {
                  "uv": [
                    6,
                    2
                  ],
                  "uv_size": [
                    1,
                    1
                  ]
                },
                "west": {
                  "uv": [
                    6,
                    2
                  ],
                  "uv_size": [
                    1,
                    1
                  ]
                },
                "up": {
                  "uv": [
                    7,
                    1
                  ],
                  "uv_size": [
                    -1,
                    1
                  ]
                },
                "down": {
                  "uv": [
                    7,
                    1
                  ],
                  "uv_size": [
                    -1,
                    1
                  ]
                }
              }
            },
            {
              "origin": [
                -0.925,
                1.2,
                -0.075
              ],
              "size": [
                0.6,
                0.3,
                1.15
              ],
              "inflate": -0.075,
              "uv": {
                "north": {
                  "uv": [
                    6,
                    2
                  ],
                  "uv_size": [
                    1,
                    1
                  ]
                },
                "east": {
                  "uv": [
                    6,
                    2
                  ],
                  "uv_size": [
                    1,
                    1
                  ]
                },
                "south": {
                  "uv": [
                    6,
                    2
                  ],
                  "uv_size": [
                    1,
                    1
                  ]
                },
                "west": {
                  "uv": [
                    6,
                    2
                  ],
                  "uv_size": [
                    1,
                    1
                  ]
                },
                "up": {
                  "uv": [
                    7,
                    1
                  ],
                  "uv_size": [
                    -1,
                    1
                  ]
                },
                "down": {
                  "uv": [
                    7,
                    1
                  ],
                  "uv_size": [
                    -1,
                    1
                  ]
                }
              }
            }
          ]
        }
      ]
    }
  ]
}