{
	"format_version": "1.12.0",
	"minecraft:geometry": [
		{
			"description": {
				"identifier": "geometry.unknown",
				"texture_width": 16,
				"texture_height": 16,
				"visible_bounds_width": 2,
				"visible_bounds_height": 1.5,
				"visible_bounds_offset": [0, 0.25, 0]
			},
			"bones": [
				{
					"name": "bb_main",
					"pivot": [0, 0, 0],
					"cubes": [
						{
							"origin": [-4, 1.1, -3],
							"size": [8, 0.3, 6],
							"uv": {
								"north": {"uv": [0, 2], "uv_size": [8, 2]},
								"east": {"uv": [0, 2], "uv_size": [8, 2]},
								"south": {"uv": [0, 2], "uv_size": [8, 2]},
								"west": {"uv": [0, 2], "uv_size": [8, 2]},
								"up": {"uv": [7, 7], "uv_size": [-6, -6]},
								"down": {"uv": [8, 8], "uv_size": [-8, -8]}
							}
						},
						{
							"origin": [-5, 1.4, -4],
							"size": [1, 0.5, 8],
							"uv": {
								"north": {"uv": [0, 2], "uv_size": [1, 0.5]},
								"east": {"uv": [0, 2], "uv_size": [8, 0.5]},
								"south": {"uv": [0, 2], "uv_size": [1, 0.5]},
								"west": {"uv": [0, 2], "uv_size": [8, 0.5]},
								"up": {"uv": [8, 8], "uv_size": [-1, -8]},
								"down": {"uv": [8, 8], "uv_size": [-1, -8]}
							}
						},
						{
							"origin": [-5, 1.4, -5],
							"size": [1, 0.5, 8],
							"pivot": [0, 0, -1],
							"rotation": [0, 90, 0],
							"uv": {
								"north": {"uv": [0, 2], "uv_size": [1, 0.5]},
								"east": {"uv": [0, 2], "uv_size": [8, 0.5]},
								"south": {"uv": [0, 2], "uv_size": [1, 0.5]},
								"west": {"uv": [0, 2], "uv_size": [8, 0.5]},
								"up": {"uv": [8, 7.5], "uv_size": [-1, -7]},
								"down": {"uv": [8, 7.5], "uv_size": [-1, -7]}
							}
						},
						{
							"origin": [2, 1.4, -5],
							"size": [1, 0.5, 8],
							"pivot": [0, 0, -1],
							"rotation": [0, 90, 0],
							"uv": {
								"north": {"uv": [0, 2], "uv_size": [1, 0.5]},
								"east": {"uv": [0, 2], "uv_size": [8, 0.5]},
								"south": {"uv": [0, 2], "uv_size": [1, 0.5]},
								"west": {"uv": [0, 2], "uv_size": [8, 0.5]},
								"up": {"uv": [1, 7.5], "uv_size": [-1, -7]},
								"down": {"uv": [1, 7.5], "uv_size": [-1, -7]}
							}
						},
						{
							"origin": [4, 1.4, -4],
							"size": [1, 0.5, 8],
							"uv": {
								"north": {"uv": [0, 2], "uv_size": [1, 0.5]},
								"east": {"uv": [0, 2], "uv_size": [8, 0.5]},
								"south": {"uv": [0, 2], "uv_size": [1, 0.5]},
								"west": {"uv": [0, 2], "uv_size": [8, 0.5]},
								"up": {"uv": [1, 8], "uv_size": [-1, -8]},
								"down": {"uv": [1, 8], "uv_size": [-1, -8]}
							}
						},
						{
							"origin": [2.75, 3.75, -1.5],
							"size": [0.5, 1.5, 0.25],
							"pivot": [0, 0, 0],
							"rotation": [0, 0, 30],
							"uv": {
								"north": {"uv": [2, 2.5], "uv_size": [0.5, 1.5]},
								"east": {"uv": [2, 2.5], "uv_size": [2, 1.5]},
								"south": {"uv": [2, 2.5], "uv_size": [0.5, 1.5]},
								"west": {"uv": [2, 2.5], "uv_size": [2, 1.5]},
								"up": {"uv": [2.5, 4.5], "uv_size": [-0.5, -2]},
								"down": {"uv": [2.5, 4.5], "uv_size": [-0.5, -2]}
							}
						},
						{
							"origin": [2.75, 3.75, 1.25],
							"size": [0.5, 1.5, 0.25],
							"pivot": [0, 0, 0.15],
							"rotation": [0, 0, 30],
							"uv": {
								"north": {"uv": [2, 2.5], "uv_size": [0.5, 1.5]},
								"east": {"uv": [2, 2.5], "uv_size": [2, 1.5]},
								"south": {"uv": [2, 2.5], "uv_size": [0.5, 1.5]},
								"west": {"uv": [2, 2.5], "uv_size": [2, 1.5]},
								"up": {"uv": [2.5, 4.5], "uv_size": [-0.5, -2]},
								"down": {"uv": [2.5, 4.5], "uv_size": [-0.5, -2]}
							}
						},
						{
							"origin": [2.75, 5, -1.25],
							"size": [0.5, 0.25, 2.5],
							"pivot": [0, 0, 0.15],
							"rotation": [0, 0, 30],
							"uv": {
								"north": {"uv": [2, 2.5], "uv_size": [0.5, 1.5]},
								"east": {"uv": [2, 2.5], "uv_size": [2, 1.5]},
								"south": {"uv": [2, 2.5], "uv_size": [0.5, 1.5]},
								"west": {"uv": [2, 2.5], "uv_size": [2, 1.5]},
								"up": {"uv": [2.5, 4.5], "uv_size": [-0.5, -2]},
								"down": {"uv": [2.5, 4.5], "uv_size": [-0.5, -2]}
							}
						},
						{
							"origin": [-3.25, 3.75, -1.5],
							"size": [0.5, 1.5, 0.25],
							"pivot": [0, 0, -0.15],
							"rotation": [0, 0, -30],
							"uv": {
								"north": {"uv": [2, 2.5], "uv_size": [0.5, 1.5]},
								"east": {"uv": [2, 2.5], "uv_size": [2, 1.5]},
								"south": {"uv": [2, 2.5], "uv_size": [0.5, 1.5]},
								"west": {"uv": [2, 2.5], "uv_size": [2, 1.5]},
								"up": {"uv": [2, 2.5], "uv_size": [0.5, 2]},
								"down": {"uv": [2, 2.5], "uv_size": [0.5, 2]}
							}
						},
						{
							"origin": [-3.25, 3.75, 1.25],
							"size": [0.5, 1.5, 0.25],
							"pivot": [0, 0, 0],
							"rotation": [0, 0, -30],
							"uv": {
								"north": {"uv": [2, 2.5], "uv_size": [0.5, 1.5]},
								"east": {"uv": [2, 2.5], "uv_size": [2, 1.5]},
								"south": {"uv": [2, 2.5], "uv_size": [0.5, 1.5]},
								"west": {"uv": [2, 2.5], "uv_size": [2, 1.5]},
								"up": {"uv": [2, 2.5], "uv_size": [0.5, 2]},
								"down": {"uv": [2, 2.5], "uv_size": [0.5, 2]}
							}
						},
						{
							"origin": [-3.25, 5, -1.25],
							"size": [0.5, 0.25, 2.5],
							"pivot": [0, 0, -0.15],
							"rotation": [0, 0, -30],
							"uv": {
								"north": {"uv": [2, 2.5], "uv_size": [0.5, 1.5]},
								"east": {"uv": [2, 2.5], "uv_size": [2, 1.5]},
								"south": {"uv": [2, 2.5], "uv_size": [0.5, 1.5]},
								"west": {"uv": [2, 2.5], "uv_size": [2, 1.5]},
								"up": {"uv": [2, 2.5], "uv_size": [0.5, 2]},
								"down": {"uv": [2, 2.5], "uv_size": [0.5, 2]}
							}
						}
					]
				}
			]
		}
	]
}