{
	"format_version": "1.12.0",
	"minecraft:geometry": [
		{
			"description": {
				"identifier": "geometry.unknown",
				"texture_width": 37,
				"texture_height": 51,
				"visible_bounds_width": 2,
				"visible_bounds_height": 2.5,
				"visible_bounds_offset": [0, 0.75, 0]
			},
			"bones": [
				{
					"name": "bb_main",
					"pivot": [0, 0, 0],
					"cubes": [
						{
							"origin": [-0.28, 0.82, -0.28],
							"size": [0.56, 9.38, 0.56],
							"uv": {
								"north": {"uv": [8.81, 21], "uv_size": [-0.56, 9.38]},
								"east": {"uv": [8.81, 21], "uv_size": [-0.56, 9.38]},
								"south": {"uv": [8.81, 21], "uv_size": [-0.56, 9.38]},
								"west": {"uv": [8.81, 21], "uv_size": [-0.56, 9.38]},
								"up": {"uv": [8.81, 28], "uv_size": [-0.56, 0.56]},
								"down": {"uv": [8.81, 32.56], "uv_size": [-0.56, -0.56]}
							}
						},
						{
							"origin": [-0.35, 9.535, -0.35],
							"size": [0.7, 0.595, 0.7],
							"uv": {
								"north": {"uv": [115, 25], "uv_size": [-1, 0.75]},
								"east": {"uv": [115, 28], "uv_size": [-1, 0.75]},
								"south": {"uv": [115, 27], "uv_size": [-1, 0.75]},
								"west": {"uv": [115, 26], "uv_size": [-1, 0.75]},
								"up": {"uv": [113, 21], "uv_size": [-1, 1]},
								"down": {"uv": [113, 23], "uv_size": [-1, -1]}
							}
						},
						{
							"origin": [-0.35, 8.52, -0.35],
							"size": [0.7, 0.525, 0.7],
							"uv": {
								"north": {"uv": [115, 31], "uv_size": [-1, 0.75]},
								"east": {"uv": [116, 23], "uv_size": [-1, 0.75]},
								"south": {"uv": [116, 22], "uv_size": [-1, 0.75]},
								"west": {"uv": [116, 21], "uv_size": [-1, 0.75]},
								"up": {"uv": [113, 25], "uv_size": [-1, 1]},
								"down": {"uv": [113, 27], "uv_size": [-1, -1]}
							}
						},
						{
							"origin": [-0.35, 0.435, -0.35],
							"size": [0.7, 0.525, 0.7],
							"uv": {
								"north": {"uv": [113, 31], "uv_size": [-1, 0.75]},
								"east": {"uv": [115, 30], "uv_size": [-1, 0.75]},
								"south": {"uv": [114, 31], "uv_size": [-1, 0.75]},
								"west": {"uv": [115, 29], "uv_size": [-1, 0.75]},
								"up": {"uv": [113, 23], "uv_size": [-1, 1]},
								"down": {"uv": [113, 25], "uv_size": [-1, -1]}
							}
						},
						{
							"origin": [-0.35, 1.485, -0.35],
							"size": [0.7, 0.525, 0.7],
							"uv": {
								"north": {"uv": [116, 24], "uv_size": [-1, 0.75]},
								"east": {"uv": [116, 27], "uv_size": [-1, 0.75]},
								"south": {"uv": [116, 26], "uv_size": [-1, 0.75]},
								"west": {"uv": [116, 25], "uv_size": [-1, 0.75]},
								"up": {"uv": [113, 27], "uv_size": [-1, 1]},
								"down": {"uv": [113, 29], "uv_size": [-1, -1]}
							}
						},
						{
							"origin": [-0.35, 1.345, -0.35],
							"size": [0.7, 0.105, 0.7],
							"uv": {
								"north": {"uv": [10, 7], "uv_size": [-5, 2.25]},
								"east": {"uv": [10, 7], "uv_size": [-5, 2.25]},
								"south": {"uv": [10, 7], "uv_size": [-5, 2.25]},
								"west": {"uv": [10, 7], "uv_size": [-5, 2.25]},
								"up": {"uv": [5, 9.25], "uv_size": [5, -2.25]},
								"down": {"uv": [5, 9.25], "uv_size": [5, -2.25]}
							}
						},
						{
							"origin": [-0.35, 9.395, -0.35],
							"size": [0.7, 0.105, 0.7],
							"uv": {
								"north": {"uv": [10, 6], "uv_size": [-5, 2.25]},
								"east": {"uv": [10, 6], "uv_size": [-5, 2.25]},
								"south": {"uv": [10, 6], "uv_size": [-5, 2.25]},
								"west": {"uv": [10, 6], "uv_size": [-5, 2.25]},
								"up": {"uv": [5, 8.25], "uv_size": [5, -2.25]},
								"down": {"uv": [5, 8.25], "uv_size": [5, -2.25]}
							}
						},
						{
							"origin": [-0.35, 9.115, -0.35],
							"size": [0.7, 0.105, 0.7],
							"uv": {
								"north": {"uv": [10, 6], "uv_size": [-3, 2.25]},
								"east": {"uv": [10, 6], "uv_size": [-3, 2.25]},
								"south": {"uv": [10, 6], "uv_size": [-3, 2.25]},
								"west": {"uv": [10, 6], "uv_size": [-3, 2.25]},
								"up": {"uv": [7, 8.25], "uv_size": [3, -2.25]},
								"down": {"uv": [7, 8.25], "uv_size": [3, -2.25]}
							}
						},
						{
							"origin": [-0.35, 9.255, -0.35],
							"size": [0.7, 0.105, 0.7],
							"uv": {
								"north": {"uv": [10, 8], "uv_size": [-5, 1.25]},
								"east": {"uv": [10, 8], "uv_size": [-5, 1.25]},
								"south": {"uv": [10, 8], "uv_size": [-5, 1.25]},
								"west": {"uv": [10, 8], "uv_size": [-5, 1.25]},
								"up": {"uv": [5, 9.25], "uv_size": [5, -1.25]},
								"down": {"uv": [5, 9.25], "uv_size": [5, -1.25]}
							}
						},
						{
							"origin": [-0.35, 1.205, -0.35],
							"size": [0.7, 0.105, 0.7],
							"uv": {
								"north": {"uv": [10, 8], "uv_size": [-6, 1.25]},
								"east": {"uv": [10, 8], "uv_size": [-6, 1.25]},
								"south": {"uv": [10, 8], "uv_size": [-6, 1.25]},
								"west": {"uv": [10, 8], "uv_size": [-6, 1.25]},
								"up": {"uv": [4, 9.25], "uv_size": [6, -1.25]},
								"down": {"uv": [4, 9.25], "uv_size": [6, -1.25]}
							}
						},
						{
							"origin": [-0.35, 1.065, -0.35],
							"size": [0.7, 0.105, 0.7],
							"uv": {
								"north": {"uv": [10, 8], "uv_size": [-3, 1.25]},
								"east": {"uv": [10, 8], "uv_size": [-3, 1.25]},
								"south": {"uv": [10, 8], "uv_size": [-3, 1.25]},
								"west": {"uv": [10, 8], "uv_size": [-3, 1.25]},
								"up": {"uv": [7, 9.25], "uv_size": [3, -1.25]},
								"down": {"uv": [7, 9.25], "uv_size": [3, -1.25]}
							}
						},
						{
							"origin": [-0.175, 0.33, -0.175],
							"size": [0.35, 8.54, 0.35],
							"uv": {
								"north": {"uv": [108.5, 21], "uv_size": [-0.5, 12.25]},
								"east": {"uv": [111.5, 21], "uv_size": [-0.5, 12.25]},
								"south": {"uv": [110.5, 21], "uv_size": [-0.5, 12.25]},
								"west": {"uv": [109.5, 21], "uv_size": [-0.5, 12.25]},
								"up": {"uv": [115.5, 29], "uv_size": [-0.5, 0.5]},
								"down": {"uv": [113.5, 32.5], "uv_size": [-0.5, -0.5]}
							}
						}
					]
				}
			]
		}
	]
}