{
  "format_version": "1.12.0",
  "minecraft:geometry": [
    {
      "description": {
        "identifier": "geometry.unknown",
        "texture_width": 8,
        "texture_height": 8,
        "visible_bounds_width": 2,
        "visible_bounds_height": 1.5,
        "visible_bounds_offset": [
          0,
          0.25,
          0
        ]
      },
      "bones": [
        {
          "name": "bb_main",
          "pivot": [
            0,
            0,
            0
          ],
          "cubes": [
            {
              "origin": [
                0.78458,
                6.77294,
                -0.03731
              ],
              "size": [
                0.925,
                0.1375,
                2
              ],
              "inflate": 0.05,
              "pivot": [
                -8.89623,
                -3.54333,
                -2.24729
              ],
              "rotation": [
                0,
                0,
                0
              ],
              "uv": {
                "north": {
                  "uv": [
                    2,
                    6.25
                  ],
                  "uv_size": [
                    0.925,
                    0.1375
                  ]
                },
                "east": {
                  "uv": [
                    0.5,
                    7.75
                  ],
                  "uv_size": [
                    1.4,
                    0.1375
                  ]
                },
                "south": {
                  "uv": [
                    1.25,
                    5.25
                  ],
                  "uv_size": [
                    0.925,
                    0.1375
                  ]
                },
                "west": {
                  "uv": [
                    0.5,
                    7.25
                  ],
                  "uv_size": [
                    1.4,
                    0.1375
                  ]
                },
                "up": {
                  "uv": [
                    2.75,
                    4.75
                  ],
                  "uv_size": [
                    0.925,
                    1.4
                  ]
                },
                "down": {
                  "uv": [
                    2.75,
                    6.15
                  ],
                  "uv_size": [
                    0.925,
                    -1.4
                  ]
                }
              }
            },
            {
              "origin": [
                0.78458,
                5.45803,
                -0.03731
              ],
              "size": [
                0.925,
                0.1375,
                2
              ],
              "inflate": 0.05,
              "pivot": [
                -8.89623,
                -4.85824,
                -2.24729
              ],
              "rotation": [
                0,
                0,
                0
              ],
              "uv": {
                "north": {
                  "uv": [
                    2,
                    6.25
                  ],
                  "uv_size": [
                    0.925,
                    0.1375
                  ]
                },
                "east": {
                  "uv": [
                    0.5,
                    7.75
                  ],
                  "uv_size": [
                    1.4,
                    0.1375
                  ]
                },
                "south": {
                  "uv": [
                    1.25,
                    5.25
                  ],
                  "uv_size": [
                    0.925,
                    0.1375
                  ]
                },
                "west": {
                  "uv": [
                    0.5,
                    7.25
                  ],
                  "uv_size": [
                    1.4,
                    0.1375
                  ]
                },
                "up": {
                  "uv": [
                    2.75,
                    4.75
                  ],
                  "uv_size": [
                    0.925,
                    1.4
                  ]
                },
                "down": {
                  "uv": [
                    2.75,
                    6.15
                  ],
                  "uv_size": [
                    0.925,
                    -1.4
                  ]
                }
              }
            },
            {
              "origin": [
                1.45551,
                6.28449,
                -0.03731
              ],
              "size": [
                0.825,
                0.1375,
                2
              ],
              "inflate": 0.05,
              "pivot": [
                1.24708,
                6.76108,
                1.11269
              ],
              "rotation": [
                0,
                0,
                128
              ],
              "uv": {
                "north": {
                  "uv": [
                    2,
                    6.25
                  ],
                  "uv_size": [
                    0.825,
                    0.1375
                  ]
                },
                "east": {
                  "uv": [
                    0,
                    7.75
                  ],
                  "uv_size": [
                    1.4,
                    0.1375
                  ]
                },
                "south": {
                  "uv": [
                    1.25,
                    5.25
                  ],
                  "uv_size": [
                    0.825,
                    0.1375
                  ]
                },
                "west": {
                  "uv": [
                    0,
                    7.525
                  ],
                  "uv_size": [
                    1.4,
                    -0.1375
                  ]
                },
                "up": {
                  "uv": [
                    0.75,
                    4.75
                  ],
                  "uv_size": [
                    0.825,
                    1.4
                  ]
                },
                "down": {
                  "uv": [
                    0.75,
                    6.15
                  ],
                  "uv_size": [
                    0.825,
                    -1.4
                  ]
                }
              }
            },
            {
              "origin": [
                2.21658,
                5.292,
                -0.03731
              ],
              "size": [
                0.825,
                0.1375,
                2
              ],
              "inflate": 0.05,
              "pivot": [
                2.40814,
                5.76859,
                1.11269
              ],
              "rotation": [
                0,
                0,
                128
              ],
              "uv": {
                "north": {
                  "uv": [
                    2,
                    6.25
                  ],
                  "uv_size": [
                    0.825,
                    0.1375
                  ]
                },
                "east": {
                  "uv": [
                    0,
                    7.75
                  ],
                  "uv_size": [
                    1.4,
                    0.1375
                  ]
                },
                "south": {
                  "uv": [
                    1.25,
                    5.25
                  ],
                  "uv_size": [
                    0.825,
                    0.1375
                  ]
                },
                "west": {
                  "uv": [
                    0,
                    7.525
                  ],
                  "uv_size": [
                    1.4,
                    -0.1375
                  ]
                },
                "up": {
                  "uv": [
                    0.75,
                    4.75
                  ],
                  "uv_size": [
                    0.825,
                    1.4
                  ]
                },
                "down": {
                  "uv": [
                    0.75,
                    6.15
                  ],
                  "uv_size": [
                    0.825,
                    -1.4
                  ]
                }
              }
            },
            {
              "origin": [
                0.21364,
                6.28449,
                -0.03731
              ],
              "size": [
                0.825,
                0.1375,
                2
              ],
              "inflate": 0.05,
              "pivot": [
                1.24708,
                6.76108,
                1.11269
              ],
              "rotation": [
                0,
                0,
                -128
              ],
              "uv": {
                "north": {
                  "uv": [
                    2,
                    6.25
                  ],
                  "uv_size": [
                    0.825,
                    0.1375
                  ]
                },
                "east": {
                  "uv": [
                    0.5,
                    7.75
                  ],
                  "uv_size": [
                    1.4,
                    0.1375
                  ]
                },
                "south": {
                  "uv": [
                    1.25,
                    5.25
                  ],
                  "uv_size": [
                    0.825,
                    0.1375
                  ]
                },
                "west": {
                  "uv": [
                    0,
                    7.25
                  ],
                  "uv_size": [
                    1.4,
                    0.1375
                  ]
                },
                "up": {
                  "uv": [
                    0.5,
                    4.75
                  ],
                  "uv_size": [
                    0.825,
                    1.4
                  ]
                },
                "down": {
                  "uv": [
                    0.75,
                    6.15
                  ],
                  "uv_size": [
                    0.825,
                    -1.4
                  ]
                }
              }
            },
            {
              "origin": [
                -0.54743,
                5.292,
                -0.03731
              ],
              "size": [
                0.825,
                0.1375,
                2
              ],
              "inflate": 0.05,
              "pivot": [
                0.08601,
                5.76859,
                1.11269
              ],
              "rotation": [
                0,
                0,
                -128
              ],
              "uv": {
                "north": {
                  "uv": [
                    2,
                    6.25
                  ],
                  "uv_size": [
                    0.825,
                    0.1375
                  ]
                },
                "east": {
                  "uv": [
                    0.5,
                    7.75
                  ],
                  "uv_size": [
                    1.4,
                    0.1375
                  ]
                },
                "south": {
                  "uv": [
                    1.25,
                    5.25
                  ],
                  "uv_size": [
                    0.825,
                    0.1375
                  ]
                },
                "west": {
                  "uv": [
                    0,
                    7.25
                  ],
                  "uv_size": [
                    1.4,
                    0.1375
                  ]
                },
                "up": {
                  "uv": [
                    0.5,
                    4.75
                  ],
                  "uv_size": [
                    0.825,
                    1.4
                  ]
                },
                "down": {
                  "uv": [
                    0.75,
                    6.15
                  ],
                  "uv_size": [
                    0.825,
                    -1.4
                  ]
                }
              }
            }
          ]
        },
        {
          "name": "bone",
          "pivot": [
            1.24708,
            3.89788,
            1.34719
          ],
          "cubes": [
            {
              "origin": [
                0.59357,
                2.53331,
                -0.3011
              ],
              "size": [
                1.31288,
                2.53125,
                1.18946
              ],
              "pivot": [
                1.25001,
                3.45206,
                0.39363
              ],
              "rotation": [
                -14.25,
                0,
                0
              ],
              "uv": {
                "north": {
                  "uv": [
                    1.5,
                    1.25
                  ],
                  "uv_size": [
                    1.31288,
                    2.53125
                  ]
                },
                "east": {
                  "uv": [
                    1.5,
                    0.875
                  ],
                  "uv_size": [
                    1.18946,
                    2.53125
                  ]
                },
                "south": {
                  "uv": [
                    1.5,
                    1.375
                  ],
                  "uv_size": [
                    1.31288,
                    2.53125
                  ]
                },
                "west": {
                  "uv": [
                    1.5,
                    0.875
                  ],
                  "uv_size": [
                    1.18946,
                    2.53125
                  ]
                },
                "up": {
                  "uv": [
                    1.75,
                    1.625
                  ],
                  "uv_size": [
                    1.31288,
                    1.18946
                  ]
                },
                "down": {
                  "uv": [
                    1,
                    3.56446
                  ],
                  "uv_size": [
                    1.31288,
                    -1.18946
                  ]
                }
              }
            },
            {
              "origin": [
                0.64044,
                2.34453,
                -0.05243
              ],
              "size": [
                1.21913,
                2.25,
                1.56446
              ],
              "inflate": -0.001,
              "pivot": [
                1.25001,
                5.62578,
                1.1048
              ],
              "rotation": [
                -10,
                0,
                0
              ],
              "uv": {
                "north": {
                  "uv": [
                    5.28087,
                    4.5
                  ],
                  "uv_size": [
                    1.21913,
                    2.25
                  ]
                },
                "east": {
                  "uv": [
                    5.28087,
                    5.375
                  ],
                  "uv_size": [
                    1.56446,
                    2.25
                  ]
                },
                "south": {
                  "uv": [
                    6.78087,
                    5.125
                  ],
                  "uv_size": [
                    1.21913,
                    2.25
                  ]
                },
                "west": {
                  "uv": [
                    5.28087,
                    4.375
                  ],
                  "uv_size": [
                    1.56446,
                    2.25
                  ]
                },
                "up": {
                  "uv": [
                    4,
                    11
                  ],
                  "uv_size": [
                    1.21913,
                    1.56446
                  ]
                },
                "down": {
                  "uv": [
                    4.78087,
                    6.93946
                  ],
                  "uv_size": [
                    1.21913,
                    -1.56446
                  ]
                }
              }
            },
            {
              "origin": [
                0.74044,
                2.44453,
                -0.15243
              ],
              "size": [
                1.01913,
                2.05,
                1.76446
              ],
              "inflate": -0.001,
              "pivot": [
                1.25001,
                5.62578,
                1.1048
              ],
              "rotation": [
                -10,
                0,
                0
              ],
              "uv": {
                "north": {
                  "uv": [
                    1.03087,
                    0.25
                  ],
                  "uv_size": [
                    0.96913,
                    2.5
                  ]
                },
                "east": {
                  "uv": [
                    1.03087,
                    1.125
                  ],
                  "uv_size": [
                    1.31446,
                    2.5
                  ]
                },
                "south": {
                  "uv": [
                    2.53087,
                    0.875
                  ],
                  "uv_size": [
                    0.96913,
                    2.5
                  ]
                },
                "west": {
                  "uv": [
                    1.53087,
                    0.625
                  ],
                  "uv_size": [
                    1.31446,
                    2.5
                  ]
                },
                "up": {
                  "uv": [
                    1.5,
                    1
                  ],
                  "uv_size": [
                    1.21913,
                    1.56446
                  ]
                },
                "down": {
                  "uv": [
                    0.53087,
                    2.93946
                  ],
                  "uv_size": [
                    0.96913,
                    -1.81446
                  ]
                }
              }
            },
            {
              "origin": [
                0.64044,
                4.16973,
                -0.13459
              ],
              "size": [
                1.21913,
                1.3125,
                1.56446
              ],
              "pivot": [
                1.25001,
                4.63848,
                1.02264
              ],
              "rotation": [
                -30,
                0,
                0
              ],
              "uv": {
                "north": {
                  "uv": [
                    5,
                    5.25
                  ],
                  "uv_size": [
                    1.21913,
                    1.3125
                  ]
                },
                "east": {
                  "uv": [
                    5,
                    6.125
                  ],
                  "uv_size": [
                    1.56446,
                    1.3125
                  ]
                },
                "south": {
                  "uv": [
                    6.75,
                    6.125
                  ],
                  "uv_size": [
                    1.21913,
                    1.3125
                  ]
                },
                "west": {
                  "uv": [
                    5,
                    5.125
                  ],
                  "uv_size": [
                    1.56446,
                    1.3125
                  ]
                },
                "up": {
                  "uv": [
                    6.25,
                    4.375
                  ],
                  "uv_size": [
                    1.21913,
                    1.56446
                  ]
                },
                "down": {
                  "uv": [
                    5.5,
                    7.81446
                  ],
                  "uv_size": [
                    1.21913,
                    -1.56446
                  ]
                }
              }
            },
            {
              "origin": [
                0.70607,
                2.1289,
                0.0132
              ],
              "size": [
                1.08788,
                2.2125,
                1.43321
              ],
              "inflate": -0.075,
              "pivot": [
                1.25001,
                5.62578,
                1.1048
              ],
              "rotation": [
                -10,
                0,
                0
              ],
              "uv": {
                "north": {
                  "uv": [
                    2.25,
                    0.44179
                  ],
                  "uv_size": [
                    1.08788,
                    2.2125
                  ]
                },
                "east": {
                  "uv": [
                    0.25,
                    0.06679
                  ],
                  "uv_size": [
                    1.43321,
                    2.2125
                  ]
                },
                "south": {
                  "uv": [
                    1.25,
                    1.06679
                  ],
                  "uv_size": [
                    1.08788,
                    2.2125
                  ]
                },
                "west": {
                  "uv": [
                    0.5,
                    0.56679
                  ],
                  "uv_size": [
                    1.43321,
                    2.2125
                  ]
                },
                "up": {
                  "uv": [
                    4,
                    11
                  ],
                  "uv_size": [
                    1.08788,
                    1.43321
                  ]
                },
                "down": {
                  "uv": [
                    0.75,
                    3.75
                  ],
                  "uv_size": [
                    1.08788,
                    -1.43321
                  ]
                }
              }
            },
            {
              "origin": [
                0.81046,
                6.56953,
                5.36269
              ],
              "size": [
                0.87324,
                0.04091,
                1.35
              ],
              "inflate": 0.05,
              "pivot": [
                -8.89623,
                -3.84333,
                0.85271
              ],
              "rotation": [
                0,
                0,
                0
              ],
              "uv": {
                "north": {
                  "uv": [
                    5.2,
                    5.7
                  ],
                  "uv_size": [
                    0.925,
                    0.1375
                  ]
                },
                "east": {
                  "uv": [
                    4.2,
                    7.2
                  ],
                  "uv_size": [
                    3.8,
                    0.1375
                  ]
                },
                "south": {
                  "uv": [
                    4.45,
                    4.7
                  ],
                  "uv_size": [
                    0.925,
                    0.1375
                  ]
                },
                "west": {
                  "uv": [
                    4.2,
                    6.7
                  ],
                  "uv_size": [
                    3.8,
                    0.1375
                  ]
                },
                "up": {
                  "uv": [
                    5.95,
                    4.2
                  ],
                  "uv_size": [
                    0.925,
                    3.8
                  ]
                },
                "down": {
                  "uv": [
                    5.95,
                    8
                  ],
                  "uv_size": [
                    0.925,
                    -3.8
                  ]
                }
              }
            },
            {
              "origin": [
                0.73458,
                6.54794,
                2.21269
              ],
              "size": [
                1.05,
                0.0625,
                3.075
              ],
              "inflate": 0.05,
              "pivot": [
                -8.89623,
                -3.84333,
                0.85271
              ],
              "rotation": [
                0,
                0,
                0
              ],
              "uv": {
                "north": {
                  "uv": [
                    5.2,
                    5.7
                  ],
                  "uv_size": [
                    0.925,
                    0.1375
                  ]
                },
                "east": {
                  "uv": [
                    4.2,
                    7.2
                  ],
                  "uv_size": [
                    3.8,
                    0.1375
                  ]
                },
                "south": {
                  "uv": [
                    4.45,
                    4.7
                  ],
                  "uv_size": [
                    0.925,
                    0.1375
                  ]
                },
                "west": {
                  "uv": [
                    4.2,
                    6.7
                  ],
                  "uv_size": [
                    3.8,
                    0.1375
                  ]
                },
                "up": {
                  "uv": [
                    5.95,
                    4.2
                  ],
                  "uv_size": [
                    0.925,
                    3.8
                  ]
                },
                "down": {
                  "uv": [
                    5.95,
                    8
                  ],
                  "uv_size": [
                    0.925,
                    -3.8
                  ]
                }
              }
            },
            {
              "origin": [
                0.78458,
                6.263,
                5.14207
              ],
              "size": [
                0.925,
                0.1375,
                0.95
              ],
              "inflate": 0.05,
              "pivot": [
                -8.89623,
                -4.30326,
                3.63209
              ],
              "rotation": [
                20,
                0,
                0
              ],
              "uv": {
                "north": {
                  "uv": [
                    2,
                    1.5
                  ],
                  "uv_size": [
                    0.925,
                    0.1375
                  ]
                },
                "east": {
                  "uv": [
                    0.5,
                    3
                  ],
                  "uv_size": [
                    0.95,
                    0.1375
                  ]
                },
                "south": {
                  "uv": [
                    1.25,
                    0.5
                  ],
                  "uv_size": [
                    0.925,
                    0.1375
                  ]
                },
                "west": {
                  "uv": [
                    0.5,
                    2.5
                  ],
                  "uv_size": [
                    0.95,
                    0.1375
                  ]
                },
                "up": {
                  "uv": [
                    3,
                    1.5
                  ],
                  "uv_size": [
                    0.925,
                    0.95
                  ]
                },
                "down": {
                  "uv": [
                    0.75,
                    2.2
                  ],
                  "uv_size": [
                    0.925,
                    -0.95
                  ]
                }
              }
            },
            {
              "origin": [
                0.64517,
                5.03502,
                5.41269
              ],
              "size": [
                1.20382,
                0.1375,
                1.3
              ],
              "inflate": 0.05,
              "pivot": [
                -9.03564,
                -3.88124,
                0.85271
              ],
              "rotation": [
                0,
                0,
                0
              ],
              "uv": {
                "north": {
                  "uv": [
                    5.7,
                    5.7
                  ],
                  "uv_size": [
                    0.925,
                    0.1375
                  ]
                },
                "east": {
                  "uv": [
                    4.2,
                    7.2
                  ],
                  "uv_size": [
                    3.8,
                    0.1375
                  ]
                },
                "south": {
                  "uv": [
                    4.95,
                    4.7
                  ],
                  "uv_size": [
                    0.925,
                    0.1375
                  ]
                },
                "west": {
                  "uv": [
                    4.2,
                    6.7
                  ],
                  "uv_size": [
                    3.8,
                    0.1375
                  ]
                },
                "up": {
                  "uv": [
                    6.7,
                    4.2
                  ],
                  "uv_size": [
                    0.925,
                    3.8
                  ]
                },
                "down": {
                  "uv": [
                    6.7,
                    8
                  ],
                  "uv_size": [
                    0.925,
                    -3.8
                  ]
                }
              }
            },
            {
              "origin": [
                0.63458,
                5.14794,
                5.41269
              ],
              "size": [
                1.225,
                0.6,
                1.2
              ],
              "inflate": 0.05,
              "pivot": [
                -8.89623,
                -3.84333,
                0.85271
              ],
              "rotation": [
                0,
                0,
                0
              ],
              "uv": {
                "north": {
                  "uv": [
                    5,
                    4.5
                  ],
                  "uv_size": [
                    1.025,
                    1.3
                  ]
                },
                "east": {
                  "uv": [
                    4,
                    5.25
                  ],
                  "uv_size": [
                    3.5,
                    1.3
                  ]
                },
                "south": {
                  "uv": [
                    4,
                    2
                  ],
                  "uv_size": [
                    4,
                    2
                  ]
                },
                "west": {
                  "uv": [
                    4,
                    4
                  ],
                  "uv_size": [
                    3.5,
                    1.3
                  ]
                },
                "up": {
                  "uv": [
                    4.25,
                    4.5
                  ],
                  "uv_size": [
                    1.025,
                    3.5
                  ]
                },
                "down": {
                  "uv": [
                    4.25,
                    8
                  ],
                  "uv_size": [
                    1.025,
                    -3.5
                  ]
                }
              }
            },
            {
              "origin": [
                0.75958,
                5.14794,
                2.51269
              ],
              "size": [
                0.975,
                1.3,
                2.8
              ],
              "inflate": 0.05,
              "pivot": [
                -8.89623,
                -3.84333,
                0.85271
              ],
              "rotation": [
                0,
                0,
                0
              ],
              "uv": {
                "north": {
                  "uv": [
                    5,
                    4.5
                  ],
                  "uv_size": [
                    1.025,
                    1.3
                  ]
                },
                "east": {
                  "uv": [
                    4,
                    5.25
                  ],
                  "uv_size": [
                    3.5,
                    1.3
                  ]
                },
                "south": {
                  "uv": [
                    4,
                    2
                  ],
                  "uv_size": [
                    4,
                    2
                  ]
                },
                "west": {
                  "uv": [
                    4,
                    4
                  ],
                  "uv_size": [
                    3.5,
                    1.3
                  ]
                },
                "up": {
                  "uv": [
                    4.25,
                    4.5
                  ],
                  "uv_size": [
                    1.025,
                    3.5
                  ]
                },
                "down": {
                  "uv": [
                    4.25,
                    8
                  ],
                  "uv_size": [
                    1.025,
                    -3.5
                  ]
                }
              }
            },
            {
              "origin": [
                0.83458,
                5.84794,
                2.41269
              ],
              "size": [
                0.825,
                0.6,
                4.2
              ],
              "inflate": 0.05,
              "pivot": [
                -8.89623,
                -3.84333,
                0.85271
              ],
              "rotation": [
                0,
                0,
                0
              ],
              "uv": {
                "north": {
                  "uv": [
                    5,
                    4.5
                  ],
                  "uv_size": [
                    1.025,
                    1.3
                  ]
                },
                "east": {
                  "uv": [
                    4,
                    5.25
                  ],
                  "uv_size": [
                    3.5,
                    1.3
                  ]
                },
                "south": {
                  "uv": [
                    4,
                    0
                  ],
                  "uv_size": [
                    4,
                    2
                  ]
                },
                "west": {
                  "uv": [
                    4,
                    4
                  ],
                  "uv_size": [
                    3.5,
                    1.3
                  ]
                },
                "up": {
                  "uv": [
                    4.25,
                    4.5
                  ],
                  "uv_size": [
                    1.025,
                    3.5
                  ]
                },
                "down": {
                  "uv": [
                    4.25,
                    8
                  ],
                  "uv_size": [
                    1.025,
                    -3.5
                  ]
                }
              }
            },
            {
              "origin": [
                0.73458,
                5.14794,
                0.11269
              ],
              "size": [
                1.05,
                1.3,
                2.3
              ],
              "inflate": 0.05,
              "pivot": [
                -8.89623,
                -3.84333,
                -1.24729
              ],
              "rotation": [
                0,
                0,
                0
              ],
              "uv": {
                "north": {
                  "uv": [
                    6.275,
                    4.95
                  ],
                  "uv_size": [
                    -1.05,
                    1.3
                  ]
                },
                "east": {
                  "uv": [
                    7.25,
                    5.2
                  ],
                  "uv_size": [
                    -2.3,
                    1.3
                  ]
                },
                "south": {
                  "uv": [
                    6.275,
                    4.95
                  ],
                  "uv_size": [
                    -1.05,
                    1.3
                  ]
                },
                "west": {
                  "uv": [
                    5.7,
                    5.2
                  ],
                  "uv_size": [
                    2.3,
                    1.3
                  ]
                },
                "up": {
                  "uv": [
                    5.75,
                    5.7
                  ],
                  "uv_size": [
                    -1.05,
                    2.3
                  ]
                },
                "down": {
                  "uv": [
                    5.75,
                    8
                  ],
                  "uv_size": [
                    -1.05,
                    -2.3
                  ]
                }
              }
            },
            {
              "origin": [
                0.70958,
                6.47551,
                1.40245
              ],
              "size": [
                1.1,
                0.2,
                0.9
              ],
              "inflate": 0.05,
              "pivot": [
                1.25958,
                6.82551,
                0.40245
              ],
              "rotation": [
                0,
                0,
                0
              ],
              "uv": {
                "north": {
                  "uv": [
                    5.55,
                    4.5
                  ],
                  "uv_size": [
                    1.1,
                    0.2
                  ]
                },
                "east": {
                  "uv": [
                    5.8,
                    4.75
                  ],
                  "uv_size": [
                    2.2,
                    0.2
                  ]
                },
                "south": {
                  "uv": [
                    5.55,
                    4.5
                  ],
                  "uv_size": [
                    1.1,
                    0.2
                  ]
                },
                "west": {
                  "uv": [
                    5.3,
                    4.75
                  ],
                  "uv_size": [
                    2.2,
                    0.2
                  ]
                },
                "up": {
                  "uv": [
                    4.8,
                    5.25
                  ],
                  "uv_size": [
                    1.1,
                    2.2
                  ]
                },
                "down": {
                  "uv": [
                    4.8,
                    7.45
                  ],
                  "uv_size": [
                    1.1,
                    -2.2
                  ]
                }
              }
            },
            {
              "origin": [
                0.78458,
                5.69553,
                -0.03731
              ],
              "size": [
                0.925,
                0.97999,
                1.13976
              ],
              "inflate": 0.06,
              "pivot": [
                1.25958,
                6.82551,
                0.40245
              ],
              "rotation": [
                0,
                0,
                0
              ],
              "uv": {
                "north": {
                  "uv": [
                    1.05,
                    4.5
                  ],
                  "uv_size": [
                    1.1,
                    1
                  ]
                },
                "east": {
                  "uv": [
                    1.3,
                    4.75
                  ],
                  "uv_size": [
                    1,
                    1
                  ]
                },
                "south": {
                  "uv": [
                    1.05,
                    4.5
                  ],
                  "uv_size": [
                    1.1,
                    1
                  ]
                },
                "west": {
                  "uv": [
                    0.8,
                    4.75
                  ],
                  "uv_size": [
                    1,
                    1
                  ]
                },
                "up": {
                  "uv": [
                    0.3,
                    5.25
                  ],
                  "uv_size": [
                    1.1,
                    1
                  ]
                },
                "down": {
                  "uv": [
                    0.3,
                    6.25
                  ],
                  "uv_size": [
                    1.1,
                    -1
                  ]
                }
              }
            },
            {
              "origin": [
                1.80958,
                5.87551,
                -0.09755
              ],
              "size": [
                0.2,
                0.6,
                1
              ],
              "inflate": 0.06,
              "pivot": [
                1.25958,
                6.82551,
                0.40245
              ],
              "rotation": [
                0,
                0,
                0
              ],
              "uv": {
                "north": {
                  "uv": [
                    1.05,
                    4.5
                  ],
                  "uv_size": [
                    0.2,
                    0.6
                  ]
                },
                "east": {
                  "uv": [
                    1.3,
                    4.75
                  ],
                  "uv_size": [
                    1,
                    0.6
                  ]
                },
                "south": {
                  "uv": [
                    1.05,
                    4.5
                  ],
                  "uv_size": [
                    0.2,
                    0.6
                  ]
                },
                "west": {
                  "uv": [
                    0.8,
                    4.75
                  ],
                  "uv_size": [
                    1,
                    0.6
                  ]
                },
                "up": {
                  "uv": [
                    0.3,
                    5.25
                  ],
                  "uv_size": [
                    0.2,
                    1
                  ]
                },
                "down": {
                  "uv": [
                    0.3,
                    6.25
                  ],
                  "uv_size": [
                    0.2,
                    -1
                  ]
                }
              }
            },
            {
              "origin": [
                0.50958,
                5.87551,
                -0.09755
              ],
              "size": [
                0.2,
                0.6,
                1
              ],
              "inflate": 0.06,
              "pivot": [
                1.25958,
                6.82551,
                0.40245
              ],
              "rotation": [
                0,
                0,
                0
              ],
              "uv": {
                "north": {
                  "uv": [
                    1.05,
                    4.5
                  ],
                  "uv_size": [
                    0.2,
                    0.6
                  ]
                },
                "east": {
                  "uv": [
                    1.3,
                    4.75
                  ],
                  "uv_size": [
                    1,
                    0.6
                  ]
                },
                "south": {
                  "uv": [
                    1.05,
                    4.5
                  ],
                  "uv_size": [
                    0.2,
                    0.6
                  ]
                },
                "west": {
                  "uv": [
                    0.8,
                    4.75
                  ],
                  "uv_size": [
                    1,
                    0.6
                  ]
                },
                "up": {
                  "uv": [
                    0.3,
                    5.25
                  ],
                  "uv_size": [
                    0.2,
                    1
                  ]
                },
                "down": {
                  "uv": [
                    0.3,
                    6.25
                  ],
                  "uv_size": [
                    0.2,
                    -1
                  ]
                }
              }
            },
            {
              "origin": [
                0.68458,
                5.74794,
                2.71269
              ],
              "size": [
                1.1,
                0.6,
                1.6
              ],
              "inflate": 0.05,
              "pivot": [
                -8.89623,
                -3.84333,
                -1.14729
              ],
              "rotation": [
                0,
                0,
                0
              ],
              "uv": {
                "north": {
                  "uv": [
                    1.25,
                    4.75
                  ],
                  "uv_size": [
                    1.25,
                    0.6
                  ]
                },
                "east": {
                  "uv": [
                    2,
                    5
                  ],
                  "uv_size": [
                    1.6,
                    0.6
                  ]
                },
                "south": {
                  "uv": [
                    2.25,
                    5
                  ],
                  "uv_size": [
                    1.25,
                    0.6
                  ]
                },
                "west": {
                  "uv": [
                    2,
                    5
                  ],
                  "uv_size": [
                    1.6,
                    0.6
                  ]
                },
                "up": {
                  "uv": [
                    0.5,
                    5.5
                  ],
                  "uv_size": [
                    1.25,
                    1.6
                  ]
                },
                "down": {
                  "uv": [
                    0.5,
                    7.1
                  ],
                  "uv_size": [
                    1.25,
                    -1.6
                  ]
                }
              }
            },
            {
              "origin": [
                0.63458,
                5.94794,
                2.76269
              ],
              "size": [
                1.2,
                0.2,
                1.45
              ],
              "inflate": 0.05,
              "pivot": [
                -8.89623,
                -3.84333,
                -0.14729
              ],
              "rotation": [
                0,
                0,
                0
              ],
              "uv": {
                "north": {
                  "uv": [
                    4.5,
                    0.25
                  ],
                  "uv_size": [
                    1.85,
                    0.7
                  ]
                },
                "east": {
                  "uv": [
                    4.5,
                    0.25
                  ],
                  "uv_size": [
                    1.85,
                    0.7
                  ]
                },
                "south": {
                  "uv": [
                    4.5,
                    0.25
                  ],
                  "uv_size": [
                    1.85,
                    0.7
                  ]
                },
                "west": {
                  "uv": [
                    4.5,
                    0.275
                  ],
                  "uv_size": [
                    1.85,
                    0.675
                  ]
                },
                "up": {
                  "uv": [
                    4.75,
                    1.75
                  ],
                  "uv_size": [
                    1.35,
                    1.45
                  ]
                },
                "down": {
                  "uv": [
                    4.75,
                    3.2
                  ],
                  "uv_size": [
                    1.35,
                    -1.45
                  ]
                }
              }
            },
            {
              "origin": [
                -0.30265,
                4.07791,
                5.41269
              ],
              "size": [
                1.425,
                0.1375,
                1.3
              ],
              "inflate": 0.05,
              "pivot": [
                1.15985,
                4.84666,
                4.38769
              ],
              "rotation": [
                0,
                0,
                105
              ],
              "uv": {
                "north": {
                  "uv": [
                    5.7,
                    5.7
                  ],
                  "uv_size": [
                    0.425,
                    0.1375
                  ]
                },
                "east": {
                  "uv": [
                    4.2,
                    7.2
                  ],
                  "uv_size": [
                    3.8,
                    0.1375
                  ]
                },
                "south": {
                  "uv": [
                    4.95,
                    4.7
                  ],
                  "uv_size": [
                    0.425,
                    0.1375
                  ]
                },
                "west": {
                  "uv": [
                    4.2,
                    6.7
                  ],
                  "uv_size": [
                    3.8,
                    0.1375
                  ]
                },
                "up": {
                  "uv": [
                    6.7,
                    4.2
                  ],
                  "uv_size": [
                    0.425,
                    3.8
                  ]
                },
                "down": {
                  "uv": [
                    4.45,
                    8
                  ],
                  "uv_size": [
                    0.425,
                    -3.8
                  ]
                }
              }
            },
            {
              "origin": [
                0.48722,
                6.07994,
                5.41269
              ],
              "size": [
                1.425,
                0.1375,
                1.3
              ],
              "inflate": 0.05,
              "pivot": [
                1.24972,
                5.54869,
                4.38769
              ],
              "rotation": [
                0,
                0,
                75
              ],
              "uv": {
                "north": {
                  "uv": [
                    5.7,
                    5.7
                  ],
                  "uv_size": [
                    0.425,
                    0.1375
                  ]
                },
                "east": {
                  "uv": [
                    4.2,
                    7.2
                  ],
                  "uv_size": [
                    3.8,
                    0.1375
                  ]
                },
                "south": {
                  "uv": [
                    4.95,
                    4.7
                  ],
                  "uv_size": [
                    0.425,
                    0.1375
                  ]
                },
                "west": {
                  "uv": [
                    4.2,
                    6.7
                  ],
                  "uv_size": [
                    3.8,
                    0.1375
                  ]
                },
                "up": {
                  "uv": [
                    6.7,
                    4.2
                  ],
                  "uv_size": [
                    0.425,
                    3.8
                  ]
                },
                "down": {
                  "uv": [
                    4.45,
                    8
                  ],
                  "uv_size": [
                    0.425,
                    -3.8
                  ]
                }
              }
            },
            {
              "origin": [
                0.99708,
                3.80949,
                2.1637
              ],
              "size": [
                0.5,
                0.5,
                0.25
              ],
              "pivot": [
                1.24708,
                3.80949,
                1.1637
              ],
              "rotation": [
                30,
                0,
                0
              ],
              "uv": {
                "north": {
                  "uv": [
                    1.75,
                    5.75
                  ],
                  "uv_size": [
                    0.5,
                    0.5
                  ]
                },
                "east": {
                  "uv": [
                    1.75,
                    5.75
                  ],
                  "uv_size": [
                    0.25,
                    0.5
                  ]
                },
                "south": {
                  "uv": [
                    1.75,
                    5.75
                  ],
                  "uv_size": [
                    0.5,
                    0.5
                  ]
                },
                "west": {
                  "uv": [
                    1.75,
                    5.75
                  ],
                  "uv_size": [
                    0.25,
                    0.5
                  ]
                },
                "up": {
                  "uv": [
                    2.25,
                    6
                  ],
                  "uv_size": [
                    -0.5,
                    -0.25
                  ]
                },
                "down": {
                  "uv": [
                    2.25,
                    6
                  ],
                  "uv_size": [
                    -0.5,
                    -0.25
                  ]
                }
              }
            },
            {
              "origin": [
                0.99708,
                4.05949,
                1.1637
              ],
              "size": [
                0.5,
                0.25,
                1.5
              ],
              "uv": {
                "north": {
                  "uv": [
                    1.5,
                    0.75
                  ],
                  "uv_size": [
                    0.5,
                    0.25
                  ]
                },
                "east": {
                  "uv": [
                    0.5,
                    0.75
                  ],
                  "uv_size": [
                    1.5,
                    0.25
                  ]
                },
                "south": {
                  "uv": [
                    1,
                    0.75
                  ],
                  "uv_size": [
                    0.5,
                    0.25
                  ]
                },
                "west": {
                  "uv": [
                    0.5,
                    0.75
                  ],
                  "uv_size": [
                    1.5,
                    0.25
                  ]
                },
                "up": {
                  "uv": [
                    1.25,
                    2
                  ],
                  "uv_size": [
                    -0.5,
                    -1.5
                  ]
                },
                "down": {
                  "uv": [
                    1.25,
                    2
                  ],
                  "uv_size": [
                    -0.5,
                    -1.5
                  ]
                }
              }
            },
            {
              "origin": [
                0.99708,
                4.05949,
                2.6637
              ],
              "size": [
                0.5,
                1,
                0.25
              ],
              "uv": {
                "north": {
                  "uv": [
                    1.25,
                    1
                  ],
                  "uv_size": [
                    0.5,
                    1
                  ]
                },
                "east": {
                  "uv": [
                    1.25,
                    1
                  ],
                  "uv_size": [
                    0.25,
                    1
                  ]
                },
                "south": {
                  "uv": [
                    1.25,
                    1
                  ],
                  "uv_size": [
                    0.5,
                    1
                  ]
                },
                "west": {
                  "uv": [
                    1.25,
                    1
                  ],
                  "uv_size": [
                    0.25,
                    1
                  ]
                },
                "up": {
                  "uv": [
                    1.75,
                    1.25
                  ],
                  "uv_size": [
                    -0.5,
                    -0.25
                  ]
                },
                "down": {
                  "uv": [
                    1.75,
                    1.25
                  ],
                  "uv_size": [
                    -0.5,
                    -0.25
                  ]
                }
              }
            },
            {
              "origin": [
                0.99708,
                4.7425,
                1.77973
              ],
              "size": [
                0.5,
                0.5,
                0.25
              ],
              "uv": {
                "north": {
                  "uv": [
                    1.5,
                    5.75
                  ],
                  "uv_size": [
                    0.5,
                    0.5
                  ]
                },
                "east": {
                  "uv": [
                    1.5,
                    5.75
                  ],
                  "uv_size": [
                    0.25,
                    0.5
                  ]
                },
                "south": {
                  "uv": [
                    1.5,
                    5.75
                  ],
                  "uv_size": [
                    0.5,
                    0.5
                  ]
                },
                "west": {
                  "uv": [
                    1.5,
                    5.75
                  ],
                  "uv_size": [
                    0.25,
                    0.5
                  ]
                },
                "up": {
                  "uv": [
                    2,
                    6
                  ],
                  "uv_size": [
                    -0.5,
                    -0.25
                  ]
                },
                "down": {
                  "uv": [
                    2,
                    6
                  ],
                  "uv_size": [
                    -0.5,
                    -0.25
                  ]
                }
              }
            }
          ]
        }
      ]
    }
  ]
}