{
  "format_version": "1.12.0",
  "minecraft:geometry": [
    {
      "description": {
        "identifier": "geometry.unknown",
        "texture_width": 64,
        "texture_height": 64,
        "visible_bounds_width": 2,
        "visible_bounds_height": 1.5,
        "visible_bounds_offset": [
          0,
          0.25,
          0
        ]
      },
      "bones": [
        {
          "name": "group",
          "pivot": [
            0,
            0,
            0
          ],
          "cubes": [
            {
              "origin": [
                -5.475,
                6.025,
                6.75
              ],
              "size": [
                2,
                5,
                2
              ],
              "inflate": -0.75,
              "pivot": [
                0,
                0,
                0
              ],
              "rotation": [
                0,
                0,
                -22.5
              ],
              "uv": [
                48,
                20
              ]
            },
            {
              "origin": [
                -10.225,
                0.425,
                6.75
              ],
              "size": [
                2,
                5,
                2
              ],
              "inflate": -0.75,
              "pivot": [
                0,
                0,
                0
              ],
              "rotation": [
                0,
                0,
                22.5
              ],
              "uv": [
                6,
                19
              ]
            },
            {
              "origin": [
                -8,
                6.125,
                4.25
              ],
              "size": [
                1,
                5,
                1
              ],
              "inflate": -0.7,
              "pivot": [
                0,
                0,
                0
              ],
              "rotation": [
                -22.5,
                0,
                0
              ],
              "uv": [
                15,
                13
              ]
            },
            {
              "origin": [
                -7.95,
                0.15,
                9
              ],
              "size": [
                1,
                5,
                1
              ],
              "inflate": -0.7,
              "pivot": [
                0,
                0,
                0
              ],
              "rotation": [
                22.5,
                0,
                0
              ],
              "uv": [
                5,
                14
              ]
            },
            {
              "origin": [
                -8.95,
                3.2,
                6.275
              ],
              "size": [
                3,
                3,
                3
              ],
              "inflate": -1.125,
              "uv": [
                52,
                53
              ]
            },
            {
              "origin": [
                -8.95,
                2.7,
                6.275
              ],
              "size": [
                3,
                3,
                3
              ],
              "inflate": -1.225,
              "uv": [
                52,
                53
              ]
            },
            {
              "origin": [
                -8.925,
                6.9,
                6.25
              ],
              "size": [
                3,
                2,
                3
              ],
              "inflate": -0.675,
              "uv": [
                36,
                53
              ]
            },
            {
              "origin": [
                -9.975,
                6.9,
                6.25
              ],
              "size": [
                5,
                2,
                3
              ],
              "inflate": -0.85,
              "uv": [
                31,
                53
              ],
              "mirror": true
            },
            {
              "origin": [
                -10.975,
                6.9,
                6.25
              ],
              "size": [
                7,
                2,
                3
              ],
              "inflate": -0.925,
              "uv": [
                31,
                53
              ],
              "mirror": true
            },
            {
              "origin": [
                -7.975,
                7.9,
                6.75
              ],
              "size": [
                1,
                6,
                2
              ],
              "inflate": -0.3,
              "uv": [
                22,
                37
              ]
            },
            {
              "origin": [
                -7.975,
                13.025,
                6.75
              ],
              "size": [
                1,
                2,
                2
              ],
              "inflate": -0.4,
              "uv": [
                22,
                37
              ]
            },
            {
              "origin": [
                -7.975,
                14.025,
                6.75
              ],
              "size": [
                1,
                2,
                2
              ],
              "inflate": -0.475,
              "uv": [
                22,
                37
              ]
            },
            {
              "origin": [
                -7.475,
                14.6,
                7.725
              ],
              "size": [
                0,
                1,
                0
              ],
              "inflate": 0.125,
              "uv": [
                56,
                43
              ]
            },
            {
              "origin": [
                -7.475,
                13.6,
                7.725
              ],
              "size": [
                0,
                1,
                0
              ],
              "inflate": 0.225,
              "uv": [
                57,
                41
              ]
            },
            {
              "origin": [
                -7.475,
                12.1,
                7.725
              ],
              "size": [
                0,
                2,
                0
              ],
              "inflate": 0.325,
              "uv": [
                61,
                41
              ]
            },
            {
              "origin": [
                -8.475,
                7.75,
                6.725
              ],
              "size": [
                2,
                5,
                2
              ],
              "inflate": -0.625,
              "uv": [
                57,
                43
              ]
            },
            {
              "origin": [
                -10.6,
                7.45,
                7.25
              ],
              "size": [
                1,
                1,
                1
              ],
              "inflate": -0.275,
              "uv": [
                30,
                48
              ]
            },
            {
              "origin": [
                -10.725,
                7.675,
                7.25
              ],
              "size": [
                1,
                1,
                1
              ],
              "inflate": -0.325,
              "uv": [
                30,
                48
              ]
            },
            {
              "origin": [
                -11.325,
                7.375,
                6.75
              ],
              "size": [
                2,
                2,
                2
              ],
              "inflate": -0.875,
              "uv": [
                56,
                56
              ],
              "mirror": true
            },
            {
              "origin": [
                -5.35,
                7.45,
                7.25
              ],
              "size": [
                1,
                1,
                1
              ],
              "inflate": -0.275,
              "uv": [
                30,
                48
              ]
            },
            {
              "origin": [
                -5.225,
                7.675,
                7.25
              ],
              "size": [
                1,
                1,
                1
              ],
              "inflate": -0.325,
              "uv": [
                30,
                48
              ]
            },
            {
              "origin": [
                -5.625,
                7.375,
                6.75
              ],
              "size": [
                2,
                2,
                2
              ],
              "inflate": -0.875,
              "uv": [
                56,
                56
              ]
            },
            {
              "origin": [
                -8.95,
                6.45,
                7.025
              ],
              "size": [
                3,
                3,
                3
              ],
              "inflate": -1.325,
              "uv": [
                52,
                53
              ]
            },
            {
              "origin": [
                -8.95,
                6.325,
                7.025
              ],
              "size": [
                3,
                3,
                3
              ],
              "inflate": -1.375,
              "uv": [
                52,
                53
              ]
            },
            {
              "origin": [
                -8.95,
                6.45,
                5.525
              ],
              "size": [
                3,
                3,
                3
              ],
              "inflate": -1.325,
              "uv": [
                51,
                56
              ],
              "mirror": true
            },
            {
              "origin": [
                -8.95,
                6.325,
                5.5
              ],
              "size": [
                3,
                3,
                3
              ],
              "inflate": -1.375,
              "uv": [
                52,
                53
              ]
            },
            {
              "origin": [
                -7.975,
                7.2,
                7.2
              ],
              "size": [
                1,
                4,
                1
              ],
              "inflate": -0.95,
              "uv": [
                54,
                37
              ]
            },
            {
              "origin": [
                -5.475,
                5.575,
                6.75
              ],
              "size": [
                2,
                5,
                2
              ],
              "inflate": -0.85,
              "pivot": [
                0,
                0,
                0
              ],
              "rotation": [
                0,
                0,
                -22.5
              ],
              "uv": [
                13,
                12
              ]
            },
            {
              "origin": [
                -8,
                5.8,
                4.25
              ],
              "size": [
                1,
                5,
                1
              ],
              "inflate": -0.65,
              "pivot": [
                0,
                0,
                0
              ],
              "rotation": [
                -22.5,
                0,
                0
              ],
              "uv": [
                13,
                12
              ]
            },
            {
              "origin": [
                -10.225,
                -0.05,
                6.75
              ],
              "size": [
                2,
                5,
                2
              ],
              "inflate": -0.85,
              "pivot": [
                0,
                0,
                0
              ],
              "rotation": [
                0,
                0,
                22.5
              ],
              "uv": [
                13,
                12
              ]
            },
            {
              "origin": [
                -7.95,
                -0.175,
                9
              ],
              "size": [
                1,
                5,
                1
              ],
              "inflate": -0.65,
              "pivot": [
                0,
                0,
                0
              ],
              "rotation": [
                22.5,
                0,
                0
              ],
              "uv": [
                13,
                12
              ]
            },
            {
              "origin": [
                -8.925,
                4.725,
                6.25
              ],
              "size": [
                3,
                3,
                3
              ],
              "inflate": -1.2,
              "uv": [
                27,
                21
              ]
            }
          ]
        }
      ]
    }
  ]
}