{
  "format_version": "1.12.0",
  "minecraft:geometry": [
    {
      "description": {
        "identifier": "geometry.unknown",
        "texture_width": 16,
        "texture_height": 16,
        "visible_bounds_width": 2,
        "visible_bounds_height": 1.5,
        "visible_bounds_offset": [
          0,
          0.25,
          0
        ]
      },
      "bones": [
        {
          "name": "SwordHilt",
          "pivot": [
            -15,
            8,
            15
          ],
          "cubes": [
            {
              "origin": [
                -8,
                0,
                7
              ],
              "size": [
                1,
                6,
                1
              ],
              "uv": {
                "north": {
                  "uv": [
                    2,
                    4.5
                  ],
                  "uv_size": [
                    1,
                    1.75
                  ]
                },
                "east": {
                  "uv": [
                    2,
                    4.5
                  ],
                  "uv_size": [
                    1,
                    1.75
                  ]
                },
                "south": {
                  "uv": [
                    2,
                    4.5
                  ],
                  "uv_size": [
                    1,
                    1.75
                  ]
                },
                "west": {
                  "uv": [
                    2,
                    4.5
                  ],
                  "uv_size": [
                    1,
                    1.75
                  ]
                },
                "up": {
                  "uv": [
                    3,
                    6.25
                  ],
                  "uv_size": [
                    -1,
                    -1.75
                  ]
                },
                "down": {
                  "uv": [
                    3,
                    6.25
                  ],
                  "uv_size": [
                    -1,
                    -1.75
                  ]
                }
              }
            },
            {
              "origin": [
                -8.5,
                0,
                6.5
              ],
              "size": [
                2,
                6,
                1
              ],
              "inflate": -0.4,
              "uv": {
                "north": {
                  "uv": [
                    2.125,
                    0.875
                  ],
                  "uv_size": [
                    1,
                    1.75
                  ]
                },
                "east": {
                  "uv": [
                    2.125,
                    0.875
                  ],
                  "uv_size": [
                    1,
                    1.75
                  ]
                },
                "south": {
                  "uv": [
                    2.125,
                    0.875
                  ],
                  "uv_size": [
                    1,
                    1.75
                  ]
                },
                "west": {
                  "uv": [
                    2.125,
                    0.875
                  ],
                  "uv_size": [
                    1,
                    1.75
                  ]
                },
                "up": {
                  "uv": [
                    3.125,
                    2.625
                  ],
                  "uv_size": [
                    -1,
                    -1.75
                  ]
                },
                "down": {
                  "uv": [
                    3.125,
                    2.625
                  ],
                  "uv_size": [
                    -1,
                    -1.75
                  ]
                }
              }
            },
            {
              "origin": [
                -8.5,
                0,
                7.5
              ],
              "size": [
                2,
                6,
                1
              ],
              "inflate": -0.4,
              "uv": {
                "north": {
                  "uv": [
                    2.125,
                    0.875
                  ],
                  "uv_size": [
                    1,
                    1.75
                  ]
                },
                "east": {
                  "uv": [
                    2.125,
                    0.875
                  ],
                  "uv_size": [
                    1,
                    1.75
                  ]
                },
                "south": {
                  "uv": [
                    2.125,
                    0.875
                  ],
                  "uv_size": [
                    1,
                    1.75
                  ]
                },
                "west": {
                  "uv": [
                    2.125,
                    0.875
                  ],
                  "uv_size": [
                    1,
                    1.75
                  ]
                },
                "up": {
                  "uv": [
                    3.125,
                    2.625
                  ],
                  "uv_size": [
                    -1,
                    -1.75
                  ]
                },
                "down": {
                  "uv": [
                    3.125,
                    2.625
                  ],
                  "uv_size": [
                    -1,
                    -1.75
                  ]
                }
              }
            },
            {
              "origin": [
                -8.5,
                5.35,
                6.5
              ],
              "size": [
                2,
                1,
                2
              ],
              "inflate": -0.3,
              "uv": {
                "north": {
                  "uv": [
                    8.5,
                    0.75
                  ],
                  "uv_size": [
                    2,
                    2
                  ]
                },
                "east": {
                  "uv": [
                    8.5,
                    0.75
                  ],
                  "uv_size": [
                    2,
                    2
                  ]
                },
                "south": {
                  "uv": [
                    8.5,
                    0.75
                  ],
                  "uv_size": [
                    2,
                    2
                  ]
                },
                "west": {
                  "uv": [
                    8.5,
                    0.75
                  ],
                  "uv_size": [
                    2,
                    2
                  ]
                },
                "up": {
                  "uv": [
                    10.5,
                    2.75
                  ],
                  "uv_size": [
                    -2,
                    -2
                  ]
                },
                "down": {
                  "uv": [
                    10.5,
                    2.75
                  ],
                  "uv_size": [
                    -2,
                    -2
                  ]
                }
              }
            },
            {
              "origin": [
                -8.5,
                -0.425,
                6.5
              ],
              "size": [
                2,
                1,
                2
              ],
              "inflate": -0.4,
              "uv": {
                "north": {
                  "uv": [
                    7.375,
                    2.5
                  ],
                  "uv_size": [
                    2.625,
                    0.625
                  ]
                },
                "east": {
                  "uv": [
                    7.375,
                    2.5
                  ],
                  "uv_size": [
                    2.625,
                    0.625
                  ]
                },
                "south": {
                  "uv": [
                    7.375,
                    2.5
                  ],
                  "uv_size": [
                    2.625,
                    0.625
                  ]
                },
                "west": {
                  "uv": [
                    7.375,
                    2.5
                  ],
                  "uv_size": [
                    2.625,
                    0.625
                  ]
                },
                "up": {
                  "uv": [
                    10,
                    3.125
                  ],
                  "uv_size": [
                    -2.625,
                    -0.625
                  ]
                },
                "down": {
                  "uv": [
                    10,
                    3.125
                  ],
                  "uv_size": [
                    -2.625,
                    -0.625
                  ]
                }
              }
            },
            {
              "origin": [
                -8.5,
                -0.225,
                6.5
              ],
              "size": [
                2,
                1,
                2
              ],
              "inflate": -0.4,
              "uv": {
                "north": {
                  "uv": [
                    7.375,
                    0.125
                  ],
                  "uv_size": [
                    2,
                    1
                  ]
                },
                "east": {
                  "uv": [
                    7.375,
                    0.125
                  ],
                  "uv_size": [
                    2,
                    1
                  ]
                },
                "south": {
                  "uv": [
                    7.375,
                    0.125
                  ],
                  "uv_size": [
                    2,
                    1
                  ]
                },
                "west": {
                  "uv": [
                    7.375,
                    0.125
                  ],
                  "uv_size": [
                    2,
                    1
                  ]
                },
                "up": {
                  "uv": [
                    9.375,
                    1.125
                  ],
                  "uv_size": [
                    -2,
                    -1
                  ]
                },
                "down": {
                  "uv": [
                    9.375,
                    1.125
                  ],
                  "uv_size": [
                    -2,
                    -1
                  ]
                }
              }
            },
            {
              "origin": [
                -8.5,
                -0.375,
                7
              ],
              "size": [
                2,
                1,
                1
              ],
              "inflate": -0.25,
              "uv": {
                "north": {
                  "uv": [
                    2,
                    0.625
                  ],
                  "uv_size": [
                    1,
                    2
                  ]
                },
                "east": {
                  "uv": [
                    2,
                    0.625
                  ],
                  "uv_size": [
                    1,
                    2
                  ]
                },
                "south": {
                  "uv": [
                    2,
                    0.625
                  ],
                  "uv_size": [
                    1,
                    2
                  ]
                },
                "west": {
                  "uv": [
                    2,
                    0.625
                  ],
                  "uv_size": [
                    1,
                    2
                  ]
                },
                "up": {
                  "uv": [
                    3,
                    2.625
                  ],
                  "uv_size": [
                    -1,
                    -2
                  ]
                },
                "down": {
                  "uv": [
                    3,
                    2.625
                  ],
                  "uv_size": [
                    -1,
                    -2
                  ]
                }
              }
            },
            {
              "origin": [
                -8.5,
                5.125,
                6.5
              ],
              "size": [
                2,
                1,
                2
              ],
              "inflate": -0.2,
              "uv": {
                "north": {
                  "uv": [
                    8.625,
                    0.75
                  ],
                  "uv_size": [
                    2,
                    2
                  ]
                },
                "east": {
                  "uv": [
                    8.625,
                    0.75
                  ],
                  "uv_size": [
                    2,
                    2
                  ]
                },
                "south": {
                  "uv": [
                    8.625,
                    0.75
                  ],
                  "uv_size": [
                    2,
                    2
                  ]
                },
                "west": {
                  "uv": [
                    8.625,
                    0.75
                  ],
                  "uv_size": [
                    2,
                    2
                  ]
                },
                "up": {
                  "uv": [
                    10.625,
                    2.75
                  ],
                  "uv_size": [
                    -2,
                    -2
                  ]
                },
                "down": {
                  "uv": [
                    10.625,
                    2.75
                  ],
                  "uv_size": [
                    -2,
                    -2
                  ]
                }
              }
            },
            {
              "origin": [
                -7.975,
                6.05,
                6.075
              ],
              "size": [
                1,
                1,
                2
              ],
              "inflate": -0.25,
              "pivot": [
                -14.975,
                14.05,
                14.075
              ],
              "rotation": [
                2.75,
                0,
                0
              ],
              "uv": {
                "north": {
                  "uv": [
                    10.125,
                    0.5
                  ],
                  "uv_size": [
                    1.5,
                    2.5
                  ]
                },
                "east": {
                  "uv": [
                    10.125,
                    0.5
                  ],
                  "uv_size": [
                    1.5,
                    2.5
                  ]
                },
                "south": {
                  "uv": [
                    10.125,
                    0.5
                  ],
                  "uv_size": [
                    1.5,
                    2.5
                  ]
                },
                "west": {
                  "uv": [
                    10.125,
                    0.5
                  ],
                  "uv_size": [
                    1.5,
                    2.5
                  ]
                },
                "up": {
                  "uv": [
                    11.625,
                    3
                  ],
                  "uv_size": [
                    -1.5,
                    -2.5
                  ]
                },
                "down": {
                  "uv": [
                    11.625,
                    3
                  ],
                  "uv_size": [
                    -1.5,
                    -2.5
                  ]
                }
              }
            },
            {
              "origin": [
                -9,
                5.125,
                6
              ],
              "size": [
                3,
                1,
                3
              ],
              "inflate": -0.4,
              "uv": {
                "north": {
                  "uv": [
                    7.125,
                    0.125
                  ],
                  "uv_size": [
                    4.75,
                    3.125
                  ]
                },
                "east": {
                  "uv": [
                    7.125,
                    0.125
                  ],
                  "uv_size": [
                    4.75,
                    3.125
                  ]
                },
                "south": {
                  "uv": [
                    7.125,
                    0.125
                  ],
                  "uv_size": [
                    4.75,
                    3.125
                  ]
                },
                "west": {
                  "uv": [
                    7.125,
                    0.125
                  ],
                  "uv_size": [
                    4.75,
                    3.125
                  ]
                },
                "up": {
                  "uv": [
                    11.875,
                    3.25
                  ],
                  "uv_size": [
                    -4.75,
                    -3.125
                  ]
                },
                "down": {
                  "uv": [
                    11.875,
                    3.25
                  ],
                  "uv_size": [
                    -4.75,
                    -3.125
                  ]
                }
              }
            }
          ]
        },
        {
          "name": "SwordHiltDetailing",
          "parent": "SwordHilt",
          "pivot": [
            -15,
            8,
            15
          ],
          "cubes": [
            {
              "origin": [
                -8.5,
                2.25,
                9.85
              ],
              "size": [
                2,
                1,
                2
              ],
              "inflate": -0.35,
              "pivot": [
                -14.5,
                10.25,
                3.85
              ],
              "rotation": [
                -22.5,
                0,
                0
              ],
              "uv": {
                "north": {
                  "uv": [
                    2.375,
                    0.375
                  ],
                  "uv_size": [
                    1,
                    2
                  ]
                },
                "east": {
                  "uv": [
                    2.375,
                    0.375
                  ],
                  "uv_size": [
                    1,
                    2
                  ]
                },
                "south": {
                  "uv": [
                    2.375,
                    0.375
                  ],
                  "uv_size": [
                    1,
                    2
                  ]
                },
                "west": {
                  "uv": [
                    2.375,
                    0.375
                  ],
                  "uv_size": [
                    1,
                    2
                  ]
                },
                "up": {
                  "uv": [
                    3.375,
                    2.375
                  ],
                  "uv_size": [
                    -1,
                    -2
                  ]
                },
                "down": {
                  "uv": [
                    3.375,
                    2.375
                  ],
                  "uv_size": [
                    -1,
                    -2
                  ]
                }
              }
            },
            {
              "origin": [
                -8.5,
                2.75,
                9.85
              ],
              "size": [
                2,
                1,
                2
              ],
              "inflate": -0.35,
              "pivot": [
                -14.5,
                10.75,
                3.85
              ],
              "rotation": [
                -22.5,
                0,
                0
              ],
              "uv": {
                "north": {
                  "uv": [
                    2.25,
                    1
                  ],
                  "uv_size": [
                    1,
                    2
                  ]
                },
                "east": {
                  "uv": [
                    2.25,
                    1
                  ],
                  "uv_size": [
                    1,
                    2
                  ]
                },
                "south": {
                  "uv": [
                    2.25,
                    1
                  ],
                  "uv_size": [
                    1,
                    2
                  ]
                },
                "west": {
                  "uv": [
                    2.25,
                    1
                  ],
                  "uv_size": [
                    1,
                    2
                  ]
                },
                "up": {
                  "uv": [
                    3.25,
                    3
                  ],
                  "uv_size": [
                    -1,
                    -2
                  ]
                },
                "down": {
                  "uv": [
                    3.25,
                    3
                  ],
                  "uv_size": [
                    -1,
                    -2
                  ]
                }
              }
            },
            {
              "origin": [
                -8.5,
                3.5,
                9.9
              ],
              "size": [
                2,
                1,
                2
              ],
              "inflate": -0.35,
              "pivot": [
                -14.5,
                11.5,
                3.9
              ],
              "rotation": [
                -22.5,
                0,
                0
              ],
              "uv": {
                "north": {
                  "uv": [
                    1.875,
                    0.875
                  ],
                  "uv_size": [
                    2.5,
                    1.625
                  ]
                },
                "east": {
                  "uv": [
                    1.875,
                    0.875
                  ],
                  "uv_size": [
                    2.5,
                    1.625
                  ]
                },
                "south": {
                  "uv": [
                    1.875,
                    0.875
                  ],
                  "uv_size": [
                    2.5,
                    1.625
                  ]
                },
                "west": {
                  "uv": [
                    1.875,
                    0.875
                  ],
                  "uv_size": [
                    2.5,
                    1.625
                  ]
                },
                "up": {
                  "uv": [
                    4.375,
                    2.5
                  ],
                  "uv_size": [
                    -2.5,
                    -1.625
                  ]
                },
                "down": {
                  "uv": [
                    4.375,
                    2.5
                  ],
                  "uv_size": [
                    -2.5,
                    -1.625
                  ]
                }
              }
            },
            {
              "origin": [
                -8.5,
                4,
                9.9
              ],
              "size": [
                2,
                1,
                2
              ],
              "inflate": -0.35,
              "pivot": [
                -14.5,
                12,
                3.9
              ],
              "rotation": [
                -22.5,
                0,
                0
              ],
              "uv": {
                "north": {
                  "uv": [
                    2.375,
                    1
                  ],
                  "uv_size": [
                    1,
                    2
                  ]
                },
                "east": {
                  "uv": [
                    2.375,
                    1
                  ],
                  "uv_size": [
                    1,
                    2
                  ]
                },
                "south": {
                  "uv": [
                    2.375,
                    1
                  ],
                  "uv_size": [
                    1,
                    2
                  ]
                },
                "west": {
                  "uv": [
                    2.375,
                    1
                  ],
                  "uv_size": [
                    1,
                    2
                  ]
                },
                "up": {
                  "uv": [
                    3.375,
                    3
                  ],
                  "uv_size": [
                    -1,
                    -2
                  ]
                },
                "down": {
                  "uv": [
                    3.375,
                    3
                  ],
                  "uv_size": [
                    -1,
                    -2
                  ]
                }
              }
            },
            {
              "origin": [
                -8.5,
                4.75,
                9.9
              ],
              "size": [
                2,
                1,
                2
              ],
              "inflate": -0.35,
              "pivot": [
                -14.5,
                12.75,
                3.9
              ],
              "rotation": [
                -22.5,
                0,
                0
              ],
              "uv": {
                "north": {
                  "uv": [
                    2.375,
                    0.625
                  ],
                  "uv_size": [
                    1,
                    2
                  ]
                },
                "east": {
                  "uv": [
                    2.375,
                    0.625
                  ],
                  "uv_size": [
                    1,
                    2
                  ]
                },
                "south": {
                  "uv": [
                    2.375,
                    0.625
                  ],
                  "uv_size": [
                    1,
                    2
                  ]
                },
                "west": {
                  "uv": [
                    2.375,
                    0.625
                  ],
                  "uv_size": [
                    1,
                    2
                  ]
                },
                "up": {
                  "uv": [
                    3.375,
                    2.625
                  ],
                  "uv_size": [
                    -1,
                    -2
                  ]
                },
                "down": {
                  "uv": [
                    3.375,
                    2.625
                  ],
                  "uv_size": [
                    -1,
                    -2
                  ]
                }
              }
            },
            {
              "origin": [
                -8.5,
                5.25,
                9.9
              ],
              "size": [
                2,
                1,
                2
              ],
              "inflate": -0.35,
              "pivot": [
                -14.5,
                13.25,
                3.9
              ],
              "rotation": [
                -22.5,
                0,
                0
              ],
              "uv": {
                "north": {
                  "uv": [
                    2.5,
                    0.75
                  ],
                  "uv_size": [
                    3,
                    1
                  ]
                },
                "east": {
                  "uv": [
                    2.5,
                    0.75
                  ],
                  "uv_size": [
                    3,
                    1
                  ]
                },
                "south": {
                  "uv": [
                    2.5,
                    0.75
                  ],
                  "uv_size": [
                    3,
                    1
                  ]
                },
                "west": {
                  "uv": [
                    2.5,
                    0.75
                  ],
                  "uv_size": [
                    3,
                    1
                  ]
                },
                "up": {
                  "uv": [
                    5.5,
                    1.75
                  ],
                  "uv_size": [
                    -3,
                    -1
                  ]
                },
                "down": {
                  "uv": [
                    5.5,
                    1.75
                  ],
                  "uv_size": [
                    -3,
                    -1
                  ]
                }
              }
            },
            {
              "origin": [
                -8.5,
                6,
                9.9
              ],
              "size": [
                2,
                1,
                2
              ],
              "inflate": -0.35,
              "pivot": [
                -14.5,
                14,
                3.9
              ],
              "rotation": [
                -22.5,
                0,
                0
              ],
              "uv": {
                "north": {
                  "uv": [
                    2.625,
                    0.625
                  ],
                  "uv_size": [
                    0.875,
                    2
                  ]
                },
                "east": {
                  "uv": [
                    2.625,
                    0.625
                  ],
                  "uv_size": [
                    0.875,
                    2
                  ]
                },
                "south": {
                  "uv": [
                    2.625,
                    0.625
                  ],
                  "uv_size": [
                    0.875,
                    2
                  ]
                },
                "west": {
                  "uv": [
                    2.625,
                    0.625
                  ],
                  "uv_size": [
                    0.875,
                    2
                  ]
                },
                "up": {
                  "uv": [
                    3.5,
                    2.625
                  ],
                  "uv_size": [
                    -0.875,
                    -2
                  ]
                },
                "down": {
                  "uv": [
                    3.5,
                    2.625
                  ],
                  "uv_size": [
                    -0.875,
                    -2
                  ]
                }
              }
            },
            {
              "origin": [
                -8.5,
                6.5,
                9.9
              ],
              "size": [
                2,
                1,
                2
              ],
              "inflate": -0.35,
              "pivot": [
                -14.5,
                14.5,
                3.9
              ],
              "rotation": [
                -22.5,
                0,
                0
              ],
              "uv": {
                "north": {
                  "uv": [
                    2.5,
                    0.75
                  ],
                  "uv_size": [
                    1,
                    2
                  ]
                },
                "east": {
                  "uv": [
                    2.5,
                    0.75
                  ],
                  "uv_size": [
                    1,
                    2
                  ]
                },
                "south": {
                  "uv": [
                    2.5,
                    0.75
                  ],
                  "uv_size": [
                    1,
                    2
                  ]
                },
                "west": {
                  "uv": [
                    2.5,
                    0.75
                  ],
                  "uv_size": [
                    1,
                    2
                  ]
                },
                "up": {
                  "uv": [
                    3.5,
                    2.75
                  ],
                  "uv_size": [
                    -1,
                    -2
                  ]
                },
                "down": {
                  "uv": [
                    3.5,
                    2.75
                  ],
                  "uv_size": [
                    -1,
                    -2
                  ]
                }
              }
            }
          ]
        },
        {
          "name": "SwordHiltDetailing2",
          "parent": "SwordHilt",
          "pivot": [
            -15,
            8,
            15
          ],
          "cubes": [
            {
              "origin": [
                -8.5,
                -2,
                4.2
              ],
              "size": [
                2,
                1,
                2
              ],
              "inflate": -0.375,
              "pivot": [
                -14.5,
                6,
                -1.8
              ],
              "rotation": [
                22.5,
                0,
                0
              ],
              "uv": {
                "north": {
                  "uv": [
                    3.875,
                    1
                  ],
                  "uv_size": [
                    1,
                    2
                  ]
                },
                "east": {
                  "uv": [
                    3.875,
                    1
                  ],
                  "uv_size": [
                    1,
                    2
                  ]
                },
                "south": {
                  "uv": [
                    3.875,
                    1
                  ],
                  "uv_size": [
                    1,
                    2
                  ]
                },
                "west": {
                  "uv": [
                    3.875,
                    1
                  ],
                  "uv_size": [
                    1,
                    2
                  ]
                },
                "up": {
                  "uv": [
                    4.875,
                    3
                  ],
                  "uv_size": [
                    -1,
                    -2
                  ]
                },
                "down": {
                  "uv": [
                    4.875,
                    3
                  ],
                  "uv_size": [
                    -1,
                    -2
                  ]
                }
              }
            },
            {
              "origin": [
                -8.5,
                -1.25,
                4.2
              ],
              "size": [
                2,
                1,
                2
              ],
              "inflate": -0.375,
              "pivot": [
                -14.5,
                6.75,
                -1.8
              ],
              "rotation": [
                22.5,
                0,
                0
              ],
              "uv": {
                "north": {
                  "uv": [
                    2.5,
                    0.875
                  ],
                  "uv_size": [
                    1,
                    2
                  ]
                },
                "east": {
                  "uv": [
                    2.5,
                    0.875
                  ],
                  "uv_size": [
                    1,
                    2
                  ]
                },
                "south": {
                  "uv": [
                    2.5,
                    0.875
                  ],
                  "uv_size": [
                    1,
                    2
                  ]
                },
                "west": {
                  "uv": [
                    2.5,
                    0.875
                  ],
                  "uv_size": [
                    1,
                    2
                  ]
                },
                "up": {
                  "uv": [
                    3.5,
                    2.875
                  ],
                  "uv_size": [
                    -1,
                    -2
                  ]
                },
                "down": {
                  "uv": [
                    3.5,
                    2.875
                  ],
                  "uv_size": [
                    -1,
                    -2
                  ]
                }
              }
            },
            {
              "origin": [
                -8.5,
                -0.75,
                4.2
              ],
              "size": [
                2,
                1,
                2
              ],
              "inflate": -0.375,
              "pivot": [
                -14.5,
                7.25,
                -1.8
              ],
              "rotation": [
                22.5,
                0,
                0
              ],
              "uv": {
                "north": {
                  "uv": [
                    4,
                    0.5
                  ],
                  "uv_size": [
                    1,
                    2
                  ]
                },
                "east": {
                  "uv": [
                    4,
                    0.5
                  ],
                  "uv_size": [
                    1,
                    2
                  ]
                },
                "south": {
                  "uv": [
                    4,
                    0.5
                  ],
                  "uv_size": [
                    1,
                    2
                  ]
                },
                "west": {
                  "uv": [
                    4,
                    0.5
                  ],
                  "uv_size": [
                    1,
                    2
                  ]
                },
                "up": {
                  "uv": [
                    5,
                    2.5
                  ],
                  "uv_size": [
                    -1,
                    -2
                  ]
                },
                "down": {
                  "uv": [
                    5,
                    2.5
                  ],
                  "uv_size": [
                    -1,
                    -2
                  ]
                }
              }
            },
            {
              "origin": [
                -8.5,
                0,
                4.2
              ],
              "size": [
                2,
                1,
                2
              ],
              "inflate": -0.375,
              "pivot": [
                -14.5,
                8,
                -1.8
              ],
              "rotation": [
                22.5,
                0,
                0
              ],
              "uv": {
                "north": {
                  "uv": [
                    2.125,
                    0.625
                  ],
                  "uv_size": [
                    1,
                    2
                  ]
                },
                "east": {
                  "uv": [
                    2.125,
                    0.625
                  ],
                  "uv_size": [
                    1,
                    2
                  ]
                },
                "south": {
                  "uv": [
                    2.125,
                    0.625
                  ],
                  "uv_size": [
                    1,
                    2
                  ]
                },
                "west": {
                  "uv": [
                    2.125,
                    0.625
                  ],
                  "uv_size": [
                    1,
                    2
                  ]
                },
                "up": {
                  "uv": [
                    3.125,
                    2.625
                  ],
                  "uv_size": [
                    -1,
                    -2
                  ]
                },
                "down": {
                  "uv": [
                    3.125,
                    2.625
                  ],
                  "uv_size": [
                    -1,
                    -2
                  ]
                }
              }
            },
            {
              "origin": [
                -8.5,
                0.5,
                4.2
              ],
              "size": [
                2,
                1,
                2
              ],
              "inflate": -0.375,
              "pivot": [
                -14.5,
                8.5,
                -1.8
              ],
              "rotation": [
                22.5,
                0,
                0
              ],
              "uv": {
                "north": {
                  "uv": [
                    2.25,
                    0.875
                  ],
                  "uv_size": [
                    1,
                    2
                  ]
                },
                "east": {
                  "uv": [
                    2.25,
                    0.875
                  ],
                  "uv_size": [
                    1,
                    2
                  ]
                },
                "south": {
                  "uv": [
                    2.25,
                    0.875
                  ],
                  "uv_size": [
                    1,
                    2
                  ]
                },
                "west": {
                  "uv": [
                    2.25,
                    0.875
                  ],
                  "uv_size": [
                    1,
                    2
                  ]
                },
                "up": {
                  "uv": [
                    3.25,
                    2.875
                  ],
                  "uv_size": [
                    -1,
                    -2
                  ]
                },
                "down": {
                  "uv": [
                    3.25,
                    2.875
                  ],
                  "uv_size": [
                    -1,
                    -2
                  ]
                }
              }
            },
            {
              "origin": [
                -8.5,
                1.25,
                4.2
              ],
              "size": [
                2,
                1,
                2
              ],
              "inflate": -0.375,
              "pivot": [
                -14.5,
                9.25,
                -1.8
              ],
              "rotation": [
                22.5,
                0,
                0
              ],
              "uv": {
                "north": {
                  "uv": [
                    2.5,
                    0.625
                  ],
                  "uv_size": [
                    1,
                    2
                  ]
                },
                "east": {
                  "uv": [
                    2.5,
                    0.625
                  ],
                  "uv_size": [
                    1,
                    2
                  ]
                },
                "south": {
                  "uv": [
                    2.5,
                    0.625
                  ],
                  "uv_size": [
                    1,
                    2
                  ]
                },
                "west": {
                  "uv": [
                    2.5,
                    0.625
                  ],
                  "uv_size": [
                    1,
                    2
                  ]
                },
                "up": {
                  "uv": [
                    3.5,
                    2.625
                  ],
                  "uv_size": [
                    -1,
                    -2
                  ]
                },
                "down": {
                  "uv": [
                    3.5,
                    2.625
                  ],
                  "uv_size": [
                    -1,
                    -2
                  ]
                }
              }
            },
            {
              "origin": [
                -8.5,
                -2.5,
                4.2
              ],
              "size": [
                2,
                1,
                2
              ],
              "inflate": -0.375,
              "pivot": [
                -14.5,
                5.5,
                -1.8
              ],
              "rotation": [
                22.5,
                0,
                0
              ],
              "uv": {
                "north": {
                  "uv": [
                    2.5,
                    1
                  ],
                  "uv_size": [
                    1,
                    2
                  ]
                },
                "east": {
                  "uv": [
                    2.5,
                    1
                  ],
                  "uv_size": [
                    1,
                    2
                  ]
                },
                "south": {
                  "uv": [
                    2.5,
                    1
                  ],
                  "uv_size": [
                    1,
                    2
                  ]
                },
                "west": {
                  "uv": [
                    2.5,
                    1
                  ],
                  "uv_size": [
                    1,
                    2
                  ]
                },
                "up": {
                  "uv": [
                    3.5,
                    3
                  ],
                  "uv_size": [
                    -1,
                    -2
                  ]
                },
                "down": {
                  "uv": [
                    3.5,
                    3
                  ],
                  "uv_size": [
                    -1,
                    -2
                  ]
                }
              }
            },
            {
              "origin": [
                -8.5,
                -3.25,
                4.2
              ],
              "size": [
                2,
                1,
                2
              ],
              "inflate": -0.375,
              "pivot": [
                -14.5,
                4.75,
                -1.8
              ],
              "rotation": [
                22.5,
                0,
                0
              ],
              "uv": {
                "north": {
                  "uv": [
                    3.375,
                    0.625
                  ],
                  "uv_size": [
                    1,
                    2
                  ]
                },
                "east": {
                  "uv": [
                    3.375,
                    0.625
                  ],
                  "uv_size": [
                    1,
                    2
                  ]
                },
                "south": {
                  "uv": [
                    3.375,
                    0.625
                  ],
                  "uv_size": [
                    1,
                    2
                  ]
                },
                "west": {
                  "uv": [
                    3.375,
                    0.625
                  ],
                  "uv_size": [
                    1,
                    2
                  ]
                },
                "up": {
                  "uv": [
                    4.375,
                    2.625
                  ],
                  "uv_size": [
                    -1,
                    -2
                  ]
                },
                "down": {
                  "uv": [
                    4.375,
                    2.625
                  ],
                  "uv_size": [
                    -1,
                    -2
                  ]
                }
              }
            }
          ]
        },
        {
          "name": "SwordBlade",
          "pivot": [
            -15,
            13.75,
            15
          ],
          "cubes": [
            {
              "origin": [
                -7.625,
                6,
                6.725
              ],
              "size": [
                0.3,
                16.425,
                1.425
              ],
              "uv": {
                "north": {
                  "uv": [
                    5,
                    7.125
                  ],
                  "uv_size": [
                    2,
                    2
                  ]
                },
                "east": {
                  "uv": [
                    5,
                    7.125
                  ],
                  "uv_size": [
                    2,
                    2
                  ]
                },
                "south": {
                  "uv": [
                    5,
                    7.125
                  ],
                  "uv_size": [
                    2,
                    2
                  ]
                },
                "west": {
                  "uv": [
                    5,
                    7.125
                  ],
                  "uv_size": [
                    2,
                    2
                  ]
                },
                "up": {
                  "uv": [
                    7,
                    9.125
                  ],
                  "uv_size": [
                    -2,
                    -2
                  ]
                },
                "down": {
                  "uv": [
                    7,
                    9.125
                  ],
                  "uv_size": [
                    -2,
                    -2
                  ]
                }
              }
            },
            {
              "origin": [
                -7.75,
                6,
                6.725
              ],
              "size": [
                0.3,
                16.425,
                1.425
              ],
              "inflate": -0.05,
              "uv": {
                "north": {
                  "uv": [
                    5,
                    7.125
                  ],
                  "uv_size": [
                    2,
                    2
                  ]
                },
                "east": {
                  "uv": [
                    5,
                    7.125
                  ],
                  "uv_size": [
                    2,
                    2
                  ]
                },
                "south": {
                  "uv": [
                    5,
                    7.125
                  ],
                  "uv_size": [
                    2,
                    2
                  ]
                },
                "west": {
                  "uv": [
                    5,
                    7.125
                  ],
                  "uv_size": [
                    2,
                    2
                  ]
                },
                "up": {
                  "uv": [
                    7,
                    9.125
                  ],
                  "uv_size": [
                    -2,
                    -2
                  ]
                },
                "down": {
                  "uv": [
                    7,
                    9.125
                  ],
                  "uv_size": [
                    -2,
                    -2
                  ]
                }
              }
            },
            {
              "origin": [
                -7.75,
                22.23722,
                6.74649
              ],
              "size": [
                0.3,
                0.875,
                1.425
              ],
              "inflate": -0.075,
              "pivot": [
                -7.6,
                22.64972,
                7.45899
              ],
              "rotation": [
                52.75,
                0,
                0
              ],
              "uv": {
                "north": {
                  "uv": [
                    5.45,
                    7.93438
                  ],
                  "uv_size": [
                    1.37187,
                    0.83125
                  ]
                },
                "east": {
                  "uv": [
                    5.45,
                    7.93438
                  ],
                  "uv_size": [
                    1.37187,
                    0.83125
                  ]
                },
                "south": {
                  "uv": [
                    5.45,
                    7.93438
                  ],
                  "uv_size": [
                    1.37187,
                    0.83125
                  ]
                },
                "west": {
                  "uv": [
                    5.45,
                    7.93438
                  ],
                  "uv_size": [
                    1.37187,
                    0.83125
                  ]
                },
                "up": {
                  "uv": [
                    6.82187,
                    8.76563
                  ],
                  "uv_size": [
                    -1.37187,
                    -0.83125
                  ]
                },
                "down": {
                  "uv": [
                    6.82187,
                    8.76563
                  ],
                  "uv_size": [
                    -1.37187,
                    -0.83125
                  ]
                }
              }
            },
            {
              "origin": [
                -7.75,
                22.63722,
                7.39649
              ],
              "size": [
                0.3,
                0.475,
                1.325
              ],
              "inflate": -0.1,
              "pivot": [
                -7.6,
                22.64972,
                7.45899
              ],
              "rotation": [
                52.75,
                0,
                0
              ],
              "uv": {
                "north": {
                  "uv": [
                    5.45,
                    7.93438
                  ],
                  "uv_size": [
                    1.37187,
                    0.83125
                  ]
                },
                "east": {
                  "uv": [
                    5.45,
                    7.93438
                  ],
                  "uv_size": [
                    1.37187,
                    0.83125
                  ]
                },
                "south": {
                  "uv": [
                    5.45,
                    7.93438
                  ],
                  "uv_size": [
                    1.37187,
                    0.83125
                  ]
                },
                "west": {
                  "uv": [
                    5.45,
                    7.93438
                  ],
                  "uv_size": [
                    1.37187,
                    0.83125
                  ]
                },
                "up": {
                  "uv": [
                    6.82187,
                    8.76563
                  ],
                  "uv_size": [
                    -1.37187,
                    -0.83125
                  ]
                },
                "down": {
                  "uv": [
                    6.82187,
                    8.76563
                  ],
                  "uv_size": [
                    -1.37187,
                    -0.83125
                  ]
                }
              }
            },
            {
              "origin": [
                -7.75,
                22.08722,
                6.74649
              ],
              "size": [
                0.3,
                0.35,
                1.2
              ],
              "inflate": -0.075,
              "pivot": [
                -7.6,
                22.64972,
                7.45899
              ],
              "rotation": [
                52.75,
                0,
                0
              ],
              "uv": {
                "north": {
                  "uv": [
                    5.45,
                    7.93438
                  ],
                  "uv_size": [
                    1.37187,
                    0.83125
                  ]
                },
                "east": {
                  "uv": [
                    5.45,
                    7.93438
                  ],
                  "uv_size": [
                    1.37187,
                    0.83125
                  ]
                },
                "south": {
                  "uv": [
                    5.45,
                    7.93438
                  ],
                  "uv_size": [
                    1.37187,
                    0.83125
                  ]
                },
                "west": {
                  "uv": [
                    5.45,
                    7.93438
                  ],
                  "uv_size": [
                    1.37187,
                    0.83125
                  ]
                },
                "up": {
                  "uv": [
                    6.82187,
                    8.76563
                  ],
                  "uv_size": [
                    -1.37187,
                    -0.83125
                  ]
                },
                "down": {
                  "uv": [
                    6.82187,
                    8.76563
                  ],
                  "uv_size": [
                    -1.37187,
                    -0.83125
                  ]
                }
              }
            },
            {
              "origin": [
                -7.5,
                22.08722,
                6.74649
              ],
              "size": [
                0.3,
                0.35,
                1.2
              ],
              "inflate": -0.075,
              "pivot": [
                -7.6,
                22.64972,
                7.45899
              ],
              "rotation": [
                52.75,
                0,
                0
              ],
              "uv": {
                "north": {
                  "uv": [
                    5.45,
                    7.93438
                  ],
                  "uv_size": [
                    1.37187,
                    0.83125
                  ]
                },
                "east": {
                  "uv": [
                    5.45,
                    7.93438
                  ],
                  "uv_size": [
                    1.37187,
                    0.83125
                  ]
                },
                "south": {
                  "uv": [
                    5.45,
                    7.93438
                  ],
                  "uv_size": [
                    1.37187,
                    0.83125
                  ]
                },
                "west": {
                  "uv": [
                    5.45,
                    7.93438
                  ],
                  "uv_size": [
                    1.37187,
                    0.83125
                  ]
                },
                "up": {
                  "uv": [
                    6.82187,
                    8.76563
                  ],
                  "uv_size": [
                    -1.37187,
                    -0.83125
                  ]
                },
                "down": {
                  "uv": [
                    6.82187,
                    8.76563
                  ],
                  "uv_size": [
                    -1.37187,
                    -0.83125
                  ]
                }
              }
            },
            {
              "origin": [
                -7.5,
                22.23722,
                6.74649
              ],
              "size": [
                0.3,
                0.875,
                1.425
              ],
              "inflate": -0.075,
              "pivot": [
                -7.6,
                22.64972,
                7.45899
              ],
              "rotation": [
                52.75,
                0,
                0
              ],
              "uv": {
                "north": {
                  "uv": [
                    5.45,
                    7.93438
                  ],
                  "uv_size": [
                    1.37187,
                    0.83125
                  ]
                },
                "east": {
                  "uv": [
                    5.45,
                    7.93438
                  ],
                  "uv_size": [
                    1.37187,
                    0.83125
                  ]
                },
                "south": {
                  "uv": [
                    5.45,
                    7.93438
                  ],
                  "uv_size": [
                    1.37187,
                    0.83125
                  ]
                },
                "west": {
                  "uv": [
                    5.45,
                    7.93438
                  ],
                  "uv_size": [
                    1.37187,
                    0.83125
                  ]
                },
                "up": {
                  "uv": [
                    6.82187,
                    8.76563
                  ],
                  "uv_size": [
                    -1.37187,
                    -0.83125
                  ]
                },
                "down": {
                  "uv": [
                    6.82187,
                    8.76563
                  ],
                  "uv_size": [
                    -1.37187,
                    -0.83125
                  ]
                }
              }
            },
            {
              "origin": [
                -7.5,
                22.63722,
                7.39649
              ],
              "size": [
                0.3,
                0.475,
                1.325
              ],
              "inflate": -0.1,
              "pivot": [
                -7.6,
                22.64972,
                7.45899
              ],
              "rotation": [
                52.75,
                0,
                0
              ],
              "uv": {
                "north": {
                  "uv": [
                    5.45,
                    7.93438
                  ],
                  "uv_size": [
                    1.37187,
                    0.83125
                  ]
                },
                "east": {
                  "uv": [
                    5.45,
                    7.93438
                  ],
                  "uv_size": [
                    1.37187,
                    0.83125
                  ]
                },
                "south": {
                  "uv": [
                    5.45,
                    7.93438
                  ],
                  "uv_size": [
                    1.37187,
                    0.83125
                  ]
                },
                "west": {
                  "uv": [
                    5.45,
                    7.93438
                  ],
                  "uv_size": [
                    1.37187,
                    0.83125
                  ]
                },
                "up": {
                  "uv": [
                    6.82187,
                    8.76563
                  ],
                  "uv_size": [
                    -1.37187,
                    -0.83125
                  ]
                },
                "down": {
                  "uv": [
                    6.82187,
                    8.76563
                  ],
                  "uv_size": [
                    -1.37187,
                    -0.83125
                  ]
                }
              }
            },
            {
              "origin": [
                -7.5,
                6,
                6.725
              ],
              "size": [
                0.3,
                16.425,
                1.425
              ],
              "inflate": -0.05,
              "uv": {
                "north": {
                  "uv": [
                    7,
                    7.125
                  ],
                  "uv_size": [
                    -2,
                    2
                  ]
                },
                "east": {
                  "uv": [
                    7,
                    7.125
                  ],
                  "uv_size": [
                    -2,
                    2
                  ]
                },
                "south": {
                  "uv": [
                    7,
                    7.125
                  ],
                  "uv_size": [
                    -2,
                    2
                  ]
                },
                "west": {
                  "uv": [
                    7,
                    7.125
                  ],
                  "uv_size": [
                    -2,
                    2
                  ]
                },
                "up": {
                  "uv": [
                    5,
                    9.125
                  ],
                  "uv_size": [
                    2,
                    -2
                  ]
                },
                "down": {
                  "uv": [
                    5,
                    9.125
                  ],
                  "uv_size": [
                    2,
                    -2
                  ]
                }
              }
            },
            {
              "origin": [
                -7.625,
                22.2941,
                7.0742
              ],
              "size": [
                0.3,
                0.65,
                1.55
              ],
              "inflate": -0.025,
              "pivot": [
                -7.475,
                22.2816,
                7.4367
              ],
              "rotation": [
                52.25,
                0,
                0
              ],
              "uv": {
                "north": {
                  "uv": [
                    6.25937,
                    7.325
                  ],
                  "uv_size": [
                    0.32813,
                    0
                  ]
                },
                "east": {
                  "uv": [
                    6.25937,
                    7.325
                  ],
                  "uv_size": [
                    0.32813,
                    0
                  ]
                },
                "south": {
                  "uv": [
                    6.25937,
                    7.325
                  ],
                  "uv_size": [
                    0.32813,
                    0
                  ]
                },
                "west": {
                  "uv": [
                    6.25937,
                    7.325
                  ],
                  "uv_size": [
                    -0.125,
                    0.19375
                  ]
                },
                "up": {
                  "uv": [
                    6.5875,
                    7.325
                  ],
                  "uv_size": [
                    -0.32813,
                    0
                  ]
                },
                "down": {
                  "uv": [
                    6.5875,
                    7.325
                  ],
                  "uv_size": [
                    -0.32813,
                    0
                  ]
                }
              }
            },
            {
              "origin": [
                -7.625,
                22.7941,
                7.6742
              ],
              "size": [
                0.3,
                0.15,
                1.6
              ],
              "inflate": -0.025,
              "pivot": [
                -7.475,
                22.2816,
                7.4367
              ],
              "rotation": [
                52.25,
                0,
                0
              ],
              "uv": {
                "north": {
                  "uv": [
                    6.25937,
                    7.325
                  ],
                  "uv_size": [
                    0.32813,
                    0
                  ]
                },
                "east": {
                  "uv": [
                    6.25937,
                    7.325
                  ],
                  "uv_size": [
                    0.32813,
                    0
                  ]
                },
                "south": {
                  "uv": [
                    6.25937,
                    7.325
                  ],
                  "uv_size": [
                    0.32813,
                    0
                  ]
                },
                "west": {
                  "uv": [
                    6.25937,
                    7.325
                  ],
                  "uv_size": [
                    -0.125,
                    0.19375
                  ]
                },
                "up": {
                  "uv": [
                    6.5875,
                    7.325
                  ],
                  "uv_size": [
                    -0.32813,
                    0
                  ]
                },
                "down": {
                  "uv": [
                    6.5875,
                    7.325
                  ],
                  "uv_size": [
                    -0.32813,
                    0
                  ]
                }
              }
            },
            {
              "origin": [
                -7.625,
                22.8191,
                9.2242
              ],
              "size": [
                0.3,
                0.125,
                0.1
              ],
              "inflate": -0.025,
              "pivot": [
                -7.475,
                22.2816,
                7.4367
              ],
              "rotation": [
                52.25,
                0,
                0
              ],
              "uv": {
                "north": {
                  "uv": [
                    6.25937,
                    7.325
                  ],
                  "uv_size": [
                    0.32813,
                    0
                  ]
                },
                "east": {
                  "uv": [
                    6.25937,
                    7.325
                  ],
                  "uv_size": [
                    0.32813,
                    0
                  ]
                },
                "south": {
                  "uv": [
                    6.25937,
                    7.325
                  ],
                  "uv_size": [
                    0.32813,
                    0
                  ]
                },
                "west": {
                  "uv": [
                    6.25937,
                    7.325
                  ],
                  "uv_size": [
                    -0.125,
                    0.19375
                  ]
                },
                "up": {
                  "uv": [
                    6.5875,
                    7.325
                  ],
                  "uv_size": [
                    -0.32813,
                    0
                  ]
                },
                "down": {
                  "uv": [
                    6.5875,
                    7.325
                  ],
                  "uv_size": [
                    -0.32813,
                    0
                  ]
                }
              }
            },
            {
              "origin": [
                -7.625,
                22.09606,
                7.9109
              ],
              "size": [
                0.3,
                1.425,
                0.25
              ],
              "inflate": -0.025,
              "pivot": [
                -7.475,
                22.55856,
                8.0109
              ],
              "rotation": [
                -1,
                0,
                0
              ],
              "uv": {
                "north": {
                  "uv": [
                    6.25937,
                    7.325
                  ],
                  "uv_size": [
                    0.32813,
                    0
                  ]
                },
                "east": {
                  "uv": [
                    6.25937,
                    7.325
                  ],
                  "uv_size": [
                    0.32813,
                    0
                  ]
                },
                "south": {
                  "uv": [
                    6.25937,
                    7.325
                  ],
                  "uv_size": [
                    0.32813,
                    0
                  ]
                },
                "west": {
                  "uv": [
                    6.25937,
                    7.325
                  ],
                  "uv_size": [
                    -0.125,
                    0.19375
                  ]
                },
                "up": {
                  "uv": [
                    6.5875,
                    7.325
                  ],
                  "uv_size": [
                    -0.32813,
                    0
                  ]
                },
                "down": {
                  "uv": [
                    6.5875,
                    7.325
                  ],
                  "uv_size": [
                    -0.32813,
                    0
                  ]
                }
              }
            },
            {
              "origin": [
                -7.625,
                22.09606,
                7.6859
              ],
              "size": [
                0.3,
                1.425,
                0.275
              ],
              "inflate": -0.025,
              "pivot": [
                -7.475,
                22.55856,
                8.0109
              ],
              "rotation": [
                -1,
                0,
                0
              ],
              "uv": {
                "north": {
                  "uv": [
                    6.25937,
                    7.325
                  ],
                  "uv_size": [
                    0.32813,
                    0
                  ]
                },
                "east": {
                  "uv": [
                    6.25937,
                    7.325
                  ],
                  "uv_size": [
                    0.32813,
                    0
                  ]
                },
                "south": {
                  "uv": [
                    6.25937,
                    7.325
                  ],
                  "uv_size": [
                    0.32813,
                    0
                  ]
                },
                "west": {
                  "uv": [
                    6.25937,
                    7.325
                  ],
                  "uv_size": [
                    -0.125,
                    0.19375
                  ]
                },
                "up": {
                  "uv": [
                    6.5875,
                    7.325
                  ],
                  "uv_size": [
                    -0.32813,
                    0
                  ]
                },
                "down": {
                  "uv": [
                    6.5875,
                    7.325
                  ],
                  "uv_size": [
                    -0.32813,
                    0
                  ]
                }
              }
            },
            {
              "origin": [
                -7.625,
                23.17944,
                8.11798
              ],
              "size": [
                0.3,
                0.525,
                0.4
              ],
              "inflate": -0.025,
              "pivot": [
                -7.475,
                23.65444,
                8.11798
              ],
              "rotation": [
                -89.25,
                0,
                0
              ],
              "uv": {
                "north": {
                  "uv": [
                    6.25937,
                    7.325
                  ],
                  "uv_size": [
                    0.32813,
                    0
                  ]
                },
                "east": {
                  "uv": [
                    6.25937,
                    7.325
                  ],
                  "uv_size": [
                    0.32813,
                    0
                  ]
                },
                "south": {
                  "uv": [
                    6.25937,
                    7.325
                  ],
                  "uv_size": [
                    0.32813,
                    0
                  ]
                },
                "west": {
                  "uv": [
                    6.25937,
                    7.325
                  ],
                  "uv_size": [
                    -0.125,
                    0.19375
                  ]
                },
                "up": {
                  "uv": [
                    6.5875,
                    7.325
                  ],
                  "uv_size": [
                    -0.32813,
                    0
                  ]
                },
                "down": {
                  "uv": [
                    6.5875,
                    7.325
                  ],
                  "uv_size": [
                    -0.32813,
                    0
                  ]
                }
              }
            },
            {
              "origin": [
                -7.625,
                23.27944,
                7.99298
              ],
              "size": [
                0.3,
                0.425,
                0.175
              ],
              "inflate": -0.025,
              "pivot": [
                -7.475,
                23.65444,
                8.11798
              ],
              "rotation": [
                -89.25,
                0,
                0
              ],
              "uv": {
                "north": {
                  "uv": [
                    6.25937,
                    7.325
                  ],
                  "uv_size": [
                    0.32813,
                    0
                  ]
                },
                "east": {
                  "uv": [
                    6.25937,
                    7.325
                  ],
                  "uv_size": [
                    0.32813,
                    0
                  ]
                },
                "south": {
                  "uv": [
                    6.25937,
                    7.325
                  ],
                  "uv_size": [
                    0.32813,
                    0
                  ]
                },
                "west": {
                  "uv": [
                    6.25937,
                    7.325
                  ],
                  "uv_size": [
                    -0.125,
                    0.19375
                  ]
                },
                "up": {
                  "uv": [
                    6.5875,
                    7.325
                  ],
                  "uv_size": [
                    -0.32813,
                    0
                  ]
                },
                "down": {
                  "uv": [
                    6.5875,
                    7.325
                  ],
                  "uv_size": [
                    -0.32813,
                    0
                  ]
                }
              }
            },
            {
              "origin": [
                -7.625,
                23.37944,
                7.86798
              ],
              "size": [
                0.3,
                0.325,
                0.175
              ],
              "inflate": -0.025,
              "pivot": [
                -7.475,
                23.65444,
                8.11798
              ],
              "rotation": [
                -89.25,
                0,
                0
              ],
              "uv": {
                "north": {
                  "uv": [
                    6.25937,
                    7.325
                  ],
                  "uv_size": [
                    0.32813,
                    0
                  ]
                },
                "east": {
                  "uv": [
                    6.25937,
                    7.325
                  ],
                  "uv_size": [
                    0.32813,
                    0
                  ]
                },
                "south": {
                  "uv": [
                    6.25937,
                    7.325
                  ],
                  "uv_size": [
                    0.32813,
                    0
                  ]
                },
                "west": {
                  "uv": [
                    6.25937,
                    7.325
                  ],
                  "uv_size": [
                    -0.125,
                    0.19375
                  ]
                },
                "up": {
                  "uv": [
                    6.5875,
                    7.325
                  ],
                  "uv_size": [
                    -0.32813,
                    0
                  ]
                },
                "down": {
                  "uv": [
                    6.5875,
                    7.325
                  ],
                  "uv_size": [
                    -0.32813,
                    0
                  ]
                }
              }
            },
            {
              "origin": [
                -7.625,
                23.45444,
                7.76798
              ],
              "size": [
                0.3,
                0.25,
                0.175
              ],
              "inflate": -0.025,
              "pivot": [
                -7.475,
                23.65444,
                8.11798
              ],
              "rotation": [
                -89.25,
                0,
                0
              ],
              "uv": {
                "north": {
                  "uv": [
                    6.25937,
                    7.325
                  ],
                  "uv_size": [
                    0.32813,
                    0
                  ]
                },
                "east": {
                  "uv": [
                    6.25937,
                    7.325
                  ],
                  "uv_size": [
                    0.32813,
                    0
                  ]
                },
                "south": {
                  "uv": [
                    6.25937,
                    7.325
                  ],
                  "uv_size": [
                    0.32813,
                    0
                  ]
                },
                "west": {
                  "uv": [
                    6.25937,
                    7.325
                  ],
                  "uv_size": [
                    -0.125,
                    0.19375
                  ]
                },
                "up": {
                  "uv": [
                    6.5875,
                    7.325
                  ],
                  "uv_size": [
                    -0.32813,
                    0
                  ]
                },
                "down": {
                  "uv": [
                    6.5875,
                    7.325
                  ],
                  "uv_size": [
                    -0.32813,
                    0
                  ]
                }
              }
            },
            {
              "origin": [
                -7.625,
                23.55444,
                7.64298
              ],
              "size": [
                0.3,
                0.15,
                0.175
              ],
              "inflate": -0.025,
              "pivot": [
                -7.475,
                23.65444,
                8.11798
              ],
              "rotation": [
                -89.25,
                0,
                0
              ],
              "uv": {
                "north": {
                  "uv": [
                    6.25937,
                    7.325
                  ],
                  "uv_size": [
                    0.32813,
                    0
                  ]
                },
                "east": {
                  "uv": [
                    6.25937,
                    7.325
                  ],
                  "uv_size": [
                    0.32813,
                    0
                  ]
                },
                "south": {
                  "uv": [
                    6.25937,
                    7.325
                  ],
                  "uv_size": [
                    0.32813,
                    0
                  ]
                },
                "west": {
                  "uv": [
                    6.25937,
                    7.325
                  ],
                  "uv_size": [
                    -0.125,
                    0.19375
                  ]
                },
                "up": {
                  "uv": [
                    6.5875,
                    7.325
                  ],
                  "uv_size": [
                    -0.32813,
                    0
                  ]
                },
                "down": {
                  "uv": [
                    6.5875,
                    7.325
                  ],
                  "uv_size": [
                    -0.32813,
                    0
                  ]
                }
              }
            },
            {
              "origin": [
                -7.625,
                22.09606,
                7.4609
              ],
              "size": [
                0.3,
                1.225,
                0.275
              ],
              "inflate": -0.025,
              "pivot": [
                -7.475,
                22.55856,
                8.0109
              ],
              "rotation": [
                -1,
                0,
                0
              ],
              "uv": {
                "north": {
                  "uv": [
                    6.25937,
                    7.325
                  ],
                  "uv_size": [
                    0.32813,
                    0
                  ]
                },
                "east": {
                  "uv": [
                    6.25937,
                    7.325
                  ],
                  "uv_size": [
                    0.32813,
                    0
                  ]
                },
                "south": {
                  "uv": [
                    6.25937,
                    7.325
                  ],
                  "uv_size": [
                    0.32813,
                    0
                  ]
                },
                "west": {
                  "uv": [
                    6.25937,
                    7.325
                  ],
                  "uv_size": [
                    -0.125,
                    0.19375
                  ]
                },
                "up": {
                  "uv": [
                    6.5875,
                    7.325
                  ],
                  "uv_size": [
                    -0.32813,
                    0
                  ]
                },
                "down": {
                  "uv": [
                    6.5875,
                    7.325
                  ],
                  "uv_size": [
                    -0.32813,
                    0
                  ]
                }
              }
            }
          ]
        }
      ]
    }
  ]
}