{
  "format_version": "1.12.0",
  "minecraft:geometry": [
    {
      "description": {
        "identifier": "geometry.unknown",
        "texture_width": 8,
        "texture_height": 8,
        "visible_bounds_width": 2,
        "visible_bounds_height": 2.5,
        "visible_bounds_offset": [
          0,
          0.75,
          0
        ]
      },
      "bones": [
        {
          "name": "bone",
          "pivot": [
            1.24708,
            3.89788,
            1.34719
          ],
          "cubes": [
            {
              "origin": [
                0.59357,
                2.53331,
                -0.3011
              ],
              "size": [
                1.31288,
                2.53125,
                1.18946
              ],
              "pivot": [
                1.25001,
                3.45206,
                0.39363
              ],
              "rotation": [
                -14.25,
                0,
                0
              ],
              "uv": {
                "north": {
                  "uv": [
                    1.25,
                    4.75
                  ],
                  "uv_size": [
                    1.31288,
                    2.53125
                  ]
                },
                "east": {
                  "uv": [
                    1.25,
                    4.375
                  ],
                  "uv_size": [
                    1.18946,
                    2.53125
                  ]
                },
                "south": {
                  "uv": [
                    1.25,
                    4.875
                  ],
                  "uv_size": [
                    1.31288,
                    2.53125
                  ]
                },
                "west": {
                  "uv": [
                    1.25,
                    4.375
                  ],
                  "uv_size": [
                    1.18946,
                    2.53125
                  ]
                },
                "up": {
                  "uv": [
                    1.5,
                    5.125
                  ],
                  "uv_size": [
                    1.31288,
                    1.18946
                  ]
                },
                "down": {
                  "uv": [
                    0.75,
                    7.06446
                  ],
                  "uv_size": [
                    1.31288,
                    -1.18946
                  ]
                }
              }
            },
            {
              "origin": [
                0.64044,
                2.34453,
                -0.05243
              ],
              "size": [
                1.21913,
                2.25,
                1.56446
              ],
              "inflate": -0.001,
              "pivot": [
                1.25001,
                5.62578,
                1.1048
              ],
              "rotation": [
                -10,
                0,
                0
              ],
              "uv": {
                "north": {
                  "uv": [
                    0.5,
                    0.5
                  ],
                  "uv_size": [
                    1.21913,
                    2.25
                  ]
                },
                "east": {
                  "uv": [
                    0.5,
                    1.375
                  ],
                  "uv_size": [
                    1.56446,
                    2.25
                  ]
                },
                "south": {
                  "uv": [
                    2,
                    1.125
                  ],
                  "uv_size": [
                    1.21913,
                    2.25
                  ]
                },
                "west": {
                  "uv": [
                    0.5,
                    0.375
                  ],
                  "uv_size": [
                    1.56446,
                    2.25
                  ]
                },
                "up": {
                  "uv": [
                    4,
                    11
                  ],
                  "uv_size": [
                    1.21913,
                    1.56446
                  ]
                },
                "down": {
                  "uv": [
                    0,
                    2.93946
                  ],
                  "uv_size": [
                    1.21913,
                    -1.56446
                  ]
                }
              }
            },
            {
              "origin": [
                0.64044,
                4.16973,
                -0.13459
              ],
              "size": [
                1.21913,
                1.3125,
                1.56446
              ],
              "pivot": [
                1.25001,
                4.63848,
                1.02264
              ],
              "rotation": [
                -30,
                0,
                0
              ],
              "uv": {
                "north": {
                  "uv": [
                    0.5,
                    1.75
                  ],
                  "uv_size": [
                    1.21913,
                    1.3125
                  ]
                },
                "east": {
                  "uv": [
                    0.5,
                    2.625
                  ],
                  "uv_size": [
                    1.56446,
                    1.3125
                  ]
                },
                "south": {
                  "uv": [
                    2.25,
                    2.625
                  ],
                  "uv_size": [
                    1.21913,
                    1.3125
                  ]
                },
                "west": {
                  "uv": [
                    0.5,
                    1.625
                  ],
                  "uv_size": [
                    1.56446,
                    1.3125
                  ]
                },
                "up": {
                  "uv": [
                    1.75,
                    0.875
                  ],
                  "uv_size": [
                    1.21913,
                    1.56446
                  ]
                },
                "down": {
                  "uv": [
                    1,
                    4.31446
                  ],
                  "uv_size": [
                    1.21913,
                    -1.56446
                  ]
                }
              }
            },
            {
              "origin": [
                0.14044,
                6.76973,
                0.28562
              ],
              "size": [
                2.21913,
                0.74817,
                2.09426
              ],
              "inflate": 0.025,
              "pivot": [
                1.25001,
                3.73848,
                0.27264
              ],
              "rotation": [
                0,
                0,
                0
              ],
              "uv": {
                "north": {
                  "uv": [
                    4.5,
                    5.375
                  ],
                  "uv_size": [
                    2.21913,
                    0.8125
                  ]
                },
                "east": {
                  "uv": [
                    4.5,
                    6.25
                  ],
                  "uv_size": [
                    3.06446,
                    0.8125
                  ]
                },
                "south": {
                  "uv": [
                    5.75,
                    6.25
                  ],
                  "uv_size": [
                    2.21913,
                    0.8125
                  ]
                },
                "west": {
                  "uv": [
                    4.75,
                    5.25
                  ],
                  "uv_size": [
                    3.06446,
                    0.8125
                  ]
                },
                "up": {
                  "uv": [
                    5.5,
                    4.5
                  ],
                  "uv_size": [
                    2.21913,
                    3.06446
                  ]
                },
                "down": {
                  "uv": [
                    4.5,
                    7.68946
                  ],
                  "uv_size": [
                    2.21913,
                    -3.06446
                  ]
                }
              }
            },
            {
              "origin": [
                0.14044,
                5.19425,
                1.85203
              ],
              "size": [
                2.21913,
                1.57266,
                0.52365
              ],
              "inflate": 0.025,
              "pivot": [
                1.25001,
                2.163,
                1.25926
              ],
              "rotation": [
                0,
                0,
                0
              ],
              "uv": {
                "north": {
                  "uv": [
                    4.5,
                    5.375
                  ],
                  "uv_size": [
                    2.21913,
                    1.27266
                  ]
                },
                "east": {
                  "uv": [
                    4.5,
                    6.25
                  ],
                  "uv_size": [
                    0.52365,
                    1.27266
                  ]
                },
                "south": {
                  "uv": [
                    5.75,
                    6.25
                  ],
                  "uv_size": [
                    2.21913,
                    1.27266
                  ]
                },
                "west": {
                  "uv": [
                    4.75,
                    5.25
                  ],
                  "uv_size": [
                    0.52365,
                    1.27266
                  ]
                },
                "up": {
                  "uv": [
                    5.5,
                    4.5
                  ],
                  "uv_size": [
                    2.21913,
                    0.52365
                  ]
                },
                "down": {
                  "uv": [
                    4.5,
                    5.14865
                  ],
                  "uv_size": [
                    2.21913,
                    -0.52365
                  ]
                }
              }
            },
            {
              "origin": [
                0.14044,
                6.32338,
                -1.2838
              ],
              "size": [
                2.22413,
                0.96798,
                2.21265
              ],
              "inflate": 0.01,
              "pivot": [
                1.25001,
                4.09761,
                -0.72838
              ],
              "rotation": [
                -30,
                0,
                0
              ],
              "uv": {
                "north": {
                  "uv": [
                    4.5,
                    5.375
                  ],
                  "uv_size": [
                    2.21913,
                    0.8125
                  ]
                },
                "east": {
                  "uv": [
                    4.5,
                    6.25
                  ],
                  "uv_size": [
                    2.81446,
                    0.8125
                  ]
                },
                "south": {
                  "uv": [
                    5.75,
                    6.25
                  ],
                  "uv_size": [
                    2.21913,
                    0.8125
                  ]
                },
                "west": {
                  "uv": [
                    4.75,
                    5.25
                  ],
                  "uv_size": [
                    2.81446,
                    0.8125
                  ]
                },
                "up": {
                  "uv": [
                    5.5,
                    4.5
                  ],
                  "uv_size": [
                    2.21913,
                    2.81446
                  ]
                },
                "down": {
                  "uv": [
                    4.5,
                    7.43946
                  ],
                  "uv_size": [
                    2.21913,
                    -2.81446
                  ]
                }
              }
            },
            {
              "origin": [
                0.14044,
                7.32338,
                -0.4838
              ],
              "size": [
                2.22413,
                0.56798,
                0.91265
              ],
              "inflate": 0.011,
              "pivot": [
                1.25001,
                4.09761,
                -0.72838
              ],
              "rotation": [
                -30,
                0,
                0
              ],
              "uv": {
                "north": {
                  "uv": [
                    4.5,
                    5.375
                  ],
                  "uv_size": [
                    2.21913,
                    0.8125
                  ]
                },
                "east": {
                  "uv": [
                    4.5,
                    6.25
                  ],
                  "uv_size": [
                    2.81446,
                    0.8125
                  ]
                },
                "south": {
                  "uv": [
                    5.75,
                    6.25
                  ],
                  "uv_size": [
                    2.21913,
                    0.8125
                  ]
                },
                "west": {
                  "uv": [
                    4.75,
                    5.25
                  ],
                  "uv_size": [
                    2.81446,
                    0.8125
                  ]
                },
                "up": {
                  "uv": [
                    5.5,
                    4.5
                  ],
                  "uv_size": [
                    2.21913,
                    2.81446
                  ]
                },
                "down": {
                  "uv": [
                    4.5,
                    7.43946
                  ],
                  "uv_size": [
                    2.21913,
                    -2.81446
                  ]
                }
              }
            },
            {
              "origin": [
                0.14544,
                6.33925,
                -1.76948
              ],
              "size": [
                2.21913,
                1.13935,
                0.51924
              ],
              "inflate": 0.02,
              "pivot": [
                1.25501,
                4.88485,
                -0.70747
              ],
              "rotation": [
                -42.5,
                0,
                0
              ],
              "uv": {
                "north": {
                  "uv": [
                    4.5,
                    5.375
                  ],
                  "uv_size": [
                    2.21913,
                    0.8125
                  ]
                },
                "east": {
                  "uv": [
                    4.5,
                    6.25
                  ],
                  "uv_size": [
                    2.81446,
                    0.8125
                  ]
                },
                "south": {
                  "uv": [
                    5.75,
                    6.25
                  ],
                  "uv_size": [
                    2.21913,
                    0.8125
                  ]
                },
                "west": {
                  "uv": [
                    4.75,
                    5.25
                  ],
                  "uv_size": [
                    2.81446,
                    0.8125
                  ]
                },
                "up": {
                  "uv": [
                    5.5,
                    4.5
                  ],
                  "uv_size": [
                    2.21913,
                    2.81446
                  ]
                },
                "down": {
                  "uv": [
                    4.5,
                    7.43946
                  ],
                  "uv_size": [
                    2.21913,
                    -2.81446
                  ]
                }
              }
            },
            {
              "origin": [
                0.70607,
                2.1289,
                0.0132
              ],
              "size": [
                1.08788,
                2.2125,
                1.43321
              ],
              "inflate": -0.075,
              "pivot": [
                1.25001,
                5.62578,
                1.1048
              ],
              "rotation": [
                -10,
                0,
                0
              ],
              "uv": {
                "north": {
                  "uv": [
                    2.5,
                    4.5
                  ],
                  "uv_size": [
                    1.08788,
                    2.2125
                  ]
                },
                "east": {
                  "uv": [
                    0.5,
                    4.125
                  ],
                  "uv_size": [
                    1.43321,
                    2.2125
                  ]
                },
                "south": {
                  "uv": [
                    1.5,
                    5.125
                  ],
                  "uv_size": [
                    1.08788,
                    2.2125
                  ]
                },
                "west": {
                  "uv": [
                    0.75,
                    4.625
                  ],
                  "uv_size": [
                    1.43321,
                    2.2125
                  ]
                },
                "up": {
                  "uv": [
                    4,
                    11
                  ],
                  "uv_size": [
                    1.08788,
                    1.43321
                  ]
                },
                "down": {
                  "uv": [
                    1,
                    7.80821
                  ],
                  "uv_size": [
                    1.08788,
                    -1.43321
                  ]
                }
              }
            },
            {
              "origin": [
                0.23458,
                5.39794,
                2.26269
              ],
              "size": [
                2.025,
                2,
                2
              ],
              "inflate": 0.05,
              "pivot": [
                -8.89623,
                -3.84333,
                0.85271
              ],
              "rotation": [
                0,
                0,
                0
              ],
              "uv": {
                "north": {
                  "uv": [
                    5.25,
                    4.5
                  ],
                  "uv_size": [
                    2.025,
                    2
                  ]
                },
                "east": {
                  "uv": [
                    4,
                    4.5
                  ],
                  "uv_size": [
                    4,
                    2
                  ]
                },
                "south": {
                  "uv": [
                    5.25,
                    6.25
                  ],
                  "uv_size": [
                    2.025,
                    2
                  ]
                },
                "west": {
                  "uv": [
                    4,
                    4.5
                  ],
                  "uv_size": [
                    4,
                    2
                  ]
                },
                "up": {
                  "uv": [
                    4.5,
                    4
                  ],
                  "uv_size": [
                    2.025,
                    4
                  ]
                },
                "down": {
                  "uv": [
                    4.5,
                    8
                  ],
                  "uv_size": [
                    2.025,
                    -4
                  ]
                }
              }
            },
            {
              "origin": [
                0.73458,
                5.89794,
                3.26269
              ],
              "size": [
                1.025,
                1,
                3.25
              ],
              "inflate": 0.05,
              "pivot": [
                -8.89623,
                -3.84333,
                0.85271
              ],
              "rotation": [
                0,
                0,
                0
              ],
              "uv": {
                "north": {
                  "uv": [
                    2.75,
                    6
                  ],
                  "uv_size": [
                    1.025,
                    1
                  ]
                },
                "east": {
                  "uv": [
                    1.25,
                    4.75
                  ],
                  "uv_size": [
                    2,
                    1
                  ]
                },
                "south": {
                  "uv": [
                    2.5,
                    6
                  ],
                  "uv_size": [
                    1.025,
                    1
                  ]
                },
                "west": {
                  "uv": [
                    1.25,
                    4.75
                  ],
                  "uv_size": [
                    2,
                    1
                  ]
                },
                "up": {
                  "uv": [
                    1.75,
                    4.25
                  ],
                  "uv_size": [
                    1.025,
                    2
                  ]
                },
                "down": {
                  "uv": [
                    1.75,
                    6.25
                  ],
                  "uv_size": [
                    1.025,
                    -2
                  ]
                }
              }
            },
            {
              "origin": [
                0.48458,
                5.64794,
                3.26269
              ],
              "size": [
                1.525,
                1.5,
                1.25
              ],
              "inflate": 0.05,
              "pivot": [
                -8.89623,
                -3.84333,
                0.85271
              ],
              "rotation": [
                0,
                0,
                0
              ],
              "uv": {
                "north": {
                  "uv": [
                    1.5,
                    0.5
                  ],
                  "uv_size": [
                    1.525,
                    1.5
                  ]
                },
                "east": {
                  "uv": [
                    0.25,
                    0.5
                  ],
                  "uv_size": [
                    1.25,
                    1.5
                  ]
                },
                "south": {
                  "uv": [
                    1.5,
                    2.25
                  ],
                  "uv_size": [
                    1.525,
                    1.5
                  ]
                },
                "west": {
                  "uv": [
                    0.25,
                    0.5
                  ],
                  "uv_size": [
                    1.25,
                    1.5
                  ]
                },
                "up": {
                  "uv": [
                    0.75,
                    0
                  ],
                  "uv_size": [
                    1.525,
                    1.25
                  ]
                },
                "down": {
                  "uv": [
                    0.75,
                    1.25
                  ],
                  "uv_size": [
                    1.525,
                    -1.25
                  ]
                }
              }
            },
            {
              "origin": [
                0.48458,
                5.64794,
                4.76269
              ],
              "size": [
                1.525,
                1.5,
                0.25
              ],
              "inflate": 0.05,
              "pivot": [
                -8.89623,
                -3.84333,
                0.85271
              ],
              "rotation": [
                0,
                0,
                0
              ],
              "uv": {
                "north": {
                  "uv": [
                    1.5,
                    0.5
                  ],
                  "uv_size": [
                    1.525,
                    1.5
                  ]
                },
                "east": {
                  "uv": [
                    0.25,
                    0.5
                  ],
                  "uv_size": [
                    0.25,
                    1.5
                  ]
                },
                "south": {
                  "uv": [
                    1.5,
                    2.25
                  ],
                  "uv_size": [
                    1.525,
                    1.5
                  ]
                },
                "west": {
                  "uv": [
                    0.25,
                    0.5
                  ],
                  "uv_size": [
                    0.25,
                    1.5
                  ]
                },
                "up": {
                  "uv": [
                    0.75,
                    0
                  ],
                  "uv_size": [
                    1.525,
                    0.25
                  ]
                },
                "down": {
                  "uv": [
                    0.75,
                    0.25
                  ],
                  "uv_size": [
                    1.525,
                    -0.25
                  ]
                }
              }
            },
            {
              "origin": [
                0.48458,
                5.64794,
                5.26269
              ],
              "size": [
                1.525,
                1.5,
                0.25
              ],
              "inflate": 0.05,
              "pivot": [
                -8.89623,
                -3.84333,
                0.85271
              ],
              "rotation": [
                0,
                0,
                0
              ],
              "uv": {
                "north": {
                  "uv": [
                    1.5,
                    0.5
                  ],
                  "uv_size": [
                    1.525,
                    1.5
                  ]
                },
                "east": {
                  "uv": [
                    0.25,
                    0.5
                  ],
                  "uv_size": [
                    0.25,
                    1.5
                  ]
                },
                "south": {
                  "uv": [
                    1.5,
                    2.25
                  ],
                  "uv_size": [
                    1.525,
                    1.5
                  ]
                },
                "west": {
                  "uv": [
                    0.25,
                    0.5
                  ],
                  "uv_size": [
                    0.25,
                    1.5
                  ]
                },
                "up": {
                  "uv": [
                    0.75,
                    0
                  ],
                  "uv_size": [
                    1.525,
                    0.25
                  ]
                },
                "down": {
                  "uv": [
                    0.75,
                    0.25
                  ],
                  "uv_size": [
                    1.525,
                    -0.25
                  ]
                }
              }
            },
            {
              "origin": [
                0.73458,
                5.64794,
                6.01269
              ],
              "size": [
                1.025,
                1.5,
                0.25
              ],
              "inflate": 0.05,
              "pivot": [
                -8.89623,
                -3.84333,
                0.85271
              ],
              "rotation": [
                0,
                0,
                0
              ],
              "uv": {
                "north": {
                  "uv": [
                    1.5,
                    0.5
                  ],
                  "uv_size": [
                    1.025,
                    1.5
                  ]
                },
                "east": {
                  "uv": [
                    0.25,
                    0.5
                  ],
                  "uv_size": [
                    0.25,
                    1.5
                  ]
                },
                "south": {
                  "uv": [
                    1.5,
                    2.25
                  ],
                  "uv_size": [
                    1.025,
                    1.5
                  ]
                },
                "west": {
                  "uv": [
                    0.25,
                    0.5
                  ],
                  "uv_size": [
                    0.25,
                    1.5
                  ]
                },
                "up": {
                  "uv": [
                    0.75,
                    0
                  ],
                  "uv_size": [
                    1.025,
                    0.25
                  ]
                },
                "down": {
                  "uv": [
                    0.75,
                    0.25
                  ],
                  "uv_size": [
                    1.025,
                    -0.25
                  ]
                }
              }
            },
            {
              "origin": [
                0.48458,
                5.89794,
                6.01269
              ],
              "size": [
                1.525,
                1,
                0.25
              ],
              "inflate": 0.05,
              "pivot": [
                -8.89623,
                -3.84333,
                0.85271
              ],
              "rotation": [
                0,
                0,
                0
              ],
              "uv": {
                "north": {
                  "uv": [
                    1.5,
                    0.5
                  ],
                  "uv_size": [
                    1.525,
                    1
                  ]
                },
                "east": {
                  "uv": [
                    0.25,
                    0.5
                  ],
                  "uv_size": [
                    0.25,
                    1
                  ]
                },
                "south": {
                  "uv": [
                    1.5,
                    2.25
                  ],
                  "uv_size": [
                    1.525,
                    1
                  ]
                },
                "west": {
                  "uv": [
                    0.25,
                    0.5
                  ],
                  "uv_size": [
                    0.25,
                    1
                  ]
                },
                "up": {
                  "uv": [
                    0.75,
                    0
                  ],
                  "uv_size": [
                    1.525,
                    0.25
                  ]
                },
                "down": {
                  "uv": [
                    0.75,
                    0.25
                  ],
                  "uv_size": [
                    1.525,
                    -0.25
                  ]
                }
              }
            },
            {
              "origin": [
                0.23458,
                7.75046,
                4.1479
              ],
              "size": [
                2.025,
                0.25,
                2.025
              ],
              "inflate": 0.05,
              "pivot": [
                1.24708,
                8.02546,
                4.9604
              ],
              "rotation": [
                27.5,
                0,
                0
              ],
              "uv": {
                "north": {
                  "uv": [
                    5.25,
                    4.5
                  ],
                  "uv_size": [
                    2.025,
                    2
                  ]
                },
                "east": {
                  "uv": [
                    4,
                    4.5
                  ],
                  "uv_size": [
                    4,
                    2
                  ]
                },
                "south": {
                  "uv": [
                    5.25,
                    6.25
                  ],
                  "uv_size": [
                    2.025,
                    2
                  ]
                },
                "west": {
                  "uv": [
                    4,
                    4.5
                  ],
                  "uv_size": [
                    4,
                    2
                  ]
                },
                "up": {
                  "uv": [
                    4,
                    4
                  ],
                  "uv_size": [
                    4,
                    4
                  ]
                },
                "down": {
                  "uv": [
                    4,
                    4
                  ],
                  "uv_size": [
                    4,
                    -4
                  ]
                }
              }
            },
            {
              "origin": [
                -1.01542,
                6.55046,
                4.2479
              ],
              "size": [
                2.025,
                0.25,
                2.025
              ],
              "inflate": 0.05,
              "pivot": [
                -0.00292,
                6.42546,
                5.0604
              ],
              "rotation": [
                27.5,
                0,
                -90
              ],
              "uv": {
                "north": {
                  "uv": [
                    5.25,
                    4.5
                  ],
                  "uv_size": [
                    2.025,
                    2
                  ]
                },
                "east": {
                  "uv": [
                    4,
                    4.5
                  ],
                  "uv_size": [
                    4,
                    2
                  ]
                },
                "south": {
                  "uv": [
                    5.25,
                    6.25
                  ],
                  "uv_size": [
                    2.025,
                    2
                  ]
                },
                "west": {
                  "uv": [
                    4,
                    4.5
                  ],
                  "uv_size": [
                    4,
                    2
                  ]
                },
                "up": {
                  "uv": [
                    4,
                    4
                  ],
                  "uv_size": [
                    4,
                    4
                  ]
                },
                "down": {
                  "uv": [
                    4,
                    4
                  ],
                  "uv_size": [
                    4,
                    -4
                  ]
                }
              }
            },
            {
              "origin": [
                -0.95771,
                6.55046,
                3.63703
              ],
              "size": [
                2.025,
                0.25,
                0.525
              ],
              "inflate": 0.05,
              "pivot": [
                0.05479,
                6.42546,
                4.94953
              ],
              "rotation": [
                27.5,
                0,
                -90
              ],
              "uv": {
                "north": {
                  "uv": [
                    5.75,
                    5.25
                  ],
                  "uv_size": [
                    2.025,
                    0.25
                  ]
                },
                "east": {
                  "uv": [
                    4.5,
                    5.25
                  ],
                  "uv_size": [
                    2.025,
                    0.25
                  ]
                },
                "south": {
                  "uv": [
                    5.75,
                    7
                  ],
                  "uv_size": [
                    2.025,
                    0.25
                  ]
                },
                "west": {
                  "uv": [
                    4.5,
                    5.25
                  ],
                  "uv_size": [
                    2.025,
                    0.25
                  ]
                },
                "up": {
                  "uv": [
                    4.5,
                    4.75
                  ],
                  "uv_size": [
                    2.025,
                    2.025
                  ]
                },
                "down": {
                  "uv": [
                    4.5,
                    6.775
                  ],
                  "uv_size": [
                    2.025,
                    -2.025
                  ]
                }
              }
            },
            {
              "origin": [
                1.45771,
                6.55046,
                3.63703
              ],
              "size": [
                2.025,
                0.25,
                0.525
              ],
              "inflate": 0.05,
              "pivot": [
                2.47021,
                6.42546,
                4.94953
              ],
              "rotation": [
                27.5,
                0,
                90
              ],
              "uv": {
                "north": {
                  "uv": [
                    7.775,
                    5.25
                  ],
                  "uv_size": [
                    -2.025,
                    0.25
                  ]
                },
                "east": {
                  "uv": [
                    6.525,
                    5.25
                  ],
                  "uv_size": [
                    -2.025,
                    0.25
                  ]
                },
                "south": {
                  "uv": [
                    7.775,
                    7
                  ],
                  "uv_size": [
                    -2.025,
                    0.25
                  ]
                },
                "west": {
                  "uv": [
                    6.525,
                    5.25
                  ],
                  "uv_size": [
                    -2.025,
                    0.25
                  ]
                },
                "up": {
                  "uv": [
                    6.525,
                    4.75
                  ],
                  "uv_size": [
                    -2.025,
                    2.025
                  ]
                },
                "down": {
                  "uv": [
                    6.525,
                    6.775
                  ],
                  "uv_size": [
                    -2.025,
                    -2.025
                  ]
                }
              }
            },
            {
              "origin": [
                0.23458,
                7.85092,
                4.18348
              ],
              "size": [
                2.025,
                0.25,
                0.525
              ],
              "inflate": 0.05,
              "pivot": [
                1.24708,
                6.72592,
                5.49598
              ],
              "rotation": [
                27.5,
                0,
                0
              ],
              "uv": {
                "north": {
                  "uv": [
                    7.775,
                    5.25
                  ],
                  "uv_size": [
                    -2.025,
                    0.25
                  ]
                },
                "east": {
                  "uv": [
                    6.525,
                    5.25
                  ],
                  "uv_size": [
                    -2.025,
                    0.25
                  ]
                },
                "south": {
                  "uv": [
                    7.775,
                    7
                  ],
                  "uv_size": [
                    -2.025,
                    0.25
                  ]
                },
                "west": {
                  "uv": [
                    6.525,
                    5.25
                  ],
                  "uv_size": [
                    -2.025,
                    0.25
                  ]
                },
                "up": {
                  "uv": [
                    6.525,
                    4.75
                  ],
                  "uv_size": [
                    -2.025,
                    2.025
                  ]
                },
                "down": {
                  "uv": [
                    6.525,
                    6.775
                  ],
                  "uv_size": [
                    -2.025,
                    -2.025
                  ]
                }
              }
            },
            {
              "origin": [
                0.23458,
                4.53104,
                2.87394
              ],
              "size": [
                2.025,
                0.25,
                0.525
              ],
              "inflate": 0.05,
              "pivot": [
                1.24708,
                3.40604,
                5.18644
              ],
              "rotation": [
                -27.5,
                0,
                0
              ],
              "uv": {
                "north": {
                  "uv": [
                    7.775,
                    5.25
                  ],
                  "uv_size": [
                    -2.025,
                    0.25
                  ]
                },
                "east": {
                  "uv": [
                    6.525,
                    5.25
                  ],
                  "uv_size": [
                    -2.025,
                    0.25
                  ]
                },
                "south": {
                  "uv": [
                    7.775,
                    7
                  ],
                  "uv_size": [
                    -2.025,
                    0.25
                  ]
                },
                "west": {
                  "uv": [
                    6.525,
                    5.25
                  ],
                  "uv_size": [
                    -2.025,
                    0.25
                  ]
                },
                "up": {
                  "uv": [
                    6.525,
                    4.75
                  ],
                  "uv_size": [
                    -2.025,
                    2.025
                  ]
                },
                "down": {
                  "uv": [
                    6.525,
                    6.775
                  ],
                  "uv_size": [
                    -2.025,
                    -2.025
                  ]
                }
              }
            },
            {
              "origin": [
                0.23458,
                5.50046,
                4.3479
              ],
              "size": [
                2.025,
                0.25,
                2.025
              ],
              "inflate": 0.05,
              "pivot": [
                1.24708,
                5.27546,
                5.0604
              ],
              "rotation": [
                27.5,
                0,
                -180
              ],
              "uv": {
                "north": {
                  "uv": [
                    5.25,
                    4.5
                  ],
                  "uv_size": [
                    2.025,
                    2
                  ]
                },
                "east": {
                  "uv": [
                    4,
                    4.5
                  ],
                  "uv_size": [
                    4,
                    2
                  ]
                },
                "south": {
                  "uv": [
                    5.25,
                    6.25
                  ],
                  "uv_size": [
                    2.025,
                    2
                  ]
                },
                "west": {
                  "uv": [
                    4,
                    4.5
                  ],
                  "uv_size": [
                    4,
                    2
                  ]
                },
                "up": {
                  "uv": [
                    4,
                    4
                  ],
                  "uv_size": [
                    4,
                    4
                  ]
                },
                "down": {
                  "uv": [
                    4,
                    4
                  ],
                  "uv_size": [
                    4,
                    -4
                  ]
                }
              }
            },
            {
              "origin": [
                1.51542,
                6.55046,
                4.2479
              ],
              "size": [
                2.025,
                0.25,
                2.025
              ],
              "inflate": 0.05,
              "pivot": [
                2.52792,
                6.42546,
                5.0604
              ],
              "rotation": [
                27.5,
                0,
                90
              ],
              "uv": {
                "north": {
                  "uv": [
                    7.275,
                    4.5
                  ],
                  "uv_size": [
                    -2.025,
                    2
                  ]
                },
                "east": {
                  "uv": [
                    8,
                    4.5
                  ],
                  "uv_size": [
                    -4,
                    2
                  ]
                },
                "south": {
                  "uv": [
                    7.275,
                    6.25
                  ],
                  "uv_size": [
                    -2.025,
                    2
                  ]
                },
                "west": {
                  "uv": [
                    8,
                    4.5
                  ],
                  "uv_size": [
                    -4,
                    2
                  ]
                },
                "up": {
                  "uv": [
                    8,
                    4
                  ],
                  "uv_size": [
                    -4,
                    4
                  ]
                },
                "down": {
                  "uv": [
                    8,
                    4.025
                  ],
                  "uv_size": [
                    -4,
                    -4.025
                  ]
                }
              }
            },
            {
              "origin": [
                0.99708,
                3.80949,
                2.1637
              ],
              "size": [
                0.5,
                0.5,
                0.25
              ],
              "pivot": [
                1.24708,
                3.80949,
                1.1637
              ],
              "rotation": [
                30,
                0,
                0
              ],
              "uv": {
                "north": {
                  "uv": [
                    2,
                    5
                  ],
                  "uv_size": [
                    0.5,
                    0.5
                  ]
                },
                "east": {
                  "uv": [
                    2,
                    5
                  ],
                  "uv_size": [
                    0.25,
                    0.5
                  ]
                },
                "south": {
                  "uv": [
                    2,
                    5
                  ],
                  "uv_size": [
                    0.5,
                    0.5
                  ]
                },
                "west": {
                  "uv": [
                    2,
                    5
                  ],
                  "uv_size": [
                    0.25,
                    0.5
                  ]
                },
                "up": {
                  "uv": [
                    2.5,
                    5.25
                  ],
                  "uv_size": [
                    -0.5,
                    -0.25
                  ]
                },
                "down": {
                  "uv": [
                    2.5,
                    5.25
                  ],
                  "uv_size": [
                    -0.5,
                    -0.25
                  ]
                }
              }
            },
            {
              "origin": [
                0.99708,
                4.05949,
                1.1637
              ],
              "size": [
                0.5,
                0.25,
                1.5
              ],
              "uv": {
                "north": {
                  "uv": [
                    1.5,
                    0.75
                  ],
                  "uv_size": [
                    0.5,
                    0.25
                  ]
                },
                "east": {
                  "uv": [
                    0.5,
                    0.75
                  ],
                  "uv_size": [
                    1.5,
                    0.25
                  ]
                },
                "south": {
                  "uv": [
                    1,
                    0.75
                  ],
                  "uv_size": [
                    0.5,
                    0.25
                  ]
                },
                "west": {
                  "uv": [
                    0.5,
                    0.75
                  ],
                  "uv_size": [
                    1.5,
                    0.25
                  ]
                },
                "up": {
                  "uv": [
                    1.25,
                    2
                  ],
                  "uv_size": [
                    -0.5,
                    -1.5
                  ]
                },
                "down": {
                  "uv": [
                    1.25,
                    2
                  ],
                  "uv_size": [
                    -0.5,
                    -1.5
                  ]
                }
              }
            },
            {
              "origin": [
                0.99708,
                4.05949,
                2.6637
              ],
              "size": [
                0.5,
                2,
                0.25
              ],
              "uv": {
                "north": {
                  "uv": [
                    1.25,
                    1
                  ],
                  "uv_size": [
                    0.5,
                    1
                  ]
                },
                "east": {
                  "uv": [
                    1.25,
                    1
                  ],
                  "uv_size": [
                    0.25,
                    1
                  ]
                },
                "south": {
                  "uv": [
                    1.25,
                    1
                  ],
                  "uv_size": [
                    0.5,
                    1
                  ]
                },
                "west": {
                  "uv": [
                    1.25,
                    1
                  ],
                  "uv_size": [
                    0.25,
                    1
                  ]
                },
                "up": {
                  "uv": [
                    1.75,
                    1.25
                  ],
                  "uv_size": [
                    -0.5,
                    -0.25
                  ]
                },
                "down": {
                  "uv": [
                    1.75,
                    1.25
                  ],
                  "uv_size": [
                    -0.5,
                    -0.25
                  ]
                }
              }
            },
            {
              "origin": [
                0.99708,
                4.7425,
                1.77973
              ],
              "size": [
                0.5,
                0.5,
                0.25
              ],
              "uv": {
                "north": {
                  "uv": [
                    1.75,
                    5
                  ],
                  "uv_size": [
                    0.5,
                    0.5
                  ]
                },
                "east": {
                  "uv": [
                    1.75,
                    5
                  ],
                  "uv_size": [
                    0.25,
                    0.5
                  ]
                },
                "south": {
                  "uv": [
                    1.75,
                    5
                  ],
                  "uv_size": [
                    0.5,
                    0.5
                  ]
                },
                "west": {
                  "uv": [
                    1.75,
                    5
                  ],
                  "uv_size": [
                    0.25,
                    0.5
                  ]
                },
                "up": {
                  "uv": [
                    2.25,
                    5.25
                  ],
                  "uv_size": [
                    -0.5,
                    -0.25
                  ]
                },
                "down": {
                  "uv": [
                    2.25,
                    5.25
                  ],
                  "uv_size": [
                    -0.5,
                    -0.25
                  ]
                }
              }
            }
          ]
        }
      ]
    }
  ]
}