{
	"format_version": "1.12.0",
	"minecraft:geometry": [
		{
			"description": {
				"identifier": "geometry.unknown",
				"texture_width": 32,
				"texture_height": 16,
				"visible_bounds_width": 2,
				"visible_bounds_height": 3.5,
				"visible_bounds_offset": [0, 1.25, 0]
			},
			"bones": [
				{
					"name": "bb_main",
					"pivot": [0, 0, 0],
					"cubes": [
						{"origin": [-1, 10, 0], "size": [2, 9, 2], "inflate": -0.3, "uv": [19, 5], "mirror": true},
						{"origin": [-1, 17.75, 0], "size": [2, 11, 2], "inflate": -0.45, "uv": [18, 3]},
						{"origin": [-1, 0, 0], "size": [2, 11, 2], "uv": [2, 1]},
						{"origin": [-1, -1.25, 0], "size": [2, 11, 2], "inflate": -0.3, "uv": [4, 2]},
						{"origin": [0.5, -2, 0.75], "size": [0.75, 2.75, 0.5], "inflate": -0.1, "uv": [8, 4]},
						{"origin": [0.5, -2, 1.75], "size": [0.75, 2.75, 0.5], "inflate": -0.1, "uv": [7, 6]},
						{"origin": [0.5, -2.2, 0.75], "size": [0.75, 0.5, 1.5], "inflate": -0.15, "uv": [8, 3]},
						{
							"origin": [-2.25, 24, -2.25],
							"size": [6, 6, 6],
							"inflate": -0.1,
							"pivot": [0, 0, 0],
							"rotation": [0, -45, 0],
							"uv": {
								"north": {"uv": [16, 0], "uv_size": [16, 16]},
								"east": {"uv": [16, 0], "uv_size": [16, 16]},
								"south": {"uv": [16, 0], "uv_size": [16, 16]},
								"west": {"uv": [16, 0], "uv_size": [16, 16]},
								"up": {"uv": [32, 16], "uv_size": [-16, -16]},
								"down": {"uv": [32, 16], "uv_size": [-16, -16]}
							}
						},
						{
							"origin": [-2.25, 22.9, -2.25],
							"size": [6, 8.1, 6],
							"inflate": -0.5,
							"pivot": [0, 0, 0],
							"rotation": [0, -45, 0],
							"uv": {
								"north": {"uv": [16, 0], "uv_size": [16, 16]},
								"east": {"uv": [16, 0], "uv_size": [16, 16]},
								"south": {"uv": [16, 0], "uv_size": [16, 16]},
								"west": {"uv": [16, 0], "uv_size": [16, 16]},
								"up": {"uv": [32, 16], "uv_size": [-16, -16]},
								"down": {"uv": [32, 16], "uv_size": [-16, -16]}
							}
						},
						{
							"origin": [-3, 24, -2],
							"size": [6, 6, 6],
							"inflate": -0.2,
							"uv": {
								"north": {"uv": [16, 0.25], "uv_size": [15.5, 15.75]},
								"east": {"uv": [16, 0.25], "uv_size": [15.5, 15.75]},
								"south": {"uv": [16, 0.25], "uv_size": [15.5, 15.75]},
								"west": {"uv": [16, 0.25], "uv_size": [15.5, 15.75]},
								"up": {"uv": [31.5, 16], "uv_size": [-15.5, -15.75]},
								"down": {"uv": [31.5, 16], "uv_size": [-15.5, -15.75]}
							}
						},
						{
							"origin": [-22.25, 16.25, -2],
							"size": [6, 6, 6],
							"inflate": -0.4,
							"pivot": [0, 0, 0],
							"rotation": [0, 0, 45],
							"uv": {
								"north": {"uv": [16, 0], "uv_size": [16, 16]},
								"east": {"uv": [16, 0], "uv_size": [16, 16]},
								"south": {"uv": [16, 0], "uv_size": [16, 16]},
								"west": {"uv": [16, 0], "uv_size": [16, 16]},
								"up": {"uv": [32, 16], "uv_size": [-16, -16]},
								"down": {"uv": [32, 16], "uv_size": [-16, -16]}
							}
						},
						{
							"origin": [-3, 17, -21.5],
							"size": [6, 6, 6],
							"inflate": -0.4,
							"pivot": [0, 0, 0],
							"rotation": [-45, 0, 0],
							"uv": {
								"north": {"uv": [16, 0], "uv_size": [16, 16]},
								"east": {"uv": [16, 0], "uv_size": [16, 16]},
								"south": {"uv": [16, 0], "uv_size": [16, 16]},
								"west": {"uv": [16, 0], "uv_size": [16, 16]},
								"up": {"uv": [32, 16], "uv_size": [-16, -16]},
								"down": {"uv": [32, 16], "uv_size": [-16, -16]}
							}
						},
						{
							"origin": [-0.8, 29.8, 0.2],
							"size": [1.6, 1.5, 1.6],
							"uv": {
								"north": {"uv": [20, 4], "uv_size": [6, 6]},
								"east": {"uv": [20, 4], "uv_size": [6, 6]},
								"south": {"uv": [20, 4], "uv_size": [6, 6]},
								"west": {"uv": [20, 4], "uv_size": [6, 6]},
								"up": {"uv": [26, 10], "uv_size": [-6, -6]},
								"down": {"uv": [26, 10], "uv_size": [-6, -6]}
							}
						},
						{
							"origin": [-0.6, 29.8, 0.4],
							"size": [1.2, 2, 1.2],
							"uv": {
								"north": {"uv": [24, 6], "uv_size": [4, 5]},
								"east": {"uv": [24, 6], "uv_size": [4, 5]},
								"south": {"uv": [24, 6], "uv_size": [4, 5]},
								"west": {"uv": [24, 6], "uv_size": [4, 5]},
								"up": {"uv": [28, 11], "uv_size": [-4, -5]},
								"down": {"uv": [28, 11], "uv_size": [-4, -5]}
							}
						}
					]
				}
			]
		}
	]
}