{
  "format_version": "1.12.0",
  "minecraft:geometry": [
    {
      "description": {
        "identifier": "geometry.unknown",
        "texture_width": 64,
        "texture_height": 64,
        "visible_bounds_width": 2,
        "visible_bounds_height": 2.5,
        "visible_bounds_offset": [
          0,
          0.75,
          0
        ]
      },
      "bones": [
        {
          "name": "cain",
          "pivot": [
            0,
            0,
            0
          ]
        },
        {
          "name": "questionmark",
          "parent": "cain",
          "pivot": [
            2,
            19,
            0
          ],
          "cubes": [
            {
              "origin": [
                1.09899,
                18.52049,
                -0.75
              ],
              "size": [
                0.5,
                0.5,
                0.5
              ],
              "pivot": [
                2.09899,
                18.02049,
                -0.75
              ],
              "rotation": [
                0,
                0,
                -30
              ],
              "uv": {
                "north": {
                  "uv": [
                    62,
                    62
                  ],
                  "uv_size": [
                    2,
                    2
                  ]
                },
                "east": {
                  "uv": [
                    62,
                    62
                  ],
                  "uv_size": [
                    2,
                    2
                  ]
                },
                "south": {
                  "uv": [
                    62,
                    62
                  ],
                  "uv_size": [
                    2,
                    2
                  ]
                },
                "west": {
                  "uv": [
                    62,
                    62
                  ],
                  "uv_size": [
                    2,
                    2
                  ]
                },
                "up": {
                  "uv": [
                    62,
                    62
                  ],
                  "uv_size": [
                    2,
                    2
                  ]
                },
                "down": {
                  "uv": [
                    62,
                    64
                  ],
                  "uv_size": [
                    2,
                    -2
                  ]
                }
              }
            },
            {
              "origin": [
                -0.26704,
                17.4723,
                -0.75
              ],
              "size": [
                0.5,
                0.5,
                0.5
              ],
              "pivot": [
                0.73296,
                16.9723,
                -0.75
              ],
              "rotation": [
                0,
                0,
                45
              ],
              "uv": {
                "north": {
                  "uv": [
                    62,
                    62
                  ],
                  "uv_size": [
                    2,
                    2
                  ]
                },
                "east": {
                  "uv": [
                    62,
                    62
                  ],
                  "uv_size": [
                    2,
                    2
                  ]
                },
                "south": {
                  "uv": [
                    62,
                    62
                  ],
                  "uv_size": [
                    2,
                    2
                  ]
                },
                "west": {
                  "uv": [
                    62,
                    62
                  ],
                  "uv_size": [
                    2,
                    2
                  ]
                },
                "up": {
                  "uv": [
                    20,
                    32
                  ],
                  "uv_size": [
                    2,
                    2
                  ]
                },
                "down": {
                  "uv": [
                    62,
                    64
                  ],
                  "uv_size": [
                    2,
                    -2
                  ]
                }
              }
            },
            {
              "origin": [
                0.21593,
                17.29118,
                -0.75
              ],
              "size": [
                0.5,
                0.5,
                0.5
              ],
              "pivot": [
                1.21593,
                17.29118,
                -0.75
              ],
              "rotation": [
                0,
                0,
                15
              ],
              "uv": {
                "north": {
                  "uv": [
                    62,
                    62
                  ],
                  "uv_size": [
                    2,
                    2
                  ]
                },
                "east": {
                  "uv": [
                    62,
                    62
                  ],
                  "uv_size": [
                    2,
                    2
                  ]
                },
                "south": {
                  "uv": [
                    62,
                    62
                  ],
                  "uv_size": [
                    2,
                    2
                  ]
                },
                "west": {
                  "uv": [
                    62,
                    62
                  ],
                  "uv_size": [
                    2,
                    2
                  ]
                },
                "up": {
                  "uv": [
                    36,
                    28
                  ],
                  "uv_size": [
                    2,
                    2
                  ]
                },
                "down": {
                  "uv": [
                    62,
                    64
                  ],
                  "uv_size": [
                    2,
                    -2
                  ]
                }
              }
            },
            {
              "origin": [
                0.25,
                17.05,
                -0.75
              ],
              "size": [
                0.5,
                0.5,
                0.5
              ],
              "uv": {
                "north": {
                  "uv": [
                    62,
                    62
                  ],
                  "uv_size": [
                    2,
                    2
                  ]
                },
                "east": {
                  "uv": [
                    62,
                    62
                  ],
                  "uv_size": [
                    2,
                    2
                  ]
                },
                "south": {
                  "uv": [
                    62,
                    62
                  ],
                  "uv_size": [
                    2,
                    2
                  ]
                },
                "west": {
                  "uv": [
                    62,
                    62
                  ],
                  "uv_size": [
                    2,
                    2
                  ]
                },
                "up": {
                  "uv": [
                    40,
                    8
                  ],
                  "uv_size": [
                    2,
                    2
                  ]
                },
                "down": {
                  "uv": [
                    62,
                    64
                  ],
                  "uv_size": [
                    2,
                    -2
                  ]
                }
              }
            },
            {
              "origin": [
                1.04539,
                18.68647,
                -0.75
              ],
              "size": [
                0.5,
                0.5,
                0.5
              ],
              "uv": {
                "north": {
                  "uv": [
                    62,
                    62
                  ],
                  "uv_size": [
                    2,
                    2
                  ]
                },
                "east": {
                  "uv": [
                    62,
                    62
                  ],
                  "uv_size": [
                    2,
                    2
                  ]
                },
                "south": {
                  "uv": [
                    62,
                    62
                  ],
                  "uv_size": [
                    2,
                    2
                  ]
                },
                "west": {
                  "uv": [
                    62,
                    62
                  ],
                  "uv_size": [
                    2,
                    2
                  ]
                },
                "up": {
                  "uv": [
                    28,
                    16
                  ],
                  "uv_size": [
                    2,
                    2
                  ]
                },
                "down": {
                  "uv": [
                    62,
                    62
                  ],
                  "uv_size": [
                    2,
                    -2
                  ]
                }
              }
            },
            {
              "origin": [
                1.04539,
                19.18647,
                -0.75
              ],
              "size": [
                0.5,
                0.5,
                0.5
              ],
              "pivot": [
                1.54539,
                19.18647,
                -0.75
              ],
              "rotation": [
                0,
                0,
                -30
              ],
              "uv": {
                "north": {
                  "uv": [
                    62,
                    62
                  ],
                  "uv_size": [
                    2,
                    2
                  ]
                },
                "east": {
                  "uv": [
                    62,
                    62
                  ],
                  "uv_size": [
                    2,
                    2
                  ]
                },
                "south": {
                  "uv": [
                    62,
                    62
                  ],
                  "uv_size": [
                    2,
                    2
                  ]
                },
                "west": {
                  "uv": [
                    62,
                    62
                  ],
                  "uv_size": [
                    2,
                    2
                  ]
                },
                "up": {
                  "uv": [
                    62,
                    62
                  ],
                  "uv_size": [
                    2,
                    2
                  ]
                },
                "down": {
                  "uv": [
                    62,
                    64
                  ],
                  "uv_size": [
                    2,
                    -2
                  ]
                }
              }
            },
            {
              "origin": [
                1.16598,
                19.73642,
                -0.75
              ],
              "size": [
                0.5,
                0.5,
                0.5
              ],
              "pivot": [
                1.66598,
                19.23642,
                -0.75
              ],
              "rotation": [
                0,
                0,
                -45
              ],
              "uv": {
                "north": {
                  "uv": [
                    62,
                    62
                  ],
                  "uv_size": [
                    2,
                    2
                  ]
                },
                "east": {
                  "uv": [
                    62,
                    62
                  ],
                  "uv_size": [
                    2,
                    2
                  ]
                },
                "south": {
                  "uv": [
                    62,
                    62
                  ],
                  "uv_size": [
                    2,
                    2
                  ]
                },
                "west": {
                  "uv": [
                    64,
                    62
                  ],
                  "uv_size": [
                    -2,
                    2
                  ]
                },
                "up": {
                  "uv": [
                    62,
                    62
                  ],
                  "uv_size": [
                    2,
                    2
                  ]
                },
                "down": {
                  "uv": [
                    62,
                    64
                  ],
                  "uv_size": [
                    2,
                    -2
                  ]
                }
              }
            },
            {
              "origin": [
                1.42479,
                20.6847,
                -0.75
              ],
              "size": [
                0.5,
                0.5,
                0.5
              ],
              "pivot": [
                1.92479,
                19.6847,
                -0.75
              ],
              "rotation": [
                0,
                0,
                -75
              ],
              "uv": {
                "north": {
                  "uv": [
                    62,
                    62
                  ],
                  "uv_size": [
                    2,
                    2
                  ]
                },
                "east": {
                  "uv": [
                    62,
                    62
                  ],
                  "uv_size": [
                    2,
                    2
                  ]
                },
                "south": {
                  "uv": [
                    62,
                    62
                  ],
                  "uv_size": [
                    2,
                    2
                  ]
                },
                "west": {
                  "uv": [
                    62,
                    62
                  ],
                  "uv_size": [
                    2,
                    2
                  ]
                },
                "up": {
                  "uv": [
                    62,
                    62
                  ],
                  "uv_size": [
                    2,
                    2
                  ]
                },
                "down": {
                  "uv": [
                    62,
                    64
                  ],
                  "uv_size": [
                    2,
                    -2
                  ]
                }
              }
            },
            {
              "origin": [
                1.47591,
                21.57293,
                -0.75
              ],
              "size": [
                0.5,
                0.5,
                0.5
              ],
              "pivot": [
                1.97591,
                20.07293,
                -0.75
              ],
              "rotation": [
                0,
                0,
                -90
              ],
              "uv": {
                "north": {
                  "uv": [
                    62,
                    62
                  ],
                  "uv_size": [
                    2,
                    2
                  ]
                },
                "east": {
                  "uv": [
                    62,
                    62
                  ],
                  "uv_size": [
                    2,
                    2
                  ]
                },
                "south": {
                  "uv": [
                    62,
                    62
                  ],
                  "uv_size": [
                    2,
                    2
                  ]
                },
                "west": {
                  "uv": [
                    62,
                    62
                  ],
                  "uv_size": [
                    2,
                    2
                  ]
                },
                "up": {
                  "uv": [
                    62,
                    62
                  ],
                  "uv_size": [
                    2,
                    2
                  ]
                },
                "down": {
                  "uv": [
                    62,
                    64
                  ],
                  "uv_size": [
                    2,
                    -2
                  ]
                }
              }
            },
            {
              "origin": [
                1.28852,
                22.91817,
                -0.75
              ],
              "size": [
                0.5,
                0.5,
                0.5
              ],
              "pivot": [
                1.78852,
                20.91817,
                -0.75
              ],
              "rotation": [
                0,
                0,
                -115
              ],
              "uv": {
                "north": {
                  "uv": [
                    62,
                    62
                  ],
                  "uv_size": [
                    2,
                    2
                  ]
                },
                "east": {
                  "uv": [
                    62,
                    62
                  ],
                  "uv_size": [
                    2,
                    2
                  ]
                },
                "south": {
                  "uv": [
                    62,
                    62
                  ],
                  "uv_size": [
                    2,
                    2
                  ]
                },
                "west": {
                  "uv": [
                    62,
                    62
                  ],
                  "uv_size": [
                    2,
                    2
                  ]
                },
                "up": {
                  "uv": [
                    62,
                    62
                  ],
                  "uv_size": [
                    2,
                    2
                  ]
                },
                "down": {
                  "uv": [
                    62,
                    64
                  ],
                  "uv_size": [
                    2,
                    -2
                  ]
                }
              }
            },
            {
              "origin": [
                0.55484,
                23.1472,
                -0.75
              ],
              "size": [
                0.5,
                0.5,
                0.5
              ],
              "pivot": [
                1.05484,
                21.1472,
                -0.75
              ],
              "rotation": [
                0,
                0,
                -130
              ],
              "uv": {
                "north": {
                  "uv": [
                    62,
                    62
                  ],
                  "uv_size": [
                    2,
                    2
                  ]
                },
                "east": {
                  "uv": [
                    62,
                    62
                  ],
                  "uv_size": [
                    2,
                    2
                  ]
                },
                "south": {
                  "uv": [
                    62,
                    62
                  ],
                  "uv_size": [
                    2,
                    2
                  ]
                },
                "west": {
                  "uv": [
                    62,
                    62
                  ],
                  "uv_size": [
                    2,
                    2
                  ]
                },
                "up": {
                  "uv": [
                    62,
                    62
                  ],
                  "uv_size": [
                    2,
                    2
                  ]
                },
                "down": {
                  "uv": [
                    62,
                    64
                  ],
                  "uv_size": [
                    2,
                    -2
                  ]
                }
              }
            },
            {
              "origin": [
                -0.67623,
                23.41962,
                -0.75
              ],
              "size": [
                0.5,
                0.5,
                0.5
              ],
              "pivot": [
                -0.17623,
                21.41962,
                -0.75
              ],
              "rotation": [
                0,
                0,
                -160
              ],
              "uv": {
                "north": {
                  "uv": [
                    62,
                    62
                  ],
                  "uv_size": [
                    2,
                    2
                  ]
                },
                "east": {
                  "uv": [
                    62,
                    62
                  ],
                  "uv_size": [
                    2,
                    2
                  ]
                },
                "south": {
                  "uv": [
                    62,
                    62
                  ],
                  "uv_size": [
                    2,
                    2
                  ]
                },
                "west": {
                  "uv": [
                    62,
                    62
                  ],
                  "uv_size": [
                    2,
                    2
                  ]
                },
                "up": {
                  "uv": [
                    62,
                    62
                  ],
                  "uv_size": [
                    2,
                    2
                  ]
                },
                "down": {
                  "uv": [
                    62,
                    64
                  ],
                  "uv_size": [
                    2,
                    -2
                  ]
                }
              }
            },
            {
              "origin": [
                -1.53128,
                23.07038,
                -0.75
              ],
              "size": [
                0.5,
                0.5,
                0.5
              ],
              "pivot": [
                -1.03128,
                21.07038,
                -0.75
              ],
              "rotation": [
                0,
                0,
                -180
              ],
              "uv": {
                "north": {
                  "uv": [
                    62,
                    62
                  ],
                  "uv_size": [
                    2,
                    2
                  ]
                },
                "east": {
                  "uv": [
                    62,
                    62
                  ],
                  "uv_size": [
                    2,
                    2
                  ]
                },
                "south": {
                  "uv": [
                    62,
                    62
                  ],
                  "uv_size": [
                    2,
                    2
                  ]
                },
                "west": {
                  "uv": [
                    62,
                    62
                  ],
                  "uv_size": [
                    2,
                    2
                  ]
                },
                "up": {
                  "uv": [
                    62,
                    62
                  ],
                  "uv_size": [
                    2,
                    2
                  ]
                },
                "down": {
                  "uv": [
                    62,
                    64
                  ],
                  "uv_size": [
                    2,
                    -2
                  ]
                }
              }
            },
            {
              "origin": [
                1.16598,
                19.73642,
                -0.75
              ],
              "size": [
                0.5,
                0.5,
                0.5
              ],
              "pivot": [
                1.66598,
                19.23642,
                -0.75
              ],
              "rotation": [
                0,
                0,
                -45
              ],
              "uv": {
                "north": {
                  "uv": [
                    64,
                    62
                  ],
                  "uv_size": [
                    -2,
                    2
                  ]
                },
                "east": {
                  "uv": [
                    62,
                    62
                  ],
                  "uv_size": [
                    2,
                    2
                  ]
                },
                "south": {
                  "uv": [
                    62,
                    62
                  ],
                  "uv_size": [
                    2,
                    2
                  ]
                },
                "west": {
                  "uv": [
                    62,
                    62
                  ],
                  "uv_size": [
                    2,
                    2
                  ]
                },
                "up": {
                  "uv": [
                    24,
                    40
                  ],
                  "uv_size": [
                    2,
                    2
                  ]
                },
                "down": {
                  "uv": [
                    62,
                    64
                  ],
                  "uv_size": [
                    2,
                    -2
                  ]
                }
              }
            },
            {
              "origin": [
                1.28717,
                18.02298,
                -0.75
              ],
              "size": [
                0.5,
                0.5,
                0.5
              ],
              "pivot": [
                2.28717,
                19.52298,
                -0.75
              ],
              "rotation": [
                0,
                0,
                15
              ],
              "uv": {
                "north": {
                  "uv": [
                    62,
                    62
                  ],
                  "uv_size": [
                    2,
                    2
                  ]
                },
                "east": {
                  "uv": [
                    62,
                    62
                  ],
                  "uv_size": [
                    2,
                    2
                  ]
                },
                "south": {
                  "uv": [
                    62,
                    62
                  ],
                  "uv_size": [
                    2,
                    2
                  ]
                },
                "west": {
                  "uv": [
                    62,
                    62
                  ],
                  "uv_size": [
                    2,
                    2
                  ]
                },
                "up": {
                  "uv": [
                    32,
                    0
                  ],
                  "uv_size": [
                    2,
                    2
                  ]
                },
                "down": {
                  "uv": [
                    62,
                    64
                  ],
                  "uv_size": [
                    2,
                    -2
                  ]
                }
              }
            }
          ]
        },
        {
          "name": "physicalcain",
          "parent": "cain",
          "pivot": [
            0,
            0,
            0
          ],
          "cubes": [
            {
              "origin": [
                0.25,
                0,
                -0.75
              ],
              "size": [
                0.5,
                15.9,
                0.5
              ],
              "uv": {
                "north": {
                  "uv": [
                    0,
                    0
                  ],
                  "uv_size": [
                    2,
                    64
                  ]
                },
                "east": {
                  "uv": [
                    4,
                    0
                  ],
                  "uv_size": [
                    2,
                    64
                  ]
                },
                "south": {
                  "uv": [
                    8,
                    0
                  ],
                  "uv_size": [
                    2,
                    64
                  ]
                },
                "west": {
                  "uv": [
                    12,
                    0
                  ],
                  "uv_size": [
                    2,
                    64
                  ]
                },
                "up": {
                  "uv": [
                    20,
                    4
                  ],
                  "uv_size": [
                    2,
                    2
                  ]
                },
                "down": {
                  "uv": [
                    20,
                    10
                  ],
                  "uv_size": [
                    2,
                    -2
                  ]
                }
              }
            },
            {
              "origin": [
                0.225,
                16.6,
                -0.85
              ],
              "size": [
                0.5,
                0.5,
                0.7
              ],
              "pivot": [
                0.5,
                16.825,
                -0.5
              ],
              "rotation": [
                0,
                0,
                45
              ],
              "uv": {
                "north": {
                  "uv": [
                    20,
                    16
                  ],
                  "uv_size": [
                    2,
                    2
                  ]
                },
                "east": {
                  "uv": [
                    20,
                    20
                  ],
                  "uv_size": [
                    2,
                    2
                  ]
                },
                "south": {
                  "uv": [
                    24,
                    0
                  ],
                  "uv_size": [
                    2,
                    2
                  ]
                },
                "west": {
                  "uv": [
                    24,
                    4
                  ],
                  "uv_size": [
                    2,
                    2
                  ]
                },
                "up": {
                  "uv": [
                    24,
                    8
                  ],
                  "uv_size": [
                    2,
                    2
                  ]
                },
                "down": {
                  "uv": [
                    24,
                    14
                  ],
                  "uv_size": [
                    2,
                    -2
                  ]
                }
              }
            },
            {
              "origin": [
                0.25,
                16.6,
                -0.85
              ],
              "size": [
                0.5,
                0.5,
                0.7
              ],
              "inflate": -0.025,
              "pivot": [
                0.5,
                16.825,
                -0.5
              ],
              "rotation": [
                90,
                -42.5,
                -90
              ],
              "uv": {
                "north": {
                  "uv": [
                    20,
                    16
                  ],
                  "uv_size": [
                    2,
                    2
                  ]
                },
                "east": {
                  "uv": [
                    20,
                    20
                  ],
                  "uv_size": [
                    2,
                    2
                  ]
                },
                "south": {
                  "uv": [
                    24,
                    0
                  ],
                  "uv_size": [
                    2,
                    2
                  ]
                },
                "west": {
                  "uv": [
                    24,
                    4
                  ],
                  "uv_size": [
                    2,
                    2
                  ]
                },
                "up": {
                  "uv": [
                    24,
                    8
                  ],
                  "uv_size": [
                    2,
                    2
                  ]
                },
                "down": {
                  "uv": [
                    24,
                    14
                  ],
                  "uv_size": [
                    2,
                    -2
                  ]
                }
              }
            },
            {
              "origin": [
                0.15,
                15.9,
                -0.85
              ],
              "size": [
                0.7,
                0.25,
                0.7
              ],
              "uv": {
                "north": {
                  "uv": [
                    28,
                    48
                  ],
                  "uv_size": [
                    3,
                    1
                  ]
                },
                "east": {
                  "uv": [
                    48,
                    28
                  ],
                  "uv_size": [
                    3,
                    1
                  ]
                },
                "south": {
                  "uv": [
                    32,
                    48
                  ],
                  "uv_size": [
                    3,
                    1
                  ]
                },
                "west": {
                  "uv": [
                    48,
                    32
                  ],
                  "uv_size": [
                    3,
                    1
                  ]
                },
                "up": {
                  "uv": [
                    16,
                    0
                  ],
                  "uv_size": [
                    3,
                    3
                  ]
                },
                "down": {
                  "uv": [
                    16,
                    7
                  ],
                  "uv_size": [
                    3,
                    -3
                  ]
                }
              }
            },
            {
              "origin": [
                0.15,
                15.5,
                -0.85
              ],
              "size": [
                0.7,
                0.25,
                0.7
              ],
              "uv": {
                "north": {
                  "uv": [
                    44,
                    48
                  ],
                  "uv_size": [
                    3,
                    1
                  ]
                },
                "east": {
                  "uv": [
                    48,
                    44
                  ],
                  "uv_size": [
                    3,
                    1
                  ]
                },
                "south": {
                  "uv": [
                    48,
                    48
                  ],
                  "uv_size": [
                    3,
                    1
                  ]
                },
                "west": {
                  "uv": [
                    52,
                    0
                  ],
                  "uv_size": [
                    3,
                    1
                  ]
                },
                "up": {
                  "uv": [
                    16,
                    16
                  ],
                  "uv_size": [
                    3,
                    3
                  ]
                },
                "down": {
                  "uv": [
                    20,
                    3
                  ],
                  "uv_size": [
                    3,
                    -3
                  ]
                }
              }
            },
            {
              "origin": [
                0.15,
                16.3,
                -0.75
              ],
              "size": [
                0.7,
                0.35,
                0.5
              ],
              "uv": {
                "north": {
                  "uv": [
                    36,
                    48
                  ],
                  "uv_size": [
                    3,
                    1
                  ]
                },
                "east": {
                  "uv": [
                    48,
                    36
                  ],
                  "uv_size": [
                    3,
                    1
                  ]
                },
                "south": {
                  "uv": [
                    40,
                    48
                  ],
                  "uv_size": [
                    3,
                    1
                  ]
                },
                "west": {
                  "uv": [
                    48,
                    40
                  ],
                  "uv_size": [
                    3,
                    1
                  ]
                },
                "up": {
                  "uv": [
                    16,
                    8
                  ],
                  "uv_size": [
                    3,
                    3
                  ]
                },
                "down": {
                  "uv": [
                    16,
                    15
                  ],
                  "uv_size": [
                    3,
                    -3
                  ]
                }
              }
            },
            {
              "origin": [
                0.25,
                16.15,
                -0.75
              ],
              "size": [
                0.5,
                0.15,
                0.5
              ],
              "uv": {
                "north": {
                  "uv": [
                    52,
                    4
                  ],
                  "uv_size": [
                    2,
                    1
                  ]
                },
                "east": {
                  "uv": [
                    52,
                    8
                  ],
                  "uv_size": [
                    2,
                    1
                  ]
                },
                "south": {
                  "uv": [
                    52,
                    12
                  ],
                  "uv_size": [
                    2,
                    1
                  ]
                },
                "west": {
                  "uv": [
                    16,
                    16
                  ],
                  "uv_size": [
                    3,
                    3
                  ]
                },
                "up": {
                  "uv": [
                    20,
                    12
                  ],
                  "uv_size": [
                    2,
                    2
                  ]
                },
                "down": {
                  "uv": [
                    16,
                    22
                  ],
                  "uv_size": [
                    2,
                    -2
                  ]
                }
              }
            }
          ]
        }
      ]
    }
  ]
}