{
	"format_version": "1.12.0",
	"minecraft:geometry": [
		{
			"description": {
				"identifier": "geometry.unknown",
				"texture_width": 16,
				"texture_height": 16,
				"visible_bounds_width": 2,
				"visible_bounds_height": 2.5,
				"visible_bounds_offset": [0, 0.75, 0]
			},
			"bones": [
				{
					"name": "bb_main",
					"pivot": [0, 0, 0],
					"cubes": [
						{
							"origin": [-1.99894, 11, -1.025],
							"size": [4, 2, 2],
							"pivot": [0, 7.29202, 0],
							"rotation": [0, 90, 0],
							"uv": {
								"north": {"uv": [4, 0], "uv_size": [4, 2]},
								"east": {"uv": [4, 0], "uv_size": [2, 2]},
								"south": {"uv": [4, 0], "uv_size": [4, 2]},
								"west": {"uv": [4, 0], "uv_size": [2, 2]},
								"up": {"uv": [8, 2], "uv_size": [-4, -2]},
								"down": {"uv": [8, 2], "uv_size": [-4, -2]}
							}
						},
						{
							"origin": [-2.34894, 11.25245, -0.8],
							"size": [4.69575, 1.5, 1.5],
							"pivot": [0, 7.29202, 0],
							"rotation": [0, 90, 0],
							"uv": {
								"north": {"uv": [4, 0.5], "uv_size": [3.69575, 1.5]},
								"east": {"uv": [4, 0.5], "uv_size": [1.5, 1.5]},
								"south": {"uv": [4, 0.5], "uv_size": [3.69575, 1.5]},
								"west": {"uv": [4, 0.5], "uv_size": [1.5, 1.5]},
								"up": {"uv": [7.69575, 2], "uv_size": [-3.69575, -1.5]},
								"down": {"uv": [7.44575, 2], "uv_size": [-3.44575, -1.5]}
							}
						},
						{
							"origin": [-5.82022, 8.49986, -0.8],
							"size": [0.26476, 0.42869, 1.5],
							"pivot": [0, 7.29202, 0],
							"rotation": [90, 35, 90],
							"uv": {
								"north": {"uv": [6.96527, 2.04151], "uv_size": [0.26476, 0.42869]},
								"east": {"uv": [5.5, 0.79151], "uv_size": [1.5, 0.42869]},
								"south": {"uv": [6.96527, 2.04151], "uv_size": [0.26476, 0.42869]},
								"west": {"uv": [5.5, 0.79151], "uv_size": [1.5, 0.42869]},
								"up": {"uv": [5.73003, 1.75], "uv_size": [-0.26476, -1.5]},
								"down": {"uv": [5.73003, 1.75], "uv_size": [-0.26476, -1.5]}
							}
						},
						{
							"origin": [1.8969, 11.05908, -0.8],
							"size": [0.26679, 0.42869, 1.5],
							"pivot": [0, 7.29202, 0],
							"rotation": [-90, 35, -90],
							"uv": {
								"north": {"uv": [6.96527, 2.4702], "uv_size": [0.26679, 0.42869]},
								"east": {"uv": [5.5, 1.2202], "uv_size": [1.5, 0.42869]},
								"south": {"uv": [6.96527, 2.4702], "uv_size": [0.26679, 0.42869]},
								"west": {"uv": [5.5, 1.2202], "uv_size": [1.5, 0.42869]},
								"up": {"uv": [5.73206, 3.525], "uv_size": [-0.26679, -1.5]},
								"down": {"uv": [5.73206, 3.525], "uv_size": [-0.26679, -1.5]}
							}
						},
						{
							"origin": [-2.16247, 11.06081, -0.8],
							"size": [0.26435, 0.42521, 1.5],
							"pivot": [0, 7.29202, 0],
							"rotation": [90, 35, 90],
							"uv": {
								"north": {"uv": [6.23206, 0.4702], "uv_size": [-0.23565, 0.42521]},
								"east": {"uv": [4.025, 0.7202], "uv_size": [1.5, 0.42521]},
								"south": {"uv": [6.23206, 0.4702], "uv_size": [-0.23565, 0.42521]},
								"west": {"uv": [4.025, 0.7202], "uv_size": [1.5, 0.42521]},
								"up": {"uv": [5.99641, 3.275], "uv_size": [0.23565, -1.5]},
								"down": {"uv": [5.99641, 3.275], "uv_size": [0.23565, -1.5]}
							}
						},
						{
							"origin": [5.55668, 8.5016, -0.8],
							"size": [0.26232, 0.42521, 1.5],
							"pivot": [0, 7.29202, 0],
							"rotation": [-90, 35, -90],
							"uv": {
								"north": {"uv": [6.23206, 0.04151], "uv_size": [-0.23768, 0.42521]},
								"east": {"uv": [4.025, 0.29151], "uv_size": [1.5, 0.42521]},
								"south": {"uv": [6.23206, 0.04151], "uv_size": [-0.23768, 0.42521]},
								"west": {"uv": [4.025, 0.29151], "uv_size": [1.5, 0.42521]},
								"up": {"uv": [5.99438, 2.25], "uv_size": [0.23768, -1.5]},
								"down": {"uv": [5.99438, 2.25], "uv_size": [0.23768, -1.5]}
							}
						},
						{
							"origin": [-2.00296, 8.32836, -5.46085],
							"size": [0.26679, 0.42869, 1.5],
							"pivot": [0, 7.29202, 0],
							"rotation": [-90, 35, 0],
							"uv": {
								"north": {"uv": [5.21527, 0], "uv_size": [0.26679, 0.42869]},
								"east": {"uv": [5.25, 0.7202], "uv_size": [1.5, 0.42869]},
								"south": {"uv": [5.21527, 0], "uv_size": [0.26679, 0.42869]},
								"west": {"uv": [5.25, 0.7202], "uv_size": [1.5, 0.42869]},
								"up": {"uv": [5.48206, 3.5548], "uv_size": [-0.26679, -1.5]},
								"down": {"uv": [5.48206, 3.5548], "uv_size": [-0.26679, -1.5]}
							}
						},
						{
							"origin": [-1.92036, 5.76914, -5.46085],
							"size": [0.26476, 0.42869, 1.5],
							"pivot": [0, 7.29202, 0],
							"rotation": [90, 35, -180],
							"uv": {
								"north": {"uv": [6.96527, 2.04151], "uv_size": [0.26476, 0.42869]},
								"east": {"uv": [5.5, 0.79151], "uv_size": [1.5, 0.42869]},
								"south": {"uv": [6.96527, 2.04151], "uv_size": [0.26476, 0.42869]},
								"west": {"uv": [5.5, 0.79151], "uv_size": [1.5, 0.42869]},
								"up": {"uv": [5.73003, 1.75], "uv_size": [-0.26476, -1.5]},
								"down": {"uv": [5.73003, 1.75], "uv_size": [-0.26476, -1.5]}
							}
						},
						{
							"origin": [1.65682, 5.77088, -5.46085],
							"size": [0.26232, 0.42521, 1.5],
							"pivot": [0, 7.29202, 0],
							"rotation": [-90, 35, 0],
							"uv": {
								"north": {"uv": [6.23206, 0.79151], "uv_size": [0.26232, 0.42521]},
								"east": {"uv": [4.025, 0.29151], "uv_size": [1.5, 0.42521]},
								"south": {"uv": [6.23206, 0.79151], "uv_size": [0.26232, 0.42521]},
								"west": {"uv": [4.025, 0.29151], "uv_size": [1.5, 0.42521]},
								"up": {"uv": [6.49438, 3], "uv_size": [-0.26232, -1.5]},
								"down": {"uv": [6.49438, 3], "uv_size": [-0.26232, -1.5]}
							}
						},
						{
							"origin": [1.73739, 8.3301, -5.46085],
							"size": [0.26435, 0.42521, 1.5],
							"pivot": [0, 7.29202, 0],
							"rotation": [90, 35, -180],
							"uv": {
								"north": {"uv": [4.73206, 1.7202], "uv_size": [0.26435, 0.42521]},
								"east": {"uv": [4.025, 0.7202], "uv_size": [1.5, 0.42521]},
								"south": {"uv": [4.73206, 1.7202], "uv_size": [0.26435, 0.42521]},
								"west": {"uv": [4.025, 0.7202], "uv_size": [1.5, 0.42521]},
								"up": {"uv": [6.49641, 3.025], "uv_size": [-0.26435, -1.5]},
								"down": {"uv": [6.49641, 3.025], "uv_size": [-0.26435, -1.5]}
							}
						},
						{
							"origin": [-1.69894, 12.5, -1.125],
							"size": [0.225, 0.2, 2.2],
							"pivot": [0, 7.29202, 0],
							"rotation": [0, 90, 0],
							"uv": {
								"north": {"uv": [1.75, 10.25], "uv_size": [-0.775, -0.8]},
								"east": {"uv": [1.75, 10.25], "uv_size": [1.2, -0.8]},
								"south": {"uv": [1.75, 10.25], "uv_size": [-0.775, -0.8]},
								"west": {"uv": [1.75, 10.25], "uv_size": [1.2, -0.8]},
								"up": {"uv": [0.975, 11.45], "uv_size": [0.775, -1.2]},
								"down": {"uv": [0.975, 11.45], "uv_size": [0.775, -1.2]}
							}
						},
						{
							"origin": [1.45106, 12.5, -1.125],
							"size": [0.225, 0.2, 2.2],
							"pivot": [0, 7.29202, 0],
							"rotation": [0, 90, 0],
							"uv": {
								"north": {"uv": [1.75, 10.25], "uv_size": [-0.775, -0.8]},
								"east": {"uv": [1.75, 10.25], "uv_size": [1.2, -0.8]},
								"south": {"uv": [1.75, 10.25], "uv_size": [-0.775, -0.8]},
								"west": {"uv": [1.75, 10.25], "uv_size": [1.2, -0.8]},
								"up": {"uv": [0.975, 11.45], "uv_size": [0.775, -1.2]},
								"down": {"uv": [0.975, 11.45], "uv_size": [0.775, -1.2]}
							}
						},
						{
							"origin": [1.42606, 11.35, -1.125],
							"size": [0.225, 0.2, 2.2],
							"pivot": [0, 7.29202, 0],
							"rotation": [0, 90, 0],
							"uv": {
								"north": {"uv": [1.75, 10.25], "uv_size": [-0.775, -0.8]},
								"east": {"uv": [1.75, 10.25], "uv_size": [1.2, -0.8]},
								"south": {"uv": [1.75, 10.25], "uv_size": [-0.775, -0.8]},
								"west": {"uv": [1.75, 10.25], "uv_size": [1.2, -0.8]},
								"up": {"uv": [0.975, 11.45], "uv_size": [0.775, -1.2]},
								"down": {"uv": [0.975, 11.45], "uv_size": [0.775, -1.2]}
							}
						},
						{
							"origin": [-1.67394, 11.35, -1.125],
							"size": [0.225, 0.2, 2.2],
							"pivot": [0, 7.29202, 0],
							"rotation": [0, 90, 0],
							"uv": {
								"north": {"uv": [1.75, 10.25], "uv_size": [-0.775, -0.8]},
								"east": {"uv": [1.75, 10.25], "uv_size": [1.2, -0.8]},
								"south": {"uv": [1.75, 10.25], "uv_size": [-0.775, -0.8]},
								"west": {"uv": [1.75, 10.25], "uv_size": [1.2, -0.8]},
								"up": {"uv": [0.975, 11.45], "uv_size": [0.775, -1.2]},
								"down": {"uv": [0.975, 11.45], "uv_size": [0.775, -1.2]}
							}
						},
						{
							"origin": [-0.49894, 10.75, -0.525],
							"size": [1, 0.5, 1],
							"pivot": [0, 7.29202, 0],
							"rotation": [0, 90, 0],
							"uv": {
								"north": {"uv": [1, 9.5], "uv_size": [1, 0.5]},
								"east": {"uv": [1, 9.5], "uv_size": [1, 0.5]},
								"south": {"uv": [1, 9.5], "uv_size": [1, 0.5]},
								"west": {"uv": [1, 9.5], "uv_size": [1, 0.5]},
								"up": {"uv": [2, 10.5], "uv_size": [-1, -1]},
								"down": {"uv": [2, 10.5], "uv_size": [-1, -1]}
							}
						},
						{
							"origin": [-0.49894, 12.65, -0.525],
							"size": [1, 0.5, 1],
							"pivot": [0, 7.29202, 0],
							"rotation": [0, 90, 0],
							"uv": {
								"north": {"uv": [1, 9.5], "uv_size": [1, 0.5]},
								"east": {"uv": [1, 9.5], "uv_size": [1, 0.5]},
								"south": {"uv": [1, 9.5], "uv_size": [1, 0.5]},
								"west": {"uv": [1, 9.5], "uv_size": [1, 0.5]},
								"up": {"uv": [2, 10.5], "uv_size": [-1, -1]},
								"down": {"uv": [2, 10.5], "uv_size": [-1, -1]}
							}
						},
						{
							"origin": [-0.19894, 12.60155, -0.2375],
							"size": [0.4, 0.8, 0.4],
							"pivot": [0, 7.29202, 0],
							"rotation": [0, 90, 0],
							"uv": {
								"north": {"uv": [1, 9.5], "uv_size": [1, 0.5]},
								"east": {"uv": [1, 9.5], "uv_size": [1, 0.5]},
								"south": {"uv": [1, 9.5], "uv_size": [1, 0.5]},
								"west": {"uv": [1, 9.5], "uv_size": [1, 0.5]},
								"up": {"uv": [2, 10.5], "uv_size": [-1, -1]},
								"down": {"uv": [2, 10.5], "uv_size": [-1, -1]}
							}
						},
						{
							"origin": [-3.23788, 12.20231, -0.225],
							"size": [0.2, 0.275, 0.4],
							"pivot": [0, 7.29202, 0],
							"rotation": [90, 60, 90],
							"uv": {
								"north": {"uv": [1, 9.5], "uv_size": [1, 0.5]},
								"east": {"uv": [1, 9.5], "uv_size": [1, 0.5]},
								"south": {"uv": [1, 9.5], "uv_size": [1, 0.5]},
								"west": {"uv": [1, 9.5], "uv_size": [1, 0.5]},
								"up": {"uv": [2, 10.5], "uv_size": [-1, -1]},
								"down": {"uv": [2, 10.5], "uv_size": [-1, -1]}
							}
						},
						{
							"origin": [3.03972, 12.10125, -0.225],
							"size": [0.2, 0.375, 0.4],
							"pivot": [0, 7.29202, 0],
							"rotation": [-90, 60, -90],
							"uv": {
								"north": {"uv": [2, 9.5], "uv_size": [-1, 0.5]},
								"east": {"uv": [2, 9.5], "uv_size": [-1, 0.5]},
								"south": {"uv": [2, 9.5], "uv_size": [-1, 0.5]},
								"west": {"uv": [2, 9.5], "uv_size": [-1, 0.5]},
								"up": {"uv": [1, 10.5], "uv_size": [1, -1]},
								"down": {"uv": [1, 10.5], "uv_size": [1, -1]}
							}
						},
						{
							"origin": [3.01715, 12.11428, -0.20106],
							"size": [0.2, 0.375, 0.4],
							"pivot": [0, 7.29202, 0],
							"rotation": [0, 0, -30],
							"uv": {
								"north": {"uv": [2, 9.5], "uv_size": [-1, 0.5]},
								"east": {"uv": [2, 9.5], "uv_size": [-1, 0.5]},
								"south": {"uv": [2, 9.5], "uv_size": [-1, 0.5]},
								"west": {"uv": [2, 9.5], "uv_size": [-1, 0.5]},
								"up": {"uv": [1, 10.5], "uv_size": [1, -1]},
								"down": {"uv": [1, 10.5], "uv_size": [1, -1]}
							}
						},
						{
							"origin": [-3.26045, 12.18928, -0.20106],
							"size": [0.2, 0.275, 0.4],
							"pivot": [0, 7.29202, 0],
							"rotation": [0, 0, 30],
							"uv": {
								"north": {"uv": [1, 9.5], "uv_size": [1, 0.5]},
								"east": {"uv": [1, 9.5], "uv_size": [1, 0.5]},
								"south": {"uv": [1, 9.5], "uv_size": [1, 0.5]},
								"west": {"uv": [1, 9.5], "uv_size": [1, 0.5]},
								"up": {"uv": [2, 10.5], "uv_size": [-1, -1]},
								"down": {"uv": [2, 10.5], "uv_size": [-1, -1]}
							}
						},
						{
							"origin": [-3.22797, 12.20803, -0.2],
							"size": [0.2, 0.275, 0.4],
							"pivot": [0, 7.29202, 0],
							"rotation": [180, 0, -30],
							"uv": {
								"north": {"uv": [1, 9.5], "uv_size": [1, 0.5]},
								"east": {"uv": [1, 9.5], "uv_size": [1, 0.5]},
								"south": {"uv": [1, 9.5], "uv_size": [1, 0.5]},
								"west": {"uv": [1, 9.5], "uv_size": [1, 0.5]},
								"up": {"uv": [2, 10.5], "uv_size": [-1, -1]},
								"down": {"uv": [2, 10.5], "uv_size": [-1, -1]}
							}
						},
						{
							"origin": [-3.22797, 12.20803, -0.2],
							"size": [0.2, 0.275, 0.4],
							"pivot": [0, 7.29202, 0],
							"rotation": [-90, -60, -90],
							"uv": {
								"north": {"uv": [1, 9.5], "uv_size": [1, 0.5]},
								"east": {"uv": [1, 9.5], "uv_size": [1, 0.5]},
								"south": {"uv": [1, 9.5], "uv_size": [1, 0.5]},
								"west": {"uv": [1, 9.5], "uv_size": [1, 0.5]},
								"up": {"uv": [2, 10.5], "uv_size": [-1, -1]},
								"down": {"uv": [2, 10.5], "uv_size": [-1, -1]}
							}
						},
						{
							"origin": [-0.2, 12.60155, -0.2],
							"size": [0.4, 0.8, 0.4],
							"pivot": [0, 7.29202, 0],
							"rotation": [0, -90, -180],
							"uv": {
								"north": {"uv": [1, 9.5], "uv_size": [1, 0.5]},
								"east": {"uv": [1, 9.5], "uv_size": [1, 0.5]},
								"south": {"uv": [1, 9.5], "uv_size": [1, 0.5]},
								"west": {"uv": [1, 9.5], "uv_size": [1, 0.5]},
								"up": {"uv": [2, 10.5], "uv_size": [-1, -1]},
								"down": {"uv": [2, 10.5], "uv_size": [-1, -1]}
							}
						},
						{
							"origin": [3.02797, 12.10803, -0.2],
							"size": [0.2, 0.375, 0.4],
							"pivot": [0, 7.29202, 0],
							"rotation": [90, -60, 90],
							"uv": {
								"north": {"uv": [2, 9.5], "uv_size": [-1, 0.5]},
								"east": {"uv": [2, 9.5], "uv_size": [-1, 0.5]},
								"south": {"uv": [2, 9.5], "uv_size": [-1, 0.5]},
								"west": {"uv": [2, 9.5], "uv_size": [-1, 0.5]},
								"up": {"uv": [1, 10.5], "uv_size": [1, -1]},
								"down": {"uv": [1, 10.5], "uv_size": [1, -1]}
							}
						},
						{
							"origin": [3.02797, 12.10803, -0.2],
							"size": [0.2, 0.375, 0.4],
							"pivot": [0, 7.29202, 0],
							"rotation": [180, 0, 30],
							"uv": {
								"north": {"uv": [2, 9.5], "uv_size": [-1, 0.5]},
								"east": {"uv": [2, 9.5], "uv_size": [-1, 0.5]},
								"south": {"uv": [2, 9.5], "uv_size": [-1, 0.5]},
								"west": {"uv": [2, 9.5], "uv_size": [-1, 0.5]},
								"up": {"uv": [1, 10.5], "uv_size": [1, -1]},
								"down": {"uv": [1, 10.5], "uv_size": [1, -1]}
							}
						},
						{
							"origin": [-0.49894, 10.225, -0.525],
							"size": [1, 0.225, 1],
							"pivot": [0, 7.29202, 0],
							"rotation": [0, 90, 0],
							"uv": {
								"north": {"uv": [1, 9.5], "uv_size": [1, 0.5]},
								"east": {"uv": [1, 9.5], "uv_size": [1, 0.5]},
								"south": {"uv": [1, 9.5], "uv_size": [1, 0.5]},
								"west": {"uv": [1, 9.5], "uv_size": [1, 0.5]},
								"up": {"uv": [2, 10.5], "uv_size": [-1, -1]},
								"down": {"uv": [2, 10.5], "uv_size": [-1, -1]}
							}
						},
						{
							"origin": [-0.49894, 1.425, -0.525],
							"size": [1, 0.725, 1],
							"pivot": [0, 7.29202, 0],
							"rotation": [0, 90, 0],
							"uv": {
								"north": {"uv": [1, 9.5], "uv_size": [1, 0.5]},
								"east": {"uv": [1, 9.5], "uv_size": [1, 0.5]},
								"south": {"uv": [1, 9.5], "uv_size": [1, 0.5]},
								"west": {"uv": [1, 9.5], "uv_size": [1, 0.5]},
								"up": {"uv": [2, 10.5], "uv_size": [-1, -1]},
								"down": {"uv": [2, 10.5], "uv_size": [-1, -1]}
							}
						},
						{
							"origin": [-0.49894, 9.875, -0.525],
							"size": [1, 0.225, 1],
							"pivot": [0, 7.29202, 0],
							"rotation": [0, 90, 0],
							"uv": {
								"north": {"uv": [1, 9.5], "uv_size": [1, 0.5]},
								"east": {"uv": [1, 9.5], "uv_size": [1, 0.5]},
								"south": {"uv": [1, 9.5], "uv_size": [1, 0.5]},
								"west": {"uv": [1, 9.5], "uv_size": [1, 0.5]},
								"up": {"uv": [2, 10.5], "uv_size": [-1, -1]},
								"down": {"uv": [2, 10.5], "uv_size": [-1, -1]}
							}
						},
						{
							"origin": [-0.37394, 10.05, -0.45],
							"size": [0.75, 0.225, 0.85],
							"pivot": [0, 7.29202, 0],
							"rotation": [0, 90, 0],
							"uv": {
								"north": {"uv": [0.25, 8.25], "uv_size": [2.5, 2.25]},
								"east": {"uv": [0.25, 8.25], "uv_size": [2.5, 2.25]},
								"south": {"uv": [0.25, 8.25], "uv_size": [2.5, 2.25]},
								"west": {"uv": [0.25, 8.25], "uv_size": [2.5, 2.25]},
								"up": {"uv": [2.75, 11], "uv_size": [-2.5, -2.75]},
								"down": {"uv": [2.75, 11], "uv_size": [-2.5, -2.75]}
							}
						},
						{
							"origin": [-0.34894, 4.6, -0.375],
							"size": [0.7, 5.75, 0.7],
							"pivot": [0, 7.29202, 0],
							"rotation": [0, 90, 0],
							"uv": {
								"north": {"uv": [0.75, 0.25], "uv_size": [0.7, 3.5]},
								"east": {"uv": [0.75, 0.25], "uv_size": [0.7, 3.5]},
								"south": {"uv": [0.75, 0.25], "uv_size": [0.7, 3.5]},
								"west": {"uv": [0.75, 0.25], "uv_size": [0.7, 3.5]},
								"up": {"uv": [0.7, 0.7], "uv_size": [-0.7, -0.7]},
								"down": {"uv": [0.7, 0.7], "uv_size": [-0.7, -0.7]}
							}
						},
						{
							"origin": [-0.47394, 1.5, -0.475],
							"size": [0.95, 3.85, 0.9],
							"pivot": [0, 7.29202, 0],
							"rotation": [0, 90, 0],
							"uv": {
								"north": {"uv": [5.25, 8.75], "uv_size": [1, 4]},
								"east": {"uv": [4.25, 8.75], "uv_size": [0.95, 4]},
								"south": {"uv": [7.125, 8.75], "uv_size": [1, 4]},
								"west": {"uv": [6.25, 8.74375], "uv_size": [1, 4]},
								"up": {"uv": [9.2, 11.2], "uv_size": [-0.7, -0.7]},
								"down": {"uv": [9.2, 11.2], "uv_size": [-0.7, -0.7]}
							}
						},
						{
							"origin": [-0.34894, 10.25, -0.375],
							"size": [0.7, 1.1, 0.7],
							"pivot": [0, 7.29202, 0],
							"rotation": [0, 90, 0],
							"uv": {
								"north": {"uv": [1.5, 6], "uv_size": [0.7, 1]},
								"east": {"uv": [1.5, 6], "uv_size": [0.7, 1]},
								"south": {"uv": [1.5, 6], "uv_size": [0.7, 1]},
								"west": {"uv": [1.5, 6], "uv_size": [0.7, 1]},
								"up": {"uv": [1.45, 6.7], "uv_size": [-0.7, -0.7]},
								"down": {"uv": [1.45, 6.7], "uv_size": [-0.7, -0.7]}
							}
						},
						{
							"origin": [-0.74894, 11.25, -1.05],
							"size": [1.5, 1.5, 0],
							"pivot": [0, 7.29202, 0],
							"rotation": [0, 90, 0],
							"uv": {
								"north": {"uv": [8, 0], "uv_size": [8, 8.75]},
								"east": {"uv": [12, 10.25], "uv_size": [0, 2]},
								"south": {"uv": [13, 12.5], "uv_size": [2, 2]},
								"west": {"uv": [8, 0], "uv_size": [0, 2]},
								"up": {"uv": [10, 0], "uv_size": [-2, 0]},
								"down": {"uv": [10, 0], "uv_size": [-2, 0]}
							}
						},
						{
							"origin": [-0.74894, 11.25, 1.05],
							"size": [1.5, 1.5, 0],
							"pivot": [0, 7.29202, 0],
							"rotation": [0, 90, 0],
							"uv": {
								"north": {"uv": [8, 13.5], "uv_size": [6, 2.5]},
								"east": {"uv": [7.75, 8.5], "uv_size": [0, 2]},
								"south": {"uv": [8, 0], "uv_size": [7.75, 8.75]},
								"west": {"uv": [8, 0], "uv_size": [0, 2]},
								"up": {"uv": [10, 0], "uv_size": [-2, 0]},
								"down": {"uv": [10, 0], "uv_size": [-2, 0]}
							}
						}
					]
				}
			]
		}
	]
}