{
  "format_version": "1.12.0",
  "minecraft:geometry": [
    {
      "description": {
        "identifier": "geometry.WonderWomanSword",
        "texture_width": 64,
        "texture_height": 54,
        "visible_bounds_width": 3,
        "visible_bounds_height": 2.5,
        "visible_bounds_offset": [
          0,
          0.75,
          0
        ]
      },
      "bones": [
        {
          "name": "swordHilt",
          "pivot": [
            0,
            0,
            0
          ],
          "cubes": [
            {
              "origin": [
                -8.75,
                5.25,
                7.215
              ],
              "size": [
                0.75,
                2.25,
                0.725
              ],
              "inflate": -0.1,
              "uv": {
                "north": {
                  "uv": [
                    28,
                    16
                  ],
                  "uv_size": [
                    4,
                    6
                  ]
                },
                "east": {
                  "uv": [
                    28,
                    16
                  ],
                  "uv_size": [
                    4,
                    6
                  ]
                },
                "south": {
                  "uv": [
                    28,
                    16
                  ],
                  "uv_size": [
                    4,
                    6
                  ]
                },
                "west": {
                  "uv": [
                    28,
                    16
                  ],
                  "uv_size": [
                    4,
                    6
                  ]
                },
                "up": {
                  "uv": [
                    32,
                    20
                  ],
                  "uv_size": [
                    -4,
                    -4
                  ]
                },
                "down": {
                  "uv": [
                    32,
                    20
                  ],
                  "uv_size": [
                    -4,
                    -4
                  ]
                }
              }
            },
            {
              "origin": [
                -8.75,
                4.75,
                10.5
              ],
              "size": [
                0.75,
                0.5,
                1.75
              ],
              "inflate": -0.025,
              "pivot": [
                -8,
                0,
                0
              ],
              "rotation": [
                22.5,
                0,
                0
              ],
              "uv": {
                "north": {
                  "uv": [
                    6,
                    17
                  ],
                  "uv_size": [
                    7,
                    2
                  ]
                },
                "east": {
                  "uv": [
                    5,
                    17
                  ],
                  "uv_size": [
                    8,
                    2
                  ]
                },
                "south": {
                  "uv": [
                    7,
                    17
                  ],
                  "uv_size": [
                    7,
                    2
                  ]
                },
                "west": {
                  "uv": [
                    6,
                    17
                  ],
                  "uv_size": [
                    8,
                    2
                  ]
                },
                "up": {
                  "uv": [
                    13,
                    16
                  ],
                  "uv_size": [
                    -7,
                    3
                  ]
                },
                "down": {
                  "uv": [
                    13,
                    19
                  ],
                  "uv_size": [
                    -7,
                    -3
                  ]
                }
              }
            },
            {
              "origin": [
                -8.75,
                10.55,
                1.75
              ],
              "size": [
                0.75,
                0.5,
                1.75
              ],
              "inflate": -0.025,
              "pivot": [
                -8,
                0,
                0
              ],
              "rotation": [
                -22.5,
                0,
                0
              ],
              "uv": {
                "north": {
                  "uv": [
                    7.5,
                    15
                  ],
                  "uv_size": [
                    6,
                    3
                  ]
                },
                "east": {
                  "uv": [
                    14.5,
                    15
                  ],
                  "uv_size": [
                    -7,
                    3
                  ]
                },
                "south": {
                  "uv": [
                    8.5,
                    15
                  ],
                  "uv_size": [
                    6,
                    3
                  ]
                },
                "west": {
                  "uv": [
                    13.5,
                    15
                  ],
                  "uv_size": [
                    -7,
                    3
                  ]
                },
                "up": {
                  "uv": [
                    13.5,
                    14
                  ],
                  "uv_size": [
                    -6,
                    4
                  ]
                },
                "down": {
                  "uv": [
                    13.5,
                    18
                  ],
                  "uv_size": [
                    -6,
                    -4
                  ]
                }
              }
            },
            {
              "origin": [
                -8.75,
                12.9,
                -1.375
              ],
              "size": [
                0.75,
                0.5,
                1.5
              ],
              "pivot": [
                -8,
                0,
                0
              ],
              "rotation": [
                -45,
                0,
                0
              ],
              "uv": {
                "north": {
                  "uv": [
                    26,
                    22
                  ],
                  "uv_size": [
                    3,
                    3
                  ]
                },
                "east": {
                  "uv": [
                    25,
                    22
                  ],
                  "uv_size": [
                    4,
                    3
                  ]
                },
                "south": {
                  "uv": [
                    27,
                    22
                  ],
                  "uv_size": [
                    3,
                    3
                  ]
                },
                "west": {
                  "uv": [
                    26,
                    22
                  ],
                  "uv_size": [
                    4,
                    3
                  ]
                },
                "up": {
                  "uv": [
                    29,
                    21
                  ],
                  "uv_size": [
                    -3,
                    4
                  ]
                },
                "down": {
                  "uv": [
                    29,
                    25
                  ],
                  "uv_size": [
                    -3,
                    -4
                  ]
                }
              }
            },
            {
              "origin": [
                -8.75,
                2.2,
                10.6
              ],
              "size": [
                0.75,
                0.5,
                1.5
              ],
              "pivot": [
                -8,
                0,
                0
              ],
              "rotation": [
                45,
                0,
                0
              ],
              "uv": {
                "north": {
                  "uv": [
                    26,
                    20
                  ],
                  "uv_size": [
                    4,
                    4
                  ]
                },
                "east": {
                  "uv": [
                    25,
                    20
                  ],
                  "uv_size": [
                    5,
                    4
                  ]
                },
                "south": {
                  "uv": [
                    27,
                    20
                  ],
                  "uv_size": [
                    4,
                    4
                  ]
                },
                "west": {
                  "uv": [
                    26,
                    20
                  ],
                  "uv_size": [
                    5,
                    4
                  ]
                },
                "up": {
                  "uv": [
                    30,
                    19
                  ],
                  "uv_size": [
                    -4,
                    5
                  ]
                },
                "down": {
                  "uv": [
                    30,
                    24
                  ],
                  "uv_size": [
                    -4,
                    -5
                  ]
                }
              }
            },
            {
              "origin": [
                -8.75,
                1.75,
                8.325
              ],
              "size": [
                0.75,
                0.45,
                1.175
              ],
              "pivot": [
                -8,
                0,
                0
              ],
              "rotation": [
                22.5,
                0,
                0
              ],
              "uv": {
                "north": {
                  "uv": [
                    6,
                    13
                  ],
                  "uv_size": [
                    0,
                    0
                  ]
                },
                "east": {
                  "uv": [
                    5,
                    13
                  ],
                  "uv_size": [
                    1,
                    0
                  ]
                },
                "south": {
                  "uv": [
                    7,
                    13
                  ],
                  "uv_size": [
                    0,
                    0
                  ]
                },
                "west": {
                  "uv": [
                    6,
                    13
                  ],
                  "uv_size": [
                    1,
                    0
                  ]
                },
                "up": {
                  "uv": [
                    6,
                    12
                  ],
                  "uv_size": [
                    0,
                    1
                  ]
                },
                "down": {
                  "uv": [
                    6,
                    13
                  ],
                  "uv_size": [
                    0,
                    -1
                  ]
                }
              }
            },
            {
              "origin": [
                -8.75,
                7.55,
                4.5
              ],
              "size": [
                0.75,
                0.45,
                1.25
              ],
              "inflate": -0.025,
              "pivot": [
                -8,
                0,
                0
              ],
              "rotation": [
                -22.5,
                0,
                0
              ],
              "uv": {
                "north": {
                  "uv": [
                    8,
                    15
                  ],
                  "uv_size": [
                    0,
                    0
                  ]
                },
                "east": {
                  "uv": [
                    7,
                    15
                  ],
                  "uv_size": [
                    1,
                    0
                  ]
                },
                "south": {
                  "uv": [
                    9,
                    15
                  ],
                  "uv_size": [
                    0,
                    0
                  ]
                },
                "west": {
                  "uv": [
                    8,
                    15
                  ],
                  "uv_size": [
                    1,
                    0
                  ]
                },
                "up": {
                  "uv": [
                    8,
                    14
                  ],
                  "uv_size": [
                    0,
                    1
                  ]
                },
                "down": {
                  "uv": [
                    8,
                    15
                  ],
                  "uv_size": [
                    0,
                    -1
                  ]
                }
              }
            },
            {
              "origin": [
                -8.75,
                10,
                6.615
              ],
              "size": [
                0.75,
                0.5,
                0.5
              ],
              "inflate": -0.05,
              "uv": {
                "north": {
                  "uv": [
                    3,
                    14
                  ],
                  "uv_size": [
                    0,
                    0
                  ]
                },
                "east": {
                  "uv": [
                    3,
                    14
                  ],
                  "uv_size": [
                    0,
                    0
                  ]
                },
                "south": {
                  "uv": [
                    3,
                    14
                  ],
                  "uv_size": [
                    0,
                    0
                  ]
                },
                "west": {
                  "uv": [
                    3,
                    14
                  ],
                  "uv_size": [
                    0,
                    0
                  ]
                },
                "up": {
                  "uv": [
                    3,
                    14
                  ],
                  "uv_size": [
                    0,
                    0
                  ]
                },
                "down": {
                  "uv": [
                    3,
                    14
                  ],
                  "uv_size": [
                    0,
                    0
                  ]
                }
              }
            },
            {
              "origin": [
                -8.85,
                8.5,
                7.04
              ],
              "size": [
                0.95,
                0.5,
                1.175
              ],
              "inflate": -0.05,
              "uv": {
                "north": {
                  "uv": [
                    26,
                    22
                  ],
                  "uv_size": [
                    5,
                    3
                  ]
                },
                "east": {
                  "uv": [
                    25,
                    22
                  ],
                  "uv_size": [
                    6,
                    3
                  ]
                },
                "south": {
                  "uv": [
                    27,
                    22
                  ],
                  "uv_size": [
                    5,
                    3
                  ]
                },
                "west": {
                  "uv": [
                    26,
                    22
                  ],
                  "uv_size": [
                    6,
                    3
                  ]
                },
                "up": {
                  "uv": [
                    31,
                    21
                  ],
                  "uv_size": [
                    -5,
                    4
                  ]
                },
                "down": {
                  "uv": [
                    31,
                    25
                  ],
                  "uv_size": [
                    -5,
                    -4
                  ]
                }
              }
            },
            {
              "origin": [
                -8.75,
                10,
                8.065
              ],
              "size": [
                0.75,
                0.5,
                0.5
              ],
              "inflate": -0.05,
              "uv": {
                "north": {
                  "uv": [
                    5,
                    20
                  ],
                  "uv_size": [
                    0,
                    0
                  ]
                },
                "east": {
                  "uv": [
                    5,
                    20
                  ],
                  "uv_size": [
                    0,
                    0
                  ]
                },
                "south": {
                  "uv": [
                    5,
                    20
                  ],
                  "uv_size": [
                    0,
                    0
                  ]
                },
                "west": {
                  "uv": [
                    5,
                    20
                  ],
                  "uv_size": [
                    0,
                    0
                  ]
                },
                "up": {
                  "uv": [
                    5,
                    20
                  ],
                  "uv_size": [
                    0,
                    0
                  ]
                },
                "down": {
                  "uv": [
                    5,
                    20
                  ],
                  "uv_size": [
                    0,
                    0
                  ]
                }
              }
            },
            {
              "origin": [
                -8.625,
                12.115,
                -2.385
              ],
              "size": [
                0.5,
                0.25,
                0.25
              ],
              "pivot": [
                -8,
                0,
                0
              ],
              "rotation": [
                -45,
                0,
                0
              ],
              "uv": {
                "north": {
                  "uv": [
                    4.5,
                    13
                  ],
                  "uv_size": [
                    0,
                    0
                  ]
                },
                "east": {
                  "uv": [
                    4.5,
                    13
                  ],
                  "uv_size": [
                    0,
                    0
                  ]
                },
                "south": {
                  "uv": [
                    4.5,
                    13
                  ],
                  "uv_size": [
                    0,
                    0
                  ]
                },
                "west": {
                  "uv": [
                    4.5,
                    13
                  ],
                  "uv_size": [
                    0,
                    0
                  ]
                },
                "up": {
                  "uv": [
                    4.5,
                    13
                  ],
                  "uv_size": [
                    0,
                    0
                  ]
                },
                "down": {
                  "uv": [
                    4.5,
                    13
                  ],
                  "uv_size": [
                    0,
                    0
                  ]
                }
              }
            },
            {
              "origin": [
                -8.625,
                1.39,
                12.865
              ],
              "size": [
                0.5,
                0.25,
                0.25
              ],
              "pivot": [
                -8,
                0,
                0
              ],
              "rotation": [
                45,
                0,
                0
              ],
              "uv": {
                "north": {
                  "uv": [
                    4.5,
                    13
                  ],
                  "uv_size": [
                    0,
                    0
                  ]
                },
                "east": {
                  "uv": [
                    4.5,
                    13
                  ],
                  "uv_size": [
                    0,
                    0
                  ]
                },
                "south": {
                  "uv": [
                    4.5,
                    13
                  ],
                  "uv_size": [
                    0,
                    0
                  ]
                },
                "west": {
                  "uv": [
                    4.5,
                    13
                  ],
                  "uv_size": [
                    0,
                    0
                  ]
                },
                "up": {
                  "uv": [
                    4.5,
                    13
                  ],
                  "uv_size": [
                    0,
                    0
                  ]
                },
                "down": {
                  "uv": [
                    4.5,
                    13
                  ],
                  "uv_size": [
                    0,
                    0
                  ]
                }
              }
            },
            {
              "origin": [
                -8.75,
                11.325,
                -2.785
              ],
              "size": [
                0.75,
                0.5,
                0.5
              ],
              "inflate": -0.025,
              "pivot": [
                -8,
                0,
                0
              ],
              "rotation": [
                -45,
                0,
                0
              ],
              "uv": {
                "north": {
                  "uv": [
                    6,
                    13
                  ],
                  "uv_size": [
                    6,
                    4
                  ]
                },
                "east": {
                  "uv": [
                    6,
                    13
                  ],
                  "uv_size": [
                    6,
                    4
                  ]
                },
                "south": {
                  "uv": [
                    6,
                    13
                  ],
                  "uv_size": [
                    6,
                    4
                  ]
                },
                "west": {
                  "uv": [
                    6,
                    13
                  ],
                  "uv_size": [
                    6,
                    4
                  ]
                },
                "up": {
                  "uv": [
                    12,
                    17
                  ],
                  "uv_size": [
                    -6,
                    -4
                  ]
                },
                "down": {
                  "uv": [
                    12,
                    17
                  ],
                  "uv_size": [
                    -6,
                    -4
                  ]
                }
              }
            },
            {
              "origin": [
                -8.75,
                11.45,
                -1.21
              ],
              "size": [
                0.75,
                0.5,
                0.5
              ],
              "inflate": -0.05,
              "pivot": [
                -8,
                0,
                0
              ],
              "rotation": [
                -45,
                0,
                0
              ],
              "uv": {
                "north": {
                  "uv": [
                    10,
                    16
                  ],
                  "uv_size": [
                    3,
                    3
                  ]
                },
                "east": {
                  "uv": [
                    10,
                    16
                  ],
                  "uv_size": [
                    3,
                    3
                  ]
                },
                "south": {
                  "uv": [
                    10,
                    16
                  ],
                  "uv_size": [
                    3,
                    3
                  ]
                },
                "west": {
                  "uv": [
                    10,
                    16
                  ],
                  "uv_size": [
                    3,
                    3
                  ]
                },
                "up": {
                  "uv": [
                    13,
                    19
                  ],
                  "uv_size": [
                    -3,
                    -3
                  ]
                },
                "down": {
                  "uv": [
                    13,
                    19
                  ],
                  "uv_size": [
                    -3,
                    -3
                  ]
                }
              }
            },
            {
              "origin": [
                -8.75,
                9.05,
                9.065
              ],
              "size": [
                0.75,
                0.45,
                0.5
              ],
              "inflate": -0.025,
              "uv": {
                "north": {
                  "uv": [
                    29,
                    7
                  ],
                  "uv_size": [
                    0,
                    0
                  ]
                },
                "east": {
                  "uv": [
                    29,
                    7
                  ],
                  "uv_size": [
                    0,
                    0
                  ]
                },
                "south": {
                  "uv": [
                    29,
                    7
                  ],
                  "uv_size": [
                    0,
                    0
                  ]
                },
                "west": {
                  "uv": [
                    29,
                    7
                  ],
                  "uv_size": [
                    0,
                    0
                  ]
                },
                "up": {
                  "uv": [
                    29,
                    7
                  ],
                  "uv_size": [
                    0,
                    0
                  ]
                },
                "down": {
                  "uv": [
                    29,
                    7
                  ],
                  "uv_size": [
                    0,
                    0
                  ]
                }
              }
            },
            {
              "origin": [
                -8.75,
                13,
                -0.41
              ],
              "size": [
                0.75,
                0.5,
                0.5
              ],
              "inflate": -0.025,
              "pivot": [
                -8,
                0,
                0
              ],
              "rotation": [
                -45,
                0,
                0
              ],
              "uv": {
                "north": {
                  "uv": [
                    7,
                    11
                  ],
                  "uv_size": [
                    5,
                    4
                  ]
                },
                "east": {
                  "uv": [
                    7,
                    11
                  ],
                  "uv_size": [
                    5,
                    4
                  ]
                },
                "south": {
                  "uv": [
                    7,
                    11
                  ],
                  "uv_size": [
                    5,
                    4
                  ]
                },
                "west": {
                  "uv": [
                    7,
                    11
                  ],
                  "uv_size": [
                    5,
                    4
                  ]
                },
                "up": {
                  "uv": [
                    12,
                    15
                  ],
                  "uv_size": [
                    -5,
                    -4
                  ]
                },
                "down": {
                  "uv": [
                    12,
                    15
                  ],
                  "uv_size": [
                    -5,
                    -4
                  ]
                }
              }
            },
            {
              "origin": [
                -8.75,
                13,
                -1.16
              ],
              "size": [
                0.75,
                0.5,
                0.5
              ],
              "inflate": -0.025,
              "pivot": [
                -8,
                0,
                0
              ],
              "rotation": [
                -45,
                0,
                0
              ],
              "uv": {
                "north": {
                  "uv": [
                    6,
                    12
                  ],
                  "uv_size": [
                    5,
                    4
                  ]
                },
                "east": {
                  "uv": [
                    6,
                    12
                  ],
                  "uv_size": [
                    5,
                    4
                  ]
                },
                "south": {
                  "uv": [
                    6,
                    12
                  ],
                  "uv_size": [
                    5,
                    4
                  ]
                },
                "west": {
                  "uv": [
                    6,
                    12
                  ],
                  "uv_size": [
                    5,
                    4
                  ]
                },
                "up": {
                  "uv": [
                    11,
                    16
                  ],
                  "uv_size": [
                    -5,
                    -4
                  ]
                },
                "down": {
                  "uv": [
                    11,
                    16
                  ],
                  "uv_size": [
                    -5,
                    -4
                  ]
                }
              }
            },
            {
              "origin": [
                -8.75,
                10.625,
                -2.785
              ],
              "size": [
                0.75,
                0.5,
                0.5
              ],
              "inflate": -0.025,
              "pivot": [
                -8,
                0,
                0
              ],
              "rotation": [
                -45,
                0,
                0
              ],
              "uv": {
                "north": {
                  "uv": [
                    25,
                    21
                  ],
                  "uv_size": [
                    5,
                    4
                  ]
                },
                "east": {
                  "uv": [
                    25,
                    21
                  ],
                  "uv_size": [
                    5,
                    4
                  ]
                },
                "south": {
                  "uv": [
                    25,
                    21
                  ],
                  "uv_size": [
                    5,
                    4
                  ]
                },
                "west": {
                  "uv": [
                    25,
                    21
                  ],
                  "uv_size": [
                    5,
                    4
                  ]
                },
                "up": {
                  "uv": [
                    30,
                    25
                  ],
                  "uv_size": [
                    -5,
                    -4
                  ]
                },
                "down": {
                  "uv": [
                    30,
                    25
                  ],
                  "uv_size": [
                    -5,
                    -4
                  ]
                }
              }
            },
            {
              "origin": [
                -8.75,
                9.05,
                5.56
              ],
              "size": [
                0.75,
                0.45,
                0.5
              ],
              "inflate": -0.025,
              "uv": {
                "north": {
                  "uv": [
                    19,
                    24
                  ],
                  "uv_size": [
                    0,
                    0
                  ]
                },
                "east": {
                  "uv": [
                    19,
                    24
                  ],
                  "uv_size": [
                    0,
                    0
                  ]
                },
                "south": {
                  "uv": [
                    19,
                    24
                  ],
                  "uv_size": [
                    0,
                    0
                  ]
                },
                "west": {
                  "uv": [
                    19,
                    24
                  ],
                  "uv_size": [
                    0,
                    0
                  ]
                },
                "up": {
                  "uv": [
                    19,
                    24
                  ],
                  "uv_size": [
                    0,
                    0
                  ]
                },
                "down": {
                  "uv": [
                    19,
                    24
                  ],
                  "uv_size": [
                    0,
                    0
                  ]
                }
              }
            },
            {
              "origin": [
                -8.675,
                7.075,
                7.165
              ],
              "size": [
                0.6,
                1.925,
                0.875
              ],
              "uv": {
                "north": {
                  "uv": [
                    28,
                    16
                  ],
                  "uv_size": [
                    4,
                    -3
                  ]
                },
                "east": {
                  "uv": [
                    28,
                    16
                  ],
                  "uv_size": [
                    4,
                    -3
                  ]
                },
                "south": {
                  "uv": [
                    28,
                    16
                  ],
                  "uv_size": [
                    4,
                    -3
                  ]
                },
                "west": {
                  "uv": [
                    28,
                    16
                  ],
                  "uv_size": [
                    4,
                    -3
                  ]
                },
                "up": {
                  "uv": [
                    32,
                    12
                  ],
                  "uv_size": [
                    -4,
                    4
                  ]
                },
                "down": {
                  "uv": [
                    32,
                    12
                  ],
                  "uv_size": [
                    -4,
                    4
                  ]
                }
              }
            }
          ]
        },
        {
          "name": "swordBlade",
          "pivot": [
            0,
            0,
            0
          ],
          "cubes": [
            {
              "origin": [
                -8.5,
                9,
                6.925
              ],
              "size": [
                0.25,
                12.25,
                1.325
              ],
              "uv": {
                "north": {
                  "uv": [
                    37,
                    41
                  ],
                  "uv_size": [
                    0,
                    12
                  ]
                },
                "east": {
                  "uv": [
                    38,
                    41
                  ],
                  "uv_size": [
                    -1,
                    12
                  ]
                },
                "south": {
                  "uv": [
                    38,
                    41
                  ],
                  "uv_size": [
                    0,
                    12
                  ]
                },
                "west": {
                  "uv": [
                    37,
                    41
                  ],
                  "uv_size": [
                    -1,
                    12
                  ]
                },
                "up": {
                  "uv": [
                    37,
                    40
                  ],
                  "uv_size": [
                    0,
                    1
                  ]
                },
                "down": {
                  "uv": [
                    37,
                    41
                  ],
                  "uv_size": [
                    0,
                    -1
                  ]
                }
              }
            },
            {
              "origin": [
                -8.45,
                9,
                6.725
              ],
              "size": [
                0.15,
                6.25,
                1.725
              ],
              "uv": {
                "north": {
                  "uv": [
                    37,
                    41
                  ],
                  "uv_size": [
                    0,
                    12
                  ]
                },
                "east": {
                  "uv": [
                    38,
                    41
                  ],
                  "uv_size": [
                    -1,
                    12
                  ]
                },
                "south": {
                  "uv": [
                    38,
                    41
                  ],
                  "uv_size": [
                    0,
                    12
                  ]
                },
                "west": {
                  "uv": [
                    37,
                    41
                  ],
                  "uv_size": [
                    -1,
                    12
                  ]
                },
                "up": {
                  "uv": [
                    37,
                    40
                  ],
                  "uv_size": [
                    0,
                    1
                  ]
                },
                "down": {
                  "uv": [
                    37,
                    41
                  ],
                  "uv_size": [
                    0,
                    -1
                  ]
                }
              }
            },
            {
              "origin": [
                -8.45,
                15,
                6.725
              ],
              "size": [
                0.15,
                6.45,
                1.725
              ],
              "inflate": -0.05,
              "uv": {
                "north": {
                  "uv": [
                    37,
                    41
                  ],
                  "uv_size": [
                    0,
                    12
                  ]
                },
                "east": {
                  "uv": [
                    38,
                    41
                  ],
                  "uv_size": [
                    -1,
                    12
                  ]
                },
                "south": {
                  "uv": [
                    38,
                    41
                  ],
                  "uv_size": [
                    0,
                    12
                  ]
                },
                "west": {
                  "uv": [
                    37,
                    41
                  ],
                  "uv_size": [
                    -1,
                    12
                  ]
                },
                "up": {
                  "uv": [
                    37,
                    40
                  ],
                  "uv_size": [
                    0,
                    1
                  ]
                },
                "down": {
                  "uv": [
                    37,
                    41
                  ],
                  "uv_size": [
                    0,
                    -1
                  ]
                }
              }
            },
            {
              "origin": [
                -8.525,
                9,
                7.5
              ],
              "size": [
                0.3,
                12.275,
                0.175
              ],
              "uv": {
                "north": {
                  "uv": [
                    23,
                    41
                  ],
                  "uv_size": [
                    0,
                    12
                  ]
                },
                "east": {
                  "uv": [
                    23,
                    41
                  ],
                  "uv_size": [
                    0,
                    12
                  ]
                },
                "south": {
                  "uv": [
                    23,
                    41
                  ],
                  "uv_size": [
                    0,
                    12
                  ]
                },
                "west": {
                  "uv": [
                    23,
                    41
                  ],
                  "uv_size": [
                    0,
                    12
                  ]
                },
                "up": {
                  "uv": [
                    23,
                    41
                  ],
                  "uv_size": [
                    0,
                    0
                  ]
                },
                "down": {
                  "uv": [
                    23,
                    41
                  ],
                  "uv_size": [
                    0,
                    0
                  ]
                }
              }
            },
            {
              "origin": [
                -8.52629,
                21.25018,
                7.525
              ],
              "size": [
                0.075,
                0.9,
                0.125
              ],
              "pivot": [
                -8.5,
                21.25,
                7.55
              ],
              "rotation": [
                0,
                0,
                6
              ],
              "uv": {
                "north": {
                  "uv": [
                    23,
                    41
                  ],
                  "uv_size": [
                    0,
                    12
                  ]
                },
                "east": {
                  "uv": [
                    23,
                    41
                  ],
                  "uv_size": [
                    0,
                    12
                  ]
                },
                "south": {
                  "uv": [
                    23,
                    41
                  ],
                  "uv_size": [
                    0,
                    12
                  ]
                },
                "west": {
                  "uv": [
                    23,
                    41
                  ],
                  "uv_size": [
                    0,
                    12
                  ]
                },
                "up": {
                  "uv": [
                    23,
                    41
                  ],
                  "uv_size": [
                    0,
                    0
                  ]
                },
                "down": {
                  "uv": [
                    23,
                    41
                  ],
                  "uv_size": [
                    0,
                    0
                  ]
                }
              }
            },
            {
              "origin": [
                -8.30129,
                21.22518,
                7.525
              ],
              "size": [
                0.075,
                0.9,
                0.125
              ],
              "pivot": [
                -8.5,
                21.25,
                7.55
              ],
              "rotation": [
                0,
                0,
                -6
              ],
              "uv": {
                "north": {
                  "uv": [
                    23,
                    41
                  ],
                  "uv_size": [
                    0,
                    12
                  ]
                },
                "east": {
                  "uv": [
                    23,
                    41
                  ],
                  "uv_size": [
                    0,
                    12
                  ]
                },
                "south": {
                  "uv": [
                    23,
                    41
                  ],
                  "uv_size": [
                    0,
                    12
                  ]
                },
                "west": {
                  "uv": [
                    23,
                    41
                  ],
                  "uv_size": [
                    0,
                    12
                  ]
                },
                "up": {
                  "uv": [
                    23,
                    41
                  ],
                  "uv_size": [
                    0,
                    0
                  ]
                },
                "down": {
                  "uv": [
                    23,
                    41
                  ],
                  "uv_size": [
                    0,
                    0
                  ]
                }
              }
            },
            {
              "origin": [
                -8.45,
                19.925,
                -10.125
              ],
              "size": [
                0.15,
                0.975,
                0.925
              ],
              "inflate": 0,
              "pivot": [
                -8,
                0,
                -0.025
              ],
              "rotation": [
                -45,
                0,
                0
              ],
              "uv": {
                "north": {
                  "uv": [
                    35,
                    44
                  ],
                  "uv_size": [
                    0,
                    0
                  ]
                },
                "east": {
                  "uv": [
                    35,
                    44
                  ],
                  "uv_size": [
                    0,
                    0
                  ]
                },
                "south": {
                  "uv": [
                    35,
                    44
                  ],
                  "uv_size": [
                    0,
                    0
                  ]
                },
                "west": {
                  "uv": [
                    35,
                    44
                  ],
                  "uv_size": [
                    0,
                    0
                  ]
                },
                "up": {
                  "uv": [
                    35,
                    44
                  ],
                  "uv_size": [
                    0,
                    0
                  ]
                },
                "down": {
                  "uv": [
                    35,
                    44
                  ],
                  "uv_size": [
                    0,
                    0
                  ]
                }
              }
            },
            {
              "origin": [
                -8.4,
                19.94,
                -10.35
              ],
              "size": [
                0.05,
                1.15,
                1.15
              ],
              "inflate": 0,
              "pivot": [
                -8,
                0,
                -0.025
              ],
              "rotation": [
                -45,
                0,
                0
              ],
              "uv": {
                "north": {
                  "uv": [
                    35,
                    44
                  ],
                  "uv_size": [
                    0,
                    0
                  ]
                },
                "east": {
                  "uv": [
                    35,
                    44
                  ],
                  "uv_size": [
                    0,
                    0
                  ]
                },
                "south": {
                  "uv": [
                    35,
                    44
                  ],
                  "uv_size": [
                    0,
                    0
                  ]
                },
                "west": {
                  "uv": [
                    35,
                    44
                  ],
                  "uv_size": [
                    0,
                    0
                  ]
                },
                "up": {
                  "uv": [
                    35,
                    44
                  ],
                  "uv_size": [
                    0,
                    0
                  ]
                },
                "down": {
                  "uv": [
                    35,
                    44
                  ],
                  "uv_size": [
                    0,
                    0
                  ]
                }
              }
            },
            {
              "origin": [
                -8.4,
                21.017,
                -10.3
              ],
              "size": [
                0.05,
                0.025,
                0.025
              ],
              "inflate": 0.03,
              "pivot": [
                -8,
                0,
                -0.025
              ],
              "rotation": [
                -45,
                0,
                0
              ],
              "uv": {
                "north": {
                  "uv": [
                    21,
                    41
                  ],
                  "uv_size": [
                    2,
                    2
                  ]
                },
                "east": {
                  "uv": [
                    21,
                    41
                  ],
                  "uv_size": [
                    2,
                    2
                  ]
                },
                "south": {
                  "uv": [
                    21,
                    41
                  ],
                  "uv_size": [
                    2,
                    2
                  ]
                },
                "west": {
                  "uv": [
                    21,
                    41
                  ],
                  "uv_size": [
                    2,
                    2
                  ]
                },
                "up": {
                  "uv": [
                    23,
                    43
                  ],
                  "uv_size": [
                    -2,
                    -2
                  ]
                },
                "down": {
                  "uv": [
                    23,
                    43
                  ],
                  "uv_size": [
                    -2,
                    -2
                  ]
                }
              }
            }
          ]
        }
      ]
    }
  ]
}