{
  "format_version": "1.12.0",
  "minecraft:geometry": [
    {
      "description": {
        "identifier": "geometry.unknown",
        "texture_width": 16,
        "texture_height": 16,
        "visible_bounds_width": 2,
        "visible_bounds_height": 3.5,
        "visible_bounds_offset": [
          0,
          1.25,
          0
        ]
      },
      "bones": [
        {
          "name": "root",
          "pivot": [
            0,
            24,
            0
          ]
        },
        {
          "name": "topRing1",
          "parent": "root",
          "pivot": [
            0,
            24.7,
            0
          ],
          "rotation": [
            90,
            0,
            0
          ],
          "cubes": [
            {
              "origin": [
                -1.5,
                27.55,
                -1
              ],
              "size": [
                3,
                0.8,
                2
              ],
              "uv": [
                9,
                0
              ]
            }
          ]
        },
        {
          "name": "topRing1Child",
          "parent": "topRing1",
          "pivot": [
            0,
            24.7,
            0
          ],
          "rotation": [
            0,
            0,
            -90
          ],
          "cubes": [
            {
              "origin": [
                -1.5,
                27.55,
                -1
              ],
              "size": [
                3,
                0.8,
                2
              ],
              "uv": [
                9,
                0
              ]
            }
          ]
        },
        {
          "name": "topRing1Child2",
          "parent": "topRing1",
          "pivot": [
            0,
            24.7,
            0
          ],
          "rotation": [
            0,
            0,
            180.00001
          ],
          "cubes": [
            {
              "origin": [
                -1.5,
                27.55,
                -1
              ],
              "size": [
                3,
                0.8,
                2
              ],
              "uv": [
                9,
                0
              ]
            }
          ]
        },
        {
          "name": "topRing1Child3",
          "parent": "topRing1",
          "pivot": [
            0,
            24.7,
            0
          ],
          "rotation": [
            0,
            0,
            90
          ],
          "cubes": [
            {
              "origin": [
                -1.5,
                27.55,
                -1
              ],
              "size": [
                3,
                0.8,
                2
              ],
              "uv": [
                9,
                0
              ]
            }
          ]
        },
        {
          "name": "topRing1Child4",
          "parent": "topRing1",
          "pivot": [
            0,
            24.7,
            0
          ],
          "rotation": [
            0,
            0,
            135
          ],
          "cubes": [
            {
              "origin": [
                -1.5,
                27.55,
                -1
              ],
              "size": [
                3,
                0.8,
                2
              ],
              "uv": [
                9,
                0
              ]
            }
          ]
        },
        {
          "name": "topRing1Child5",
          "parent": "topRing1",
          "pivot": [
            0,
            24.7,
            0
          ],
          "rotation": [
            0,
            0,
            -45
          ],
          "cubes": [
            {
              "origin": [
                -1.5,
                27.55,
                -1
              ],
              "size": [
                3,
                0.8,
                2
              ],
              "uv": [
                9,
                0
              ]
            }
          ]
        },
        {
          "name": "topRing1Child6",
          "parent": "topRing1",
          "pivot": [
            0,
            24.7,
            0
          ],
          "rotation": [
            0,
            0,
            -135
          ],
          "cubes": [
            {
              "origin": [
                -1.5,
                27.55,
                -1
              ],
              "size": [
                3,
                0.8,
                2
              ],
              "uv": [
                9,
                0
              ]
            }
          ]
        },
        {
          "name": "topRing1Child7",
          "parent": "topRing1",
          "pivot": [
            0,
            24.7,
            0
          ],
          "rotation": [
            0,
            0,
            45
          ],
          "cubes": [
            {
              "origin": [
                -1.5,
                27.55,
                -1
              ],
              "size": [
                3,
                0.8,
                2
              ],
              "uv": [
                9,
                0
              ]
            }
          ]
        },
        {
          "name": "upperRingBase1",
          "parent": "root",
          "pivot": [
            0,
            24.4,
            0
          ],
          "cubes": [
            {
              "origin": [
                -2.8,
                24.4,
                -2
              ],
              "size": [
                5.7,
                1,
                4
              ],
              "uv": [
                0,
                8
              ]
            }
          ]
        },
        {
          "name": "upperRingBase1Child",
          "parent": "upperRingBase1",
          "pivot": [
            0,
            24.1,
            -0.5
          ],
          "cubes": [
            {
              "origin": [
                -2,
                24.35,
                -3
              ],
              "size": [
                4,
                1,
                6
              ],
              "uv": [
                0,
                7
              ]
            }
          ]
        },
        {
          "name": "ring1",
          "parent": "root",
          "pivot": [
            0,
            21,
            0
          ],
          "cubes": [
            {
              "origin": [
                -1.5,
                23.65,
                -1.5
              ],
              "size": [
                3,
                1,
                3
              ],
              "uv": [
                0,
                0
              ]
            }
          ]
        },
        {
          "name": "ring1Child",
          "parent": "ring1",
          "pivot": [
            0,
            21,
            0
          ],
          "rotation": [
            0,
            0,
            45
          ],
          "cubes": [
            {
              "origin": [
                -1.5,
                23.65,
                -1.5
              ],
              "size": [
                3,
                1,
                3
              ],
              "uv": [
                0,
                0
              ]
            }
          ]
        },
        {
          "name": "ring1Child2",
          "parent": "ring1",
          "pivot": [
            0,
            21,
            0
          ],
          "rotation": [
            0,
            0,
            135
          ],
          "cubes": [
            {
              "origin": [
                -1.5,
                23.65,
                -1.5
              ],
              "size": [
                3,
                1,
                3
              ],
              "uv": [
                0,
                0
              ]
            }
          ]
        },
        {
          "name": "ring1Child3",
          "parent": "ring1",
          "pivot": [
            0,
            21,
            0
          ],
          "rotation": [
            0,
            0,
            -135
          ],
          "cubes": [
            {
              "origin": [
                -1.5,
                23.65,
                -1.5
              ],
              "size": [
                3,
                1,
                3
              ],
              "uv": [
                0,
                0
              ]
            }
          ]
        },
        {
          "name": "ring1Child4",
          "parent": "ring1",
          "pivot": [
            0,
            21,
            0
          ],
          "rotation": [
            0,
            0,
            90
          ],
          "cubes": [
            {
              "origin": [
                -1.5,
                23.65,
                -1.5
              ],
              "size": [
                3,
                1,
                3
              ],
              "uv": [
                0,
                0
              ]
            }
          ]
        },
        {
          "name": "ring1Child5",
          "parent": "ring1",
          "pivot": [
            0,
            21,
            0
          ],
          "rotation": [
            0,
            0,
            180.00001
          ],
          "cubes": [
            {
              "origin": [
                -1.5,
                23.65,
                -1.5
              ],
              "size": [
                3,
                1,
                3
              ],
              "uv": [
                0,
                0
              ]
            }
          ]
        },
        {
          "name": "ring1Child6",
          "parent": "ring1",
          "pivot": [
            0,
            21,
            0
          ],
          "rotation": [
            0,
            0,
            -90
          ],
          "cubes": [
            {
              "origin": [
                -1.5,
                23.65,
                -1.5
              ],
              "size": [
                3,
                1,
                3
              ],
              "uv": [
                0,
                0
              ]
            }
          ]
        },
        {
          "name": "ring1Child7",
          "parent": "ring1",
          "pivot": [
            0,
            21,
            0
          ],
          "rotation": [
            0,
            0,
            -45
          ],
          "cubes": [
            {
              "origin": [
                -1.5,
                23.65,
                -1.5
              ],
              "size": [
                3,
                1,
                3
              ],
              "uv": [
                0,
                0
              ]
            }
          ]
        },
        {
          "name": "upperRingSide2",
          "parent": "root",
          "pivot": [
            -1.58,
            24.95,
            0
          ],
          "rotation": [
            0,
            0,
            -30
          ],
          "cubes": [
            {
              "origin": [
                0.795,
                20.2,
                -1
              ],
              "size": [
                1,
                3,
                2
              ],
              "uv": [
                0,
                15
              ],
              "mirror": true
            }
          ]
        },
        {
          "name": "upperRingSide1",
          "parent": "root",
          "pivot": [
            1.58,
            24.95,
            0
          ],
          "rotation": [
            0,
            0,
            30
          ],
          "cubes": [
            {
              "origin": [
                -1.795,
                20.2,
                -1
              ],
              "size": [
                1,
                3,
                2
              ],
              "uv": [
                0,
                15
              ]
            }
          ]
        },
        {
          "name": "lanternLogo",
          "parent": "root",
          "pivot": [
            0.2,
            25.7,
            0
          ],
          "cubes": [
            {
              "origin": [
                -1.2,
                24.675,
                -1
              ],
              "size": [
                0.5,
                1,
                2
              ],
              "uv": [
                0,
                13
              ]
            },
            {
              "origin": [
                -1.3,
                24.675,
                -0.75
              ],
              "size": [
                0.6,
                1,
                1.5
              ],
              "uv": [
                0,
                13
              ]
            },
            {
              "origin": [
                0.7,
                24.675,
                -0.75
              ],
              "size": [
                0.6,
                1,
                1.5
              ],
              "uv": [
                0,
                13
              ],
              "mirror": true
            },
            {
              "origin": [
                -2.5,
                24.675,
                -1
              ],
              "size": [
                0.5,
                1,
                1
              ],
              "pivot": [
                0,
                0,
                0
              ],
              "rotation": [
                0,
                35,
                0
              ],
              "uv": [
                0,
                13
              ]
            },
            {
              "origin": [
                1.93145,
                24.675,
                -0.80463
              ],
              "size": [
                0.5,
                1,
                1.5
              ],
              "pivot": [
                -0.06855,
                0,
                -0.30463
              ],
              "rotation": [
                0,
                35,
                0
              ],
              "uv": [
                0,
                13
              ]
            },
            {
              "origin": [
                -2.62146,
                24.675,
                -0.88521
              ],
              "size": [
                0.5,
                1,
                1.5
              ],
              "uv": [
                0,
                13
              ]
            },
            {
              "origin": [
                2.05291,
                24.675,
                -0.91942
              ],
              "size": [
                0.5,
                1,
                1.5
              ],
              "uv": [
                0,
                13
              ]
            },
            {
              "origin": [
                -2.78679,
                24.675,
                -0.86085
              ],
              "size": [
                0.5,
                1,
                1.5
              ],
              "pivot": [
                -0.28679,
                0,
                0.13915
              ],
              "rotation": [
                0,
                -35,
                0
              ],
              "uv": [
                0,
                13
              ]
            },
            {
              "origin": [
                2.3809,
                24.675,
                -0.03279
              ],
              "size": [
                0.5,
                1,
                0.95
              ],
              "pivot": [
                -0.1191,
                0,
                0.31721
              ],
              "rotation": [
                0,
                65,
                0
              ],
              "uv": [
                0,
                13
              ]
            },
            {
              "origin": [
                -2.75139,
                24.675,
                -0.50948
              ],
              "size": [
                0.5,
                1,
                0.95
              ],
              "pivot": [
                -0.25139,
                0,
                -0.05948
              ],
              "rotation": [
                0,
                -65,
                0
              ],
              "uv": [
                0,
                13
              ]
            },
            {
              "origin": [
                2.07595,
                24.675,
                -0.4925
              ],
              "size": [
                0.5,
                1,
                1
              ],
              "pivot": [
                0.86274,
                -0.05,
                0.0075
              ],
              "rotation": [
                0,
                -35,
                0
              ],
              "uv": [
                0,
                13
              ]
            },
            {
              "origin": [
                0.7,
                24.65,
                -1
              ],
              "size": [
                0.5,
                1,
                2
              ],
              "uv": [
                6,
                15
              ]
            }
          ]
        },
        {
          "name": "lanternLogoChild",
          "parent": "lanternLogo",
          "pivot": [
            1,
            25.3,
            0.8
          ]
        },
        {
          "name": "lanternLogo2",
          "parent": "root",
          "pivot": [
            1,
            25.7,
            -0.1
          ]
        },
        {
          "name": "lanternLogo2Child",
          "parent": "lanternLogo2",
          "pivot": [
            1,
            25.7,
            -0.1
          ],
          "cubes": [
            {
              "origin": [
                -1,
                24.625,
                0.7
              ],
              "size": [
                2,
                1,
                0.5
              ],
              "uv": [
                0,
                0
              ]
            },
            {
              "origin": [
                -1,
                24.65,
                -1.3
              ],
              "size": [
                2,
                1,
                0.5
              ],
              "uv": [
                0,
                0
              ]
            },
            {
              "origin": [
                -0.75,
                24.65,
                -1.4
              ],
              "size": [
                1.5,
                1,
                0.5
              ],
              "uv": [
                0,
                0
              ]
            },
            {
              "origin": [
                -0.75,
                24.65,
                0.9
              ],
              "size": [
                1.5,
                1,
                0.5
              ],
              "uv": [
                0,
                0
              ]
            }
          ]
        },
        {
          "name": "lanternLogo2Child2",
          "parent": "lanternLogo2",
          "pivot": [
            1.5,
            25.5,
            2.2
          ]
        },
        {
          "name": "lanternLogo2Child3",
          "parent": "lanternLogo2",
          "pivot": [
            1.5,
            25.5,
            -3.2
          ],
          "cubes": [
            {
              "origin": [
                -0.85,
                24.625,
                1.875
              ],
              "size": [
                1.675,
                1,
                0.575
              ],
              "uv": [
                0,
                0
              ]
            },
            {
              "origin": [
                0.50864,
                24.625,
                1.44662
              ],
              "size": [
                1.175,
                1,
                0.575
              ],
              "pivot": [
                1.34614,
                25.125,
                1.73412
              ],
              "rotation": [
                0,
                35,
                0
              ],
              "uv": [
                0,
                0
              ]
            },
            {
              "origin": [
                -0.65139,
                24.625,
                2.41845
              ],
              "size": [
                1.175,
                1,
                0.575
              ],
              "pivot": [
                0.69861,
                0,
                0.54345
              ],
              "rotation": [
                0,
                -35,
                0
              ],
              "uv": [
                0,
                0
              ]
            },
            {
              "origin": [
                -2.37369,
                24.675,
                0.20001
              ],
              "size": [
                0.725,
                1,
                0.375
              ],
              "pivot": [
                -0.48619,
                25.125,
                1.63751
              ],
              "rotation": [
                0,
                35,
                0
              ],
              "uv": [
                0,
                0
              ]
            },
            {
              "origin": [
                1.5711,
                24.675,
                0.19448
              ],
              "size": [
                0.725,
                1,
                0.375
              ],
              "pivot": [
                0.4586,
                25.125,
                1.63198
              ],
              "rotation": [
                0,
                -35,
                0
              ],
              "uv": [
                0,
                0
              ]
            },
            {
              "origin": [
                -1.42133,
                24.675,
                -1.46595
              ],
              "size": [
                1.125,
                1,
                0.35
              ],
              "pivot": [
                -0.60883,
                25.175,
                -1.21595
              ],
              "rotation": [
                0,
                -67.5,
                0
              ],
              "uv": [
                0,
                0
              ]
            },
            {
              "origin": [
                -2.11841,
                24.675,
                -2.61657
              ],
              "size": [
                1.125,
                1,
                0.35
              ],
              "pivot": [
                -0.80591,
                25.175,
                -1.26657
              ],
              "rotation": [
                0,
                -112.5,
                0
              ],
              "uv": [
                0,
                0
              ]
            },
            {
              "origin": [
                -0.2784,
                24.625,
                0.59422
              ],
              "size": [
                0.375,
                1,
                1.075
              ],
              "pivot": [
                -1.1534,
                0,
                -0.28078
              ],
              "rotation": [
                0,
                -35,
                0
              ],
              "uv": [
                0,
                0
              ]
            },
            {
              "origin": [
                0.08748,
                24.625,
                0.67806
              ],
              "size": [
                0.375,
                1,
                1.075
              ],
              "pivot": [
                1.11248,
                0,
                0.05306
              ],
              "rotation": [
                0,
                35,
                0
              ],
              "uv": [
                0,
                0
              ]
            }
          ]
        }
      ]
    }
  ]
}