{
	"format_version": "1.12.0",
	"minecraft:geometry": [
		{
			"description": {
				"identifier": "geometry.unknown",
				"texture_width": 32,
				"texture_height": 32,
				"visible_bounds_width": 5,
				"visible_bounds_height": 3.5,
				"visible_bounds_offset": [0, 1.25, 0]
			},
			"bones": [
				{
					"name": "bone",
					"pivot": [0, 0, 0],
					"cubes": [
						{"origin": [-1, 0, 0], "size": [2, 11, 2], "uv": [17, 0]},
						{"origin": [-1, 10, 0], "size": [2, 9, 2], "inflate": -0.3, "uv": [17, 15], "mirror": true},
						{"origin": [-1, 17.75, 0], "size": [2, 11, 2], "inflate": -0.45, "uv": [17, 15]},
						{"origin": [-3, 24, -2], "size": [6, 6, 6], "inflate": -0.2, "uv": [7, 16], "mirror": true},
						{"origin": [-2.25, 24, -2.25], "size": [6, 6, 6], "inflate": -0.1, "pivot": [0, 0, 0], "rotation": [0, -45, 0], "uv": [8, 17], "mirror": true},
						{"origin": [-2.25, 22.9, -2.25], "size": [6, 8.1, 6], "inflate": -0.5, "pivot": [0, 0, 0], "rotation": [0, -45, 0], "uv": [8, 15], "mirror": true},
						{"origin": [-2.5, 20.75, -1.5], "size": [5, 12.25, 5], "inflate": -1.7, "uv": [8, 15]},
						{"origin": [-3, 22, -2], "size": [6, 12.25, 6], "inflate": -2.5, "uv": [6, 15]},
						{"origin": [-3, 17, -21.5], "size": [6, 6, 6], "inflate": -0.4, "pivot": [0, 0, 0], "rotation": [-45, 0, 0], "uv": [8, 16], "mirror": true},
						{"origin": [-22.25, 16.25, -2], "size": [6, 6, 6], "inflate": -0.4, "pivot": [0, 0, 0], "rotation": [0, 0, 45], "uv": [8, 15]},
						{"origin": [0.5, -2, 1.75], "size": [0.75, 2.75, 0.5], "inflate": -0.1, "uv": [17, 0]},
						{"origin": [0.5, -2, 0.75], "size": [0.75, 2.75, 0.5], "inflate": -0.1, "uv": [17, 0]},
						{"origin": [0.5, -2.2, 0.75], "size": [0.75, 0.5, 1.5], "inflate": -0.15, "uv": [17, 0]},
						{"origin": [-1, 0, 0], "size": [2, 11, 2], "inflate": -0.1, "uv": [17, 0]},
						{"origin": [-1, -1.25, 0], "size": [2, 11, 2], "inflate": -0.3, "uv": [17, 0]},
						{"origin": [-1, -1.25, 0], "size": [2, 11, 2], "inflate": -0.4, "uv": [17, 0]}
					]
				}
			]
		}
	]
}