{
	"format_version": "1.12.0",
	"minecraft:geometry": [
		{
			"description": {
				"identifier": "geometry.unknown",
				"texture_width": 128,
				"texture_height": 128,
				"visible_bounds_width": 3,
				"visible_bounds_height": 3.5,
				"visible_bounds_offset": [0, 1.25, 0]
			},
			"bones": [
				{
					"name": "bipedHead",
					"pivot": [0, 24, 0]
				},
				{
					"name": "armorHead",
					"parent": "bipedHead",
					"pivot": [0, 24, 0],
					"cubes": [
						{"origin": [-4, 24, -4], "size": [8, 8, 8], "uv": [0, 0]},
						{"origin": [-3.375, 28.275, -1.75], "size": [2.75, 2.575, 5.5], "pivot": [0, 24, 0], "rotation": [0, 0, -8.75], "uv": [107, 31]},
						{"origin": [0.65, 28.275, -1.75], "size": [2.75, 2.575, 5.5], "pivot": [0, 24, 0], "rotation": [0, 0, 8.75], "uv": [107, 31], "mirror": true},
						{"origin": [2.9, 28.775, -4.25], "size": [1.25, 1.575, 5.25], "uv": [107, 33], "mirror": true},
						{"origin": [-4.1, 31.525, -0.5], "size": [8.4, 0.575, 0.5], "pivot": [0, 24, 0], "rotation": [0, 11.5, 0], "uv": [111, 45], "mirror": true},
						{"origin": [-3.925, 31.525, -1.5], "size": [8.425, 0.575, 0.5], "pivot": [0, 24, 0], "rotation": [0, 11.5, 0], "uv": [111, 45], "mirror": true},
						{"origin": [-3.65, 31.525, -2.5], "size": [8.425, 0.575, 0.5], "pivot": [0, 24, 0], "rotation": [0, 11.5, 0], "uv": [111, 45], "mirror": true},
						{"origin": [-4.15, 28.775, -4.25], "size": [1.25, 1.575, 5.25], "uv": [107, 33]},
						{"origin": [-4.075, 28.025, -4.1], "size": [0.65, 1.575, 0.975], "uv": [107, 33]},
						{"origin": [3.425, 28.025, -4.1], "size": [0.65, 1.575, 0.975], "uv": [107, 33]},
						{"origin": [-3.3, 28.125, -4.075], "size": [2.25, 0.425, 0.825], "uv": [111, 38]},
						{"origin": [1.05, 28.125, -4.075], "size": [2.25, 0.425, 0.825], "uv": [109, 38]},
						{
							"origin": [-1.15, 26.425, -4.075],
							"size": [1.75, 0.35, 0.825],
							"inflate": -0.025,
							"pivot": [0, 24.1, 0],
							"rotation": [0, 0, -14.25],
							"uv": {
								"north": {"uv": [24, 11], "uv_size": [-3, 2]},
								"east": {"uv": [97, 56], "uv_size": [0, 0]},
								"south": {"uv": [98, 56], "uv_size": [-1, 0]},
								"west": {"uv": [96, 56], "uv_size": [0, 0]},
								"up": {"uv": [97, 56], "uv_size": [-1, 0]},
								"down": {"uv": [98, 56], "uv_size": [-1, 0]}
							}
						},
						{
							"origin": [-0.6, 26.425, -4.075],
							"size": [1.75, 0.35, 0.825],
							"inflate": -0.025,
							"pivot": [0, 24.1, 0],
							"rotation": [0, 0, 14.25],
							"uv": {
								"north": {"uv": [21, 11], "uv_size": [3, 2]},
								"east": {"uv": [96, 56], "uv_size": [0, 0]},
								"south": {"uv": [97, 56], "uv_size": [1, 0]},
								"west": {"uv": [97, 56], "uv_size": [0, 0]},
								"up": {"uv": [96, 56], "uv_size": [1, 0]},
								"down": {"uv": [97, 56], "uv_size": [1, 0]}
							}
						},
						{
							"origin": [-0.375, 26.275, -4.075],
							"size": [1.75, 0.35, 0.825],
							"pivot": [0, 24.1, 0],
							"rotation": [0, 0, 9.25],
							"uv": {
								"north": {"uv": [21, 11], "uv_size": [3, 2]},
								"east": {"uv": [96, 56], "uv_size": [0, 0]},
								"south": {"uv": [97, 56], "uv_size": [1, 0]},
								"west": {"uv": [97, 56], "uv_size": [0, 0]},
								"up": {"uv": [96, 56], "uv_size": [1, 0]},
								"down": {"uv": [97, 56], "uv_size": [1, 0]}
							}
						},
						{
							"origin": [-1.375, 26.275, -4.075],
							"size": [1.75, 0.35, 0.825],
							"pivot": [0, 24.1, 0],
							"rotation": [0, 0, -9.25],
							"uv": {
								"north": {"uv": [24, 11], "uv_size": [-3, 2]},
								"east": {"uv": [97, 56], "uv_size": [0, 0]},
								"south": {"uv": [98, 56], "uv_size": [-1, 0]},
								"west": {"uv": [96, 56], "uv_size": [0, 0]},
								"up": {"uv": [97, 56], "uv_size": [-1, 0]},
								"down": {"uv": [98, 56], "uv_size": [-1, 0]}
							}
						}
					]
				},
				{
					"name": "bipedBody",
					"pivot": [0, 24, 0]
				},
				{
					"name": "armorBody",
					"parent": "bipedBody",
					"pivot": [0, 24, 0],
					"cubes": [
						{"origin": [-4, 12, -2], "size": [8, 12, 4], "uv": [16, 16]},
						{"origin": [0.775, 22.55, -2.675], "size": [2.5, 1.75, 4], "inflate": -0.4, "pivot": [0, 24, 0], "rotation": [0, 0, 22.5], "uv": [109, 19]},
						{"origin": [4.025, 22.3, -2.5], "size": [2, 2, 4], "inflate": -0.4, "pivot": [0, 24, 0], "rotation": [0, 0, 45], "uv": [41, 26]},
						{"origin": [-1, 21.95, -2.75], "size": [2.325, 2.05, 4], "inflate": -0.4, "uv": [109, 19]},
						{"origin": [-2, 23.2, -2.45], "size": [2.55, 1.3, 3.525], "inflate": -0.4, "uv": [118, 35]},
						{"origin": [-0.25, 23.2, -2.45], "size": [2.55, 1.3, 3.525], "inflate": -0.4, "uv": [118, 35], "mirror": true},
						{"origin": [-4.5, 14.775, -2.75], "size": [2.325, 1.275, 4], "inflate": -0.4, "uv": [104, 5]},
						{"origin": [-2, 15.025, -2.625], "size": [1.825, 1.275, 4], "inflate": -0.4, "uv": [79, 34]},
						{"origin": [-0.325, 12.975, -2.525], "size": [1.05, 4.825, 3.975], "inflate": -0.4, "uv": [80, 32]},
						{"origin": [-0.325, 16.975, -2.525], "size": [1.05, 1.575, 3.85], "inflate": -0.4, "uv": [80, 32]},
						{"origin": [-0.325, 18.65, -2.5], "size": [1.05, 3.675, 3.8], "inflate": -0.4, "uv": [121, 33]},
						{"origin": [0, 20.875, -2.5], "size": [1.125, 1.125, 3.8], "inflate": -0.4, "uv": [121, 33]},
						{"origin": [0, 20.125, -2.5], "size": [1.125, 1.125, 3.8], "inflate": -0.4, "uv": [121, 33]},
						{"origin": [0, 19.375, -2.5], "size": [1.125, 1.125, 3.8], "inflate": -0.4, "uv": [121, 33]},
						{"origin": [0, 17.375, -2.5], "size": [1.125, 1.125, 3.8], "inflate": -0.4, "uv": [96, 37]},
						{"origin": [-0.325, 12.725, -2.85], "size": [1.05, 1.575, 3.85], "inflate": -0.4, "uv": [80, 32]},
						{"origin": [0.5, 15.025, -2.625], "size": [1.825, 1.275, 4], "inflate": -0.4, "uv": [79, 34]},
						{"origin": [2.5, 14.775, -2.75], "size": [2.075, 1.275, 4], "inflate": -0.4, "uv": [104, 5]},
						{"origin": [2.475, 19.275, -2.75], "size": [1.9, 1.275, 4], "inflate": -0.4, "uv": [104, 5]},
						{"origin": [2.475, 18.625, -2.75], "size": [1.625, 1.45, 4], "inflate": -0.4, "uv": [88, 9]},
						{"origin": [1.5, 14.425, -2.725], "size": [1.825, 10.025, 4], "inflate": -0.4, "uv": [107, 1]},
						{"origin": [-3, 14.425, -2.725], "size": [1.825, 10.025, 4], "inflate": -0.4, "uv": [107, 1]},
						{"origin": [-10.2, 15.825, -2.575], "size": [1.775, 2.825, 4], "inflate": -0.4, "pivot": [0, 24, 0], "rotation": [0, 0, -45], "uv": [79.25, 33.5]},
						{"origin": [8.675, 16.125, -2.5], "size": [1.775, 2.825, 4], "inflate": -0.4, "pivot": [0, 24, 0], "rotation": [0, 0, 45], "uv": [80, 33]},
						{"origin": [6.625, 13.8, -2.5], "size": [1.775, 3.075, 4], "inflate": -0.4, "pivot": [0, 24, 0], "rotation": [0, 0, 45], "uv": [77.5, 31], "mirror": true},
						{"origin": [-8.125, 13.55, -2.525], "size": [1.775, 3.075, 4], "inflate": -0.4, "pivot": [0, 24, 0], "rotation": [0, 0, -45], "uv": [77.5, 31], "mirror": true},
						{"origin": [-4.625, 19.3, -2.525], "size": [1.775, 4.075, 4], "inflate": -0.4, "pivot": [0, 24, 0], "rotation": [0, 0, -45], "uv": [77.5, 31], "mirror": true},
						{"origin": [3.125, 19.35, -2.525], "size": [1.775, 4.325, 4], "inflate": -0.4, "pivot": [0, 24, 0], "rotation": [0, 0, 45], "uv": [77.5, 31], "mirror": true},
						{"origin": [-2.25, 21.9, -2.6], "size": [2.5, 1.75, 4], "inflate": -0.4, "pivot": [0, 24, 0], "rotation": [0, 0, 22.5], "uv": [109, 19]},
						{"origin": [0.025, 21.775, -2.625], "size": [2.5, 1.75, 4], "inflate": -0.4, "pivot": [0, 24, 0], "rotation": [0, 0, -22.5], "uv": [109, 19]},
						{"origin": [-2.95, 22.425, -2.675], "size": [2.5, 1.75, 4], "inflate": -0.4, "pivot": [0, 24, 0], "rotation": [0, 0, -22.5], "uv": [109, 19]},
						{"origin": [-9.65, 20.1, -2.15], "size": [2.1, 0.35, 1.975], "pivot": [0, 24, 0], "rotation": [0, 0, -57.5], "uv": [82, 21]},
						{"origin": [5.5, 16.6, -2.15], "size": [2.1, 0.35, 1.975], "pivot": [0, 24, 0], "rotation": [0, 0, 57.5], "uv": [82, 21]},
						{"origin": [-3.875, 3.2, 0.2], "size": [4.225, 8.75, 1], "pivot": [2.35, 16.175, -2.75], "rotation": [12.72699, 0.77198, 3.4139], "uv": [23, 75]},
						{"origin": [-0.4, 3.525, -0.1], "size": [4.075, 8.75, 1], "pivot": [2.35, 17.925, -2.75], "rotation": [12.72699, 0.77198, -3.4139], "uv": [23, 75], "mirror": true}
					]
				},
				{
					"name": "bipedRightArm",
					"pivot": [-4, 22, 0]
				},
				{
					"name": "armorRightArm",
					"parent": "bipedRightArm",
					"pivot": [-4, 22, 0],
					"cubes": [
						{"origin": [-8, 12, -2], "size": [4, 12, 4], "uv": [40, 16]},
						{"origin": [-8.25, 16, -2.25], "size": [3, 1.5, 4.5], "uv": [105, 5]},
						{"origin": [-8.475, 16.475, 0.25], "size": [1, 1, 1], "inflate": -0.075, "uv": [84, 23]}
					]
				},
				{
					"name": "bipedLeftArm",
					"pivot": [4, 22, 0]
				},
				{
					"name": "armorLeftArm",
					"parent": "bipedLeftArm",
					"pivot": [4, 22, 0],
					"cubes": [
						{"origin": [4, 12, -2], "size": [4, 12, 4], "uv": [32, 48]},
						{"origin": [5.25, 16, -2.25], "size": [3, 1.5, 4.5], "uv": [105, 5]},
						{"origin": [7.525, 16.475, 0.25], "size": [1, 1, 1], "inflate": -0.075, "uv": [84, 23]}
					]
				},
				{
					"name": "bipedLeftLeg",
					"pivot": [-2, 12, 0]
				},
				{
					"name": "armorLeftLeg",
					"parent": "bipedLeftLeg",
					"pivot": [-2, 12, 0],
					"cubes": [
						{"origin": [0, 0, -2], "size": [4, 12, 4], "uv": [16, 48]},
						{"origin": [-0.25, 1.75, -2.5], "size": [4.5, 0.75, 4.75], "uv": [0, 25]}
					]
				},
				{
					"name": "armorLeftBoot",
					"parent": "bipedLeftLeg",
					"pivot": [-2, 12, 0]
				},
				{
					"name": "bipedRightLeg",
					"pivot": [2, 12, 0]
				},
				{
					"name": "armorRightLeg",
					"parent": "bipedRightLeg",
					"pivot": [2, 12, 0],
					"cubes": [
						{"origin": [-4, 0, -2], "size": [4, 12, 4], "uv": [0, 16]},
						{"origin": [-4.25, 1.75, -2.5], "size": [4.5, 0.75, 4.75], "uv": [0, 24], "mirror": true}
					]
				},
				{
					"name": "armorRightBoot",
					"parent": "bipedRightLeg",
					"pivot": [2, 12, 0]
				}
			]
		}
	]
}