{
	"format_version": "1.12.0",
	"minecraft:geometry": [
		{
			"description": {
				"identifier": "geometry.unknown",
				"texture_width": 128,
				"texture_height": 128,
				"visible_bounds_width": 3,
				"visible_bounds_height": 3.5,
				"visible_bounds_offset": [0, 1.25, 0]
			},
			"bones": [
				{
					"name": "bb_main",
					"pivot": [0, 0, 0]
				},
				{
					"name": "bipedHead",
					"pivot": [0, 24, 0]
				},
				{
					"name": "armorHead",
					"parent": "bipedHead",
					"pivot": [0, 24, 0],
					"cubes": [
						{"origin": [-1.925, 29.325, -4.725], "size": [6.025, 3.275, 2.9], "inflate": -0.2, "uv": [89, 21]},
						{"origin": [-2.425, 28.75, -5.45], "size": [5.975, 3.525, 2], "inflate": -0.575, "pivot": [0, 24, 0], "rotation": [0, 0, 6], "uv": [91, 22]},
						{"origin": [-1.675, 28.75, -4.2], "size": [5.975, 4.525, 3], "inflate": -0.575, "pivot": [0, 24, 0], "rotation": [0, 0, 6], "uv": [90, 21]},
						{"origin": [-3.925, 29.15, -4.85], "size": [4.475, 3.525, 2], "inflate": -0.675, "uv": [94, 23]},
						{"origin": [2.4, 27.425, -5.325], "size": [1.875, 4.15, 1.5], "inflate": -0.6, "pivot": [0, 24, 0], "rotation": [0, 0, -13], "uv": [23, 10]},
						{"origin": [-2.7, 28.375, -5.325], "size": [3.875, 4.15, 1.5], "inflate": -0.625, "pivot": [0, 24, 0], "rotation": [0, 0, 17], "uv": [23, 10]},
						{"origin": [-9.3, 21.1, -4.825], "size": [2.625, 3.675, 3.5], "inflate": -0.7, "pivot": [0, 24, 0], "rotation": [0, 0, 78], "uv": [95, 22], "mirror": true},
						{"origin": [-2.425, 29.45, -4.55], "size": [5.975, 2.925, 2], "inflate": -0.2, "uv": [92, 23]},
						{"origin": [-3.6, 27.925, -4.3], "size": [2.95, 1, 1], "inflate": -0.2, "pivot": [-1, 28.65, -3.8], "rotation": [0, 0, 0.25], "uv": [21, 12]},
						{"origin": [0.65, 27.925, -4.3], "size": [2.95, 1, 1], "inflate": -0.2, "pivot": [1, 28.65, -3.8], "rotation": [0, 0, -0.25], "uv": [21, 12], "mirror": true},
						{"origin": [-1.025, 25, -6.075], "size": [5, 5, 5], "inflate": -2.025, "uv": [105, 66], "mirror": true},
						{"origin": [-3.975, 25, -6.05], "size": [5, 5, 5], "inflate": -2.025, "uv": [105, 66]},
						{"origin": [-4, 24, -4], "size": [8, 8, 8], "uv": [0, 0]}
					]
				},
				{
					"name": "bipedBody",
					"pivot": [0, 24, 0]
				},
				{
					"name": "armorBody",
					"parent": "bipedBody",
					"pivot": [0, 24, -2],
					"cubes": [
						{"origin": [-12.25, 5.225, -10.9], "size": [24.5, 27, 17.8], "inflate": -8.6, "uv": [38, 79], "mirror": true},
						{"origin": [-6.75, 11.475, -6.475], "size": [10.45, 8.95, 10.55], "inflate": -4, "uv": [43, 83]},
						{"origin": [-3.75, 11.475, -6.475], "size": [10.45, 8.95, 10.55], "inflate": -4, "uv": [43, 83], "mirror": true},
						{"origin": [-3.75, 12.725, -6.475], "size": [10.45, 8.95, 10.55], "inflate": -4, "uv": [43, 83], "mirror": true},
						{"origin": [-3.75, 13.975, -6.475], "size": [10.45, 8.95, 10.55], "inflate": -4, "uv": [43, 83], "mirror": true},
						{"origin": [-7.75, 15.8, -6.4], "size": [11.45, 11.125, 10.55], "inflate": -3.8, "uv": [42, 103]},
						{"origin": [-3.5, 15.8, -6.4], "size": [11.45, 11.125, 10.55], "inflate": -3.8, "uv": [42, 103], "mirror": true},
						{"origin": [-6.5, 15.3, -6.3], "size": [12.95, 8.125, 10.55], "inflate": -3.8, "uv": [42, 104], "mirror": true},
						{"origin": [-6.75, 12.725, -6.475], "size": [10.45, 8.95, 10.55], "inflate": -4, "uv": [43, 83]},
						{"origin": [-6.75, 13.975, -6.475], "size": [10.45, 8.95, 10.55], "inflate": -4, "uv": [43, 83]},
						{"origin": [-12.25, 9.3, -10.725], "size": [24.5, 22.5, 17.55], "inflate": -8.4, "uv": [38, 85], "mirror": true},
						{"origin": [-7.75, 11.2, -3.05], "size": [15.5, 16.55, 9.35], "inflate": -4, "uv": [47, 98], "mirror": true},
						{"origin": [-7.25, 9.7, -3.05], "size": [14.25, 10.4, 9.25], "inflate": -4, "uv": [45, 107], "mirror": true},
						{"origin": [-3.4, 11.275, -4.125], "size": [6.775, 4.575, 8], "inflate": -1.625, "uv": [97, 54]},
						{"origin": [-6.2, 7.25, -7.8], "size": [10.975, 12, 10.95], "inflate": -5.1, "pivot": [0, 12.65, -2.1], "rotation": [0, 0, 15], "uv": [73.5, 45], "mirror": true},
						{"origin": [-4.775, 7.25, -7.8], "size": [10.975, 12, 10.95], "inflate": -5.1, "pivot": [0, 12.65, -2.1], "rotation": [0, 0, -15], "uv": [73.5, 45]},
						{
							"origin": [-4.7, 7.45, -7.8],
							"size": [10.9, 10.65, 10.95],
							"inflate": -5.125,
							"pivot": [0, 12.65, -2.1],
							"rotation": [0, 0, 16],
							"uv": {
								"north": {"uv": [93, 66], "uv_size": [-6, 1]},
								"east": {"uv": [93, 66], "uv_size": [-6, 1]},
								"south": {"uv": [93, 66], "uv_size": [-6, 1]},
								"west": {"uv": [93, 66], "uv_size": [-6, 1]},
								"up": {"uv": [87, 67], "uv_size": [6, -1]},
								"down": {"uv": [87, 67], "uv_size": [6, -1]}
							}
						},
						{
							"origin": [-6.2, 7.45, -7.8],
							"size": [10.9, 10.65, 10.95],
							"inflate": -5.125,
							"pivot": [0, 12.65, -2.1],
							"rotation": [0, 0, -16],
							"uv": {
								"north": {"uv": [87, 66], "uv_size": [6, 1]},
								"east": {"uv": [87, 66], "uv_size": [6, 1]},
								"south": {"uv": [87, 66], "uv_size": [6, 1]},
								"west": {"uv": [87, 66], "uv_size": [6, 1]},
								"up": {"uv": [93, 67], "uv_size": [-6, -1]},
								"down": {"uv": [93, 67], "uv_size": [-6, -1]}
							}
						},
						{"origin": [-4.15, 8.5, -7.625], "size": [10.775, 10.775, 10.75], "inflate": -4.9, "pivot": [0, 12.65, -2.1], "rotation": [0, 0, -45], "uv": [86, 42.5]},
						{"origin": [-4.725, 8.775, -7.75], "size": [10.775, 10.775, 11], "inflate": -5.125, "pivot": [0, 13.5, -2.1], "rotation": [0, 0, -45], "uv": [85, 42], "mirror": true},
						{"origin": [-5.975, 10.975, -4.05], "size": [6, 4.5, 8], "inflate": -1.475, "pivot": [0, 13, -2.1], "rotation": [0, 0, 11.25], "uv": [99, 54], "mirror": true},
						{"origin": [-8.75, 7.325, -7.425], "size": [10.375, 11.5, 10.45], "inflate": -4.8, "pivot": [0, 13, -2.1], "rotation": [0, 0, 15], "uv": [83, 44.75]},
						{"origin": [-7.35, 7.325, -7.425], "size": [10.375, 11.5, 10.2], "inflate": -4.8, "pivot": [0, 13, -2.1], "rotation": [0, 0, 15], "uv": [82.5, 45]},
						{"origin": [-0.025, 10.975, -4.05], "size": [6, 4.5, 8], "inflate": -1.475, "pivot": [0, 13, -2.1], "rotation": [0, 0, -11.25], "uv": [99, 54]},
						{"origin": [-3.025, 7.325, -7.425], "size": [10.375, 11.5, 10.2], "inflate": -4.8, "pivot": [0, 13, -2.1], "rotation": [0, 0, -15], "uv": [82.5, 45], "mirror": true},
						{"origin": [-1.625, 7.325, -7.425], "size": [10.375, 11.5, 10.45], "inflate": -4.8, "pivot": [0, 13, -2.1], "rotation": [0, 0, -15], "uv": [83, 44.75], "mirror": true},
						{"origin": [1.75, 22.5, -2.575], "size": [1.25, 2, 4], "inflate": -0.125, "uv": [106, 11], "mirror": true},
						{"origin": [0.75, 21.5, -2.5], "size": [2.5, 2, 4], "inflate": 0.05, "uv": [105, 7], "mirror": true},
						{"origin": [-3.25, 21.5, -2.5], "size": [2.5, 2, 4], "inflate": 0.05, "uv": [105, 7]},
						{"origin": [-3, 22.5, -2.55], "size": [1.25, 2, 4], "inflate": -0.125, "uv": [106, 9]},
						{"origin": [-4, 12, -2], "size": [8, 12, 4], "uv": [16, 16]},
						{
							"origin": [-6.25, 8.425, -5.15],
							"size": [12.5, 7.425, 6.775],
							"inflate": -2.875,
							"uv": {
								"north": {"uv": [84, 32], "uv_size": [12, 7]},
								"east": {"uv": [84, 32], "uv_size": [12, 7]},
								"south": {"uv": [84, 32], "uv_size": [12, 7]},
								"west": {"uv": [84, 32], "uv_size": [12, 7]},
								"up": {"uv": [96, 39], "uv_size": [-12, -7]},
								"down": {"uv": [96, 39], "uv_size": [-12, -7]}
							}
						}
					]
				},
				{
					"name": "bipedRightArm",
					"pivot": [-4, 22, 0]
				},
				{
					"name": "armorRightArm",
					"parent": "bipedRightArm",
					"pivot": [-4, 22, 0],
					"cubes": [
						{"origin": [-8.5, 14, -0.25], "size": [1, 4, 1], "inflate": -0.05, "uv": [108, 22]},
						{"origin": [-9.5, 17.75, -2.8], "size": [6, 7.25, 5.8], "inflate": -1.25, "uv": [41, 104]},
						{"origin": [-9, 16.55, -3.5], "size": [6, 8.45, 6], "inflate": -1.25, "uv": [95, 110], "mirror": true},
						{"origin": [-8.9, 14.9, 0], "size": [1, 4, 1], "inflate": -0.175, "uv": [107, 22]},
						{"origin": [-8.65, 16.5, -2.75], "size": [5.3, 8.25, 6], "inflate": -1.05, "uv": [95, 110], "mirror": true},
						{"origin": [-9, 17.05, -3], "size": [6, 8.45, 6], "inflate": -1.25, "uv": [95, 110]},
						{"origin": [-8, 12, -2], "size": [4, 12, 4], "uv": [40, 16]}
					]
				},
				{
					"name": "bipedLeftArm",
					"pivot": [4, 22, 0]
				},
				{
					"name": "armorLeftArm",
					"parent": "bipedLeftArm",
					"pivot": [4, 22, 0],
					"cubes": [
						{"origin": [3, 16.55, -3.5], "size": [6, 8.45, 6], "inflate": -1.25, "uv": [95, 110]},
						{"origin": [3, 17.05, -3], "size": [6, 8.45, 6], "inflate": -1.25, "uv": [95, 110]},
						{"origin": [3.5, 17.75, -2.8], "size": [6, 7.25, 5.8], "inflate": -1.25, "uv": [41, 104], "mirror": true},
						{"origin": [3.35, 16.5, -2.75], "size": [5.3, 8.25, 6], "inflate": -1.05, "uv": [95, 110]},
						{"origin": [7.5, 14, -0.25], "size": [1, 4, 1], "inflate": -0.05, "uv": [108, 22]},
						{"origin": [7.9, 14.9, 0], "size": [1, 4, 1], "inflate": -0.175, "uv": [107, 22]},
						{"origin": [4, 12, -2], "size": [4, 12, 4], "uv": [32, 48]}
					]
				},
				{
					"name": "bipedLeftLeg",
					"pivot": [-2, 12, 0]
				},
				{
					"name": "armorLeftLeg",
					"parent": "bipedLeftLeg",
					"pivot": [-2, 12, 0],
					"cubes": [
						{"origin": [3.75, 3.25, 0.25], "size": [1, 3.75, 1], "uv": [10, 26]},
						{"origin": [3.65, 4, 0.65], "size": [1, 3.75, 1], "inflate": -0.125, "uv": [10, 25]},
						{
							"origin": [0.15, 6.75, -2.35],
							"size": [3.625, 4.75, 1],
							"inflate": -0.125,
							"uv": {
								"north": {"uv": [8, 21], "uv_size": [-3, 4]},
								"east": {"uv": [9, 21], "uv_size": [-1, 4]},
								"south": {"uv": [12, 21], "uv_size": [-3, 4]},
								"west": {"uv": [5, 21], "uv_size": [-1, 4]},
								"up": {"uv": [8, 20], "uv_size": [-3, 1]},
								"down": {"uv": [11, 24], "uv_size": [-3, 1]}
							}
						},
						{"origin": [0.15, -0.25, -2.35], "size": [3.625, 5.725, 1], "inflate": -0.125, "uv": [1, 26]},
						{"origin": [0.8, -0.25, -1.85], "size": [3.625, 4.725, 3.75], "inflate": -0.125, "uv": [20, 57]},
						{
							"origin": [0.15, -0.25, 1.65],
							"size": [3.625, 4.725, 0.7],
							"inflate": -0.125,
							"uv": {
								"north": {"uv": [27, 54], "uv_size": [3, 4]},
								"east": {"uv": [27, 54], "uv_size": [3, 4]},
								"south": {"uv": [27, 54], "uv_size": [3, 4]},
								"west": {"uv": [27, 54], "uv_size": [3, 4]},
								"up": {"uv": [30, 58], "uv_size": [-3, -4]},
								"down": {"uv": [30, 58], "uv_size": [-3, -4]}
							}
						},
						{"origin": [0, 0, -2], "size": [4, 12, 4], "uv": [16, 48]},
						{"origin": [2.975, 7, -1.85], "size": [1.375, 4, 3.25], "inflate": -0.125, "uv": [4, 21], "mirror": true}
					]
				},
				{
					"name": "armorLeftBoot",
					"parent": "bipedLeftLeg",
					"pivot": [-2, 12, 0]
				},
				{
					"name": "bipedRightLeg",
					"pivot": [2, 12, 0]
				},
				{
					"name": "armorRightLeg",
					"parent": "bipedRightLeg",
					"pivot": [2, 12, 0],
					"cubes": [
						{"origin": [-4.75, 3.25, 0.25], "size": [1, 3.75, 1], "uv": [10, 26]},
						{"origin": [-4.6, 4, 0.65], "size": [1, 3.75, 1], "inflate": -0.125, "uv": [10, 25]},
						{
							"origin": [-3.85, 6.75, -2.35],
							"size": [3.625, 4.75, 1],
							"inflate": -0.125,
							"uv": {
								"north": {"uv": [5, 21], "uv_size": [3, 4]},
								"east": {"uv": [4, 21], "uv_size": [1, 4]},
								"south": {"uv": [9, 21], "uv_size": [3, 4]},
								"west": {"uv": [8, 21], "uv_size": [1, 4]},
								"up": {"uv": [5, 20], "uv_size": [3, 1]},
								"down": {"uv": [8, 24], "uv_size": [3, 1]}
							}
						},
						{"origin": [-4.4, 7, -1.85], "size": [1.375, 4, 3.25], "inflate": -0.125, "uv": [4, 21]},
						{"origin": [-3.85, -0.25, -2.35], "size": [3.625, 5.725, 1], "inflate": -0.125, "uv": [1, 26], "mirror": true},
						{
							"origin": [-3.85, -0.25, 1.4],
							"size": [3.625, 4.725, 0.925],
							"inflate": -0.125,
							"uv": {
								"north": {"uv": [30, 54], "uv_size": [-3, 4]},
								"east": {"uv": [30, 54], "uv_size": [-3, 4]},
								"south": {"uv": [30, 54], "uv_size": [-3, 4]},
								"west": {"uv": [30, 54], "uv_size": [-3, 4]},
								"up": {"uv": [27, 58], "uv_size": [3, -4]},
								"down": {"uv": [27, 58], "uv_size": [3, -4]}
							}
						},
						{"origin": [-4.45, -0.25, -1.85], "size": [3.625, 4.725, 3.75], "inflate": -0.125, "uv": [20, 57], "mirror": true},
						{"origin": [-4, 0, -2], "size": [4, 12, 4], "uv": [0, 16]}
					]
				},
				{
					"name": "armorRightBoot",
					"parent": "bipedRightLeg",
					"pivot": [2, 12, 0]
				}
			]
		}
	]
}