{
	"format_version": "1.12.0",
	"minecraft:geometry": [
		{
			"description": {
				"identifier": "geometry.unknown",
				"texture_width": 128,
				"texture_height": 128,
				"visible_bounds_width": 3,
				"visible_bounds_height": 3.5,
				"visible_bounds_offset": [0, 1.25, 0]
			},
			"bones": [
				{
					"name": "bb_main",
					"pivot": [0, 0, 0]
				},
				{
					"name": "bipedHead",
					"pivot": [0, 24, 0]
				},
				{
					"name": "armorHead",
					"parent": "bipedHead",
					"pivot": [0, 24, 0],
					"cubes": [
						{"origin": [-1.925, 29.575, -4.725], "size": [6.025, 3.025, 2.9], "inflate": -0.2, "uv": [89, 21]},
						{"origin": [-2.425, 29, -5.45], "size": [5.975, 3.275, 2], "inflate": -0.575, "pivot": [0, 24, 0], "rotation": [0, 0, 6], "uv": [91, 22]},
						{"origin": [-3.925, 29.4, -4.85], "size": [4.475, 3.275, 2], "inflate": -0.675, "uv": [94, 23]},
						{"origin": [-9.3, 21.1, -4.825], "size": [2.625, 3.675, 3.5], "inflate": -0.7, "pivot": [0, 24, 0], "rotation": [0, 0, 78], "uv": [95, 22], "mirror": true},
						{"origin": [4.2, 26.6, -4.9], "size": [1.875, 3.75, 1.5], "inflate": -0.6, "pivot": [0.3, 25.25, 0], "rotation": [0, 0, -20], "uv": [25, 11]},
						{"origin": [-2.425, 29.7, -4.55], "size": [5.975, 2.675, 2], "inflate": -0.2, "uv": [92, 23]},
						{"origin": [-3.45, 27.725, -4.3], "size": [2.8, 1, 1], "inflate": -0.2, "pivot": [-1, 28.7, -3.8], "rotation": [0, 0, 3.25], "uv": [21, 12]},
						{"origin": [0.65, 27.725, -4.3], "size": [1.9, 1, 1], "inflate": -0.2, "pivot": [1, 28.7, -3.8], "rotation": [0, 0, -3.25], "uv": [21, 12], "mirror": true},
						{"origin": [-4, 28.425, -4.3], "size": [1, 1, 1], "inflate": -0.2, "pivot": [-1, 28.7, -3.8], "rotation": [0, 0, -14.75], "uv": [21, 12]},
						{"origin": [3, 28.425, -4.3], "size": [1, 1, 1], "inflate": -0.2, "pivot": [1, 28.7, -3.8], "rotation": [0, 0, 14.75], "uv": [21, 12], "mirror": true},
						{"origin": [2.4, 27.725, -4.3], "size": [1.05, 1, 1], "inflate": -0.2, "pivot": [1, 28.7, -3.8], "rotation": [0, 0, -3.25], "uv": [21, 12], "mirror": true},
						{
							"origin": [-1.025, 25, -6.075],
							"size": [5, 5, 5],
							"inflate": -2.025,
							"uv": {
								"north": {"uv": [118, 67], "uv_size": [-4, 3]},
								"east": {"uv": [118, 67], "uv_size": [-4, 3]},
								"south": {"uv": [118, 67], "uv_size": [-4, 3]},
								"west": {"uv": [118, 67], "uv_size": [-4, 3]},
								"up": {"uv": [114, 70], "uv_size": [4, -3]},
								"down": {"uv": [114, 70], "uv_size": [4, -3]}
							}
						},
						{
							"origin": [-3.975, 25, -6.05],
							"size": [5, 5, 5],
							"inflate": -2.025,
							"uv": {
								"north": {"uv": [114, 67], "uv_size": [4, 3]},
								"east": {"uv": [114, 67], "uv_size": [4, 3]},
								"south": {"uv": [114, 67], "uv_size": [4, 3]},
								"west": {"uv": [114, 67], "uv_size": [4, 3]},
								"up": {"uv": [118, 70], "uv_size": [-4, -3]},
								"down": {"uv": [118, 70], "uv_size": [-4, -3]}
							}
						},
						{"origin": [3.25, 25.8, -3.6], "size": [1, 5.75, 1], "uv": [100, 22], "mirror": true},
						{"origin": [-4.275, 25.825, -3.6], "size": [1, 5.75, 1], "uv": [97, 22]},
						{"origin": [-4, 24, -4], "size": [8, 8, 8], "uv": [0, 0]},
						{
							"origin": [-4.28155, 23.832, -4.25],
							"size": [3.4, 1.1, 1],
							"inflate": -0.1,
							"uv": {
								"north": {"uv": [95, 23], "uv_size": [3, 3]},
								"east": {"uv": [94, 23], "uv_size": [3, 3]},
								"south": {"uv": [97, 23], "uv_size": [3, 3]},
								"west": {"uv": [96, 23], "uv_size": [3, 3]},
								"up": {"uv": [95, 22], "uv_size": [3, 2]},
								"down": {"uv": [96, 24], "uv_size": [3, -2]}
							}
						},
						{
							"origin": [-1.78155, 23.432, -4.075],
							"size": [3.5, 1.6, 1],
							"inflate": -0.1,
							"uv": {
								"north": {"uv": [95, 23], "uv_size": [3, 4]},
								"east": {"uv": [94, 23], "uv_size": [3, 4]},
								"south": {"uv": [97, 23], "uv_size": [3, 4]},
								"west": {"uv": [96, 23], "uv_size": [3, 4]},
								"up": {"uv": [95, 22], "uv_size": [3, 3]},
								"down": {"uv": [96, 25], "uv_size": [3, -3]}
							}
						},
						{
							"origin": [-1.28155, 23.182, -4.3],
							"size": [2.5, 1.6, 1.3],
							"inflate": -0.1,
							"uv": {
								"north": {"uv": [95, 24], "uv_size": [3, 4]},
								"east": {"uv": [94, 24], "uv_size": [3, 4]},
								"south": {"uv": [97, 24], "uv_size": [3, 4]},
								"west": {"uv": [96, 24], "uv_size": [3, 4]},
								"up": {"uv": [95, 23], "uv_size": [3, 3]},
								"down": {"uv": [96, 29], "uv_size": [3, -3]}
							}
						},
						{
							"origin": [0.09345, 22.882, -4],
							"size": [3.4, 1.6, 1],
							"inflate": -0.1,
							"pivot": [-0.875, 27.1, -4.1],
							"rotation": [0, 0, -12],
							"uv": {
								"north": {"uv": [95, 22], "uv_size": [3, 5]},
								"east": {"uv": [94, 22], "uv_size": [3, 5]},
								"south": {"uv": [97, 22], "uv_size": [3, 5]},
								"west": {"uv": [96, 22], "uv_size": [3, 5]},
								"up": {"uv": [95, 21], "uv_size": [3, 4]},
								"down": {"uv": [96, 25], "uv_size": [3, -4]}
							}
						},
						{
							"origin": [-3.55655, 23.257, -4],
							"size": [3.25, 1.6, 1],
							"inflate": -0.1,
							"pivot": [-0.875, 27.1, -4.1],
							"rotation": [0, 0, 12],
							"uv": {
								"north": {"uv": [95, 22], "uv_size": [3, 5]},
								"east": {"uv": [94, 22], "uv_size": [3, 5]},
								"south": {"uv": [97, 22], "uv_size": [3, 5]},
								"west": {"uv": [96, 22], "uv_size": [3, 5]},
								"up": {"uv": [95, 21], "uv_size": [3, 4]},
								"down": {"uv": [96, 25], "uv_size": [3, -4]}
							}
						},
						{
							"origin": [0.91845, 23.832, -4.25],
							"size": [3.3, 1.1, 1],
							"inflate": -0.1,
							"uv": {
								"north": {"uv": [95, 23], "uv_size": [3, 3]},
								"east": {"uv": [94, 23], "uv_size": [3, 3]},
								"south": {"uv": [97, 23], "uv_size": [3, 3]},
								"west": {"uv": [96, 23], "uv_size": [3, 3]},
								"up": {"uv": [95, 22], "uv_size": [3, 2]},
								"down": {"uv": [96, 24], "uv_size": [3, -2]}
							}
						},
						{
							"origin": [-0.73155, 23.832, -4.25],
							"size": [1.4, 1.1, 1],
							"inflate": -0.075,
							"uv": {
								"north": {"uv": [95, 23], "uv_size": [3, 3]},
								"east": {"uv": [94, 23], "uv_size": [3, 3]},
								"south": {"uv": [97, 23], "uv_size": [3, 3]},
								"west": {"uv": [96, 23], "uv_size": [3, 3]},
								"up": {"uv": [95, 22], "uv_size": [3, 2]},
								"down": {"uv": [96, 24], "uv_size": [3, -2]}
							}
						},
						{
							"origin": [-0.48155, 24.757, -4.25],
							"size": [0.9, 0.35, 1],
							"inflate": -0.075,
							"uv": {
								"north": {"uv": [95, 23], "uv_size": [3, 3]},
								"east": {"uv": [94, 23], "uv_size": [3, 3]},
								"south": {"uv": [97, 23], "uv_size": [3, 3]},
								"west": {"uv": [96, 23], "uv_size": [3, 3]},
								"up": {"uv": [95, 22], "uv_size": [3, 2]},
								"down": {"uv": [96, 24], "uv_size": [3, -2]}
							}
						},
						{
							"origin": [0.94345, 24.682, -4.25],
							"size": [1.05, 1.1, 1],
							"inflate": -0.075,
							"uv": {
								"north": {"uv": [94, 24], "uv_size": [1, 2]},
								"east": {"uv": [93, 24], "uv_size": [1, 2]},
								"south": {"uv": [96, 24], "uv_size": [1, 2]},
								"west": {"uv": [95, 24], "uv_size": [1, 2]},
								"up": {"uv": [94, 23], "uv_size": [1, 1]},
								"down": {"uv": [95, 24], "uv_size": [1, -1]}
							}
						},
						{
							"origin": [-0.40655, 24.082, -4.25],
							"size": [1.1, 2, 1],
							"inflate": -0.175,
							"pivot": [-0.875, 27, -4],
							"rotation": [0, 0, -38.5],
							"uv": {
								"north": {"uv": [94, 24], "uv_size": [1, 2]},
								"east": {"uv": [93, 24], "uv_size": [1, 2]},
								"south": {"uv": [96, 24], "uv_size": [1, 2]},
								"west": {"uv": [95, 24], "uv_size": [1, 2]},
								"up": {"uv": [94, 23], "uv_size": [1, 1]},
								"down": {"uv": [95, 24], "uv_size": [1, -1]}
							}
						},
						{
							"origin": [-1.03155, 25.982, -4.25],
							"size": [2, 1.1, 1],
							"inflate": -0.075,
							"uv": {
								"north": {"uv": [95, 24], "uv_size": [1, 2]},
								"east": {"uv": [94, 24], "uv_size": [1, 2]},
								"south": {"uv": [97, 24], "uv_size": [1, 2]},
								"west": {"uv": [96, 24], "uv_size": [1, 2]},
								"up": {"uv": [95, 23], "uv_size": [1, 1]},
								"down": {"uv": [96, 24], "uv_size": [1, -1]}
							}
						},
						{
							"origin": [-1.05655, 25.132, -4.25],
							"size": [1.1, 2, 1],
							"inflate": -0.175,
							"pivot": [-0.875, 27, -4],
							"rotation": [0, 0, 38.5],
							"uv": {
								"north": {"uv": [96, 24], "uv_size": [1, 2]},
								"east": {"uv": [95, 24], "uv_size": [1, 2]},
								"south": {"uv": [98, 24], "uv_size": [1, 2]},
								"west": {"uv": [97, 24], "uv_size": [1, 2]},
								"up": {"uv": [96, 23], "uv_size": [1, 1]},
								"down": {"uv": [97, 24], "uv_size": [1, -1]}
							}
						},
						{
							"origin": [-1.98155, 24.682, -4.25],
							"size": [1.05, 1.1, 1],
							"inflate": -0.075,
							"uv": {
								"north": {"uv": [94, 24], "uv_size": [1, 2]},
								"east": {"uv": [93, 24], "uv_size": [1, 2]},
								"south": {"uv": [96, 24], "uv_size": [1, 2]},
								"west": {"uv": [95, 24], "uv_size": [1, 2]},
								"up": {"uv": [94, 23], "uv_size": [1, 1]},
								"down": {"uv": [95, 24], "uv_size": [1, -1]}
							}
						},
						{
							"origin": [3.59345, 24.782, -4.15],
							"size": [0.55, 1.6, 1],
							"inflate": -0.075,
							"uv": {
								"north": {"uv": [94, 24], "uv_size": [1, 2]},
								"east": {"uv": [93, 24], "uv_size": [1, 2]},
								"south": {"uv": [96, 24], "uv_size": [1, 2]},
								"west": {"uv": [95, 24], "uv_size": [1, 2]},
								"up": {"uv": [94, 23], "uv_size": [1, 1]},
								"down": {"uv": [95, 24], "uv_size": [1, -1]}
							}
						},
						{
							"origin": [3.06845, 24.582, -4.15],
							"size": [1.075, 1, 1],
							"inflate": -0.075,
							"uv": {
								"north": {"uv": [94, 24], "uv_size": [1, 2]},
								"east": {"uv": [93, 24], "uv_size": [1, 2]},
								"south": {"uv": [96, 24], "uv_size": [1, 2]},
								"west": {"uv": [95, 24], "uv_size": [1, 2]},
								"up": {"uv": [94, 23], "uv_size": [1, 1]},
								"down": {"uv": [95, 24], "uv_size": [1, -1]}
							}
						},
						{
							"origin": [2.99345, 27.107, -4.25],
							"size": [0.825, 2.3, 1],
							"inflate": -0.2,
							"pivot": [-0.875, 27, -4],
							"rotation": [0, 0, 38.5],
							"uv": {
								"north": {"uv": [96, 23], "uv_size": [1, 2]},
								"east": {"uv": [95, 23], "uv_size": [1, 2]},
								"south": {"uv": [98, 23], "uv_size": [1, 2]},
								"west": {"uv": [97, 23], "uv_size": [1, 2]},
								"up": {"uv": [96, 22], "uv_size": [1, 1]},
								"down": {"uv": [97, 23], "uv_size": [1, -1]}
							}
						},
						{
							"origin": [-4.14345, 24.782, -4.15],
							"size": [0.55, 1.6, 1],
							"inflate": -0.075,
							"uv": {
								"north": {"uv": [95, 24], "uv_size": [-1, 2]},
								"east": {"uv": [96, 24], "uv_size": [-1, 2]},
								"south": {"uv": [97, 24], "uv_size": [-1, 2]},
								"west": {"uv": [94, 24], "uv_size": [-1, 2]},
								"up": {"uv": [95, 23], "uv_size": [-1, 1]},
								"down": {"uv": [96, 24], "uv_size": [-1, -1]}
							}
						},
						{
							"origin": [-4.14345, 24.582, -4.15],
							"size": [1.075, 1, 1],
							"inflate": -0.075,
							"uv": {
								"north": {"uv": [95, 24], "uv_size": [-1, 2]},
								"east": {"uv": [96, 24], "uv_size": [-1, 2]},
								"south": {"uv": [97, 24], "uv_size": [-1, 2]},
								"west": {"uv": [94, 24], "uv_size": [-1, 2]},
								"up": {"uv": [95, 23], "uv_size": [-1, 1]},
								"down": {"uv": [96, 24], "uv_size": [-1, -1]}
							}
						},
						{
							"origin": [-3.81845, 27.107, -4.25],
							"size": [0.825, 2.3, 1],
							"inflate": -0.2,
							"pivot": [0.875, 27, -4],
							"rotation": [0, 0, -38.5],
							"uv": {
								"north": {"uv": [97, 23], "uv_size": [-1, 2]},
								"east": {"uv": [98, 23], "uv_size": [-1, 2]},
								"south": {"uv": [99, 23], "uv_size": [-1, 2]},
								"west": {"uv": [96, 23], "uv_size": [-1, 2]},
								"up": {"uv": [97, 22], "uv_size": [-1, 1]},
								"down": {"uv": [98, 23], "uv_size": [-1, -1]}
							}
						},
						{
							"origin": [4, 23.55, -2.85],
							"size": [0.4, 8, 1],
							"uv": {
								"north": {"uv": [101, 22], "uv_size": [-2, 7]},
								"east": {"uv": [101, 22], "uv_size": [-2, 7]},
								"south": {"uv": [101, 22], "uv_size": [-2, 7]},
								"west": {"uv": [101, 22], "uv_size": [-2, 7]},
								"up": {"uv": [99, 24], "uv_size": [2, -2]},
								"down": {"uv": [99, 29], "uv_size": [3, -1]}
							}
						},
						{
							"origin": [3.75, 23.55, -1.85],
							"size": [0.5, 8, 1],
							"uv": {
								"north": {"uv": [101, 22], "uv_size": [-2, 7]},
								"east": {"uv": [101, 22], "uv_size": [-2, 7]},
								"south": {"uv": [101, 22], "uv_size": [-2, 7]},
								"west": {"uv": [101, 22], "uv_size": [-2, 7]},
								"up": {"uv": [99, 24], "uv_size": [2, -2]},
								"down": {"uv": [99, 29], "uv_size": [3, -1]}
							}
						},
						{
							"origin": [4, 23.35, -1.1],
							"size": [0.5, 8, 1],
							"uv": {
								"north": {"uv": [101, 22], "uv_size": [-2, 7]},
								"east": {"uv": [101, 22], "uv_size": [-2, 7]},
								"south": {"uv": [101, 22], "uv_size": [-2, 7]},
								"west": {"uv": [101, 22], "uv_size": [-2, 7]},
								"up": {"uv": [99, 24], "uv_size": [2, -2]},
								"down": {"uv": [99, 29], "uv_size": [3, -1]}
							}
						},
						{
							"origin": [3.9, 23.55, -0.25],
							"size": [0.5, 8, 1],
							"uv": {
								"north": {"uv": [101, 22], "uv_size": [-2, 7]},
								"east": {"uv": [101, 22], "uv_size": [-2, 7]},
								"south": {"uv": [101, 22], "uv_size": [-2, 7]},
								"west": {"uv": [101, 22], "uv_size": [-2, 7]},
								"up": {"uv": [99, 24], "uv_size": [2, -2]},
								"down": {"uv": [99, 29], "uv_size": [3, -1]}
							}
						},
						{
							"origin": [4, 23.35, 0.65],
							"size": [0.5, 8, 1],
							"uv": {
								"north": {"uv": [101, 22], "uv_size": [-2, 7]},
								"east": {"uv": [101, 22], "uv_size": [-2, 7]},
								"south": {"uv": [101, 22], "uv_size": [-2, 7]},
								"west": {"uv": [101, 22], "uv_size": [-2, 7]},
								"up": {"uv": [99, 24], "uv_size": [2, -2]},
								"down": {"uv": [99, 29], "uv_size": [3, -1]}
							}
						},
						{
							"origin": [3.75, 23.55, 1.65],
							"size": [0.5, 8, 1],
							"uv": {
								"north": {"uv": [101, 22], "uv_size": [-2, 7]},
								"east": {"uv": [101, 22], "uv_size": [-2, 7]},
								"south": {"uv": [101, 22], "uv_size": [-2, 7]},
								"west": {"uv": [101, 22], "uv_size": [-2, 7]},
								"up": {"uv": [99, 24], "uv_size": [2, -2]},
								"down": {"uv": [99, 29], "uv_size": [3, -1]}
							}
						},
						{
							"origin": [4, 23.35, 2.4],
							"size": [0.5, 8, 1],
							"uv": {
								"north": {"uv": [101, 22], "uv_size": [-2, 7]},
								"east": {"uv": [101, 22], "uv_size": [-2, 7]},
								"south": {"uv": [101, 22], "uv_size": [-2, 7]},
								"west": {"uv": [101, 22], "uv_size": [-2, 7]},
								"up": {"uv": [99, 24], "uv_size": [2, -2]},
								"down": {"uv": [99, 29], "uv_size": [3, -1]}
							}
						},
						{
							"origin": [3.9, 23.35, 3.35],
							"size": [0.5, 8, 1],
							"uv": {
								"north": {"uv": [101, 22], "uv_size": [-2, 7]},
								"east": {"uv": [101, 22], "uv_size": [-2, 7]},
								"south": {"uv": [101, 22], "uv_size": [-2, 7]},
								"west": {"uv": [101, 22], "uv_size": [-2, 7]},
								"up": {"uv": [99, 24], "uv_size": [2, -2]},
								"down": {"uv": [99, 29], "uv_size": [3, -1]}
							}
						},
						{
							"origin": [3.05, 23.5, 3.6],
							"size": [1, 7.65, 1],
							"uv": {
								"north": {"uv": [101, 22], "uv_size": [-2, 7]},
								"east": {"uv": [101, 22], "uv_size": [-2, 7]},
								"south": {"uv": [101, 22], "uv_size": [-2, 7]},
								"west": {"uv": [101, 22], "uv_size": [-2, 7]},
								"up": {"uv": [99, 24], "uv_size": [2, -2]},
								"down": {"uv": [99, 29], "uv_size": [3, -1]}
							}
						},
						{
							"origin": [2.15, 23.25, 3.4],
							"size": [1, 7.65, 1],
							"uv": {
								"north": {"uv": [101, 22], "uv_size": [-2, 7]},
								"east": {"uv": [101, 22], "uv_size": [-2, 7]},
								"south": {"uv": [101, 22], "uv_size": [-2, 7]},
								"west": {"uv": [101, 22], "uv_size": [-2, 7]},
								"up": {"uv": [99, 24], "uv_size": [2, -2]},
								"down": {"uv": [99, 29], "uv_size": [3, -1]}
							}
						},
						{
							"origin": [1.15, 23.35, 3.4],
							"size": [1, 7.65, 1],
							"uv": {
								"north": {"uv": [101, 22], "uv_size": [-2, 7]},
								"east": {"uv": [101, 22], "uv_size": [-2, 7]},
								"south": {"uv": [101, 22], "uv_size": [-2, 7]},
								"west": {"uv": [101, 22], "uv_size": [-2, 7]},
								"up": {"uv": [99, 24], "uv_size": [2, -2]},
								"down": {"uv": [99, 29], "uv_size": [3, -1]}
							}
						},
						{
							"origin": [0.3, 23.5, 3.6],
							"size": [1, 7.65, 1],
							"uv": {
								"north": {"uv": [101, 22], "uv_size": [-2, 7]},
								"east": {"uv": [101, 22], "uv_size": [-2, 7]},
								"south": {"uv": [101, 22], "uv_size": [-2, 7]},
								"west": {"uv": [101, 22], "uv_size": [-2, 7]},
								"up": {"uv": [99, 24], "uv_size": [2, -2]},
								"down": {"uv": [99, 29], "uv_size": [3, -1]}
							}
						},
						{
							"origin": [-1.45, 23.5, 3.6],
							"size": [1, 7.65, 1],
							"uv": {
								"north": {"uv": [101, 22], "uv_size": [-2, 7]},
								"east": {"uv": [101, 22], "uv_size": [-2, 7]},
								"south": {"uv": [101, 22], "uv_size": [-2, 7]},
								"west": {"uv": [101, 22], "uv_size": [-2, 7]},
								"up": {"uv": [99, 24], "uv_size": [2, -2]},
								"down": {"uv": [99, 29], "uv_size": [3, -1]}
							}
						},
						{
							"origin": [-0.6, 23.25, 3.4],
							"size": [1, 7.65, 1],
							"uv": {
								"north": {"uv": [101, 22], "uv_size": [-2, 7]},
								"east": {"uv": [101, 22], "uv_size": [-2, 7]},
								"south": {"uv": [101, 22], "uv_size": [-2, 7]},
								"west": {"uv": [101, 22], "uv_size": [-2, 7]},
								"up": {"uv": [99, 24], "uv_size": [2, -2]},
								"down": {"uv": [99, 29], "uv_size": [3, -1]}
							}
						},
						{
							"origin": [-2.35, 23.25, 3.4],
							"size": [1, 7.65, 1],
							"uv": {
								"north": {"uv": [101, 22], "uv_size": [-2, 7]},
								"east": {"uv": [101, 22], "uv_size": [-2, 7]},
								"south": {"uv": [101, 22], "uv_size": [-2, 7]},
								"west": {"uv": [101, 22], "uv_size": [-2, 7]},
								"up": {"uv": [99, 24], "uv_size": [2, -2]},
								"down": {"uv": [99, 29], "uv_size": [3, -1]}
							}
						},
						{
							"origin": [-3.2, 23.5, 3.6],
							"size": [1, 7.65, 1],
							"uv": {
								"north": {"uv": [101, 22], "uv_size": [-2, 7]},
								"east": {"uv": [101, 22], "uv_size": [-2, 7]},
								"south": {"uv": [101, 22], "uv_size": [-2, 7]},
								"west": {"uv": [101, 22], "uv_size": [-2, 7]},
								"up": {"uv": [99, 24], "uv_size": [2, -2]},
								"down": {"uv": [99, 29], "uv_size": [3, -1]}
							}
						},
						{
							"origin": [-4.1, 23.25, 3.4],
							"size": [1, 7.65, 1],
							"uv": {
								"north": {"uv": [101, 22], "uv_size": [-2, 7]},
								"east": {"uv": [101, 22], "uv_size": [-2, 7]},
								"south": {"uv": [101, 22], "uv_size": [-2, 7]},
								"west": {"uv": [101, 22], "uv_size": [-2, 7]},
								"up": {"uv": [99, 24], "uv_size": [2, -2]},
								"down": {"uv": [99, 29], "uv_size": [3, -1]}
							}
						},
						{
							"origin": [-4.3, 23.75, 3.35],
							"size": [0.5, 8, 1],
							"uv": {
								"north": {"uv": [101, 22], "uv_size": [-2, 7]},
								"east": {"uv": [101, 22], "uv_size": [-2, 7]},
								"south": {"uv": [101, 22], "uv_size": [-2, 7]},
								"west": {"uv": [101, 22], "uv_size": [-2, 7]},
								"up": {"uv": [99, 24], "uv_size": [2, -2]},
								"down": {"uv": [99, 29], "uv_size": [3, -1]}
							}
						},
						{
							"origin": [-4.5, 23.55, 2.8],
							"size": [0.5, 8, 1],
							"uv": {
								"north": {"uv": [101, 22], "uv_size": [-2, 7]},
								"east": {"uv": [101, 22], "uv_size": [-2, 7]},
								"south": {"uv": [101, 22], "uv_size": [-2, 7]},
								"west": {"uv": [101, 22], "uv_size": [-2, 7]},
								"up": {"uv": [99, 24], "uv_size": [2, -2]},
								"down": {"uv": [99, 29], "uv_size": [3, -1]}
							}
						},
						{
							"origin": [-4.3, 23.75, 1.85],
							"size": [0.5, 8, 1],
							"uv": {
								"north": {"uv": [101, 22], "uv_size": [-2, 7]},
								"east": {"uv": [101, 22], "uv_size": [-2, 7]},
								"south": {"uv": [101, 22], "uv_size": [-2, 7]},
								"west": {"uv": [101, 22], "uv_size": [-2, 7]},
								"up": {"uv": [99, 24], "uv_size": [2, -2]},
								"down": {"uv": [99, 29], "uv_size": [3, -1]}
							}
						},
						{
							"origin": [-4.5, 23.55, 0.9],
							"size": [0.5, 8, 1],
							"uv": {
								"north": {"uv": [101, 22], "uv_size": [-2, 7]},
								"east": {"uv": [101, 22], "uv_size": [-2, 7]},
								"south": {"uv": [101, 22], "uv_size": [-2, 7]},
								"west": {"uv": [101, 22], "uv_size": [-2, 7]},
								"up": {"uv": [99, 24], "uv_size": [2, -2]},
								"down": {"uv": [99, 29], "uv_size": [3, -1]}
							}
						},
						{
							"origin": [-4.3, 23.75, 0.1],
							"size": [0.5, 8, 1],
							"uv": {
								"north": {"uv": [101, 22], "uv_size": [-2, 7]},
								"east": {"uv": [101, 22], "uv_size": [-2, 7]},
								"south": {"uv": [101, 22], "uv_size": [-2, 7]},
								"west": {"uv": [101, 22], "uv_size": [-2, 7]},
								"up": {"uv": [99, 24], "uv_size": [2, -2]},
								"down": {"uv": [99, 29], "uv_size": [3, -1]}
							}
						},
						{
							"origin": [-4.5, 23.55, -0.85],
							"size": [0.5, 8, 1],
							"uv": {
								"north": {"uv": [101, 22], "uv_size": [-2, 7]},
								"east": {"uv": [101, 22], "uv_size": [-2, 7]},
								"south": {"uv": [101, 22], "uv_size": [-2, 7]},
								"west": {"uv": [101, 22], "uv_size": [-2, 7]},
								"up": {"uv": [99, 24], "uv_size": [2, -2]},
								"down": {"uv": [99, 29], "uv_size": [3, -1]}
							}
						},
						{
							"origin": [-4.3, 23.75, -1.9],
							"size": [0.5, 8, 1],
							"uv": {
								"north": {"uv": [101, 22], "uv_size": [-2, 7]},
								"east": {"uv": [101, 22], "uv_size": [-2, 7]},
								"south": {"uv": [101, 22], "uv_size": [-2, 7]},
								"west": {"uv": [101, 22], "uv_size": [-2, 7]},
								"up": {"uv": [99, 24], "uv_size": [2, -2]},
								"down": {"uv": [99, 29], "uv_size": [3, -1]}
							}
						},
						{
							"origin": [-4.4, 23.55, -2.85],
							"size": [0.4, 8, 1],
							"uv": {
								"north": {"uv": [101, 22], "uv_size": [-2, 7]},
								"east": {"uv": [101, 22], "uv_size": [-2, 7]},
								"south": {"uv": [101, 22], "uv_size": [-2, 7]},
								"west": {"uv": [101, 22], "uv_size": [-2, 7]},
								"up": {"uv": [99, 24], "uv_size": [2, -2]},
								"down": {"uv": [99, 29], "uv_size": [3, -1]}
							}
						}
					]
				},
				{
					"name": "bipedBody",
					"pivot": [0, 24, 0]
				},
				{
					"name": "armorBody",
					"parent": "bipedBody",
					"pivot": [0, 24, -2],
					"cubes": [
						{
							"origin": [-12.25, 4.725, -10.9],
							"size": [24.5, 27.5, 17.8],
							"inflate": -8.6,
							"uv": {
								"north": {"uv": [116, 109], "uv_size": [-17, 14]},
								"east": {"uv": [96, 96], "uv_size": [-17, 27]},
								"south": {"uv": [120, 96], "uv_size": [-24, 27]},
								"west": {"uv": [55, 96], "uv_size": [-17, 27]},
								"up": {"uv": [79, 79], "uv_size": [-24, 17]},
								"down": {"uv": [103, 96], "uv_size": [-24, -17]}
							}
						},
						{
							"origin": [-6.75, 11.475, -6.475],
							"size": [10.45, 8.95, 10.55],
							"inflate": -4,
							"uv": {
								"north": {"uv": [101, 112], "uv_size": [5, 3]},
								"east": {"uv": [101, 112], "uv_size": [5, 3]},
								"south": {"uv": [101, 112], "uv_size": [5, 3]},
								"west": {"uv": [101, 112], "uv_size": [5, 3]},
								"up": {"uv": [106, 115], "uv_size": [-5, -3]},
								"down": {"uv": [106, 115], "uv_size": [-5, -3]}
							}
						},
						{
							"origin": [-3.75, 11.475, -6.475],
							"size": [10.45, 8.95, 10.55],
							"inflate": -4,
							"uv": {
								"north": {"uv": [106, 112], "uv_size": [-5, 3]},
								"east": {"uv": [106, 112], "uv_size": [-5, 3]},
								"south": {"uv": [106, 112], "uv_size": [-5, 3]},
								"west": {"uv": [106, 112], "uv_size": [-5, 3]},
								"up": {"uv": [101, 115], "uv_size": [5, -3]},
								"down": {"uv": [101, 115], "uv_size": [5, -3]}
							}
						},
						{
							"origin": [-3.75, 12.725, -6.475],
							"size": [10.45, 8.95, 10.55],
							"inflate": -4,
							"uv": {
								"north": {"uv": [106, 112], "uv_size": [-5, 3]},
								"east": {"uv": [106, 112], "uv_size": [-5, 3]},
								"south": {"uv": [106, 112], "uv_size": [-5, 3]},
								"west": {"uv": [106, 112], "uv_size": [-5, 3]},
								"up": {"uv": [101, 115], "uv_size": [5, -3]},
								"down": {"uv": [101, 115], "uv_size": [5, -3]}
							}
						},
						{
							"origin": [-3.75, 13.975, -6.475],
							"size": [10.45, 8.95, 10.55],
							"inflate": -4,
							"uv": {
								"north": {"uv": [106, 112], "uv_size": [-5, 3]},
								"east": {"uv": [106, 112], "uv_size": [-5, 3]},
								"south": {"uv": [106, 112], "uv_size": [-5, 3]},
								"west": {"uv": [106, 112], "uv_size": [-5, 3]},
								"up": {"uv": [101, 115], "uv_size": [5, -3]},
								"down": {"uv": [101, 115], "uv_size": [5, -3]}
							}
						},
						{"origin": [-7.75, 15.8, -6.4], "size": [11.45, 11.125, 10.55], "inflate": -3.8, "uv": [42, 103]},
						{"origin": [-3.5, 15.8, -6.4], "size": [11.45, 11.125, 10.55], "inflate": -3.8, "uv": [42, 103], "mirror": true},
						{"origin": [-6.5, 15.3, -6.3], "size": [12.95, 8.125, 10.55], "inflate": -3.8, "uv": [42, 104], "mirror": true},
						{
							"origin": [-6.75, 12.725, -6.475],
							"size": [10.45, 8.95, 10.55],
							"inflate": -4,
							"uv": {
								"north": {"uv": [101, 112], "uv_size": [5, 3]},
								"east": {"uv": [101, 112], "uv_size": [5, 3]},
								"south": {"uv": [101, 112], "uv_size": [5, 3]},
								"west": {"uv": [101, 112], "uv_size": [5, 3]},
								"up": {"uv": [106, 115], "uv_size": [-5, -3]},
								"down": {"uv": [106, 115], "uv_size": [-5, -3]}
							}
						},
						{
							"origin": [-6.75, 13.975, -6.475],
							"size": [10.45, 8.95, 10.55],
							"inflate": -4,
							"uv": {
								"north": {"uv": [101, 112], "uv_size": [5, 3]},
								"east": {"uv": [101, 112], "uv_size": [5, 3]},
								"south": {"uv": [101, 112], "uv_size": [5, 3]},
								"west": {"uv": [101, 112], "uv_size": [5, 3]},
								"up": {"uv": [106, 115], "uv_size": [-5, -3]},
								"down": {"uv": [106, 115], "uv_size": [-5, -3]}
							}
						},
						{"origin": [-12.25, 9.3, -10.725], "size": [24.5, 22.5, 17.55], "inflate": -8.4, "uv": [38, 85], "mirror": true},
						{"origin": [-7.75, 11.2, -3.05], "size": [15.5, 16.55, 9.35], "inflate": -4, "uv": [47, 98], "mirror": true},
						{"origin": [-7.25, 9.2, -3.05], "size": [14.25, 10.9, 9.25], "inflate": -4, "uv": [44, 105], "mirror": true},
						{"origin": [-5.675, 10.725, -3.95], "size": [6.7, 4.2, 7.7], "inflate": -1.475, "pivot": [0, 12.75, -2], "rotation": [0, 0, 11.25], "uv": [100, 55], "mirror": true},
						{
							"origin": [-8.85, 7.125, -7.325],
							"size": [9.875, 11, 14.55],
							"inflate": -4.8,
							"pivot": [0, 12.75, -2],
							"rotation": [0, 0, 15],
							"uv": {
								"north": {"uv": [93, 54.75], "uv_size": [9, 11]},
								"east": {"uv": [83, 54.75], "uv_size": [10, 11]},
								"south": {"uv": [112, 54.75], "uv_size": [9, 11]},
								"west": {"uv": [102, 54.75], "uv_size": [10, 11]},
								"up": {"uv": [93, 44.75], "uv_size": [9, 10]},
								"down": {"uv": [102, 54.75], "uv_size": [9, -10]}
							}
						},
						{
							"origin": [-8.5, 7.125, -7.325],
							"size": [9.875, 11, 14.55],
							"inflate": -4.8,
							"pivot": [0, 12.75, -2],
							"rotation": [0, 0, 15],
							"uv": {
								"north": {"uv": [93, 54.75], "uv_size": [9, 11]},
								"east": {"uv": [83, 54.75], "uv_size": [10, 11]},
								"south": {"uv": [112, 54.75], "uv_size": [9, 11]},
								"west": {"uv": [102, 54.75], "uv_size": [10, 11]},
								"up": {"uv": [93, 44.75], "uv_size": [9, 10]},
								"down": {"uv": [102, 54.75], "uv_size": [9, -10]}
							}
						},
						{
							"origin": [-8.15, 7.15, -7.325],
							"size": [9.875, 11, 14.55],
							"inflate": -4.8,
							"pivot": [0, 12.75, -2],
							"rotation": [0, 0, 15],
							"uv": {
								"north": {"uv": [93, 54.75], "uv_size": [9, 11]},
								"east": {"uv": [83, 54.75], "uv_size": [10, 11]},
								"south": {"uv": [112, 54.75], "uv_size": [9, 11]},
								"west": {"uv": [102, 54.75], "uv_size": [10, 11]},
								"up": {"uv": [93, 44.75], "uv_size": [9, 10]},
								"down": {"uv": [102, 54.75], "uv_size": [9, -10]}
							}
						},
						{
							"origin": [-7.8, 7.175, -7.325],
							"size": [9.875, 11, 14.55],
							"inflate": -4.8,
							"pivot": [0, 12.75, -2],
							"rotation": [0, 0, 15],
							"uv": {
								"north": {"uv": [93, 54.75], "uv_size": [9, 11]},
								"east": {"uv": [83, 54.75], "uv_size": [10, 11]},
								"south": {"uv": [112, 54.75], "uv_size": [9, 11]},
								"west": {"uv": [102, 54.75], "uv_size": [10, 11]},
								"up": {"uv": [93, 44.75], "uv_size": [9, 10]},
								"down": {"uv": [102, 54.75], "uv_size": [9, -10]}
							}
						},
						{
							"origin": [-7.45, 7.175, -7.325],
							"size": [9.875, 11, 14.55],
							"inflate": -4.8,
							"pivot": [0, 12.75, -2],
							"rotation": [0, 0, 15],
							"uv": {
								"north": {"uv": [93, 54.75], "uv_size": [9, 11]},
								"east": {"uv": [83, 54.75], "uv_size": [10, 11]},
								"south": {"uv": [112, 54.75], "uv_size": [9, 11]},
								"west": {"uv": [102, 54.75], "uv_size": [10, 11]},
								"up": {"uv": [93, 44.75], "uv_size": [9, 10]},
								"down": {"uv": [102, 54.75], "uv_size": [9, -10]}
							}
						},
						{
							"origin": [-7.1, 7.175, -7.325],
							"size": [9.875, 11, 14.55],
							"inflate": -4.8,
							"pivot": [0, 12.75, -2],
							"rotation": [0, 0, 15],
							"uv": {
								"north": {"uv": [93, 54.75], "uv_size": [9, 11]},
								"east": {"uv": [83, 54.75], "uv_size": [10, 11]},
								"south": {"uv": [112, 54.75], "uv_size": [9, 11]},
								"west": {"uv": [102, 54.75], "uv_size": [10, 11]},
								"up": {"uv": [93, 44.75], "uv_size": [9, 10]},
								"down": {"uv": [102, 54.75], "uv_size": [9, -10]}
							}
						},
						{
							"origin": [-6.75, 7.175, -7.325],
							"size": [9.875, 11, 14.55],
							"inflate": -4.8,
							"pivot": [0, 12.75, -2],
							"rotation": [0, 0, 15],
							"uv": {
								"north": {"uv": [93, 54.75], "uv_size": [9, 11]},
								"east": {"uv": [83, 54.75], "uv_size": [10, 11]},
								"south": {"uv": [112, 54.75], "uv_size": [9, 11]},
								"west": {"uv": [102, 54.75], "uv_size": [10, 11]},
								"up": {"uv": [93, 44.75], "uv_size": [9, 10]},
								"down": {"uv": [102, 54.75], "uv_size": [9, -10]}
							}
						},
						{
							"origin": [-6.4, 7.175, -7.325],
							"size": [9.875, 11, 14.55],
							"inflate": -4.8,
							"pivot": [0, 12.75, -2],
							"rotation": [0, 0, 15],
							"uv": {
								"north": {"uv": [93, 54.75], "uv_size": [9, 11]},
								"east": {"uv": [83, 54.75], "uv_size": [10, 11]},
								"south": {"uv": [112, 54.75], "uv_size": [9, 11]},
								"west": {"uv": [102, 54.75], "uv_size": [10, 11]},
								"up": {"uv": [93, 44.75], "uv_size": [9, 10]},
								"down": {"uv": [102, 54.75], "uv_size": [9, -10]}
							}
						},
						{
							"origin": [-6.05, 7.175, -7.325],
							"size": [9.875, 11, 14.55],
							"inflate": -4.8,
							"pivot": [0, 12.75, -2],
							"rotation": [0, 0, 15],
							"uv": {
								"north": {"uv": [93, 54.75], "uv_size": [9, 11]},
								"east": {"uv": [83, 54.75], "uv_size": [10, 11]},
								"south": {"uv": [112, 54.75], "uv_size": [9, 11]},
								"west": {"uv": [102, 54.75], "uv_size": [10, 11]},
								"up": {"uv": [93, 44.75], "uv_size": [9, 10]},
								"down": {"uv": [102, 54.75], "uv_size": [9, -10]}
							}
						},
						{"origin": [-1.025, 10.725, -3.95], "size": [6.7, 4.2, 7.7], "inflate": -1.475, "pivot": [0, 12.75, -2], "rotation": [0, 0, -11.25], "uv": [100, 55]},
						{"origin": [-1.675, 10.725, -1.95], "size": [6.7, 4.2, 5.7], "inflate": -1.575, "pivot": [0, 12.75, -2], "rotation": [0, 0, -11.25], "uv": [102, 57]},
						{"origin": [-4.975, 10.725, -1.95], "size": [6.7, 4.2, 5.7], "inflate": -1.575, "pivot": [0, 12.75, -2], "rotation": [0, 0, 11.25], "uv": [102, 57], "mirror": true},
						{
							"origin": [-1.025, 7.125, -7.325],
							"size": [9.875, 11, 14.55],
							"inflate": -4.8,
							"pivot": [0, 12.75, -2],
							"rotation": [0, 0, -15],
							"uv": {
								"north": {"uv": [102, 54.75], "uv_size": [-9, 11]},
								"east": {"uv": [112, 54.75], "uv_size": [-10, 11]},
								"south": {"uv": [121, 54.75], "uv_size": [-9, 11]},
								"west": {"uv": [93, 54.75], "uv_size": [-10, 11]},
								"up": {"uv": [102, 44.75], "uv_size": [-9, 10]},
								"down": {"uv": [111, 54.75], "uv_size": [-9, -10]}
							}
						},
						{
							"origin": [-1.375, 7.125, -7.325],
							"size": [9.875, 11, 14.55],
							"inflate": -4.8,
							"pivot": [0, 12.75, -2],
							"rotation": [0, 0, -15],
							"uv": {
								"north": {"uv": [102, 54.75], "uv_size": [-9, 11]},
								"east": {"uv": [112, 54.75], "uv_size": [-10, 11]},
								"south": {"uv": [121, 54.75], "uv_size": [-9, 11]},
								"west": {"uv": [93, 54.75], "uv_size": [-10, 11]},
								"up": {"uv": [102, 44.75], "uv_size": [-9, 10]},
								"down": {"uv": [111, 54.75], "uv_size": [-9, -10]}
							}
						},
						{
							"origin": [-1.725, 7.15, -7.325],
							"size": [9.875, 11, 14.55],
							"inflate": -4.8,
							"pivot": [0, 12.75, -2],
							"rotation": [0, 0, -15],
							"uv": {
								"north": {"uv": [102, 54.75], "uv_size": [-9, 11]},
								"east": {"uv": [112, 54.75], "uv_size": [-10, 11]},
								"south": {"uv": [121, 54.75], "uv_size": [-9, 11]},
								"west": {"uv": [93, 54.75], "uv_size": [-10, 11]},
								"up": {"uv": [102, 44.75], "uv_size": [-9, 10]},
								"down": {"uv": [111, 54.75], "uv_size": [-9, -10]}
							}
						},
						{
							"origin": [-2.075, 7.175, -7.325],
							"size": [9.875, 11, 14.55],
							"inflate": -4.8,
							"pivot": [0, 12.75, -2],
							"rotation": [0, 0, -15],
							"uv": {
								"north": {"uv": [102, 54.75], "uv_size": [-9, 11]},
								"east": {"uv": [112, 54.75], "uv_size": [-10, 11]},
								"south": {"uv": [121, 54.75], "uv_size": [-9, 11]},
								"west": {"uv": [93, 54.75], "uv_size": [-10, 11]},
								"up": {"uv": [102, 44.75], "uv_size": [-9, 10]},
								"down": {"uv": [111, 54.75], "uv_size": [-9, -10]}
							}
						},
						{
							"origin": [-2.425, 7.175, -7.325],
							"size": [9.875, 11, 14.55],
							"inflate": -4.8,
							"pivot": [0, 12.75, -2],
							"rotation": [0, 0, -15],
							"uv": {
								"north": {"uv": [102, 54.75], "uv_size": [-9, 11]},
								"east": {"uv": [112, 54.75], "uv_size": [-10, 11]},
								"south": {"uv": [121, 54.75], "uv_size": [-9, 11]},
								"west": {"uv": [93, 54.75], "uv_size": [-10, 11]},
								"up": {"uv": [102, 44.75], "uv_size": [-9, 10]},
								"down": {"uv": [111, 54.75], "uv_size": [-9, -10]}
							}
						},
						{
							"origin": [-2.775, 7.175, -7.325],
							"size": [9.875, 11, 14.55],
							"inflate": -4.8,
							"pivot": [0, 12.75, -2],
							"rotation": [0, 0, -15],
							"uv": {
								"north": {"uv": [102, 54.75], "uv_size": [-9, 11]},
								"east": {"uv": [112, 54.75], "uv_size": [-10, 11]},
								"south": {"uv": [121, 54.75], "uv_size": [-9, 11]},
								"west": {"uv": [93, 54.75], "uv_size": [-10, 11]},
								"up": {"uv": [102, 44.75], "uv_size": [-9, 10]},
								"down": {"uv": [111, 54.75], "uv_size": [-9, -10]}
							}
						},
						{
							"origin": [-3.125, 7.175, -7.325],
							"size": [9.875, 11, 14.55],
							"inflate": -4.8,
							"pivot": [0, 12.75, -2],
							"rotation": [0, 0, -15],
							"uv": {
								"north": {"uv": [102, 54.75], "uv_size": [-9, 11]},
								"east": {"uv": [112, 54.75], "uv_size": [-10, 11]},
								"south": {"uv": [121, 54.75], "uv_size": [-9, 11]},
								"west": {"uv": [93, 54.75], "uv_size": [-10, 11]},
								"up": {"uv": [102, 44.75], "uv_size": [-9, 10]},
								"down": {"uv": [111, 54.75], "uv_size": [-9, -10]}
							}
						},
						{
							"origin": [-3.475, 7.175, -7.325],
							"size": [9.875, 11, 14.55],
							"inflate": -4.8,
							"pivot": [0, 12.75, -2],
							"rotation": [0, 0, -15],
							"uv": {
								"north": {"uv": [102, 54.75], "uv_size": [-9, 11]},
								"east": {"uv": [112, 54.75], "uv_size": [-10, 11]},
								"south": {"uv": [121, 54.75], "uv_size": [-9, 11]},
								"west": {"uv": [93, 54.75], "uv_size": [-10, 11]},
								"up": {"uv": [102, 44.75], "uv_size": [-9, 10]},
								"down": {"uv": [111, 54.75], "uv_size": [-9, -10]}
							}
						},
						{
							"origin": [-3.825, 7.175, -7.325],
							"size": [9.875, 11, 14.55],
							"inflate": -4.8,
							"pivot": [0, 12.75, -2],
							"rotation": [0, 0, -15],
							"uv": {
								"north": {"uv": [102, 54.75], "uv_size": [-9, 11]},
								"east": {"uv": [112, 54.75], "uv_size": [-10, 11]},
								"south": {"uv": [121, 54.75], "uv_size": [-9, 11]},
								"west": {"uv": [93, 54.75], "uv_size": [-10, 11]},
								"up": {"uv": [102, 44.75], "uv_size": [-9, 10]},
								"down": {"uv": [111, 54.75], "uv_size": [-9, -10]}
							}
						},
						{"origin": [0.75, 22.5, -2.575], "size": [1.25, 2, 4], "inflate": -0.125, "uv": [106, 11]},
						{"origin": [0.575, 22.5, -2.5], "size": [0.425, 2, 4], "inflate": -0.125, "uv": [116, 56]},
						{"origin": [-1, 22.5, -2.5], "size": [0.425, 2, 4], "inflate": -0.125, "uv": [115, 57]},
						{"origin": [-1, 23.575, -2.575], "size": [2, 0, 4], "inflate": -0.125, "uv": [113, 62]},
						{"origin": [0.75, 21.5, -2.5], "size": [1.25, 2, 4], "inflate": 0.05, "uv": [102, 13]},
						{"origin": [-2, 21.5, -2.5], "size": [1.25, 2, 4], "inflate": 0.05, "uv": [102, 13]},
						{"origin": [-2, 22.5, -2.55], "size": [1.25, 2, 4], "inflate": -0.125, "uv": [106, 9]},
						{"origin": [-4, 12, -2], "size": [8, 12, 4], "uv": [16, 16]},
						{
							"origin": [-6.2, 7.2, -7.8],
							"size": [11.15, 10.65, 10.95],
							"inflate": -5.125,
							"pivot": [0, 12.4, -2.1],
							"rotation": [0, 0, -16],
							"uv": {
								"north": {"uv": [87, 66], "uv_size": [6, 1]},
								"east": {"uv": [87, 66], "uv_size": [6, 1]},
								"south": {"uv": [87, 66], "uv_size": [6, 1]},
								"west": {"uv": [87, 66], "uv_size": [6, 1]},
								"up": {"uv": [93, 67], "uv_size": [-6, -1]},
								"down": {"uv": [93, 67], "uv_size": [-6, -1]}
							}
						},
						{"origin": [-6.2, 7, -7.8], "size": [10.975, 12, 10.95], "inflate": -5.1, "pivot": [0, 12.4, -2.1], "rotation": [0, 0, 15], "uv": [73.5, 45], "mirror": true},
						{"origin": [-4.15, 8.25, -7.625], "size": [10.775, 10.775, 10.75], "inflate": -4.9, "pivot": [0, 12.4, -2.1], "rotation": [0, 0, -45], "uv": [86, 42.5]},
						{"origin": [-4.775, 7, -7.8], "size": [10.975, 12, 10.95], "inflate": -5.1, "pivot": [0, 12.4, -2.1], "rotation": [0, 0, -15], "uv": [73.5, 45]},
						{
							"origin": [-4.95, 7.2, -7.8],
							"size": [11.15, 10.65, 10.95],
							"inflate": -5.125,
							"pivot": [0, 12.4, -2.1],
							"rotation": [0, 0, 16],
							"uv": {
								"north": {"uv": [93, 66], "uv_size": [-6, 1]},
								"east": {"uv": [93, 66], "uv_size": [-6, 1]},
								"south": {"uv": [93, 66], "uv_size": [-6, 1]},
								"west": {"uv": [93, 66], "uv_size": [-6, 1]},
								"up": {"uv": [87, 67], "uv_size": [6, -1]},
								"down": {"uv": [87, 67], "uv_size": [6, -1]}
							}
						}
					]
				},
				{
					"name": "bipedRightArm",
					"pivot": [-4, 22, 0]
				},
				{
					"name": "armorRightArm",
					"parent": "bipedRightArm",
					"pivot": [-4, 22, 0],
					"cubes": [
						{
							"origin": [-8.5, 14, -2.25],
							"size": [1, 4, 3],
							"inflate": -0.05,
							"uv": {
								"north": {"uv": [109, 23], "uv_size": [1, 4]},
								"east": {"uv": [108, 23], "uv_size": [1, 4]},
								"south": {"uv": [111, 23], "uv_size": [1, 4]},
								"west": {"uv": [110, 23], "uv_size": [1, 4]},
								"up": {"uv": [109, 22], "uv_size": [1, 1]},
								"down": {"uv": [110, 23], "uv_size": [1, -1]}
							}
						},
						{"origin": [-9.5, 17.75, -2.8], "size": [6, 7.25, 5.8], "inflate": -1.25, "uv": [41, 104]},
						{"origin": [-9, 16.55, -3.5], "size": [6, 8.45, 6], "inflate": -1.25, "uv": [95, 110], "mirror": true},
						{
							"origin": [-8.9, 14.9, -2],
							"size": [1, 4, 3],
							"inflate": -0.175,
							"uv": {
								"north": {"uv": [108, 23], "uv_size": [1, 4]},
								"east": {"uv": [107, 23], "uv_size": [1, 4]},
								"south": {"uv": [110, 23], "uv_size": [1, 4]},
								"west": {"uv": [109, 23], "uv_size": [1, 4]},
								"up": {"uv": [108, 22], "uv_size": [1, 1]},
								"down": {"uv": [109, 23], "uv_size": [1, -1]}
							}
						},
						{"origin": [-8.65, 16.5, -2.75], "size": [5.3, 8.25, 6], "inflate": -1.05, "uv": [95, 110], "mirror": true},
						{"origin": [-9, 17.05, -3], "size": [6, 8.45, 6], "inflate": -1.25, "uv": [95, 110]},
						{"origin": [-8, 12, -2], "size": [4, 12, 4], "uv": [40, 16]},
						{
							"origin": [-2.5, 16.75, -2.05],
							"size": [2.75, 1, 4.2],
							"pivot": [-4, 22, 0],
							"rotation": [0, 0, 45],
							"uv": {
								"north": {"uv": [45, 29], "uv_size": [-2, 1]},
								"east": {"uv": [47, 29], "uv_size": [-2, 1]},
								"south": {"uv": [49, 29], "uv_size": [-2, 1]},
								"west": {"uv": [43, 29], "uv_size": [-2, 1]},
								"up": {"uv": [45, 27], "uv_size": [-2, 2]},
								"down": {"uv": [47, 29], "uv_size": [-2, -2]}
							}
						}
					]
				},
				{
					"name": "bipedLeftArm",
					"pivot": [4, 22, 0]
				},
				{
					"name": "armorLeftArm",
					"parent": "bipedLeftArm",
					"pivot": [4, 22, 0],
					"cubes": [
						{"origin": [3, 16.55, -3.5], "size": [6, 8.45, 6], "inflate": -1.25, "uv": [95, 110]},
						{"origin": [3, 17.05, -3], "size": [6, 8.45, 6], "inflate": -1.25, "uv": [95, 110]},
						{"origin": [3.5, 17.75, -2.8], "size": [6, 7.25, 5.8], "inflate": -1.25, "uv": [41, 104], "mirror": true},
						{"origin": [3.35, 16.5, -2.75], "size": [5.3, 8.25, 6], "inflate": -1.05, "uv": [95, 110]},
						{
							"origin": [7.5, 14, -2.25],
							"size": [1, 4, 3],
							"inflate": -0.05,
							"uv": {
								"north": {"uv": [109, 23], "uv_size": [1, 4]},
								"east": {"uv": [108, 23], "uv_size": [1, 4]},
								"south": {"uv": [111, 23], "uv_size": [1, 4]},
								"west": {"uv": [110, 23], "uv_size": [1, 4]},
								"up": {"uv": [109, 22], "uv_size": [1, 1]},
								"down": {"uv": [110, 23], "uv_size": [1, -1]}
							}
						},
						{
							"origin": [7.9, 14.9, -2],
							"size": [1, 4, 3],
							"inflate": -0.175,
							"uv": {
								"north": {"uv": [108, 23], "uv_size": [1, 4]},
								"east": {"uv": [107, 23], "uv_size": [1, 4]},
								"south": {"uv": [110, 23], "uv_size": [1, 4]},
								"west": {"uv": [109, 23], "uv_size": [1, 4]},
								"up": {"uv": [108, 22], "uv_size": [1, 1]},
								"down": {"uv": [109, 23], "uv_size": [1, -1]}
							}
						},
						{"origin": [4, 12, -2], "size": [4, 12, 4], "uv": [32, 48]},
						{
							"origin": [-0.25, 16.75, -2.05],
							"size": [2.75, 1, 4.2],
							"pivot": [4, 22, 0],
							"rotation": [0, 0, -45],
							"uv": {
								"north": {"uv": [43, 29], "uv_size": [2, 1]},
								"east": {"uv": [41, 29], "uv_size": [2, 1]},
								"south": {"uv": [47, 29], "uv_size": [2, 1]},
								"west": {"uv": [45, 29], "uv_size": [2, 1]},
								"up": {"uv": [43, 27], "uv_size": [2, 2]},
								"down": {"uv": [45, 29], "uv_size": [2, -2]}
							}
						}
					]
				},
				{
					"name": "bipedLeftLeg",
					"pivot": [-2, 12, 0]
				},
				{
					"name": "armorLeftLeg",
					"parent": "bipedLeftLeg",
					"pivot": [-2, 12, 0],
					"cubes": [
						{"origin": [3.75, 3.25, 0.25], "size": [1, 3.75, 1], "uv": [10, 26]},
						{"origin": [3.65, 4, 0.65], "size": [1, 3.75, 1], "inflate": -0.125, "uv": [10, 25]},
						{"origin": [0.15, 6.75, -2.35], "size": [3.625, 4.75, 1], "inflate": -0.125, "uv": [4, 21]},
						{"origin": [0.15, 7, 1.4], "size": [3.625, 4.5, 1], "inflate": -0.125, "uv": [4, 21]},
						{
							"origin": [0.15, 4.5, -2.35],
							"size": [3.625, 2.25, 3],
							"inflate": -0.125,
							"uv": {
								"north": {"uv": [7, 25], "uv_size": [-3, 2]},
								"east": {"uv": [8, 25], "uv_size": [-1, 2]},
								"south": {"uv": [11, 25], "uv_size": [-3, 2]},
								"west": {"uv": [4, 25], "uv_size": [-1, 2]},
								"up": {"uv": [7, 24], "uv_size": [-3, 1]},
								"down": {"uv": [10, 25], "uv_size": [-3, -1]}
							}
						},
						{"origin": [0.15, 4.75, 1.4], "size": [3.625, 2, 1], "inflate": -0.125, "uv": [3, 24]},
						{"origin": [0.15, -0.25, -2.35], "size": [3.625, 4.725, 1], "inflate": -0.125, "uv": [1, 26]},
						{"origin": [0.8, -0.25, -1.85], "size": [3.625, 4.725, 3.75], "inflate": -0.125, "uv": [20, 57]},
						{"origin": [0.15, -0.25, 1.65], "size": [3.625, 4.725, 1], "inflate": -0.125, "uv": [24, 59]},
						{"origin": [0, 0, -2], "size": [4, 12, 4], "uv": [16, 48]},
						{"origin": [2.975, 7, -1.85], "size": [1.375, 4.5, 3.25], "inflate": -0.125, "uv": [4, 21], "mirror": true}
					]
				},
				{
					"name": "armorLeftBoot",
					"parent": "bipedLeftLeg",
					"pivot": [-2, 12, 0]
				},
				{
					"name": "bipedRightLeg",
					"pivot": [2, 12, 0]
				},
				{
					"name": "armorRightLeg",
					"parent": "bipedRightLeg",
					"pivot": [2, 12, 0],
					"cubes": [
						{"origin": [-4.75, 3.25, 0.25], "size": [1, 3.75, 1], "uv": [10, 26]},
						{"origin": [-4.6, 4, 0.65], "size": [1, 3.75, 1], "inflate": -0.125, "uv": [10, 25]},
						{"origin": [-3.85, 6.75, -2.35], "size": [3.625, 4.75, 1], "inflate": -0.125, "uv": [4, 21], "mirror": true},
						{"origin": [-3.85, 7, 1.4], "size": [3.625, 4.5, 1], "inflate": -0.125, "uv": [4, 21], "mirror": true},
						{"origin": [-4.4, 7, -1.85], "size": [1.375, 4.5, 3.25], "inflate": -0.125, "uv": [4, 21]},
						{"origin": [-3.85, -0.25, -2.35], "size": [3.625, 4.725, 1], "inflate": -0.125, "uv": [1, 26], "mirror": true},
						{"origin": [-3.85, -0.25, 1.4], "size": [3.625, 4.725, 1], "inflate": -0.125, "uv": [24, 59], "mirror": true},
						{"origin": [-3.85, 4.5, -2.35], "size": [3.625, 2.25, 1], "inflate": -0.125, "uv": [3, 24]},
						{"origin": [-3.85, 4.75, 1.4], "size": [3.625, 2, 1], "inflate": -0.125, "uv": [3, 24], "mirror": true},
						{"origin": [-4.45, -0.25, -1.85], "size": [3.625, 4.725, 3.75], "inflate": -0.125, "uv": [20, 57], "mirror": true},
						{"origin": [-4, 0, -2], "size": [4, 12, 4], "uv": [0, 16]}
					]
				},
				{
					"name": "armorRightBoot",
					"parent": "bipedRightLeg",
					"pivot": [2, 12, 0]
				}
			]
		}
	]
}