{
	"format_version": "1.12.0",
	"minecraft:geometry": [
		{
			"description": {
				"identifier": "geometry.unknown",
				"texture_width": 128,
				"texture_height": 128,
				"visible_bounds_width": 5,
				"visible_bounds_height": 3.5,
				"visible_bounds_offset": [0, 1.25, 0]
			},
			"bones": [
				{
					"name": "bipedHead",
					"pivot": [0, 24, 0]
				},
				{
					"name": "armorHead",
					"parent": "bipedHead",
					"pivot": [0, 24, 0],
					"cubes": [
						{
							"origin": [-4.125, 28.4, -4.425],
							"size": [3.225, 1.1, 1],
							"inflate": -0.25,
							"pivot": [0, 24, 0],
							"rotation": [0, 0, 5.25],
							"uv": {
								"north": {"uv": [96, 68], "uv_size": [5, 4]},
								"east": {"uv": [96, 68], "uv_size": [5, 4]},
								"south": {"uv": [96, 68], "uv_size": [5, 4]},
								"west": {"uv": [96, 68], "uv_size": [5, 4]},
								"up": {"uv": [101, 72], "uv_size": [-5, -4]},
								"down": {"uv": [101, 72], "uv_size": [-5, -4]}
							}
						},
						{
							"origin": [0.875, 28.4, -4.425],
							"size": [3.225, 1.1, 1],
							"inflate": -0.25,
							"pivot": [0, 24, 0],
							"rotation": [0, 0, -5.25],
							"uv": {
								"north": {"uv": [96, 68], "uv_size": [5, 4]},
								"east": {"uv": [96, 68], "uv_size": [5, 4]},
								"south": {"uv": [96, 68], "uv_size": [5, 4]},
								"west": {"uv": [96, 68], "uv_size": [5, 4]},
								"up": {"uv": [101, 72], "uv_size": [-5, -4]},
								"down": {"uv": [101, 72], "uv_size": [-5, -4]}
							}
						},
						{
							"origin": [-0.75, 25.675, -4.175],
							"size": [1.5, 0.425, 1],
							"inflate": -0.05,
							"uv": {
								"north": {"uv": [100, 68], "uv_size": [4, 3]},
								"east": {"uv": [100, 68], "uv_size": [4, 3]},
								"south": {"uv": [100, 68], "uv_size": [4, 3]},
								"west": {"uv": [100, 68], "uv_size": [4, 3]},
								"up": {"uv": [104, 71], "uv_size": [-4, -3]},
								"down": {"uv": [104, 71], "uv_size": [-4, -3]}
							}
						},
						{
							"origin": [-0.25, 24.975, -4.575],
							"size": [0.5, 0.925, 0],
							"inflate": 0.25,
							"pivot": [0, 24, 0],
							"rotation": [-14.25, 0, 0],
							"uv": {
								"north": {"uv": [21, 9], "uv_size": [5, 4]},
								"east": {"uv": [21, 9], "uv_size": [4, 4]},
								"south": {"uv": [22, 9], "uv_size": [5, 4]},
								"west": {"uv": [22, 9], "uv_size": [4, 4]},
								"up": {"uv": [21, 12], "uv_size": [5, -3]},
								"down": {"uv": [22, 12], "uv_size": [5, -3]}
							}
						},
						{
							"origin": [0.625, 25.825, -4.175],
							"size": [1.5, 0.425, 1],
							"inflate": -0.05,
							"uv": {
								"north": {"uv": [100, 68], "uv_size": [4, 3]},
								"east": {"uv": [100, 68], "uv_size": [4, 3]},
								"south": {"uv": [100, 68], "uv_size": [4, 3]},
								"west": {"uv": [100, 68], "uv_size": [4, 3]},
								"up": {"uv": [104, 71], "uv_size": [-4, -3]},
								"down": {"uv": [104, 71], "uv_size": [-4, -3]}
							}
						},
						{
							"origin": [1.875, 25.925, -4.175],
							"size": [1.2, 0.425, 1],
							"inflate": -0.05,
							"uv": {
								"north": {"uv": [100, 68], "uv_size": [4, 3]},
								"east": {"uv": [100, 68], "uv_size": [4, 3]},
								"south": {"uv": [100, 68], "uv_size": [4, 3]},
								"west": {"uv": [100, 68], "uv_size": [4, 3]},
								"up": {"uv": [104, 71], "uv_size": [-4, -3]},
								"down": {"uv": [104, 71], "uv_size": [-4, -3]}
							}
						},
						{
							"origin": [-3.125, 25.925, -4.175],
							"size": [1.2, 0.425, 1],
							"inflate": -0.05,
							"uv": {
								"north": {"uv": [100, 68], "uv_size": [4, 3]},
								"east": {"uv": [100, 68], "uv_size": [4, 3]},
								"south": {"uv": [100, 68], "uv_size": [4, 3]},
								"west": {"uv": [100, 68], "uv_size": [4, 3]},
								"up": {"uv": [104, 71], "uv_size": [-4, -3]},
								"down": {"uv": [104, 71], "uv_size": [-4, -3]}
							}
						},
						{
							"origin": [2.625, 24.875, -4.175],
							"size": [0.45, 1.225, 1],
							"inflate": -0.05,
							"uv": {
								"north": {"uv": [100, 68], "uv_size": [3, 4]},
								"east": {"uv": [100, 68], "uv_size": [3, 4]},
								"south": {"uv": [100, 68], "uv_size": [3, 4]},
								"west": {"uv": [100, 68], "uv_size": [3, 4]},
								"up": {"uv": [103, 72], "uv_size": [-3, -4]},
								"down": {"uv": [103, 72], "uv_size": [-3, -4]}
							}
						},
						{
							"origin": [-3.125, 24.875, -4.175],
							"size": [0.45, 1.225, 1],
							"inflate": -0.05,
							"uv": {
								"north": {"uv": [100, 68], "uv_size": [3, 4]},
								"east": {"uv": [100, 68], "uv_size": [3, 4]},
								"south": {"uv": [100, 68], "uv_size": [3, 4]},
								"west": {"uv": [100, 68], "uv_size": [3, 4]},
								"up": {"uv": [103, 72], "uv_size": [-3, -4]},
								"down": {"uv": [103, 72], "uv_size": [-3, -4]}
							}
						},
						{
							"origin": [2.875, 23.875, -4.175],
							"size": [0.45, 1.225, 1],
							"inflate": -0.05,
							"uv": {
								"north": {"uv": [100, 68], "uv_size": [3, 4]},
								"east": {"uv": [100, 68], "uv_size": [3, 4]},
								"south": {"uv": [100, 68], "uv_size": [3, 4]},
								"west": {"uv": [100, 68], "uv_size": [3, 4]},
								"up": {"uv": [103, 72], "uv_size": [-3, -4]},
								"down": {"uv": [103, 72], "uv_size": [-3, -4]}
							}
						},
						{
							"origin": [-3.375, 23.875, -4.175],
							"size": [0.45, 1.225, 1],
							"inflate": -0.05,
							"uv": {
								"north": {"uv": [100, 68], "uv_size": [3, 4]},
								"east": {"uv": [100, 68], "uv_size": [3, 4]},
								"south": {"uv": [100, 68], "uv_size": [3, 4]},
								"west": {"uv": [100, 68], "uv_size": [3, 4]},
								"up": {"uv": [103, 72], "uv_size": [-3, -4]},
								"down": {"uv": [103, 72], "uv_size": [-3, -4]}
							}
						},
						{
							"origin": [-2.125, 25.825, -4.175],
							"size": [1.5, 0.425, 1],
							"inflate": -0.05,
							"uv": {
								"north": {"uv": [100, 68], "uv_size": [4, 3]},
								"east": {"uv": [100, 68], "uv_size": [4, 3]},
								"south": {"uv": [100, 68], "uv_size": [4, 3]},
								"west": {"uv": [100, 68], "uv_size": [4, 3]},
								"up": {"uv": [104, 71], "uv_size": [-4, -3]},
								"down": {"uv": [104, 71], "uv_size": [-4, -3]}
							}
						},
						{
							"origin": [-4, 24, -4],
							"size": [8, 8, 8],
							"uv": {
								"north": {"uv": [8, 8], "uv_size": [8, 8]},
								"east": {"uv": [0, 8], "uv_size": [8, 8]},
								"south": {"uv": [24, 8], "uv_size": [8, 8]},
								"west": {"uv": [16, 8], "uv_size": [8, 8]},
								"up": {"uv": [8, 0], "uv_size": [8, 8]},
								"down": {"uv": [16, 8], "uv_size": [8, -8]}
							}
						}
					]
				},
				{
					"name": "earLeft",
					"parent": "armorHead",
					"pivot": [0.5, 1.25, 3],
					"cubes": [
						{
							"origin": [-4, 31.15, -0.3],
							"size": [0.85, 3.4, 0.45],
							"inflate": 0.025,
							"pivot": [0.5, 25.25, 3],
							"rotation": [0, 0, 3],
							"uv": {
								"north": {"uv": [14, 5], "uv_size": [0, 3]},
								"east": {"uv": [14, 5], "uv_size": [0, 3]},
								"south": {"uv": [14, 5], "uv_size": [0, 3]},
								"west": {"uv": [14, 5], "uv_size": [0, 3]},
								"up": {"uv": [14, 5], "uv_size": [0, 0]},
								"down": {"uv": [14, 5], "uv_size": [0, 0]}
							}
						},
						{
							"origin": [-3, 31.575, -0.35],
							"size": [0.85, 3.4, 0.5],
							"inflate": 0.025,
							"pivot": [0.5, 25.25, 3],
							"rotation": [0, 0, -3],
							"uv": {
								"north": {"uv": [14, 5], "uv_size": [0, 3]},
								"east": {"uv": [14, 5], "uv_size": [0, 3]},
								"south": {"uv": [14, 5], "uv_size": [0, 3]},
								"west": {"uv": [14, 5], "uv_size": [0, 3]},
								"up": {"uv": [14, 5], "uv_size": [0, 0]},
								"down": {"uv": [14, 5], "uv_size": [0, 0]}
							}
						},
						{
							"origin": [4.425, 34.275, -0.3],
							"size": [0.625, 0.55, 0.375],
							"inflate": 0.025,
							"pivot": [0.5, 25.25, 3],
							"rotation": [0, 0, -45],
							"uv": {
								"north": {"uv": [14, 6], "uv_size": [0, 0]},
								"east": {"uv": [14, 6], "uv_size": [0, 0]},
								"south": {"uv": [14, 6], "uv_size": [0, 0]},
								"west": {"uv": [14, 6], "uv_size": [0, 0]},
								"up": {"uv": [14, 6], "uv_size": [0, 0]},
								"down": {"uv": [14, 6], "uv_size": [0, 0]}
							}
						}
					]
				},
				{
					"name": "earRight",
					"parent": "armorHead",
					"pivot": [-0.5, 25.25, 3],
					"cubes": [
						{
							"origin": [3.095, 31.15, -0.325],
							"size": [0.85, 3.4, 0.45],
							"inflate": 0.025,
							"pivot": [-0.5, 25.25, 3],
							"rotation": [0, 0, -3],
							"uv": {
								"north": {"uv": [15, 6], "uv_size": [0, 3]},
								"east": {"uv": [15, 6], "uv_size": [0, 3]},
								"south": {"uv": [15, 6], "uv_size": [0, 3]},
								"west": {"uv": [15, 6], "uv_size": [0, 3]},
								"up": {"uv": [15, 6], "uv_size": [0, 0]},
								"down": {"uv": [15, 6], "uv_size": [0, 0]}
							}
						},
						{
							"origin": [2.1, 31.575, -0.35],
							"size": [0.85, 3.4, 0.5],
							"inflate": 0.025,
							"pivot": [-0.5, 25.25, 3],
							"rotation": [0, 0, 3],
							"uv": {
								"north": {"uv": [15, 5], "uv_size": [0, 3]},
								"east": {"uv": [15, 5], "uv_size": [0, 3]},
								"south": {"uv": [15, 5], "uv_size": [0, 3]},
								"west": {"uv": [15, 5], "uv_size": [0, 3]},
								"up": {"uv": [15, 5], "uv_size": [0, 0]},
								"down": {"uv": [15, 5], "uv_size": [0, 0]}
							}
						},
						{
							"origin": [-5.075, 34.25, -0.3],
							"size": [0.6, 0.55, 0.375],
							"inflate": 0.025,
							"pivot": [-0.5, 25.25, 3],
							"rotation": [0, 0, 45],
							"uv": {
								"north": {"uv": [14, 5], "uv_size": [0, 0]},
								"east": {"uv": [14, 5], "uv_size": [0, 0]},
								"south": {"uv": [14, 5], "uv_size": [0, 0]},
								"west": {"uv": [14, 5], "uv_size": [0, 0]},
								"up": {"uv": [14, 5], "uv_size": [0, 0]},
								"down": {"uv": [14, 5], "uv_size": [0, 0]}
							}
						}
					]
				},
				{
					"name": "pupilRight",
					"parent": "armorHead",
					"pivot": [0, 24, 0]
				},
				{
					"name": "pupilLeft",
					"parent": "armorHead",
					"pivot": [0, 24, 0],
					"cubes": [
						{
							"origin": [-0.4, 26.575, -4.25],
							"size": [4, 2.25, 1],
							"inflate": -0.2,
							"uv": {
								"north": {"uv": [75, 59], "uv_size": [14, 13]},
								"east": {"uv": [74, 59], "uv_size": [14, 13]},
								"south": {"uv": [77, 59], "uv_size": [14, 13]},
								"west": {"uv": [76, 59], "uv_size": [14, 13]},
								"up": {"uv": [75, 58], "uv_size": [14, 13]},
								"down": {"uv": [76, 71], "uv_size": [14, -13]}
							}
						},
						{
							"origin": [-3.575, 26.575, -4.25],
							"size": [3.65, 2.25, 1],
							"inflate": -0.2,
							"uv": {
								"north": {"uv": [74, 61], "uv_size": [14, 12]},
								"east": {"uv": [73, 61], "uv_size": [14, 12]},
								"south": {"uv": [76, 61], "uv_size": [14, 12]},
								"west": {"uv": [75, 61], "uv_size": [14, 12]},
								"up": {"uv": [74, 60], "uv_size": [14, 12]},
								"down": {"uv": [75, 72], "uv_size": [14, -12]}
							}
						}
					]
				},
				{
					"name": "armorHead2",
					"parent": "armorHead",
					"pivot": [0, 24, 0],
					"cubes": [
						{
							"origin": [-3, 23.75, -3],
							"size": [6, 0.5, 6],
							"uv": {
								"north": {"uv": [106, 79], "uv_size": [9, 3]},
								"east": {"uv": [106, 79], "uv_size": [9, 3]},
								"south": {"uv": [106, 79], "uv_size": [9, 3]},
								"west": {"uv": [106, 79], "uv_size": [9, 3]},
								"up": {"uv": [115, 82], "uv_size": [-9, -3]},
								"down": {"uv": [115, 82], "uv_size": [-9, -3]}
							}
						},
						{
							"origin": [0.5, 26.5, -4.25],
							"size": [3, 0.6, 0.25],
							"uv": {
								"north": {"uv": [118, 20], "uv_size": [2, 0]},
								"east": {"uv": [118, 20], "uv_size": [0, 0]},
								"south": {"uv": [120, 20], "uv_size": [2, 0]},
								"west": {"uv": [120, 20], "uv_size": [0, 0]},
								"up": {"uv": [118, 20], "uv_size": [2, 0]},
								"down": {"uv": [120, 20], "uv_size": [2, 0]}
							}
						},
						{
							"origin": [0.5, 28, -4.25],
							"size": [3.5, 0.5, 0.25],
							"pivot": [0, 24, 0],
							"rotation": [0, 0, -7.5],
							"uv": {
								"north": {"uv": [118, 20], "uv_size": [2, 0]},
								"east": {"uv": [118, 20], "uv_size": [0, 0]},
								"south": {"uv": [120, 20], "uv_size": [2, 0]},
								"west": {"uv": [120, 20], "uv_size": [0, 0]},
								"up": {"uv": [118, 20], "uv_size": [2, 0]},
								"down": {"uv": [120, 20], "uv_size": [2, 0]}
							}
						},
						{
							"origin": [-4.25, 28, -4.25],
							"size": [3.675, 0.5, 0.25],
							"pivot": [0, 24, 0],
							"rotation": [0, 0, 7.5],
							"uv": {
								"north": {"uv": [118, 20], "uv_size": [2, 0]},
								"east": {"uv": [118, 20], "uv_size": [0, 0]},
								"south": {"uv": [120, 20], "uv_size": [2, 0]},
								"west": {"uv": [120, 20], "uv_size": [0, 0]},
								"up": {"uv": [118, 20], "uv_size": [2, 0]},
								"down": {"uv": [120, 20], "uv_size": [2, 0]}
							}
						},
						{
							"origin": [-0.6, 27, -4.1],
							"size": [1.2, 0.5, 0.25],
							"uv": {
								"north": {"uv": [118, 20], "uv_size": [0, 0]},
								"east": {"uv": [118, 20], "uv_size": [0, 0]},
								"south": {"uv": [118, 20], "uv_size": [0, 0]},
								"west": {"uv": [118, 20], "uv_size": [0, 0]},
								"up": {"uv": [118, 20], "uv_size": [0, 0]},
								"down": {"uv": [118, 20], "uv_size": [0, 0]}
							}
						},
						{
							"origin": [-0.425, 27.35, -4.1],
							"size": [0.85, 1, 0.25],
							"uv": {
								"north": {"uv": [118, 20], "uv_size": [0, 0]},
								"east": {"uv": [118, 20], "uv_size": [0, 0]},
								"south": {"uv": [118, 20], "uv_size": [0, 0]},
								"west": {"uv": [118, 20], "uv_size": [0, 0]},
								"up": {"uv": [118, 20], "uv_size": [0, 0]},
								"down": {"uv": [118, 20], "uv_size": [0, 0]}
							}
						},
						{
							"origin": [2.55, 28.3, -4.1],
							"size": [1, 0.25, 0.25],
							"uv": {
								"north": {"uv": [118, 20], "uv_size": [0, 0]},
								"east": {"uv": [118, 20], "uv_size": [0, 0]},
								"south": {"uv": [118, 20], "uv_size": [0, 0]},
								"west": {"uv": [118, 20], "uv_size": [0, 0]},
								"up": {"uv": [118, 20], "uv_size": [0, 0]},
								"down": {"uv": [118, 20], "uv_size": [0, 0]}
							}
						},
						{
							"origin": [-1.45, 28.3, -4.1],
							"size": [0.25, 0.25, 0.25],
							"uv": {
								"north": {"uv": [118, 20], "uv_size": [0, 0]},
								"east": {"uv": [118, 20], "uv_size": [0, 0]},
								"south": {"uv": [118, 20], "uv_size": [0, 0]},
								"west": {"uv": [118, 20], "uv_size": [0, 0]},
								"up": {"uv": [118, 20], "uv_size": [0, 0]},
								"down": {"uv": [118, 20], "uv_size": [0, 0]}
							}
						},
						{
							"origin": [1.175, 28.3, -4.1],
							"size": [0.25, 0.25, 0.25],
							"uv": {
								"north": {"uv": [118, 20], "uv_size": [0, 0]},
								"east": {"uv": [118, 20], "uv_size": [0, 0]},
								"south": {"uv": [118, 20], "uv_size": [0, 0]},
								"west": {"uv": [118, 20], "uv_size": [0, 0]},
								"up": {"uv": [118, 20], "uv_size": [0, 0]},
								"down": {"uv": [118, 20], "uv_size": [0, 0]}
							}
						},
						{
							"origin": [-3.575, 28.3, -4.1],
							"size": [1, 0.25, 0.25],
							"uv": {
								"north": {"uv": [118, 20], "uv_size": [0, 0]},
								"east": {"uv": [118, 20], "uv_size": [0, 0]},
								"south": {"uv": [118, 20], "uv_size": [0, 0]},
								"west": {"uv": [118, 20], "uv_size": [0, 0]},
								"up": {"uv": [118, 20], "uv_size": [0, 0]},
								"down": {"uv": [118, 20], "uv_size": [0, 0]}
							}
						},
						{
							"origin": [-3.5, 26.5, -4.25],
							"size": [3, 0.6, 0.25],
							"uv": {
								"north": {"uv": [118, 20], "uv_size": [2, 0]},
								"east": {"uv": [118, 20], "uv_size": [0, 0]},
								"south": {"uv": [120, 20], "uv_size": [2, 0]},
								"west": {"uv": [120, 20], "uv_size": [0, 0]},
								"up": {"uv": [118, 20], "uv_size": [2, 0]},
								"down": {"uv": [120, 20], "uv_size": [2, 0]}
							}
						},
						{
							"origin": [-3, 28.5, -4.15],
							"size": [5.85, 0.35, 0.25],
							"uv": {
								"north": {"uv": [118, 20], "uv_size": [2, 0]},
								"east": {"uv": [118, 20], "uv_size": [0, 0]},
								"south": {"uv": [120, 20], "uv_size": [2, 0]},
								"west": {"uv": [120, 20], "uv_size": [0, 0]},
								"up": {"uv": [118, 20], "uv_size": [2, 0]},
								"down": {"uv": [120, 20], "uv_size": [2, 0]}
							}
						},
						{
							"origin": [-3.75, 27.05, -4.125],
							"size": [0.5, 1.5, 0.125],
							"uv": {
								"north": {"uv": [118, 20], "uv_size": [0, 1]},
								"east": {"uv": [118, 20], "uv_size": [0, 1]},
								"south": {"uv": [118, 20], "uv_size": [0, 1]},
								"west": {"uv": [118, 20], "uv_size": [0, 1]},
								"up": {"uv": [118, 20], "uv_size": [0, 0]},
								"down": {"uv": [118, 20], "uv_size": [0, 0]}
							}
						}
					]
				},
				{
					"name": "goggles",
					"parent": "armorHead",
					"pivot": [0, 23.5, 0],
					"cubes": [
						{
							"origin": [3.65, 27.05, -4.225],
							"size": [0.5, 1.25, 7.725],
							"uv": {
								"north": {"uv": [111, 24], "uv_size": [1, 1]},
								"east": {"uv": [104, 24], "uv_size": [7, 1]},
								"south": {"uv": [119, 24], "uv_size": [1, 1]},
								"west": {"uv": [112, 24], "uv_size": [7, 1]},
								"up": {"uv": [111, 17], "uv_size": [1, 7]},
								"down": {"uv": [112, 24], "uv_size": [1, -7]}
							}
						},
						{
							"origin": [-4.2, 26.825, 3.175],
							"size": [8.425, 1.25, 0.975],
							"uv": {
								"north": {"uv": [105, 22], "uv_size": [8, 1]},
								"east": {"uv": [105, 22], "uv_size": [0, 1]},
								"south": {"uv": [113, 22], "uv_size": [8, 1]},
								"west": {"uv": [113, 22], "uv_size": [0, 1]},
								"up": {"uv": [105, 22], "uv_size": [8, 0]},
								"down": {"uv": [113, 22], "uv_size": [8, 0]}
							}
						},
						{
							"origin": [-4.1, 27.05, -4.225],
							"size": [0.5, 1.25, 7.725],
							"uv": {
								"north": {"uv": [111, 24], "uv_size": [1, 1]},
								"east": {"uv": [104, 24], "uv_size": [7, 1]},
								"south": {"uv": [119, 24], "uv_size": [1, 1]},
								"west": {"uv": [112, 24], "uv_size": [7, 1]},
								"up": {"uv": [111, 17], "uv_size": [1, 7]},
								"down": {"uv": [112, 24], "uv_size": [1, -7]}
							}
						},
						{
							"origin": [3.25, 27, -4.125],
							"size": [0.5, 1.5, 0.125],
							"uv": {
								"north": {"uv": [118, 20], "uv_size": [0, 1]},
								"east": {"uv": [118, 20], "uv_size": [0, 1]},
								"south": {"uv": [118, 20], "uv_size": [0, 1]},
								"west": {"uv": [118, 20], "uv_size": [0, 1]},
								"up": {"uv": [118, 20], "uv_size": [0, 0]},
								"down": {"uv": [118, 20], "uv_size": [0, 0]}
							}
						}
					]
				},
				{
					"name": "bipedBody",
					"pivot": [0, 24, 0]
				},
				{
					"name": "armorBody",
					"parent": "bipedBody",
					"pivot": [0, 24, 0]
				},
				{
					"name": "bodyTop",
					"parent": "armorBody",
					"pivot": [0, 18, 2],
					"cubes": [
						{
							"origin": [-4, 18, -2],
							"size": [8, 6, 4],
							"uv": {
								"north": {"uv": [20, 20], "uv_size": [8, 6]},
								"east": {"uv": [16, 20], "uv_size": [4, 6]},
								"south": {"uv": [32, 20], "uv_size": [8, 6]},
								"west": {"uv": [28, 20], "uv_size": [4, 6]},
								"up": {"uv": [20, 16], "uv_size": [8, 4]},
								"down": {"uv": [28, 20], "uv_size": [8, -4]}
							}
						},
						{
							"origin": [1.63632, 19.91205, -2.7],
							"size": [0.55, 2.175, 0.9],
							"pivot": [2.25, 21.5, -2.75],
							"rotation": [0, 0, 73],
							"uv": {
								"north": {"uv": [94, 78], "uv_size": [2, 4]},
								"east": {"uv": [93, 78], "uv_size": [3, 4]},
								"south": {"uv": [95, 78], "uv_size": [2, 4]},
								"west": {"uv": [94, 78], "uv_size": [3, 4]},
								"up": {"uv": [96, 77], "uv_size": [-2, 3]},
								"down": {"uv": [96, 80], "uv_size": [-2, -3]}
							}
						},
						{
							"origin": [2.63632, 19.58705, -2.7],
							"size": [0.55, 2.5, 0.9],
							"pivot": [2.25, 21.5, -2.75],
							"rotation": [0, 0, 73],
							"uv": {
								"north": {"uv": [90, 78], "uv_size": [2, 4]},
								"east": {"uv": [89, 78], "uv_size": [3, 4]},
								"south": {"uv": [91, 78], "uv_size": [2, 4]},
								"west": {"uv": [90, 78], "uv_size": [3, 4]},
								"up": {"uv": [92, 77], "uv_size": [-2, 3]},
								"down": {"uv": [92, 80], "uv_size": [-2, -3]}
							}
						},
						{
							"origin": [4.93632, 20.46205, -2.775],
							"size": [0.55, 1.85, 1],
							"pivot": [2.25, 21.5, -2.75],
							"rotation": [0, 0, 149],
							"uv": {
								"north": {"uv": [91, 81], "uv_size": [0, 1]},
								"east": {"uv": [92, 81], "uv_size": [-1, 1]},
								"south": {"uv": [92, 81], "uv_size": [0, 1]},
								"west": {"uv": [91, 81], "uv_size": [-1, 1]},
								"up": {"uv": [91, 80], "uv_size": [0, 1]},
								"down": {"uv": [91, 81], "uv_size": [0, -1]}
							}
						},
						{
							"origin": [1.53632, 21.03705, -2.775],
							"size": [0.55, 1.575, 1],
							"pivot": [2.25, 21.5, -2.75],
							"rotation": [0, 0, 149],
							"uv": {
								"north": {"uv": [96, 79], "uv_size": [2, 3]},
								"east": {"uv": [99, 79], "uv_size": [-3, 3]},
								"south": {"uv": [97, 79], "uv_size": [2, 3]},
								"west": {"uv": [98, 79], "uv_size": [-3, 3]},
								"up": {"uv": [98, 78], "uv_size": [-2, 3]},
								"down": {"uv": [98, 81], "uv_size": [-2, -3]}
							}
						},
						{
							"origin": [1.56132, 21.38705, -2.775],
							"size": [0.55, 1.575, 1],
							"inflate": -0.05,
							"pivot": [2.25, 21.5, -2.75],
							"rotation": [0, 0, 149],
							"uv": {
								"north": {"uv": [96, 79], "uv_size": [2, 3]},
								"east": {"uv": [99, 79], "uv_size": [-3, 3]},
								"south": {"uv": [97, 79], "uv_size": [2, 3]},
								"west": {"uv": [98, 79], "uv_size": [-3, 3]},
								"up": {"uv": [98, 78], "uv_size": [-2, 3]},
								"down": {"uv": [98, 81], "uv_size": [-2, -3]}
							}
						},
						{
							"origin": [6.21132, 23.31205, -2.8],
							"size": [0.55, 1.65, 1],
							"pivot": [2.25, 21.5, -2.75],
							"rotation": [0, 0, -149],
							"uv": {
								"north": {"uv": [97, 80], "uv_size": [2, 3]},
								"east": {"uv": [100, 80], "uv_size": [-3, 3]},
								"south": {"uv": [98, 80], "uv_size": [2, 3]},
								"west": {"uv": [99, 80], "uv_size": [-3, 3]},
								"up": {"uv": [99, 79], "uv_size": [-2, 3]},
								"down": {"uv": [99, 82], "uv_size": [-2, -3]}
							}
						},
						{
							"origin": [2.78632, 22.73705, -2.8],
							"size": [0.55, 1.85, 1],
							"pivot": [2.25, 21.5, -2.75],
							"rotation": [0, 0, -149],
							"uv": {
								"north": {"uv": [91, 81], "uv_size": [0, 1]},
								"east": {"uv": [92, 81], "uv_size": [-1, 1]},
								"south": {"uv": [92, 81], "uv_size": [0, 1]},
								"west": {"uv": [91, 81], "uv_size": [-1, 1]},
								"up": {"uv": [91, 80], "uv_size": [0, 1]},
								"down": {"uv": [91, 81], "uv_size": [0, -1]}
							}
						},
						{
							"origin": [1.83632, 17.78705, -3.075],
							"size": [1, 1, 1],
							"inflate": -0.35,
							"pivot": [2.25, 21.5, -2.75],
							"rotation": [0, 0, 45],
							"uv": {
								"north": {"uv": [92, 81], "uv_size": [-1, 1]},
								"east": {"uv": [93, 81], "uv_size": [-1, 1]},
								"south": {"uv": [94, 81], "uv_size": [-1, 1]},
								"west": {"uv": [91, 81], "uv_size": [-1, 1]},
								"up": {"uv": [92, 80], "uv_size": [-1, 1]},
								"down": {"uv": [93, 81], "uv_size": [-1, -1]}
							}
						},
						{
							"origin": [-0.66368, 17.21205, -3.075],
							"size": [1, 1, 1],
							"inflate": -0.35,
							"pivot": [2.25, 21.5, -2.75],
							"rotation": [0, 0, 45],
							"uv": {
								"north": {"uv": [92, 81], "uv_size": [-1, 1]},
								"east": {"uv": [93, 81], "uv_size": [-1, 1]},
								"south": {"uv": [94, 81], "uv_size": [-1, 1]},
								"west": {"uv": [91, 81], "uv_size": [-1, 1]},
								"up": {"uv": [92, 80], "uv_size": [-1, 1]},
								"down": {"uv": [93, 81], "uv_size": [-1, -1]}
							}
						},
						{
							"origin": [0.33632, 17.73705, -3.075],
							"size": [1, 1, 1],
							"inflate": -0.35,
							"pivot": [2.25, 21.5, -2.75],
							"rotation": [0, 0, 45],
							"uv": {
								"north": {"uv": [92, 81], "uv_size": [-1, 1]},
								"east": {"uv": [93, 81], "uv_size": [-1, 1]},
								"south": {"uv": [94, 81], "uv_size": [-1, 1]},
								"west": {"uv": [91, 81], "uv_size": [-1, 1]},
								"up": {"uv": [92, 80], "uv_size": [-1, 1]},
								"down": {"uv": [93, 81], "uv_size": [-1, -1]}
							}
						},
						{
							"origin": [2.33632, 20.23705, -3.075],
							"size": [1, 1, 1],
							"inflate": -0.35,
							"pivot": [2.25, 21.5, -2.75],
							"rotation": [0, 0, 45],
							"uv": {
								"north": {"uv": [92, 81], "uv_size": [-1, 1]},
								"east": {"uv": [93, 81], "uv_size": [-1, 1]},
								"south": {"uv": [94, 81], "uv_size": [-1, 1]},
								"west": {"uv": [91, 81], "uv_size": [-1, 1]},
								"up": {"uv": [92, 80], "uv_size": [-1, 1]},
								"down": {"uv": [93, 81], "uv_size": [-1, -1]}
							}
						},
						{
							"origin": [1.83632, 19.28705, -3.075],
							"size": [1, 1, 1],
							"inflate": -0.35,
							"pivot": [2.25, 21.5, -2.75],
							"rotation": [0, 0, 45],
							"uv": {
								"north": {"uv": [92, 81], "uv_size": [-1, 1]},
								"east": {"uv": [93, 81], "uv_size": [-1, 1]},
								"south": {"uv": [94, 81], "uv_size": [-1, 1]},
								"west": {"uv": [91, 81], "uv_size": [-1, 1]},
								"up": {"uv": [92, 80], "uv_size": [-1, 1]},
								"down": {"uv": [93, 81], "uv_size": [-1, -1]}
							}
						},
						{
							"origin": [6.18632, 23.71205, -2.775],
							"size": [0.55, 1.575, 1],
							"inflate": -0.05,
							"pivot": [2.25, 21.5, -2.75],
							"rotation": [0, 0, -149],
							"uv": {
								"north": {"uv": [97, 80], "uv_size": [2, 3]},
								"east": {"uv": [100, 80], "uv_size": [-3, 3]},
								"south": {"uv": [98, 80], "uv_size": [2, 3]},
								"west": {"uv": [99, 80], "uv_size": [-3, 3]},
								"up": {"uv": [99, 79], "uv_size": [-2, 3]},
								"down": {"uv": [99, 82], "uv_size": [-2, -3]}
							}
						},
						{
							"origin": [0.28632, 21.36205, -2.85],
							"size": [0.35, 0.825, 1],
							"inflate": -0.025,
							"uv": {
								"north": {"uv": [92, 81], "uv_size": [0, 0]},
								"east": {"uv": [93, 81], "uv_size": [-1, 0]},
								"south": {"uv": [93, 81], "uv_size": [0, 0]},
								"west": {"uv": [92, 81], "uv_size": [-1, 0]},
								"up": {"uv": [92, 80], "uv_size": [0, 1]},
								"down": {"uv": [92, 81], "uv_size": [0, -1]}
							}
						},
						{
							"origin": [-0.53868, 21.36205, -2.85],
							"size": [0.35, 0.825, 1],
							"inflate": -0.025,
							"uv": {
								"north": {"uv": [92, 81], "uv_size": [0, 0]},
								"east": {"uv": [93, 81], "uv_size": [-1, 0]},
								"south": {"uv": [93, 81], "uv_size": [0, 0]},
								"west": {"uv": [92, 81], "uv_size": [-1, 0]},
								"up": {"uv": [92, 80], "uv_size": [0, 1]},
								"down": {"uv": [92, 81], "uv_size": [0, -1]}
							}
						},
						{
							"origin": [-0.61368, 20.13705, -2.625],
							"size": [1.325, 1.575, 1],
							"inflate": 0.05,
							"uv": {
								"north": {"uv": [93, 80], "uv_size": [-1, 1]},
								"east": {"uv": [94, 80], "uv_size": [-1, 1]},
								"south": {"uv": [95, 80], "uv_size": [-1, 1]},
								"west": {"uv": [92, 80], "uv_size": [-1, 1]},
								"up": {"uv": [93, 79], "uv_size": [-1, 1]},
								"down": {"uv": [94, 80], "uv_size": [-1, -1]}
							}
						},
						{
							"origin": [-0.61368, 19.46205, -3.05],
							"size": [1.325, 2.35, 1],
							"inflate": -0.2,
							"uv": {
								"north": {"uv": [92, 79], "uv_size": [-1, 2]},
								"east": {"uv": [93, 79], "uv_size": [-1, 2]},
								"south": {"uv": [94, 79], "uv_size": [-1, 2]},
								"west": {"uv": [91, 79], "uv_size": [-1, 2]},
								"up": {"uv": [92, 78], "uv_size": [-1, 1]},
								"down": {"uv": [93, 79], "uv_size": [-1, -1]}
							}
						},
						{
							"origin": [0.68632, 20.71205, -2.65],
							"size": [2.05, 0.975, 1],
							"uv": {
								"north": {"uv": [91, 78], "uv_size": [4, 2]},
								"east": {"uv": [90, 78], "uv_size": [3, 2]},
								"south": {"uv": [94, 78], "uv_size": [4, 2]},
								"west": {"uv": [93, 78], "uv_size": [3, 2]},
								"up": {"uv": [91, 77], "uv_size": [4, 3]},
								"down": {"uv": [93, 80], "uv_size": [4, -3]}
							}
						},
						{
							"origin": [-2.88868, 20.61205, -2.65],
							"size": [2.275, 1.075, 1],
							"uv": {
								"north": {"uv": [97, 79], "uv_size": [-4, 3]},
								"east": {"uv": [98, 79], "uv_size": [-3, 3]},
								"south": {"uv": [100, 79], "uv_size": [-4, 3]},
								"west": {"uv": [95, 79], "uv_size": [-3, 3]},
								"up": {"uv": [97, 78], "uv_size": [-4, 3]},
								"down": {"uv": [99, 81], "uv_size": [-4, -3]}
							}
						},
						{
							"origin": [1.03632, 24.13705, -2.7],
							"size": [0.55, 2.175, 0.9],
							"pivot": [2.25, 21.5, -2.75],
							"rotation": [0, 0, -73],
							"uv": {
								"north": {"uv": [95, 79], "uv_size": [2, 4]},
								"east": {"uv": [98, 79], "uv_size": [-3, 4]},
								"south": {"uv": [96, 79], "uv_size": [2, 4]},
								"west": {"uv": [97, 79], "uv_size": [-3, 4]},
								"up": {"uv": [97, 78], "uv_size": [-2, 3]},
								"down": {"uv": [97, 81], "uv_size": [-2, -3]}
							}
						},
						{
							"origin": [-0.01368, 23.83705, -2.7],
							"size": [0.55, 2.425, 0.9],
							"pivot": [2.25, 21.5, -2.75],
							"rotation": [0, 0, -73],
							"uv": {
								"north": {"uv": [95, 79], "uv_size": [2, 4]},
								"east": {"uv": [98, 79], "uv_size": [-3, 4]},
								"south": {"uv": [96, 79], "uv_size": [2, 4]},
								"west": {"uv": [97, 79], "uv_size": [-3, 4]},
								"up": {"uv": [97, 78], "uv_size": [-2, 3]},
								"down": {"uv": [97, 81], "uv_size": [-2, -3]}
							}
						},
						{
							"origin": [-3, 22.825, -2.425],
							"size": [2.25, 0.575, 1],
							"inflate": -0.05,
							"uv": {
								"north": {"uv": [71, 96], "uv_size": [4, 2]},
								"east": {"uv": [70, 96], "uv_size": [3, 2]},
								"south": {"uv": [74, 96], "uv_size": [4, 2]},
								"west": {"uv": [73, 96], "uv_size": [3, 2]},
								"up": {"uv": [71, 95], "uv_size": [4, 3]},
								"down": {"uv": [73, 98], "uv_size": [4, -3]}
							}
						},
						{
							"origin": [0.75, 22.825, -2.425],
							"size": [2.25, 0.575, 1],
							"inflate": -0.05,
							"uv": {
								"north": {"uv": [66, 97], "uv_size": [4, 2]},
								"east": {"uv": [65, 97], "uv_size": [3, 2]},
								"south": {"uv": [69, 97], "uv_size": [4, 2]},
								"west": {"uv": [68, 97], "uv_size": [3, 2]},
								"up": {"uv": [66, 96], "uv_size": [4, 3]},
								"down": {"uv": [68, 99], "uv_size": [4, -3]}
							}
						},
						{
							"origin": [-1.175, 22.95, -2.425],
							"size": [2.25, 0.575, 1],
							"inflate": -0.05,
							"uv": {
								"north": {"uv": [70, 96], "uv_size": [4, 2]},
								"east": {"uv": [69, 96], "uv_size": [3, 2]},
								"south": {"uv": [73, 96], "uv_size": [4, 2]},
								"west": {"uv": [72, 96], "uv_size": [3, 2]},
								"up": {"uv": [70, 95], "uv_size": [4, 3]},
								"down": {"uv": [72, 98], "uv_size": [4, -3]}
							}
						},
						{
							"origin": [2.75, 22.675, -2.25],
							"size": [1.25, 0.425, 1],
							"inflate": 0.05,
							"uv": {
								"north": {"uv": [60, 96], "uv_size": [3, 2]},
								"east": {"uv": [59, 96], "uv_size": [3, 2]},
								"south": {"uv": [62, 96], "uv_size": [3, 2]},
								"west": {"uv": [61, 96], "uv_size": [3, 2]},
								"up": {"uv": [60, 95], "uv_size": [3, 3]},
								"down": {"uv": [61, 98], "uv_size": [3, -3]}
							}
						},
						{
							"origin": [-4, 22.675, -2.25],
							"size": [1.25, 0.425, 1],
							"inflate": 0.05,
							"uv": {
								"north": {"uv": [65, 96], "uv_size": [3, 2]},
								"east": {"uv": [64, 96], "uv_size": [3, 2]},
								"south": {"uv": [67, 96], "uv_size": [3, 2]},
								"west": {"uv": [66, 96], "uv_size": [3, 2]},
								"up": {"uv": [65, 95], "uv_size": [3, 3]},
								"down": {"uv": [66, 98], "uv_size": [3, -3]}
							}
						},
						{
							"origin": [-3.6, 18.5, -2.525],
							"size": [7.3, 4, 1],
							"inflate": -0.05,
							"uv": {
								"north": {"uv": [91, 22], "uv_size": [7, 4]},
								"east": {"uv": [90, 22], "uv_size": [1, 4]},
								"south": {"uv": [99, 22], "uv_size": [7, 4]},
								"west": {"uv": [98, 22], "uv_size": [1, 4]},
								"up": {"uv": [91, 21], "uv_size": [7, 1]},
								"down": {"uv": [98, 22], "uv_size": [7, -1]}
							}
						},
						{
							"origin": [-3.6, 18.5, -2.075],
							"size": [7.3, 4, 1],
							"inflate": 0.1,
							"uv": {
								"north": {"uv": [98, 36], "uv_size": [7, 4]},
								"east": {"uv": [97, 36], "uv_size": [1, 4]},
								"south": {"uv": [106, 36], "uv_size": [7, 4]},
								"west": {"uv": [105, 36], "uv_size": [1, 4]},
								"up": {"uv": [98, 35], "uv_size": [7, 1]},
								"down": {"uv": [105, 36], "uv_size": [7, -1]}
							}
						}
					]
				},
				{
					"name": "brood",
					"parent": "bodyTop",
					"pivot": [0, 24, 0],
					"cubes": [
						{
							"origin": [-5, 2.75, 1.65],
							"size": [10, 21, 0.6],
							"pivot": [0, 24, 0],
							"rotation": [6, 0, 0],
							"uv": {
								"north": {"uv": [98, 102], "uv_size": [11, 22]},
								"east": {"uv": [98, 102], "uv_size": [1, 22]},
								"south": {"uv": [108, 102], "uv_size": [11, 22]},
								"west": {"uv": [108, 102], "uv_size": [1, 22]},
								"up": {"uv": [98, 103], "uv_size": [11, -1]},
								"down": {"uv": [108, 103], "uv_size": [11, -1]}
							}
						},
						{
							"origin": [-7.7, 4.05, 0.85],
							"size": [15.4, 17.5, 1.3],
							"inflate": -0.3,
							"pivot": [0, 24, 0],
							"rotation": [6, 0, 0],
							"uv": {
								"north": {"uv": [90, 81], "uv_size": [16, 18]},
								"east": {"uv": [89, 81], "uv_size": [2, 18]},
								"south": {"uv": [106, 81], "uv_size": [16, 18]},
								"west": {"uv": [105, 81], "uv_size": [2, 18]},
								"up": {"uv": [90, 80], "uv_size": [16, 2]},
								"down": {"uv": [105, 82], "uv_size": [16, -2]}
							}
						},
						{
							"origin": [-5.05, 2.55, 1.075],
							"size": [10.25, 2.125, 1.075],
							"inflate": -0.3,
							"pivot": [0, 24, 0],
							"rotation": [6, 0, 0],
							"uv": {
								"north": {"uv": [88, 97], "uv_size": [11, 3]},
								"east": {"uv": [87, 97], "uv_size": [2, 3]},
								"south": {"uv": [99, 97], "uv_size": [11, 3]},
								"west": {"uv": [98, 97], "uv_size": [2, 3]},
								"up": {"uv": [88, 96], "uv_size": [11, 2]},
								"down": {"uv": [98, 98], "uv_size": [11, -2]}
							}
						},
						{
							"origin": [5, 4, 1.25],
							"size": [3.25, 19.5, 0.75],
							"pivot": [0, 24, 0],
							"rotation": [6, 0, 0],
							"uv": {
								"north": {"uv": [108, 103], "uv_size": [4, 20]},
								"east": {"uv": [108, 103], "uv_size": [1, 20]},
								"south": {"uv": [111, 103], "uv_size": [4, 20]},
								"west": {"uv": [111, 103], "uv_size": [1, 20]},
								"up": {"uv": [108, 104], "uv_size": [4, -1]},
								"down": {"uv": [111, 104], "uv_size": [4, -1]}
							}
						},
						{
							"origin": [-13, 6, 1.75],
							"size": [1, 1, 0.3],
							"pivot": [0, 24, 0],
							"rotation": [4.2504, 4.23876, -44.84263],
							"uv": {
								"north": {"uv": [107, 108], "uv_size": [2, 2]},
								"east": {"uv": [107, 108], "uv_size": [1, 2]},
								"south": {"uv": [108, 108], "uv_size": [2, 2]},
								"west": {"uv": [108, 108], "uv_size": [1, 2]},
								"up": {"uv": [107, 109], "uv_size": [2, -1]},
								"down": {"uv": [108, 109], "uv_size": [2, -1]}
							}
						},
						{
							"origin": [-10.25, 5.25, 1.75],
							"size": [1, 1, 0.15],
							"pivot": [0, 24, 0],
							"rotation": [4.2504, 4.23876, -44.84263],
							"uv": {
								"north": {"uv": [107, 108], "uv_size": [2, 2]},
								"east": {"uv": [107, 108], "uv_size": [1, 2]},
								"south": {"uv": [108, 108], "uv_size": [2, 2]},
								"west": {"uv": [108, 108], "uv_size": [1, 2]},
								"up": {"uv": [107, 109], "uv_size": [2, -1]},
								"down": {"uv": [108, 109], "uv_size": [2, -1]}
							}
						},
						{
							"origin": [-9.5, 4.5, 1.75],
							"size": [1, 1, 0.15],
							"pivot": [0, 24, 0],
							"rotation": [4.2504, 4.23876, -44.84263],
							"uv": {
								"north": {"uv": [107, 108], "uv_size": [2, 2]},
								"east": {"uv": [107, 108], "uv_size": [1, 2]},
								"south": {"uv": [108, 108], "uv_size": [2, 2]},
								"west": {"uv": [108, 108], "uv_size": [1, 2]},
								"up": {"uv": [107, 109], "uv_size": [2, -1]},
								"down": {"uv": [108, 109], "uv_size": [2, -1]}
							}
						},
						{
							"origin": [-18.725, 13.8, 1.75],
							"size": [1, 1, 0.15],
							"pivot": [0, 24, 0],
							"rotation": [4.2504, 4.23876, -44.84263],
							"uv": {
								"north": {"uv": [115, 103], "uv_size": [2, 2]},
								"east": {"uv": [115, 103], "uv_size": [1, 2]},
								"south": {"uv": [116, 103], "uv_size": [2, 2]},
								"west": {"uv": [116, 103], "uv_size": [1, 2]},
								"up": {"uv": [115, 104], "uv_size": [2, -1]},
								"down": {"uv": [116, 104], "uv_size": [2, -1]}
							}
						},
						{
							"origin": [-19.475, 14.55, 1.75],
							"size": [1, 1, 0.15],
							"pivot": [0, 24, 0],
							"rotation": [4.2504, 4.23876, -44.84263],
							"uv": {
								"north": {"uv": [115, 103], "uv_size": [2, 2]},
								"east": {"uv": [115, 103], "uv_size": [1, 2]},
								"south": {"uv": [116, 103], "uv_size": [2, 2]},
								"west": {"uv": [116, 103], "uv_size": [1, 2]},
								"up": {"uv": [115, 104], "uv_size": [2, -1]},
								"down": {"uv": [116, 104], "uv_size": [2, -1]}
							}
						},
						{
							"origin": [-14.5, 7.5, 1.75],
							"size": [1, 1, 0.3],
							"pivot": [0, 24, 0],
							"rotation": [4.2504, 4.23876, -44.84263],
							"uv": {
								"north": {"uv": [105, 106], "uv_size": [2, 2]},
								"east": {"uv": [105, 106], "uv_size": [1, 2]},
								"south": {"uv": [106, 106], "uv_size": [2, 2]},
								"west": {"uv": [106, 106], "uv_size": [1, 2]},
								"up": {"uv": [105, 107], "uv_size": [2, -1]},
								"down": {"uv": [106, 107], "uv_size": [2, -1]}
							}
						},
						{
							"origin": [-13.75, 6.75, 1.75],
							"size": [1, 1, 0.3],
							"pivot": [0, 24, 0],
							"rotation": [4.2504, 4.23876, -44.84263],
							"uv": {
								"north": {"uv": [105, 106], "uv_size": [2, 2]},
								"east": {"uv": [105, 106], "uv_size": [1, 2]},
								"south": {"uv": [106, 106], "uv_size": [2, 2]},
								"west": {"uv": [106, 106], "uv_size": [1, 2]},
								"up": {"uv": [105, 107], "uv_size": [2, -1]},
								"down": {"uv": [106, 107], "uv_size": [2, -1]}
							}
						},
						{
							"origin": [-15.6, 8.5, 1.75],
							"size": [1, 1, 0.3],
							"pivot": [0, 24, 0],
							"rotation": [4.2504, 4.23876, -44.84263],
							"uv": {
								"north": {"uv": [105, 106], "uv_size": [2, 2]},
								"east": {"uv": [105, 106], "uv_size": [1, 2]},
								"south": {"uv": [106, 106], "uv_size": [2, 2]},
								"west": {"uv": [106, 106], "uv_size": [1, 2]},
								"up": {"uv": [105, 107], "uv_size": [2, -1]},
								"down": {"uv": [106, 107], "uv_size": [2, -1]}
							}
						},
						{
							"origin": [-16.5, 9.5, 1.75],
							"size": [1, 1, 0.3],
							"pivot": [0, 24, 0],
							"rotation": [4.2504, 4.23876, -44.84263],
							"uv": {
								"north": {"uv": [108, 106], "uv_size": [2, 2]},
								"east": {"uv": [108, 106], "uv_size": [1, 2]},
								"south": {"uv": [109, 106], "uv_size": [2, 2]},
								"west": {"uv": [109, 106], "uv_size": [1, 2]},
								"up": {"uv": [108, 107], "uv_size": [2, -1]},
								"down": {"uv": [109, 107], "uv_size": [2, -1]}
							}
						},
						{
							"origin": [-17.25, 10.25, 1.75],
							"size": [1, 1, 0.3],
							"pivot": [0, 24, 0],
							"rotation": [4.2504, 4.23876, -44.84263],
							"uv": {
								"north": {"uv": [108, 106], "uv_size": [2, 2]},
								"east": {"uv": [108, 106], "uv_size": [1, 2]},
								"south": {"uv": [109, 106], "uv_size": [2, 2]},
								"west": {"uv": [109, 106], "uv_size": [1, 2]},
								"up": {"uv": [108, 107], "uv_size": [2, -1]},
								"down": {"uv": [109, 107], "uv_size": [2, -1]}
							}
						},
						{
							"origin": [-18, 11, 1.75],
							"size": [1, 1, 0.3],
							"pivot": [0, 24, 0],
							"rotation": [4.2504, 4.23876, -44.84263],
							"uv": {
								"north": {"uv": [108, 106], "uv_size": [2, 2]},
								"east": {"uv": [108, 106], "uv_size": [1, 2]},
								"south": {"uv": [109, 106], "uv_size": [2, 2]},
								"west": {"uv": [109, 106], "uv_size": [1, 2]},
								"up": {"uv": [108, 107], "uv_size": [2, -1]},
								"down": {"uv": [109, 107], "uv_size": [2, -1]}
							}
						},
						{
							"origin": [-18.25, 12.75, 1.75],
							"size": [1, 1.25, 0.375],
							"pivot": [0, 24, 0],
							"rotation": [4.2504, 4.23876, -44.84263],
							"uv": {
								"north": {"uv": [111, 106], "uv_size": [2, 2]},
								"east": {"uv": [111, 106], "uv_size": [1, 2]},
								"south": {"uv": [112, 106], "uv_size": [2, 2]},
								"west": {"uv": [112, 106], "uv_size": [1, 2]},
								"up": {"uv": [111, 107], "uv_size": [2, -1]},
								"down": {"uv": [112, 107], "uv_size": [2, -1]}
							}
						},
						{
							"origin": [17.25, 12.75, 1.75],
							"size": [1, 1.25, 0.375],
							"pivot": [0, 24, 0],
							"rotation": [4.2504, -4.23876, 44.84263],
							"uv": {
								"north": {"uv": [105, 106], "uv_size": [2, 2]},
								"east": {"uv": [105, 106], "uv_size": [1, 2]},
								"south": {"uv": [106, 106], "uv_size": [2, 2]},
								"west": {"uv": [106, 106], "uv_size": [1, 2]},
								"up": {"uv": [105, 107], "uv_size": [2, -1]},
								"down": {"uv": [106, 107], "uv_size": [2, -1]}
							}
						},
						{
							"origin": [-8, 6, 1.75],
							"size": [3, 17.5, 0.25],
							"pivot": [0, 24, 0],
							"rotation": [6, 0, 0],
							"uv": {
								"north": {"uv": [116, 102], "uv_size": [4, 18]},
								"east": {"uv": [116, 102], "uv_size": [1, 18]},
								"south": {"uv": [119, 102], "uv_size": [4, 18]},
								"west": {"uv": [119, 102], "uv_size": [1, 18]},
								"up": {"uv": [116, 103], "uv_size": [4, -1]},
								"down": {"uv": [119, 103], "uv_size": [4, -1]}
							}
						},
						{
							"origin": [-8.25, 4, 1.25],
							"size": [3.25, 19.5, 0.75],
							"pivot": [0, 24, 0],
							"rotation": [6, 0, 0],
							"uv": {
								"north": {"uv": [116, 102], "uv_size": [4, 20]},
								"east": {"uv": [116, 102], "uv_size": [1, 20]},
								"south": {"uv": [119, 102], "uv_size": [4, 20]},
								"west": {"uv": [119, 102], "uv_size": [1, 20]},
								"up": {"uv": [116, 103], "uv_size": [4, -1]},
								"down": {"uv": [119, 103], "uv_size": [4, -1]}
							}
						},
						{
							"origin": [-8.725, 6.6, -3.6],
							"size": [0.675, 17.2, 5.65],
							"pivot": [0, 24, 0],
							"rotation": [6, 0, 0],
							"uv": {
								"north": {"uv": [119, 108], "uv_size": [1, 18]},
								"east": {"uv": [125, 108], "uv_size": [-6, 18]},
								"south": {"uv": [124, 108], "uv_size": [1, 18]},
								"west": {"uv": [120, 108], "uv_size": [-6, 18]},
								"up": {"uv": [120, 103], "uv_size": [-1, 6]},
								"down": {"uv": [120, 109], "uv_size": [-1, -6]}
							}
						},
						{
							"origin": [3.725, 21.125, -3.35],
							"size": [4.925, 4.3, 5.4],
							"inflate": -0.1,
							"pivot": [0, 24, 0],
							"rotation": [5.93457, -0.88527, 8.45411],
							"uv": {
								"north": {"uv": [114, 109], "uv_size": [5, 5]},
								"east": {"uv": [109, 109], "uv_size": [6, 5]},
								"south": {"uv": [123, 109], "uv_size": [5, 5]},
								"west": {"uv": [118, 109], "uv_size": [6, 5]},
								"up": {"uv": [114, 104], "uv_size": [5, 6]},
								"down": {"uv": [118, 110], "uv_size": [5, -6]}
							}
						},
						{
							"origin": [-0.525, 9.625, -3.35],
							"size": [3.925, 13.85, 1.15],
							"inflate": -0.1,
							"pivot": [0, 24, 0],
							"rotation": [0, 0, -22.5],
							"uv": {
								"north": {"uv": [110, 105], "uv_size": [4, 14]},
								"east": {"uv": [109, 105], "uv_size": [2, 14]},
								"south": {"uv": [114, 105], "uv_size": [4, 14]},
								"west": {"uv": [113, 105], "uv_size": [2, 14]},
								"up": {"uv": [110, 104], "uv_size": [4, 2]},
								"down": {"uv": [113, 106], "uv_size": [4, -2]}
							}
						},
						{
							"origin": [-5.025, 8.425, -3.15],
							"size": [3.425, 2.25, 1.15],
							"inflate": -0.15,
							"pivot": [0, 24, 0],
							"rotation": [0, 0, -40.5],
							"uv": {
								"north": {"uv": [110, 108], "uv_size": [4, 3]},
								"east": {"uv": [109, 108], "uv_size": [2, 3]},
								"south": {"uv": [114, 108], "uv_size": [4, 3]},
								"west": {"uv": [113, 108], "uv_size": [2, 3]},
								"up": {"uv": [110, 107], "uv_size": [4, 2]},
								"down": {"uv": [113, 109], "uv_size": [4, -2]}
							}
						},
						{
							"origin": [-10.525, 10.175, -3.15],
							"size": [3.175, 1.75, 1.15],
							"inflate": -0.225,
							"pivot": [0, 24, 0],
							"rotation": [0, 0, -63],
							"uv": {
								"north": {"uv": [110, 108], "uv_size": [4, 2]},
								"east": {"uv": [109, 108], "uv_size": [2, 2]},
								"south": {"uv": [114, 108], "uv_size": [4, 2]},
								"west": {"uv": [113, 108], "uv_size": [2, 2]},
								"up": {"uv": [110, 107], "uv_size": [4, 2]},
								"down": {"uv": [113, 109], "uv_size": [4, -2]}
							}
						},
						{
							"origin": [-8.825, 8.425, -3.15],
							"size": [1.675, 2.55, 1.15],
							"inflate": -0.275,
							"uv": {
								"north": {"uv": [110, 108], "uv_size": [2, 3]},
								"east": {"uv": [109, 108], "uv_size": [2, 3]},
								"south": {"uv": [112, 108], "uv_size": [2, 3]},
								"west": {"uv": [111, 108], "uv_size": [2, 3]},
								"up": {"uv": [110, 107], "uv_size": [2, 2]},
								"down": {"uv": [111, 109], "uv_size": [2, -2]}
							}
						},
						{
							"origin": [7.175, 8.425, -3.15],
							"size": [1.675, 2.55, 1.15],
							"inflate": -0.275,
							"uv": {
								"north": {"uv": [110, 108], "uv_size": [2, 3]},
								"east": {"uv": [109, 108], "uv_size": [2, 3]},
								"south": {"uv": [112, 108], "uv_size": [2, 3]},
								"west": {"uv": [111, 108], "uv_size": [2, 3]},
								"up": {"uv": [110, 107], "uv_size": [2, 2]},
								"down": {"uv": [111, 109], "uv_size": [2, -2]}
							}
						},
						{
							"origin": [7.325, 10.175, -3.15],
							"size": [3.175, 1.75, 1.15],
							"inflate": -0.225,
							"pivot": [0, 24, 0],
							"rotation": [0, 0, 63],
							"uv": {
								"north": {"uv": [110, 108], "uv_size": [4, 2]},
								"east": {"uv": [109, 108], "uv_size": [2, 2]},
								"south": {"uv": [114, 108], "uv_size": [4, 2]},
								"west": {"uv": [113, 108], "uv_size": [2, 2]},
								"up": {"uv": [110, 107], "uv_size": [4, 2]},
								"down": {"uv": [113, 109], "uv_size": [4, -2]}
							}
						},
						{
							"origin": [1.625, 8.525, -3.15],
							"size": [3.325, 2.15, 1.15],
							"inflate": -0.15,
							"pivot": [0, 24, 0],
							"rotation": [0, 0, 40.5],
							"uv": {
								"north": {"uv": [109, 108], "uv_size": [4, 3]},
								"east": {"uv": [108, 108], "uv_size": [2, 3]},
								"south": {"uv": [113, 108], "uv_size": [4, 3]},
								"west": {"uv": [112, 108], "uv_size": [2, 3]},
								"up": {"uv": [109, 107], "uv_size": [4, 2]},
								"down": {"uv": [112, 109], "uv_size": [4, -2]}
							}
						},
						{
							"origin": [-3.375, 9.625, -3.35],
							"size": [3.925, 13.85, 1.15],
							"inflate": -0.1,
							"pivot": [0, 24, 0],
							"rotation": [0, 0, 22.5],
							"uv": {
								"north": {"uv": [110, 105], "uv_size": [4, 14]},
								"east": {"uv": [109, 105], "uv_size": [2, 14]},
								"south": {"uv": [114, 105], "uv_size": [4, 14]},
								"west": {"uv": [113, 105], "uv_size": [2, 14]},
								"up": {"uv": [110, 104], "uv_size": [4, 2]},
								"down": {"uv": [113, 106], "uv_size": [4, -2]}
							}
						},
						{
							"origin": [-5.875, 15.625, -3.35],
							"size": [2.925, 5.85, 1.15],
							"inflate": -0.15,
							"pivot": [0, 24, 0],
							"rotation": [0, 0, 22.5],
							"uv": {
								"north": {"uv": [113, 105], "uv_size": [-3, 6]},
								"east": {"uv": [114, 105], "uv_size": [-2, 6]},
								"south": {"uv": [116, 105], "uv_size": [-3, 6]},
								"west": {"uv": [111, 105], "uv_size": [-2, 6]},
								"up": {"uv": [113, 104], "uv_size": [-3, 2]},
								"down": {"uv": [115, 106], "uv_size": [-3, -2]}
							}
						},
						{
							"origin": [3.125, 15.625, -3.35],
							"size": [2.925, 5.85, 1.15],
							"inflate": -0.15,
							"pivot": [0, 24, 0],
							"rotation": [0, 0, -22.5],
							"uv": {
								"north": {"uv": [110, 105], "uv_size": [3, 6]},
								"east": {"uv": [109, 105], "uv_size": [2, 6]},
								"south": {"uv": [113, 105], "uv_size": [3, 6]},
								"west": {"uv": [112, 105], "uv_size": [2, 6]},
								"up": {"uv": [110, 104], "uv_size": [3, 2]},
								"down": {"uv": [112, 106], "uv_size": [3, -2]}
							}
						},
						{
							"origin": [5.225, 11.65, -3.35],
							"size": [2.325, 6.25, 1.15],
							"inflate": -0.175,
							"pivot": [0, 24, 0],
							"rotation": [0, 0, -6],
							"uv": {
								"north": {"uv": [109, 105], "uv_size": [3, 7]},
								"east": {"uv": [108, 105], "uv_size": [2, 7]},
								"south": {"uv": [112, 105], "uv_size": [3, 7]},
								"west": {"uv": [111, 105], "uv_size": [2, 7]},
								"up": {"uv": [109, 104], "uv_size": [3, 2]},
								"down": {"uv": [111, 106], "uv_size": [3, -2]}
							}
						},
						{
							"origin": [-7.525, 11.65, -3.35],
							"size": [2.325, 6.25, 1.15],
							"inflate": -0.175,
							"pivot": [0, 24, 0],
							"rotation": [0, 0, 6],
							"uv": {
								"north": {"uv": [112, 105], "uv_size": [-3, 7]},
								"east": {"uv": [113, 105], "uv_size": [-2, 7]},
								"south": {"uv": [115, 105], "uv_size": [-3, 7]},
								"west": {"uv": [110, 105], "uv_size": [-2, 7]},
								"up": {"uv": [112, 104], "uv_size": [-3, 2]},
								"down": {"uv": [114, 106], "uv_size": [-3, -2]}
							}
						},
						{
							"origin": [-0.425, 23.075, -3.35],
							"size": [4.925, 2.3, 5.4],
							"inflate": -0.2,
							"pivot": [0, 24, 0],
							"rotation": [5.93457, -0.88527, 8.45411],
							"uv": {
								"north": {"uv": [114, 109], "uv_size": [5, 3]},
								"east": {"uv": [109, 109], "uv_size": [6, 3]},
								"south": {"uv": [123, 109], "uv_size": [5, 3]},
								"west": {"uv": [118, 109], "uv_size": [6, 3]},
								"up": {"uv": [114, 104], "uv_size": [5, 6]},
								"down": {"uv": [118, 110], "uv_size": [5, -6]}
							}
						},
						{
							"origin": [-8.675, 21.2, -3.35],
							"size": [4.925, 4.3, 5.4],
							"inflate": -0.1,
							"pivot": [0, 24, 0],
							"rotation": [5.92666, 0.93693, -8.9515],
							"uv": {
								"north": {"uv": [114, 109], "uv_size": [5, 5]},
								"east": {"uv": [109, 109], "uv_size": [6, 5]},
								"south": {"uv": [123, 109], "uv_size": [5, 5]},
								"west": {"uv": [118, 109], "uv_size": [6, 5]},
								"up": {"uv": [114, 104], "uv_size": [5, 6]},
								"down": {"uv": [118, 110], "uv_size": [5, -6]}
							}
						},
						{
							"origin": [-4.425, 22.95, -3.35],
							"size": [4.925, 2.55, 5.4],
							"inflate": -0.3,
							"pivot": [0, 24, 0],
							"rotation": [5.92666, 0.93693, -8.9515],
							"uv": {
								"north": {"uv": [114, 109], "uv_size": [5, 3]},
								"east": {"uv": [109, 109], "uv_size": [6, 3]},
								"south": {"uv": [123, 109], "uv_size": [5, 3]},
								"west": {"uv": [118, 109], "uv_size": [6, 3]},
								"up": {"uv": [114, 104], "uv_size": [5, 6]},
								"down": {"uv": [118, 110], "uv_size": [5, -6]}
							}
						},
						{
							"origin": [-4.2, 22.975, -3.35],
							"size": [4.275, 1.325, 5.4],
							"inflate": -0.1,
							"pivot": [0, 24, 0],
							"rotation": [5.64056, 2.04881, -19.89906],
							"uv": {
								"north": {"uv": [114, 109], "uv_size": [5, 2]},
								"east": {"uv": [109, 109], "uv_size": [6, 2]},
								"south": {"uv": [123, 109], "uv_size": [5, 2]},
								"west": {"uv": [118, 109], "uv_size": [6, 2]},
								"up": {"uv": [114, 104], "uv_size": [5, 6]},
								"down": {"uv": [118, 110], "uv_size": [5, -6]}
							}
						},
						{
							"origin": [-0.3, 22.75, -3.35],
							"size": [4.425, 1.3, 5.4],
							"inflate": -0.1,
							"pivot": [0, 24, 0],
							"rotation": [5.77628, -1.62589, 15.66797],
							"uv": {
								"north": {"uv": [114, 109], "uv_size": [5, 2]},
								"east": {"uv": [109, 109], "uv_size": [6, 2]},
								"south": {"uv": [123, 109], "uv_size": [5, 2]},
								"west": {"uv": [118, 109], "uv_size": [6, 2]},
								"up": {"uv": [114, 104], "uv_size": [5, 6]},
								"down": {"uv": [118, 110], "uv_size": [5, -6]}
							}
						},
						{
							"origin": [8.025, 6.6, -3.6],
							"size": [0.675, 17.2, 5.65],
							"pivot": [0, 24, 0],
							"rotation": [6, 0, 0],
							"uv": {
								"north": {"uv": [114, 108], "uv_size": [1, 18]},
								"east": {"uv": [109, 108], "uv_size": [6, 18]},
								"south": {"uv": [119, 108], "uv_size": [1, 18]},
								"west": {"uv": [114, 108], "uv_size": [6, 18]},
								"up": {"uv": [115, 103], "uv_size": [-1, 6]},
								"down": {"uv": [115, 109], "uv_size": [-1, -6]}
							}
						},
						{
							"origin": [-8.725, 6.65, 3.55],
							"size": [0.675, 2.1, 5.05],
							"inflate": -0.05,
							"pivot": [0, 24, 0],
							"rotation": [-16.5, 0, 0],
							"uv": {
								"north": {"uv": [121, 102], "uv_size": [1, 3]},
								"east": {"uv": [116, 102], "uv_size": [6, 3]},
								"south": {"uv": [126, 102], "uv_size": [1, 3]},
								"west": {"uv": [121, 102], "uv_size": [6, 3]},
								"up": {"uv": [122, 97], "uv_size": [-1, 6]},
								"down": {"uv": [122, 103], "uv_size": [-1, -6]}
							}
						},
						{
							"origin": [8.025, 6.65, 3.55],
							"size": [0.675, 2.1, 5.05],
							"inflate": -0.05,
							"pivot": [0, 24, 0],
							"rotation": [-16.5, 0, 0],
							"uv": {
								"north": {"uv": [114, 109], "uv_size": [1, 3]},
								"east": {"uv": [109, 109], "uv_size": [6, 3]},
								"south": {"uv": [119, 109], "uv_size": [1, 3]},
								"west": {"uv": [114, 109], "uv_size": [6, 3]},
								"up": {"uv": [115, 104], "uv_size": [-1, 6]},
								"down": {"uv": [115, 110], "uv_size": [-1, -6]}
							}
						}
					]
				},
				{
					"name": "bodyBottom",
					"parent": "armorBody",
					"pivot": [0, 11, 0],
					"cubes": [
						{
							"origin": [-2.6, 10.85, -2.425],
							"size": [5.05, 1.425, 4.85],
							"inflate": 0.05,
							"uv": {
								"north": {"uv": [94, 83], "uv_size": [5, 1]},
								"east": {"uv": [90, 83], "uv_size": [4, 1]},
								"south": {"uv": [103, 83], "uv_size": [5, 1]},
								"west": {"uv": [99, 83], "uv_size": [4, 1]},
								"up": {"uv": [94, 79], "uv_size": [5, 4]},
								"down": {"uv": [99, 83], "uv_size": [5, -4]}
							}
						},
						{
							"origin": [-4, 12, -2],
							"size": [8, 6, 4],
							"uv": {
								"north": {"uv": [20, 26], "uv_size": [8, 6]},
								"east": {"uv": [16, 26], "uv_size": [4, 6]},
								"south": {"uv": [32, 26], "uv_size": [8, 6]},
								"west": {"uv": [28, 26], "uv_size": [4, 6]},
								"up": {"uv": [20, 22], "uv_size": [8, 4]},
								"down": {"uv": [28, 26], "uv_size": [8, -4]}
							}
						},
						{
							"origin": [-4.2, 11.55, -2.65],
							"size": [8.425, 1.45, 5.125],
							"inflate": -0.05,
							"uv": {
								"north": {"uv": [95, 83], "uv_size": [8, 1]},
								"east": {"uv": [90, 83], "uv_size": [5, 1]},
								"south": {"uv": [108, 83], "uv_size": [8, 1]},
								"west": {"uv": [103, 83], "uv_size": [5, 1]},
								"up": {"uv": [95, 78], "uv_size": [8, 5]},
								"down": {"uv": [103, 83], "uv_size": [8, -5]}
							}
						},
						{
							"origin": [-2.25, 14.525, -2.4],
							"size": [4.5, 5.075, 1],
							"uv": {
								"north": {"uv": [93, 20], "uv_size": [4, 5]},
								"east": {"uv": [92, 20], "uv_size": [1, 5]},
								"south": {"uv": [98, 20], "uv_size": [4, 5]},
								"west": {"uv": [97, 20], "uv_size": [1, 5]},
								"up": {"uv": [93, 19], "uv_size": [4, 1]},
								"down": {"uv": [97, 20], "uv_size": [4, -1]}
							}
						},
						{
							"origin": [2.25, 16.15, -2.275],
							"size": [0.7, 3.45, 1],
							"uv": {
								"north": {"uv": [93, 20], "uv_size": [0, 3]},
								"east": {"uv": [92, 20], "uv_size": [1, 3]},
								"south": {"uv": [94, 20], "uv_size": [0, 3]},
								"west": {"uv": [93, 20], "uv_size": [1, 3]},
								"up": {"uv": [93, 19], "uv_size": [0, 1]},
								"down": {"uv": [93, 20], "uv_size": [0, -1]}
							}
						},
						{
							"origin": [-2.95, 16.15, -2.25],
							"size": [0.7, 3.45, 1],
							"uv": {
								"north": {"uv": [93, 20], "uv_size": [0, 3]},
								"east": {"uv": [92, 20], "uv_size": [1, 3]},
								"south": {"uv": [94, 20], "uv_size": [0, 3]},
								"west": {"uv": [93, 20], "uv_size": [1, 3]},
								"up": {"uv": [93, 19], "uv_size": [0, 1]},
								"down": {"uv": [93, 20], "uv_size": [0, -1]}
							}
						},
						{
							"origin": [-6.75, 10.375, -3.075],
							"size": [13.5, 6.575, 6],
							"inflate": -2.5,
							"uv": {
								"north": {"uv": [96, 56], "uv_size": [13, 6]},
								"east": {"uv": [90, 56], "uv_size": [6, 6]},
								"south": {"uv": [115, 56], "uv_size": [13, 6]},
								"west": {"uv": [109, 56], "uv_size": [6, 6]},
								"up": {"uv": [96, 50], "uv_size": [13, 6]},
								"down": {"uv": [109, 56], "uv_size": [13, -6]}
							}
						},
						{
							"origin": [-2.475, 17.15, -2.65],
							"size": [2.3, 1.25, 1],
							"inflate": -0.1,
							"uv": {
								"north": {"uv": [91, 23], "uv_size": [2, 1]},
								"east": {"uv": [90, 23], "uv_size": [1, 1]},
								"south": {"uv": [94, 23], "uv_size": [2, 1]},
								"west": {"uv": [93, 23], "uv_size": [1, 1]},
								"up": {"uv": [91, 22], "uv_size": [2, 1]},
								"down": {"uv": [93, 23], "uv_size": [2, -1]}
							}
						},
						{
							"origin": [-2.475, 15.9, -2.65],
							"size": [2.3, 1.25, 1],
							"inflate": -0.1,
							"uv": {
								"north": {"uv": [91, 23], "uv_size": [2, 1]},
								"east": {"uv": [90, 23], "uv_size": [1, 1]},
								"south": {"uv": [94, 23], "uv_size": [2, 1]},
								"west": {"uv": [93, 23], "uv_size": [1, 1]},
								"up": {"uv": [91, 22], "uv_size": [2, 1]},
								"down": {"uv": [93, 23], "uv_size": [2, -1]}
							}
						},
						{
							"origin": [-2.475, 14.65, -2.65],
							"size": [2.3, 1.25, 1],
							"inflate": -0.1,
							"uv": {
								"north": {"uv": [91, 23], "uv_size": [2, 1]},
								"east": {"uv": [90, 23], "uv_size": [1, 1]},
								"south": {"uv": [94, 23], "uv_size": [2, 1]},
								"west": {"uv": [93, 23], "uv_size": [1, 1]},
								"up": {"uv": [91, 22], "uv_size": [2, 1]},
								"down": {"uv": [93, 23], "uv_size": [2, -1]}
							}
						},
						{
							"origin": [0.15, 17.15, -2.65],
							"size": [2.3, 1.25, 1],
							"inflate": -0.1,
							"uv": {
								"north": {"uv": [93, 23], "uv_size": [-2, 1]},
								"east": {"uv": [94, 23], "uv_size": [-1, 1]},
								"south": {"uv": [96, 23], "uv_size": [-2, 1]},
								"west": {"uv": [91, 23], "uv_size": [-1, 1]},
								"up": {"uv": [93, 22], "uv_size": [-2, 1]},
								"down": {"uv": [95, 23], "uv_size": [-2, -1]}
							}
						},
						{
							"origin": [0.15, 15.9, -2.65],
							"size": [2.3, 1.25, 1],
							"inflate": -0.1,
							"uv": {
								"north": {"uv": [93, 23], "uv_size": [-2, 1]},
								"east": {"uv": [94, 23], "uv_size": [-1, 1]},
								"south": {"uv": [96, 23], "uv_size": [-2, 1]},
								"west": {"uv": [91, 23], "uv_size": [-1, 1]},
								"up": {"uv": [93, 22], "uv_size": [-2, 1]},
								"down": {"uv": [95, 23], "uv_size": [-2, -1]}
							}
						},
						{
							"origin": [0.15, 14.65, -2.65],
							"size": [2.3, 1.25, 1],
							"inflate": -0.1,
							"uv": {
								"north": {"uv": [93, 23], "uv_size": [-2, 1]},
								"east": {"uv": [94, 23], "uv_size": [-1, 1]},
								"south": {"uv": [96, 23], "uv_size": [-2, 1]},
								"west": {"uv": [91, 23], "uv_size": [-1, 1]},
								"up": {"uv": [93, 22], "uv_size": [-2, 1]},
								"down": {"uv": [95, 23], "uv_size": [-2, -1]}
							}
						}
					]
				},
				{
					"name": "belt",
					"parent": "bodyBottom",
					"pivot": [0, 24, 0],
					"cubes": [
						{
							"origin": [-4.15, 9.375, -6.1],
							"size": [8.4, 8.575, 7.475],
							"inflate": -3.35,
							"uv": {
								"north": {"uv": [74, 77], "uv_size": [14, 14]},
								"east": {"uv": [93, 56], "uv_size": [7, 8]},
								"south": {"uv": [115, 56], "uv_size": [8, 8]},
								"west": {"uv": [108, 56], "uv_size": [7, 8]},
								"up": {"uv": [100, 49], "uv_size": [8, 7]},
								"down": {"uv": [108, 56], "uv_size": [8, -7]}
							}
						},
						{
							"origin": [-4.15, 9.375, -6.325],
							"size": [8.4, 8.575, 7.475],
							"inflate": -3.5,
							"uv": {
								"north": {"uv": [74, 77], "uv_size": [14, 14]},
								"east": {"uv": [93, 56], "uv_size": [7, 8]},
								"south": {"uv": [115, 56], "uv_size": [8, 8]},
								"west": {"uv": [108, 56], "uv_size": [7, 8]},
								"up": {"uv": [100, 49], "uv_size": [8, 7]},
								"down": {"uv": [108, 56], "uv_size": [8, -7]}
							}
						},
						{
							"origin": [-6.75, 10.375, -5.05],
							"size": [13.5, 6.575, 6.975],
							"inflate": -2.5,
							"uv": {
								"north": {"uv": [73, 86], "uv_size": [16, 6]},
								"east": {"uv": [90, 56], "uv_size": [6, 6]},
								"south": {"uv": [115, 56], "uv_size": [13, 6]},
								"west": {"uv": [73, 84], "uv_size": [16, 6]},
								"up": {"uv": [96, 50], "uv_size": [13, 6]},
								"down": {"uv": [109, 56], "uv_size": [13, -6]}
							}
						},
						{
							"origin": [-2.275, 9.375, -5.95],
							"size": [8.05, 8.575, 7.475],
							"inflate": -3.3,
							"uv": {
								"north": {"uv": [82, 50], "uv_size": [7, 8]},
								"east": {"uv": [94, 55], "uv_size": [7, 8]},
								"south": {"uv": [116, 55], "uv_size": [8, 8]},
								"west": {"uv": [109, 55], "uv_size": [7, 8]},
								"up": {"uv": [82, 50], "uv_size": [7, 3]},
								"down": {"uv": [82, 58], "uv_size": [7, -3]}
							}
						},
						{
							"origin": [-0.65, 9.375, -5.95],
							"size": [8.05, 8.575, 7.475],
							"inflate": -3.3,
							"uv": {
								"north": {"uv": [82, 50], "uv_size": [7, 8]},
								"east": {"uv": [94, 55], "uv_size": [7, 8]},
								"south": {"uv": [116, 55], "uv_size": [8, 8]},
								"west": {"uv": [109, 55], "uv_size": [7, 8]},
								"up": {"uv": [82, 50], "uv_size": [7, 3]},
								"down": {"uv": [82, 58], "uv_size": [7, -3]}
							}
						},
						{
							"origin": [-5.7, 9.375, -5.95],
							"size": [8.05, 8.575, 7.475],
							"inflate": -3.3,
							"uv": {
								"north": {"uv": [82, 50], "uv_size": [7, 8]},
								"east": {"uv": [94, 55], "uv_size": [7, 8]},
								"south": {"uv": [116, 55], "uv_size": [8, 8]},
								"west": {"uv": [109, 55], "uv_size": [7, 8]},
								"up": {"uv": [82, 50], "uv_size": [7, 3]},
								"down": {"uv": [82, 58], "uv_size": [7, -4]}
							}
						},
						{
							"origin": [-7.35, 9.375, -5.95],
							"size": [8.05, 8.575, 7.475],
							"inflate": -3.3,
							"uv": {
								"north": {"uv": [82, 50], "uv_size": [7, 8]},
								"east": {"uv": [94, 55], "uv_size": [7, 8]},
								"south": {"uv": [116, 55], "uv_size": [8, 8]},
								"west": {"uv": [109, 55], "uv_size": [7, 8]},
								"up": {"uv": [82, 50], "uv_size": [7, 3]},
								"down": {"uv": [82, 58], "uv_size": [7, -4]}
							}
						},
						{
							"origin": [-1.55, 9.375, -2.2],
							"size": [8.4, 8.575, 7.975],
							"inflate": -3.2,
							"uv": {
								"north": {"uv": [104, 55], "uv_size": [8, 8]},
								"east": {"uv": [97, 55], "uv_size": [7, 8]},
								"south": {"uv": [119, 55], "uv_size": [8, 8]},
								"west": {"uv": [112, 55], "uv_size": [7, 8]},
								"up": {"uv": [104, 48], "uv_size": [8, 7]},
								"down": {"uv": [112, 55], "uv_size": [8, -7]}
							}
						},
						{
							"origin": [-4.225, 9.375, -1.95],
							"size": [8.4, 8.575, 7.725],
							"inflate": -3.2,
							"uv": {
								"north": {"uv": [112, 55], "uv_size": [-8, 8]},
								"east": {"uv": [119, 55], "uv_size": [-7, 8]},
								"south": {"uv": [127, 55], "uv_size": [-8, 8]},
								"west": {"uv": [104, 55], "uv_size": [-7, 8]},
								"up": {"uv": [112, 48], "uv_size": [-8, 7]},
								"down": {"uv": [120, 55], "uv_size": [-8, -7]}
							}
						},
						{
							"origin": [-6.875, 9.375, -2.2],
							"size": [8.4, 8.575, 7.975],
							"inflate": -3.2,
							"uv": {
								"north": {"uv": [111, 55], "uv_size": [-8, 8]},
								"east": {"uv": [118, 55], "uv_size": [-7, 8]},
								"south": {"uv": [126, 55], "uv_size": [-8, 8]},
								"west": {"uv": [103, 55], "uv_size": [-7, 8]},
								"up": {"uv": [111, 48], "uv_size": [-8, 7]},
								"down": {"uv": [119, 55], "uv_size": [-8, -7]}
							}
						},
						{
							"origin": [-6.75, 10.375, -2.075],
							"size": [13.5, 6.575, 6.975],
							"inflate": -2.5,
							"uv": {
								"north": {"uv": [96, 57], "uv_size": [13, 6]},
								"east": {"uv": [90, 57], "uv_size": [6, 6]},
								"south": {"uv": [115, 57], "uv_size": [13, 6]},
								"west": {"uv": [109, 57], "uv_size": [6, 6]},
								"up": {"uv": [96, 51], "uv_size": [13, 6]},
								"down": {"uv": [109, 57], "uv_size": [13, -6]}
							}
						}
					]
				},
				{
					"name": "bipedRightArm",
					"pivot": [-4, 22, 0]
				},
				{
					"name": "armorRightArm",
					"parent": "bipedRightArm",
					"pivot": [-4, 22, 0]
				},
				{
					"name": "rightArmTop",
					"parent": "armorRightArm",
					"pivot": [-4, 22, 0],
					"cubes": [
						{
							"origin": [-9.4, 16.95, -3.025],
							"size": [5.8, 5, 6],
							"inflate": -1.2,
							"uv": {
								"north": {"uv": [112, 42], "uv_size": [5, 5]},
								"east": {"uv": [106, 42], "uv_size": [6, 5]},
								"south": {"uv": [123, 42], "uv_size": [5, 5]},
								"west": {"uv": [117, 42], "uv_size": [6, 5]},
								"up": {"uv": [112, 36], "uv_size": [5, 6]},
								"down": {"uv": [117, 42], "uv_size": [5, -6]}
							}
						},
						{
							"origin": [-8.9, 17.05, -3.375],
							"size": [5.8, 4.9, 6.75],
							"inflate": -1.1,
							"uv": {
								"north": {"uv": [112, 43], "uv_size": [5, 4]},
								"east": {"uv": [106, 43], "uv_size": [6, 4]},
								"south": {"uv": [123, 43], "uv_size": [5, 4]},
								"west": {"uv": [117, 43], "uv_size": [6, 4]},
								"up": {"uv": [112, 37], "uv_size": [5, 6]},
								"down": {"uv": [117, 43], "uv_size": [5, -6]}
							}
						},
						{
							"origin": [-2.975, 28.625, -2.25],
							"size": [2.15, 0.575, 1.65],
							"inflate": 0.025,
							"pivot": [4, 22.75, -2.25],
							"rotation": [0, 0, -51],
							"uv": {
								"north": {"uv": [68, 94], "uv_size": [4, 2]},
								"east": {"uv": [67, 94], "uv_size": [3, 2]},
								"south": {"uv": [71, 94], "uv_size": [4, 2]},
								"west": {"uv": [70, 94], "uv_size": [3, 2]},
								"up": {"uv": [68, 93], "uv_size": [4, 3]},
								"down": {"uv": [70, 96], "uv_size": [4, -3]}
							}
						},
						{
							"origin": [-8.125, 21.05, -2.25],
							"size": [3.1, 0.425, 4.4],
							"inflate": 0.05,
							"uv": {
								"north": {"uv": [72, 96], "uv_size": [5, 2]},
								"east": {"uv": [68, 96], "uv_size": [6, 2]},
								"south": {"uv": [79, 96], "uv_size": [5, 2]},
								"west": {"uv": [75, 96], "uv_size": [6, 2]},
								"up": {"uv": [72, 92], "uv_size": [5, 6]},
								"down": {"uv": [75, 98], "uv_size": [5, -6]}
							}
						},
						{
							"origin": [-8, 18, -2],
							"size": [4, 6, 4],
							"uv": {
								"north": {"uv": [44, 20], "uv_size": [4, 6]},
								"east": {"uv": [40, 20], "uv_size": [4, 6]},
								"south": {"uv": [52, 20], "uv_size": [4, 6]},
								"west": {"uv": [48, 20], "uv_size": [4, 6]},
								"up": {"uv": [44, 16], "uv_size": [4, 4]},
								"down": {"uv": [48, 20], "uv_size": [4, -4]}
							}
						}
					]
				},
				{
					"name": "rightArmBottom",
					"parent": "armorRightArm",
					"pivot": [-6, 18, 2],
					"cubes": [
						{
							"origin": [-8, 12, -2],
							"size": [4, 6, 4],
							"uv": {
								"north": {"uv": [19, 81], "uv_size": [4, 6]},
								"east": {"uv": [15, 81], "uv_size": [4, 6]},
								"south": {"uv": [27, 81], "uv_size": [4, 6]},
								"west": {"uv": [23, 81], "uv_size": [4, 6]},
								"up": {"uv": [19, 77], "uv_size": [4, 4]},
								"down": {"uv": [23, 81], "uv_size": [4, -4]}
							}
						},
						{
							"origin": [-8.08868, 16.88705, -2.25],
							"size": [2.225, 1.1, 4.5],
							"uv": {
								"north": {"uv": [120, 84], "uv_size": [-2, 1]},
								"east": {"uv": [124, 84], "uv_size": [-4, 1]},
								"south": {"uv": [126, 84], "uv_size": [-2, 1]},
								"west": {"uv": [118, 84], "uv_size": [-4, 1]},
								"up": {"uv": [120, 80], "uv_size": [-2, 4]},
								"down": {"uv": [122, 84], "uv_size": [-2, -4]}
							}
						},
						{
							"origin": [-4.58868, 25.98705, -2.25],
							"size": [1.075, 2.375, 4.5],
							"pivot": [2.25, 21.5, -2.75],
							"rotation": [0, 0, -73],
							"uv": {
								"north": {"uv": [120, 83], "uv_size": [1, 2]},
								"east": {"uv": [116, 83], "uv_size": [4, 2]},
								"south": {"uv": [125, 83], "uv_size": [1, 2]},
								"west": {"uv": [121, 83], "uv_size": [4, 2]},
								"up": {"uv": [120, 79], "uv_size": [1, 4]},
								"down": {"uv": [121, 83], "uv_size": [1, -4]}
							}
						},
						{
							"origin": [-7.48882, 19.97691, -0.5],
							"size": [1, 2.75, 1],
							"inflate": 0.15,
							"pivot": [8.75, 16.75, 0],
							"rotation": [0, 0, -24],
							"uv": {
								"north": {"uv": [91, 83], "uv_size": [1, 2]},
								"east": {"uv": [90, 83], "uv_size": [1, 2]},
								"south": {"uv": [93, 83], "uv_size": [1, 2]},
								"west": {"uv": [92, 83], "uv_size": [1, 2]},
								"up": {"uv": [91, 82], "uv_size": [1, 1]},
								"down": {"uv": [92, 83], "uv_size": [1, -1]}
							}
						},
						{
							"origin": [-6.68882, 21.52691, -0.5],
							"size": [1, 2.75, 1],
							"inflate": 0.15,
							"pivot": [8.75, 16.75, 0],
							"rotation": [0, 0, -24],
							"uv": {
								"north": {"uv": [91, 83], "uv_size": [1, 2]},
								"east": {"uv": [90, 83], "uv_size": [1, 2]},
								"south": {"uv": [93, 83], "uv_size": [1, 2]},
								"west": {"uv": [92, 83], "uv_size": [1, 2]},
								"up": {"uv": [91, 82], "uv_size": [1, 1]},
								"down": {"uv": [92, 83], "uv_size": [1, -1]}
							}
						}
					]
				},
				{
					"name": "bipedLeftArm",
					"pivot": [4, 22, 0]
				},
				{
					"name": "armorLeftArm",
					"parent": "bipedLeftArm",
					"pivot": [4, 22, 0]
				},
				{
					"name": "leftArmTop",
					"parent": "armorLeftArm",
					"pivot": [4, 22, 0],
					"cubes": [
						{
							"origin": [4, 18, -2],
							"size": [4, 6, 4],
							"uv": {
								"north": {"uv": [36, 52], "uv_size": [4, 6]},
								"east": {"uv": [32, 52], "uv_size": [4, 6]},
								"south": {"uv": [44, 52], "uv_size": [4, 6]},
								"west": {"uv": [40, 52], "uv_size": [4, 6]},
								"up": {"uv": [36, 48], "uv_size": [4, 4]},
								"down": {"uv": [40, 52], "uv_size": [4, -4]}
							}
						},
						{
							"origin": [3.6, 16.95, -3.025],
							"size": [5.8, 5, 6],
							"inflate": -1.2,
							"uv": {
								"north": {"uv": [117, 42], "uv_size": [-5, 5]},
								"east": {"uv": [123, 42], "uv_size": [-6, 5]},
								"south": {"uv": [128, 42], "uv_size": [-5, 5]},
								"west": {"uv": [112, 42], "uv_size": [-6, 5]},
								"up": {"uv": [117, 36], "uv_size": [-5, 6]},
								"down": {"uv": [122, 42], "uv_size": [-5, -6]}
							}
						},
						{
							"origin": [3.1, 17.05, -3.375],
							"size": [5.8, 4.9, 6.75],
							"inflate": -1.1,
							"uv": {
								"north": {"uv": [117, 42], "uv_size": [-5, 4]},
								"east": {"uv": [123, 42], "uv_size": [-6, 4]},
								"south": {"uv": [128, 42], "uv_size": [-5, 4]},
								"west": {"uv": [112, 42], "uv_size": [-6, 4]},
								"up": {"uv": [117, 36], "uv_size": [-5, 6]},
								"down": {"uv": [122, 42], "uv_size": [-5, -6]}
							}
						},
						{
							"origin": [3.775, 22.35, -2.25],
							"size": [2.15, 0.675, 1.65],
							"inflate": 0.025,
							"pivot": [4, 22.75, -2.25],
							"rotation": [0, 0, 51],
							"uv": {
								"north": {"uv": [68, 94], "uv_size": [4, 2]},
								"east": {"uv": [67, 94], "uv_size": [3, 2]},
								"south": {"uv": [71, 94], "uv_size": [4, 2]},
								"west": {"uv": [70, 94], "uv_size": [3, 2]},
								"up": {"uv": [68, 93], "uv_size": [4, 3]},
								"down": {"uv": [70, 96], "uv_size": [4, -3]}
							}
						},
						{
							"origin": [5.125, 21.05, -2.25],
							"size": [3.1, 0.425, 4.4],
							"inflate": 0.05,
							"uv": {
								"north": {"uv": [72, 96], "uv_size": [5, 2]},
								"east": {"uv": [68, 96], "uv_size": [6, 2]},
								"south": {"uv": [79, 96], "uv_size": [5, 2]},
								"west": {"uv": [75, 96], "uv_size": [6, 2]},
								"up": {"uv": [72, 92], "uv_size": [5, 6]},
								"down": {"uv": [75, 98], "uv_size": [5, -6]}
							}
						}
					]
				},
				{
					"name": "leftArmBottom",
					"parent": "armorLeftArm",
					"pivot": [6, 18, 2],
					"cubes": [
						{
							"origin": [6.71132, 21.76205, -2.25],
							"size": [1.075, 2.375, 4.5],
							"pivot": [2.25, 21.5, -2.75],
							"rotation": [0, 0, 73],
							"uv": {
								"north": {"uv": [121, 83], "uv_size": [1, 2]},
								"east": {"uv": [117, 83], "uv_size": [4, 2]},
								"south": {"uv": [126, 83], "uv_size": [1, 2]},
								"west": {"uv": [122, 83], "uv_size": [4, 2]},
								"up": {"uv": [121, 79], "uv_size": [1, 4]},
								"down": {"uv": [122, 83], "uv_size": [1, -4]}
							}
						},
						{
							"origin": [4, 12, -2],
							"size": [4, 6, 4],
							"uv": {
								"north": {"uv": [19, 70], "uv_size": [4, 6]},
								"east": {"uv": [15, 70], "uv_size": [4, 6]},
								"south": {"uv": [27, 70], "uv_size": [4, 6]},
								"west": {"uv": [23, 70], "uv_size": [4, 6]},
								"up": {"uv": [19, 66], "uv_size": [4, 4]},
								"down": {"uv": [23, 70], "uv_size": [4, -4]}
							}
						},
						{
							"origin": [7.26118, 14.42691, -0.5],
							"size": [1, 2.75, 1],
							"inflate": 0.15,
							"pivot": [8.75, 16.75, 0],
							"rotation": [0, 0, 24],
							"uv": {
								"north": {"uv": [90, 83], "uv_size": [1, 2]},
								"east": {"uv": [89, 83], "uv_size": [1, 2]},
								"south": {"uv": [92, 83], "uv_size": [1, 2]},
								"west": {"uv": [91, 83], "uv_size": [1, 2]},
								"up": {"uv": [90, 82], "uv_size": [1, 1]},
								"down": {"uv": [91, 83], "uv_size": [1, -1]}
							}
						},
						{
							"origin": [8.01118, 12.92691, -0.5],
							"size": [1, 2.75, 1],
							"inflate": 0.15,
							"pivot": [8.75, 16.75, 0],
							"rotation": [0, 0, 24],
							"uv": {
								"north": {"uv": [91, 83], "uv_size": [1, 2]},
								"east": {"uv": [90, 83], "uv_size": [1, 2]},
								"south": {"uv": [93, 83], "uv_size": [1, 2]},
								"west": {"uv": [92, 83], "uv_size": [1, 2]},
								"up": {"uv": [91, 82], "uv_size": [1, 1]},
								"down": {"uv": [92, 83], "uv_size": [1, -1]}
							}
						},
						{
							"origin": [6.01132, 16.88705, -2.25],
							"size": [2.225, 1.1, 4.5],
							"uv": {
								"north": {"uv": [119, 84], "uv_size": [2, 1]},
								"east": {"uv": [115, 84], "uv_size": [4, 1]},
								"south": {"uv": [125, 84], "uv_size": [2, 1]},
								"west": {"uv": [121, 84], "uv_size": [4, 1]},
								"up": {"uv": [119, 80], "uv_size": [2, 4]},
								"down": {"uv": [121, 84], "uv_size": [2, -4]}
							}
						}
					]
				},
				{
					"name": "bipedLeftLeg",
					"pivot": [2, 12, 0]
				},
				{
					"name": "armorLeftLeg",
					"parent": "bipedLeftLeg",
					"pivot": [2, 12, 0],
					"cubes": [
						{
							"origin": [0, 6, -2],
							"size": [4, 6, 4],
							"uv": {
								"north": {"uv": [20, 52], "uv_size": [4, 6]},
								"east": {"uv": [16, 52], "uv_size": [4, 6]},
								"south": {"uv": [28, 52], "uv_size": [4, 6]},
								"west": {"uv": [24, 52], "uv_size": [4, 6]},
								"up": {"uv": [20, 48], "uv_size": [4, 4]},
								"down": {"uv": [24, 52], "uv_size": [4, -4]}
							}
						},
						{
							"origin": [-0.9, 5.45, -3.375],
							"size": [5.8, 6.85, 6.75],
							"inflate": -1.1,
							"uv": {
								"north": {"uv": [111, 40], "uv_size": [-5, 6]},
								"east": {"uv": [117, 40], "uv_size": [-6, 6]},
								"south": {"uv": [122, 40], "uv_size": [-5, 6]},
								"west": {"uv": [106, 40], "uv_size": [-6, 6]},
								"up": {"uv": [111, 34], "uv_size": [-5, 6]},
								"down": {"uv": [116, 40], "uv_size": [-5, -6]}
							}
						},
						{
							"origin": [2.225, 5.45, -2.875],
							"size": [3.05, 6.85, 5.75],
							"inflate": -1.1,
							"uv": {
								"north": {"uv": [108, 39], "uv_size": [-3, 6]},
								"east": {"uv": [113, 39], "uv_size": [-5, 6]},
								"south": {"uv": [116, 39], "uv_size": [-3, 6]},
								"west": {"uv": [105, 39], "uv_size": [-5, 6]},
								"up": {"uv": [108, 34], "uv_size": [-3, 5]},
								"down": {"uv": [111, 39], "uv_size": [-3, -5]}
							}
						}
					]
				},
				{
					"name": "armorLeftBoot",
					"parent": "bipedLeftLeg",
					"pivot": [2, 12, 0],
					"cubes": [
						{
							"origin": [0.525, 0.5, -2.25],
							"size": [2.95, 5.075, 4.5],
							"inflate": 0.15,
							"uv": {
								"north": {"uv": [95, 89], "uv_size": [-2, 5]},
								"east": {"uv": [99, 89], "uv_size": [-4, 5]},
								"south": {"uv": [101, 89], "uv_size": [-2, 5]},
								"west": {"uv": [93, 89], "uv_size": [-4, 5]},
								"up": {"uv": [95, 85], "uv_size": [-2, 4]},
								"down": {"uv": [97, 89], "uv_size": [-2, -4]}
							}
						},
						{
							"origin": [2.1, 0.5, -1.5],
							"size": [1.95, 5.075, 3],
							"inflate": 0.15,
							"uv": {
								"north": {"uv": [93, 79], "uv_size": [-1, 5]},
								"east": {"uv": [96, 79], "uv_size": [-3, 5]},
								"south": {"uv": [97, 79], "uv_size": [-1, 5]},
								"west": {"uv": [92, 79], "uv_size": [-3, 5]},
								"up": {"uv": [93, 76], "uv_size": [-1, 3]},
								"down": {"uv": [94, 79], "uv_size": [-1, -3]}
							}
						},
						{
							"origin": [0, 0, -2],
							"size": [4, 6, 4],
							"uv": {
								"north": {"uv": [42, 70], "uv_size": [4, 6]},
								"east": {"uv": [38, 70], "uv_size": [4, 6]},
								"south": {"uv": [50, 70], "uv_size": [4, 6]},
								"west": {"uv": [46, 70], "uv_size": [4, 6]},
								"up": {"uv": [42, 66], "uv_size": [4, 4]},
								"down": {"uv": [46, 70], "uv_size": [4, -4]}
							}
						}
					]
				},
				{
					"name": "bipedRightLeg",
					"pivot": [-2, 12, 0]
				},
				{
					"name": "armorRightLeg",
					"parent": "bipedRightLeg",
					"pivot": [-2, 12, 0],
					"cubes": [
						{
							"origin": [-4.9, 5.425, -3.375],
							"size": [5.8, 6.85, 6.75],
							"inflate": -1.1,
							"uv": {
								"north": {"uv": [102, 40], "uv_size": [5, 6]},
								"east": {"uv": [96, 40], "uv_size": [6, 6]},
								"south": {"uv": [113, 40], "uv_size": [5, 6]},
								"west": {"uv": [107, 40], "uv_size": [6, 6]},
								"up": {"uv": [102, 34], "uv_size": [5, 6]},
								"down": {"uv": [107, 40], "uv_size": [5, -6]}
							}
						},
						{
							"origin": [-5.25, 5.45, -2.875],
							"size": [3.05, 6.85, 5.75],
							"inflate": -1.1,
							"uv": {
								"north": {"uv": [105, 39], "uv_size": [3, 6]},
								"east": {"uv": [100, 39], "uv_size": [5, 6]},
								"south": {"uv": [113, 39], "uv_size": [3, 6]},
								"west": {"uv": [108, 39], "uv_size": [5, 6]},
								"up": {"uv": [105, 34], "uv_size": [3, 5]},
								"down": {"uv": [108, 39], "uv_size": [3, -5]}
							}
						},
						{
							"origin": [-4, 6, -2],
							"size": [4, 6, 4],
							"uv": {
								"north": {"uv": [4, 20], "uv_size": [4, 6]},
								"east": {"uv": [0, 20], "uv_size": [4, 6]},
								"south": {"uv": [12, 20], "uv_size": [4, 6]},
								"west": {"uv": [8, 20], "uv_size": [4, 6]},
								"up": {"uv": [4, 16], "uv_size": [4, 4]},
								"down": {"uv": [8, 20], "uv_size": [4, -4]}
							}
						}
					]
				},
				{
					"name": "armorRightBoot",
					"parent": "bipedRightLeg",
					"pivot": [-2, 12, 0],
					"cubes": [
						{
							"origin": [-4.05, 0.5, -1.5],
							"size": [1.95, 5.075, 3],
							"inflate": 0.15,
							"uv": {
								"north": {"uv": [92, 79], "uv_size": [1, 5]},
								"east": {"uv": [89, 79], "uv_size": [3, 5]},
								"south": {"uv": [96, 79], "uv_size": [1, 5]},
								"west": {"uv": [93, 79], "uv_size": [3, 5]},
								"up": {"uv": [92, 76], "uv_size": [1, 3]},
								"down": {"uv": [93, 79], "uv_size": [1, -3]}
							}
						},
						{
							"origin": [-3.475, 0.5, -2.25],
							"size": [2.95, 5.075, 4.5],
							"inflate": 0.15,
							"uv": {
								"north": {"uv": [93, 89], "uv_size": [2, 5]},
								"east": {"uv": [89, 89], "uv_size": [4, 5]},
								"south": {"uv": [99, 89], "uv_size": [2, 5]},
								"west": {"uv": [95, 89], "uv_size": [4, 5]},
								"up": {"uv": [93, 85], "uv_size": [2, 4]},
								"down": {"uv": [95, 89], "uv_size": [2, -4]}
							}
						},
						{
							"origin": [-4, 0, -2],
							"size": [4, 6, 4],
							"uv": {
								"north": {"uv": [42, 81], "uv_size": [4, 6]},
								"east": {"uv": [38, 81], "uv_size": [4, 6]},
								"south": {"uv": [50, 81], "uv_size": [4, 6]},
								"west": {"uv": [46, 81], "uv_size": [4, 6]},
								"up": {"uv": [42, 77], "uv_size": [4, 4]},
								"down": {"uv": [46, 81], "uv_size": [4, -4]}
							}
						}
					]
				}
			]
		}
	]
}