{
	"format_version": "1.12.0",
	"minecraft:geometry": [
		{
			"description": {
				"identifier": "geometry.unknown",
				"texture_width": 128,
				"texture_height": 128,
				"visible_bounds_width": 5,
				"visible_bounds_height": 3.5,
				"visible_bounds_offset": [0, 1.25, 0]
			},
			"bones": [
				{
					"name": "bipedHead",
					"pivot": [0, 24, 0]
				},
				{
					"name": "armorHead",
					"parent": "bipedHead",
					"pivot": [0, 24, 0],
					"cubes": [
						{
							"origin": [-3.625, 28.6, -4.425],
							"size": [2.975, 1.1, 1],
							"inflate": -0.25,
							"uv": {
								"north": {"uv": [95, 109], "uv_size": [2, 1]},
								"east": {"uv": [94, 109], "uv_size": [1, 1]},
								"south": {"uv": [98, 109], "uv_size": [2, 1]},
								"west": {"uv": [97, 109], "uv_size": [1, 1]},
								"up": {"uv": [95, 108], "uv_size": [2, 1]},
								"down": {"uv": [97, 109], "uv_size": [2, -1]}
							}
						},
						{
							"origin": [-3.3, 27.025, -4.1],
							"size": [0.3, 0.925, 2],
							"uv": {
								"north": {"uv": [21, 12], "uv_size": [0, 0]},
								"east": {"uv": [23, 12], "uv_size": [-2, 0]},
								"south": {"uv": [23, 12], "uv_size": [0, 0]},
								"west": {"uv": [21, 12], "uv_size": [-2, 0]},
								"up": {"uv": [21, 10], "uv_size": [0, 2]},
								"down": {"uv": [21, 12], "uv_size": [0, -2]}
							}
						},
						{
							"origin": [-3.2, 27.95, -4.1],
							"size": [2.2, 0.225, 2],
							"uv": {
								"north": {"uv": [21, 12], "uv_size": [2, 0]},
								"east": {"uv": [19, 12], "uv_size": [2, 0]},
								"south": {"uv": [25, 12], "uv_size": [2, 0]},
								"west": {"uv": [23, 12], "uv_size": [2, 0]},
								"up": {"uv": [21, 10], "uv_size": [2, 2]},
								"down": {"uv": [23, 12], "uv_size": [2, -2]}
							}
						},
						{
							"origin": [1, 27.95, -4.1],
							"size": [2.2, 0.225, 2],
							"uv": {
								"north": {"uv": [23, 12], "uv_size": [-2, 0]},
								"east": {"uv": [25, 12], "uv_size": [-2, 0]},
								"south": {"uv": [27, 12], "uv_size": [-2, 0]},
								"west": {"uv": [21, 12], "uv_size": [-2, 0]},
								"up": {"uv": [23, 10], "uv_size": [-2, 2]},
								"down": {"uv": [25, 12], "uv_size": [-2, -2]}
							}
						},
						{
							"origin": [3, 27.025, -4.1],
							"size": [0.3, 0.925, 2],
							"uv": {
								"north": {"uv": [21, 12], "uv_size": [0, 0]},
								"east": {"uv": [23, 12], "uv_size": [-2, 0]},
								"south": {"uv": [23, 12], "uv_size": [0, 0]},
								"west": {"uv": [21, 12], "uv_size": [-2, 0]},
								"up": {"uv": [21, 10], "uv_size": [0, 2]},
								"down": {"uv": [21, 12], "uv_size": [0, -2]}
							}
						},
						{
							"origin": [-3.45, 28.25, -4.1],
							"size": [2.2, 0.35, 2],
							"uv": {
								"north": {"uv": [22, 1], "uv_size": [-4, 2]},
								"east": {"uv": [22, 1], "uv_size": [-4, 2]},
								"south": {"uv": [22, 1], "uv_size": [-4, 2]},
								"west": {"uv": [22, 1], "uv_size": [-4, 2]},
								"up": {"uv": [18, 3], "uv_size": [4, -2]},
								"down": {"uv": [18, 3], "uv_size": [4, -2]}
							}
						},
						{
							"origin": [1.25, 28.25, -4.1],
							"size": [2.2, 0.35, 2],
							"uv": {
								"north": {"uv": [18, 1], "uv_size": [4, 2]},
								"east": {"uv": [18, 1], "uv_size": [4, 2]},
								"south": {"uv": [18, 1], "uv_size": [4, 2]},
								"west": {"uv": [18, 1], "uv_size": [4, 2]},
								"up": {"uv": [22, 3], "uv_size": [-4, -2]},
								"down": {"uv": [22, 3], "uv_size": [-4, -2]}
							}
						},
						{
							"origin": [0.625, 28.6, -4.425],
							"size": [2.975, 1.1, 1],
							"inflate": -0.25,
							"uv": {
								"north": {"uv": [95, 106], "uv_size": [2, 1]},
								"east": {"uv": [94, 106], "uv_size": [1, 1]},
								"south": {"uv": [98, 106], "uv_size": [2, 1]},
								"west": {"uv": [97, 106], "uv_size": [1, 1]},
								"up": {"uv": [95, 105], "uv_size": [2, 1]},
								"down": {"uv": [97, 106], "uv_size": [2, -1]}
							}
						},
						{
							"origin": [-4, 24, -4],
							"size": [8, 8, 8],
							"uv": {
								"north": {"uv": [8, 8], "uv_size": [8, 8]},
								"east": {"uv": [0, 8], "uv_size": [8, 8]},
								"south": {"uv": [24, 8], "uv_size": [8, 8]},
								"west": {"uv": [16, 8], "uv_size": [8, 8]},
								"up": {"uv": [8, 0], "uv_size": [8, 8]},
								"down": {"uv": [16, 8], "uv_size": [8, -8]}
							}
						},
						{
							"origin": [-4, 15, 2.35],
							"size": [8, 10, 2],
							"inflate": -0.5,
							"uv": {
								"north": {"uv": [3, 103], "uv_size": [8, 10]},
								"east": {"uv": [1, 103], "uv_size": [2, 10]},
								"south": {"uv": [13, 103], "uv_size": [8, 10]},
								"west": {"uv": [11, 103], "uv_size": [2, 10]},
								"up": {"uv": [3, 101], "uv_size": [8, 2]},
								"down": {"uv": [11, 103], "uv_size": [8, -2]}
							}
						},
						{
							"origin": [-4.75, 17, -4.5],
							"size": [3, 10, 2],
							"inflate": -0.6,
							"uv": {
								"north": {"uv": [16, 103], "uv_size": [-3, 10]},
								"east": {"uv": [18, 103], "uv_size": [-2, 10]},
								"south": {"uv": [21, 103], "uv_size": [-3, 10]},
								"west": {"uv": [13, 103], "uv_size": [-2, 10]},
								"up": {"uv": [16, 101], "uv_size": [-3, 2]},
								"down": {"uv": [19, 103], "uv_size": [-3, -2]}
							}
						},
						{
							"origin": [1.75, 17, -4.5],
							"size": [3, 10, 2],
							"inflate": -0.6,
							"uv": {
								"north": {"uv": [13, 103], "uv_size": [3, 10]},
								"east": {"uv": [11, 103], "uv_size": [2, 10]},
								"south": {"uv": [18, 103], "uv_size": [3, 10]},
								"west": {"uv": [16, 103], "uv_size": [2, 10]},
								"up": {"uv": [13, 101], "uv_size": [3, 2]},
								"down": {"uv": [16, 103], "uv_size": [3, -2]}
							}
						},
						{
							"origin": [-0.8, 25.075, -4.1],
							"size": [1.6, 0.675, 2],
							"inflate": 0.05,
							"uv": {
								"north": {"uv": [85, 12], "uv_size": [1, 0]},
								"east": {"uv": [83, 12], "uv_size": [2, 0]},
								"south": {"uv": [88, 12], "uv_size": [1, 0]},
								"west": {"uv": [86, 12], "uv_size": [2, 0]},
								"up": {"uv": [85, 10], "uv_size": [1, 2]},
								"down": {"uv": [86, 12], "uv_size": [1, -2]}
							}
						},
						{
							"origin": [-2.5, 29, -4.25],
							"size": [5, 3.2, 7.5],
							"uv": {
								"north": {"uv": [96, 125], "uv_size": [5, 3]},
								"east": {"uv": [89, 125], "uv_size": [7, 3]},
								"south": {"uv": [108, 125], "uv_size": [5, 3]},
								"west": {"uv": [101, 123], "uv_size": [8, 5]},
								"up": {"uv": [96, 118], "uv_size": [5, 7]},
								"down": {"uv": [101, 125], "uv_size": [5, -7]}
							}
						},
						{
							"origin": [-4.1, 29, 3.25],
							"size": [8.2, 3.2, 1],
							"uv": {
								"north": {"uv": [99, 123], "uv_size": [8, 3]},
								"east": {"uv": [98, 123], "uv_size": [1, 3]},
								"south": {"uv": [108, 123], "uv_size": [8, 3]},
								"west": {"uv": [107, 123], "uv_size": [1, 3]},
								"up": {"uv": [99, 122], "uv_size": [8, 1]},
								"down": {"uv": [107, 123], "uv_size": [8, -1]}
							}
						},
						{
							"origin": [-4.3, 26.75, -3.5],
							"size": [8.6, 3.2, 7.75],
							"inflate": -0.1,
							"uv": {
								"north": {"uv": [93, 119], "uv_size": [7, 4]},
								"east": {"uv": [93, 119], "uv_size": [7, 4]},
								"south": {"uv": [100, 119], "uv_size": [-7, 4]},
								"west": {"uv": [93, 119], "uv_size": [7, 4]},
								"up": {"uv": [100, 123], "uv_size": [-7, -4]},
								"down": {"uv": [100, 123], "uv_size": [-7, -4]}
							}
						},
						{
							"origin": [-4.3, 25.5, -1.75],
							"size": [8.6, 3.2, 6],
							"inflate": -0.125,
							"uv": {
								"north": {"uv": [96, 119], "uv_size": [7, 4]},
								"east": {"uv": [96, 119], "uv_size": [7, 4]},
								"south": {"uv": [103, 119], "uv_size": [-7, 4]},
								"west": {"uv": [96, 119], "uv_size": [7, 4]},
								"up": {"uv": [103, 123], "uv_size": [-7, -4]},
								"down": {"uv": [103, 123], "uv_size": [-7, -4]}
							}
						},
						{
							"origin": [3.5, 29, -4.25],
							"size": [0.6, 3.1, 7.5],
							"uv": {
								"north": {"uv": [96, 121], "uv_size": [2, 7]},
								"east": {"uv": [96, 123], "uv_size": [8, 5]},
								"south": {"uv": [96, 121], "uv_size": [2, 7]},
								"west": {"uv": [96, 123], "uv_size": [8, 5]},
								"up": {"uv": [98, 128], "uv_size": [-2, -7]},
								"down": {"uv": [98, 128], "uv_size": [-2, -7]}
							}
						},
						{
							"origin": [-4.1, 29, -4.25],
							"size": [0.6, 3.1, 7.5],
							"uv": {
								"north": {"uv": [98, 121], "uv_size": [-2, 7]},
								"east": {"uv": [104, 123], "uv_size": [-8, 5]},
								"south": {"uv": [98, 121], "uv_size": [-2, 7]},
								"west": {"uv": [104, 123], "uv_size": [-8, 5]},
								"up": {"uv": [96, 128], "uv_size": [2, -7]},
								"down": {"uv": [96, 128], "uv_size": [2, -7]}
							}
						},
						{
							"origin": [-0.6, 26.75, -4.1],
							"size": [1.2, 2, 2],
							"uv": {
								"north": {"uv": [93, 110], "uv_size": [2, 2]},
								"east": {"uv": [93, 110], "uv_size": [2, 2]},
								"south": {"uv": [93, 110], "uv_size": [2, 2]},
								"west": {"uv": [93, 110], "uv_size": [2, 2]},
								"up": {"uv": [95, 112], "uv_size": [-2, -2]},
								"down": {"uv": [95, 112], "uv_size": [-2, -2]}
							}
						}
					]
				},
				{
					"name": "earLeft",
					"parent": "armorHead",
					"pivot": [0.5, 1.25, 3],
					"cubes": [
						{
							"origin": [-4, 31.15, -0.3],
							"size": [0.85, 3.4, 0.45],
							"inflate": 0.025,
							"pivot": [0.5, 25.25, 3],
							"rotation": [0, 0, 3],
							"uv": {
								"north": {"uv": [96, 105], "uv_size": [8, 8]},
								"east": {"uv": [96, 105], "uv_size": [8, 8]},
								"south": {"uv": [96, 105], "uv_size": [8, 8]},
								"west": {"uv": [96, 105], "uv_size": [8, 8]},
								"up": {"uv": [104, 110], "uv_size": [-8, -5]},
								"down": {"uv": [104, 110], "uv_size": [-8, -5]}
							}
						},
						{
							"origin": [-3, 31.575, -0.35],
							"size": [0.85, 3.4, 0.5],
							"inflate": 0.025,
							"pivot": [0.5, 25.25, 3],
							"rotation": [0, 0, -3],
							"uv": {
								"north": {"uv": [94, 105], "uv_size": [7, 7]},
								"east": {"uv": [94, 105], "uv_size": [7, 7]},
								"south": {"uv": [94, 105], "uv_size": [7, 7]},
								"west": {"uv": [94, 105], "uv_size": [7, 7]},
								"up": {"uv": [101, 109], "uv_size": [-7, -4]},
								"down": {"uv": [101, 109], "uv_size": [-7, -4]}
							}
						},
						{
							"origin": [4.425, 34.275, -0.3],
							"size": [0.625, 0.55, 0.375],
							"inflate": 0.025,
							"pivot": [0.5, 25.25, 3],
							"rotation": [0, 0, -45],
							"uv": {
								"north": {"uv": [96, 106], "uv_size": [8, 5]},
								"east": {"uv": [96, 106], "uv_size": [8, 5]},
								"south": {"uv": [96, 106], "uv_size": [8, 5]},
								"west": {"uv": [96, 106], "uv_size": [8, 5]},
								"up": {"uv": [104, 111], "uv_size": [-8, -5]},
								"down": {"uv": [104, 111], "uv_size": [-8, -5]}
							}
						}
					]
				},
				{
					"name": "earRight",
					"parent": "armorHead",
					"pivot": [-0.5, 25.25, 3],
					"cubes": [
						{
							"origin": [3.095, 31.15, -0.325],
							"size": [0.85, 3.4, 0.45],
							"inflate": 0.025,
							"pivot": [-0.5, 25.25, 3],
							"rotation": [0, 0, -3],
							"uv": {
								"north": {"uv": [99, 108], "uv_size": [-5, 1]},
								"east": {"uv": [99, 108], "uv_size": [-5, 1]},
								"south": {"uv": [99, 108], "uv_size": [-5, 1]},
								"west": {"uv": [99, 108], "uv_size": [-5, 1]},
								"up": {"uv": [94, 105], "uv_size": [5, 4]},
								"down": {"uv": [94, 105], "uv_size": [5, 4]}
							}
						},
						{
							"origin": [2.1, 31.575, -0.35],
							"size": [0.85, 3.4, 0.5],
							"inflate": 0.025,
							"pivot": [-0.5, 25.25, 3],
							"rotation": [0, 0, 3],
							"uv": {
								"north": {"uv": [98, 107], "uv_size": [-5, 1]},
								"east": {"uv": [98, 107], "uv_size": [-5, 1]},
								"south": {"uv": [98, 107], "uv_size": [-5, 1]},
								"west": {"uv": [98, 107], "uv_size": [-5, 1]},
								"up": {"uv": [93, 104], "uv_size": [5, 4]},
								"down": {"uv": [93, 104], "uv_size": [5, 4]}
							}
						},
						{
							"origin": [-5.075, 34.25, -0.3],
							"size": [0.6, 0.55, 0.375],
							"inflate": 0.025,
							"pivot": [-0.5, 25.25, 3],
							"rotation": [0, 0, 45],
							"uv": {
								"north": {"uv": [98, 108], "uv_size": [-5, -4]},
								"east": {"uv": [98, 108], "uv_size": [-5, -4]},
								"south": {"uv": [98, 108], "uv_size": [-5, -4]},
								"west": {"uv": [98, 108], "uv_size": [-5, -4]},
								"up": {"uv": [93, 104], "uv_size": [5, 4]},
								"down": {"uv": [93, 104], "uv_size": [5, 4]}
							}
						}
					]
				},
				{
					"name": "pupilRight",
					"parent": "armorHead",
					"pivot": [0, 24, 0]
				},
				{
					"name": "pupilLeft",
					"parent": "armorHead",
					"pivot": [0, 24, 0],
					"cubes": [
						{
							"origin": [-0.625, 25.35, -5.775],
							"size": [4.425, 4.225, 4],
							"inflate": -1.675,
							"uv": {
								"north": {"uv": [77, 5], "uv_size": [4, 4]},
								"east": {"uv": [73, 5], "uv_size": [4, 4]},
								"south": {"uv": [85, 5], "uv_size": [4, 4]},
								"west": {"uv": [81, 5], "uv_size": [4, 4]},
								"up": {"uv": [77, 1], "uv_size": [4, 4]},
								"down": {"uv": [81, 5], "uv_size": [4, -4]}
							}
						},
						{
							"origin": [-3.8, 25.35, -5.775],
							"size": [4.425, 4.225, 4],
							"inflate": -1.675,
							"uv": {
								"north": {"uv": [77, 5], "uv_size": [4, 4]},
								"east": {"uv": [85, 5], "uv_size": [-4, 4]},
								"south": {"uv": [89, 5], "uv_size": [-4, 4]},
								"west": {"uv": [77, 5], "uv_size": [-4, 4]},
								"up": {"uv": [81, 1], "uv_size": [-4, 4]},
								"down": {"uv": [85, 5], "uv_size": [-4, -4]}
							}
						}
					]
				},
				{
					"name": "bone",
					"parent": "armorHead",
					"pivot": [0, 24.4, 0.125],
					"cubes": [
						{
							"origin": [-1.75, 26.075, -4.175],
							"size": [2.55, 1.025, 2],
							"pivot": [0, 24.4, 0.125],
							"rotation": [0, 0, 28.5],
							"uv": {
								"north": {"uv": [95, 104], "uv_size": [-2, 1]},
								"east": {"uv": [97, 104], "uv_size": [-2, 1]},
								"south": {"uv": [99, 104], "uv_size": [-2, 1]},
								"west": {"uv": [93, 104], "uv_size": [-2, 1]},
								"up": {"uv": [95, 102], "uv_size": [-2, 2]},
								"down": {"uv": [97, 104], "uv_size": [-2, -2]}
							}
						},
						{
							"origin": [1.85, 24.65, -4.175],
							"size": [2.55, 1.025, 2],
							"pivot": [0, 24.4, 0.125],
							"rotation": [0, 0, -28.5],
							"uv": {
								"north": {"uv": [95, 104], "uv_size": [-2, 1]},
								"east": {"uv": [97, 104], "uv_size": [-2, 1]},
								"south": {"uv": [99, 104], "uv_size": [-2, 1]},
								"west": {"uv": [93, 104], "uv_size": [-2, 1]},
								"up": {"uv": [95, 102], "uv_size": [-2, 2]},
								"down": {"uv": [97, 104], "uv_size": [-2, -2]}
							}
						},
						{
							"origin": [-0.8, 26.1, -4.175],
							"size": [2.55, 1.025, 2],
							"pivot": [0, 24.4, 0.125],
							"rotation": [0, 0, -28.5],
							"uv": {
								"north": {"uv": [95, 104], "uv_size": [-2, 1]},
								"east": {"uv": [97, 104], "uv_size": [-2, 1]},
								"south": {"uv": [99, 104], "uv_size": [-2, 1]},
								"west": {"uv": [93, 104], "uv_size": [-2, 1]},
								"up": {"uv": [95, 102], "uv_size": [-2, 2]},
								"down": {"uv": [97, 104], "uv_size": [-2, -2]}
							}
						},
						{
							"origin": [-4.4, 24.65, -4.175],
							"size": [2.55, 1.025, 2],
							"pivot": [0, 24.4, 0.125],
							"rotation": [0, 0, 28.5],
							"uv": {
								"north": {"uv": [95, 104], "uv_size": [-2, 1]},
								"east": {"uv": [97, 104], "uv_size": [-2, 1]},
								"south": {"uv": [99, 104], "uv_size": [-2, 1]},
								"west": {"uv": [93, 104], "uv_size": [-2, 1]},
								"up": {"uv": [95, 102], "uv_size": [-2, 2]},
								"down": {"uv": [97, 104], "uv_size": [-2, -2]}
							}
						},
						{
							"origin": [-5.075, 21.825, -4.175],
							"size": [1.5, 0.75, 2],
							"pivot": [0, 24.4, 0.125],
							"rotation": [0, 0, 67.5],
							"uv": {
								"north": {"uv": [94, 104], "uv_size": [-1, 0]},
								"east": {"uv": [96, 104], "uv_size": [-2, 0]},
								"south": {"uv": [97, 104], "uv_size": [-1, 0]},
								"west": {"uv": [93, 104], "uv_size": [-2, 0]},
								"up": {"uv": [94, 102], "uv_size": [-1, 2]},
								"down": {"uv": [95, 104], "uv_size": [-1, -2]}
							}
						},
						{
							"origin": [-3.25, 29.05, -4.175],
							"size": [1.5, 0.75, 2],
							"pivot": [0, 24.4, 0.125],
							"rotation": [0, 0, 67.5],
							"uv": {
								"north": {"uv": [94, 104], "uv_size": [-1, 0]},
								"east": {"uv": [96, 104], "uv_size": [-2, 0]},
								"south": {"uv": [97, 104], "uv_size": [-1, 0]},
								"west": {"uv": [93, 104], "uv_size": [-2, 0]},
								"up": {"uv": [94, 102], "uv_size": [-1, 2]},
								"down": {"uv": [95, 104], "uv_size": [-1, -2]}
							}
						},
						{
							"origin": [3.7, 26.95, -4.075],
							"size": [0.35, 2.85, 0.7],
							"uv": {
								"north": {"uv": [91, 102], "uv_size": [0, 2]},
								"east": {"uv": [91, 102], "uv_size": [0, 2]},
								"south": {"uv": [91, 102], "uv_size": [0, 2]},
								"west": {"uv": [91, 102], "uv_size": [0, 2]},
								"up": {"uv": [91, 102], "uv_size": [0, 0]},
								"down": {"uv": [91, 102], "uv_size": [0, 0]}
							}
						},
						{
							"origin": [-4.05, 26.95, -4.075],
							"size": [0.35, 2.85, 0.7],
							"uv": {
								"north": {"uv": [91, 102], "uv_size": [0, 2]},
								"east": {"uv": [91, 102], "uv_size": [0, 2]},
								"south": {"uv": [91, 102], "uv_size": [0, 2]},
								"west": {"uv": [91, 102], "uv_size": [0, 2]},
								"up": {"uv": [91, 102], "uv_size": [0, 0]},
								"down": {"uv": [91, 102], "uv_size": [0, 0]}
							}
						},
						{
							"origin": [1.775, 28.975, -4.175],
							"size": [1.475, 0.825, 2],
							"pivot": [0, 24.4, 0.125],
							"rotation": [0, 0, -67.5],
							"uv": {
								"north": {"uv": [94, 104], "uv_size": [-1, 0]},
								"east": {"uv": [96, 104], "uv_size": [-2, 0]},
								"south": {"uv": [97, 104], "uv_size": [-1, 0]},
								"west": {"uv": [93, 104], "uv_size": [-2, 0]},
								"up": {"uv": [94, 102], "uv_size": [-1, 2]},
								"down": {"uv": [95, 104], "uv_size": [-1, -2]}
							}
						},
						{
							"origin": [3.575, 21.825, -4.175],
							"size": [1.475, 0.825, 2],
							"pivot": [0, 24.4, 0.125],
							"rotation": [0, 0, -67.5],
							"uv": {
								"north": {"uv": [94, 104], "uv_size": [-1, 0]},
								"east": {"uv": [96, 104], "uv_size": [-2, 0]},
								"south": {"uv": [97, 104], "uv_size": [-1, 0]},
								"west": {"uv": [93, 104], "uv_size": [-2, 0]},
								"up": {"uv": [94, 102], "uv_size": [-1, 2]},
								"down": {"uv": [95, 104], "uv_size": [-1, -2]}
							}
						},
						{
							"origin": [-6.05, 26.95, -4.3],
							"size": [4.45, 1.225, 2],
							"pivot": [0, 24, 0],
							"rotation": [0, 0, 28.5],
							"uv": {
								"north": {"uv": [92, 105], "uv_size": [4, 1]},
								"east": {"uv": [90, 105], "uv_size": [2, 1]},
								"south": {"uv": [98, 105], "uv_size": [4, 1]},
								"west": {"uv": [96, 105], "uv_size": [2, 1]},
								"up": {"uv": [92, 103], "uv_size": [4, 2]},
								"down": {"uv": [96, 105], "uv_size": [4, -2]}
							}
						},
						{
							"origin": [1.6, 26.95, -4.3],
							"size": [4.45, 1.225, 2],
							"pivot": [0, 24, 0],
							"rotation": [0, 0, -28.5],
							"uv": {
								"north": {"uv": [95, 104], "uv_size": [-4, 1]},
								"east": {"uv": [97, 104], "uv_size": [-2, 1]},
								"south": {"uv": [101, 104], "uv_size": [-4, 1]},
								"west": {"uv": [91, 104], "uv_size": [-2, 1]},
								"up": {"uv": [95, 102], "uv_size": [-4, 2]},
								"down": {"uv": [99, 104], "uv_size": [-4, -2]}
							}
						}
					]
				},
				{
					"name": "bipedBody",
					"pivot": [0, 24, 0]
				},
				{
					"name": "armorBody",
					"parent": "bipedBody",
					"pivot": [0, 24, 0]
				},
				{
					"name": "bodyTop",
					"parent": "armorBody",
					"pivot": [0, 24, 0],
					"cubes": [
						{
							"origin": [-4, 18, -2],
							"size": [8, 6, 4],
							"uv": {
								"north": {"uv": [20, 20], "uv_size": [8, 6]},
								"east": {"uv": [16, 20], "uv_size": [4, 6]},
								"south": {"uv": [32, 20], "uv_size": [8, 6]},
								"west": {"uv": [28, 20], "uv_size": [4, 6]},
								"up": {"uv": [20, 16], "uv_size": [8, 4]},
								"down": {"uv": [28, 20], "uv_size": [8, -4]}
							}
						},
						{
							"origin": [-3, 22.825, -2.425],
							"size": [1.25, 0.575, 1],
							"inflate": -0.05,
							"uv": {
								"north": {"uv": [107, 92], "uv_size": [1, 0]},
								"east": {"uv": [106, 92], "uv_size": [1, 0]},
								"south": {"uv": [109, 92], "uv_size": [1, 0]},
								"west": {"uv": [108, 92], "uv_size": [1, 0]},
								"up": {"uv": [107, 91], "uv_size": [1, 1]},
								"down": {"uv": [108, 92], "uv_size": [1, -1]}
							}
						},
						{
							"origin": [-2.1, 23.125, -2.425],
							"size": [0.5, 1.075, 3.75],
							"inflate": -0.05,
							"uv": {
								"north": {"uv": [109, 94], "uv_size": [0, 1]},
								"east": {"uv": [106, 94], "uv_size": [3, 1]},
								"south": {"uv": [112, 94], "uv_size": [0, 1]},
								"west": {"uv": [109, 94], "uv_size": [3, 1]},
								"up": {"uv": [109, 91], "uv_size": [0, 3]},
								"down": {"uv": [109, 94], "uv_size": [0, -3]}
							}
						},
						{
							"origin": [1.6, 23.125, -2.425],
							"size": [0.5, 1.075, 3.75],
							"inflate": -0.05,
							"uv": {
								"north": {"uv": [109, 94], "uv_size": [0, 1]},
								"east": {"uv": [106, 94], "uv_size": [3, 1]},
								"south": {"uv": [112, 94], "uv_size": [0, 1]},
								"west": {"uv": [109, 94], "uv_size": [3, 1]},
								"up": {"uv": [109, 91], "uv_size": [0, 3]},
								"down": {"uv": [109, 94], "uv_size": [0, -3]}
							}
						},
						{
							"origin": [-1.375, 23.275, -2.175],
							"size": [2.85, 0.825, 3.5],
							"inflate": -0.05,
							"uv": {
								"north": {"uv": [121, 27], "uv_size": [2, 1]},
								"east": {"uv": [118, 27], "uv_size": [3, 1]},
								"south": {"uv": [126, 27], "uv_size": [2, 1]},
								"west": {"uv": [123, 27], "uv_size": [3, 1]},
								"up": {"uv": [121, 24], "uv_size": [2, 3]},
								"down": {"uv": [123, 27], "uv_size": [2, -3]}
							}
						},
						{
							"origin": [1.75, 22.825, -2.425],
							"size": [1.25, 0.575, 1],
							"inflate": -0.05,
							"uv": {
								"north": {"uv": [102, 93], "uv_size": [1, 0]},
								"east": {"uv": [101, 93], "uv_size": [1, 0]},
								"south": {"uv": [104, 93], "uv_size": [1, 0]},
								"west": {"uv": [103, 93], "uv_size": [1, 0]},
								"up": {"uv": [102, 92], "uv_size": [1, 1]},
								"down": {"uv": [103, 93], "uv_size": [1, -1]}
							}
						},
						{
							"origin": [2.75, 22.675, -2.25],
							"size": [1.25, 0.425, 1],
							"inflate": 0.05,
							"uv": {
								"north": {"uv": [96, 92], "uv_size": [1, 0]},
								"east": {"uv": [95, 92], "uv_size": [1, 0]},
								"south": {"uv": [98, 92], "uv_size": [1, 0]},
								"west": {"uv": [97, 92], "uv_size": [1, 0]},
								"up": {"uv": [96, 91], "uv_size": [1, 1]},
								"down": {"uv": [97, 92], "uv_size": [1, -1]}
							}
						},
						{
							"origin": [-4, 22.675, -2.25],
							"size": [1.25, 0.425, 1],
							"inflate": 0.05,
							"uv": {
								"north": {"uv": [101, 92], "uv_size": [1, 0]},
								"east": {"uv": [100, 92], "uv_size": [1, 0]},
								"south": {"uv": [103, 92], "uv_size": [1, 0]},
								"west": {"uv": [102, 92], "uv_size": [1, 0]},
								"up": {"uv": [101, 91], "uv_size": [1, 1]},
								"down": {"uv": [102, 92], "uv_size": [1, -1]}
							}
						},
						{
							"origin": [-1.4, 18.25, -1.025],
							"size": [2.8, 4, 1],
							"inflate": -0.05,
							"pivot": [0, 24, 0],
							"rotation": [-22.59597, -9.04298, -20.68976],
							"uv": {
								"north": {"uv": [20, 21], "uv_size": [4, 5]},
								"east": {"uv": [24, 21], "uv_size": [-4, 5]},
								"south": {"uv": [20, 21], "uv_size": [4, 5]},
								"west": {"uv": [20, 21], "uv_size": [4, 5]},
								"up": {"uv": [24, 26], "uv_size": [-4, -5]},
								"down": {"uv": [20, 26], "uv_size": [4, -5]}
							}
						},
						{
							"origin": [-1.4, 18.25, -1.025],
							"size": [2.8, 4, 1],
							"inflate": -0.05,
							"pivot": [0, 24, 0],
							"rotation": [-22.59597, 9.04298, 20.68976],
							"uv": {
								"north": {"uv": [24, 21], "uv_size": [-4, 5]},
								"east": {"uv": [24, 21], "uv_size": [-4, 5]},
								"south": {"uv": [24, 21], "uv_size": [-4, 5]},
								"west": {"uv": [20, 21], "uv_size": [4, 5]},
								"up": {"uv": [20, 26], "uv_size": [4, -5]},
								"down": {"uv": [24, 26], "uv_size": [-4, -5]}
							}
						},
						{
							"origin": [-3.6, 18.5, -2.075],
							"size": [7.3, 4, 1],
							"inflate": 0.1,
							"uv": {
								"north": {"uv": [20, 22], "uv_size": [8, 4]},
								"east": {"uv": [20, 22], "uv_size": [8, 4]},
								"south": {"uv": [20, 22], "uv_size": [8, 4]},
								"west": {"uv": [20, 22], "uv_size": [8, 4]},
								"up": {"uv": [28, 26], "uv_size": [-8, -4]},
								"down": {"uv": [28, 26], "uv_size": [-8, -4]}
							}
						},
						{
							"origin": [-3.1, 19, -2.35],
							"size": [6.3, 3, 1.075],
							"inflate": 0.1,
							"uv": {
								"north": {"uv": [20, 22], "uv_size": [8, 5]},
								"east": {"uv": [20, 22], "uv_size": [8, 5]},
								"south": {"uv": [20, 22], "uv_size": [8, 5]},
								"west": {"uv": [20, 22], "uv_size": [8, 5]},
								"up": {"uv": [28, 27], "uv_size": [-8, -5]},
								"down": {"uv": [28, 27], "uv_size": [-8, -5]}
							}
						},
						{
							"origin": [0.05, 18, -2.475],
							"size": [0, 6.1, 1.1],
							"inflate": 0.1,
							"uv": {
								"north": {"uv": [110, 3], "uv_size": [1, 1]},
								"east": {"uv": [109, 3], "uv_size": [2, 1]},
								"south": {"uv": [111, 3], "uv_size": [1, 1]},
								"west": {"uv": [110, 3], "uv_size": [2, 1]},
								"up": {"uv": [111, 2], "uv_size": [-1, -1]},
								"down": {"uv": [111, 1], "uv_size": [-1, 1]}
							}
						}
					]
				},
				{
					"name": "batSymbol",
					"parent": "bodyTop",
					"pivot": [-2.25, 21.5, -1.95],
					"rotation": [-17.25, 0, 0],
					"cubes": [
						{
							"origin": [1.63632, 19.91205, -2.7],
							"size": [0.55, 2.175, 1],
							"pivot": [2.25, 21.5, -2.65],
							"rotation": [0, 0, 73],
							"uv": {
								"north": {"uv": [108.45, 72], "uv_size": [2.55, 4.175]},
								"east": {"uv": [108.45, 72], "uv_size": [2.55, 4.175]},
								"south": {"uv": [108.45, 72], "uv_size": [2.55, 4.175]},
								"west": {"uv": [108.45, 72], "uv_size": [2.55, 4.175]},
								"up": {"uv": [111, 76.175], "uv_size": [-2.55, -4.175]},
								"down": {"uv": [111, 76.175], "uv_size": [-2.55, -4.175]}
							}
						},
						{
							"origin": [2.63632, 19.68705, -2.7],
							"size": [0.55, 2.5, 1],
							"pivot": [2.25, 21.6, -2.65],
							"rotation": [0, 0, 73],
							"uv": {
								"north": {"uv": [108.45, 72], "uv_size": [2.55, 4.5]},
								"east": {"uv": [108.45, 72], "uv_size": [2.55, 4.5]},
								"south": {"uv": [108.45, 72], "uv_size": [2.55, 4.5]},
								"west": {"uv": [108.45, 72], "uv_size": [2.55, 4.5]},
								"up": {"uv": [111, 76.5], "uv_size": [-2.55, -4.5]},
								"down": {"uv": [111, 76.5], "uv_size": [-2.55, -4.5]}
							}
						},
						{
							"origin": [1.53632, 21.03705, -2.675],
							"size": [0.55, 1.575, 1],
							"pivot": [2.25, 21.5, -2.65],
							"rotation": [0, 0, 149],
							"uv": {
								"north": {"uv": [108.45, 73], "uv_size": [2.55, 3.575]},
								"east": {"uv": [108.45, 73], "uv_size": [2.55, 3.575]},
								"south": {"uv": [108.45, 73], "uv_size": [2.55, 3.575]},
								"west": {"uv": [108.45, 73], "uv_size": [2.55, 3.575]},
								"up": {"uv": [111, 76.575], "uv_size": [-2.55, -3.575]},
								"down": {"uv": [111, 76.575], "uv_size": [-2.55, -3.575]}
							}
						},
						{
							"origin": [1.56132, 21.38705, -2.675],
							"size": [0.55, 1.575, 1],
							"inflate": -0.05,
							"pivot": [2.25, 21.5, -2.65],
							"rotation": [0, 0, 149],
							"uv": {
								"north": {"uv": [108.45, 73], "uv_size": [2.55, 3.575]},
								"east": {"uv": [108.45, 73], "uv_size": [2.55, 3.575]},
								"south": {"uv": [108.45, 73], "uv_size": [2.55, 3.575]},
								"west": {"uv": [108.45, 73], "uv_size": [2.55, 3.575]},
								"up": {"uv": [111, 76.575], "uv_size": [-2.55, -3.575]},
								"down": {"uv": [111, 76.575], "uv_size": [-2.55, -3.575]}
							}
						},
						{
							"origin": [2.78632, 23.03705, -2.675],
							"size": [0.55, 1.85, 1],
							"pivot": [2.25, 21.8, -2.625],
							"rotation": [-1.92889, 1.15862, -149.01951],
							"uv": {
								"north": {"uv": [108.45, 73], "uv_size": [2.55, 3.85]},
								"east": {"uv": [108.45, 73], "uv_size": [2.55, 3.85]},
								"south": {"uv": [108.45, 73], "uv_size": [2.55, 3.85]},
								"west": {"uv": [108.45, 73], "uv_size": [2.55, 3.85]},
								"up": {"uv": [111, 76.85], "uv_size": [-2.55, -3.85]},
								"down": {"uv": [111, 76.85], "uv_size": [-2.55, -3.85]}
							}
						},
						{
							"origin": [1.83632, 18.03705, -2.975],
							"size": [1, 1, 2],
							"inflate": -0.35,
							"pivot": [2.25, 21.8, -2.65],
							"rotation": [1.5914, -1.59079, 44.9779],
							"uv": {
								"north": {"uv": [111, 73], "uv_size": [-3, 3]},
								"east": {"uv": [111, 73], "uv_size": [-3, 3]},
								"south": {"uv": [111, 73], "uv_size": [-3, 3]},
								"west": {"uv": [111, 73], "uv_size": [-3, 3]},
								"up": {"uv": [108, 76], "uv_size": [3, -3]},
								"down": {"uv": [108, 76], "uv_size": [3, -3]}
							}
						},
						{
							"origin": [2.33632, 20.23705, -2.975],
							"size": [1, 1.25, 1],
							"inflate": -0.35,
							"pivot": [2.25, 21.5, -2.65],
							"rotation": [0, 0, 45],
							"uv": {
								"north": {"uv": [111, 73], "uv_size": [-3, 3.25]},
								"east": {"uv": [111, 73], "uv_size": [-3, 3.25]},
								"south": {"uv": [111, 73], "uv_size": [-3, 3.25]},
								"west": {"uv": [111, 73], "uv_size": [-3, 3.25]},
								"up": {"uv": [108, 76.25], "uv_size": [3, -3.25]},
								"down": {"uv": [108, 76.25], "uv_size": [3, -3.25]}
							}
						},
						{
							"origin": [1.83632, 19.28705, -2.975],
							"size": [1, 1.25, 1],
							"inflate": -0.35,
							"pivot": [2.25, 21.5, -2.65],
							"rotation": [0, 0, 45],
							"uv": {
								"north": {"uv": [111, 73], "uv_size": [-3, 3.25]},
								"east": {"uv": [111, 73], "uv_size": [-3, 3.25]},
								"south": {"uv": [111, 73], "uv_size": [-3, 3.25]},
								"west": {"uv": [111, 73], "uv_size": [-3, 3.25]},
								"up": {"uv": [108, 76.25], "uv_size": [3, -3.25]},
								"down": {"uv": [108, 76.25], "uv_size": [3, -3.25]}
							}
						},
						{
							"origin": [0.68632, 20.71205, -2.65],
							"size": [2.05, 0.975, 1],
							"uv": {
								"north": {"uv": [106.95, 72], "uv_size": [4.05, 2.975]},
								"east": {"uv": [106.95, 72], "uv_size": [4.05, 2.975]},
								"south": {"uv": [106.95, 72], "uv_size": [4.05, 2.975]},
								"west": {"uv": [106.95, 72], "uv_size": [4.05, 2.975]},
								"up": {"uv": [111, 74.975], "uv_size": [-4.05, -2.975]},
								"down": {"uv": [111, 74.975], "uv_size": [-4.05, -2.975]}
							}
						},
						{
							"origin": [-2.73632, 20.71205, -2.65],
							"size": [2.05, 0.975, 1],
							"uv": {
								"north": {"uv": [111, 72], "uv_size": [-4.05, 2.975]},
								"east": {"uv": [111, 72], "uv_size": [-4.05, 2.975]},
								"south": {"uv": [111, 72], "uv_size": [-4.05, 2.975]},
								"west": {"uv": [111, 72], "uv_size": [-4.05, 2.975]},
								"up": {"uv": [106.95, 74.975], "uv_size": [4.05, -2.975]},
								"down": {"uv": [106.95, 74.975], "uv_size": [4.05, -2.975]}
							}
						},
						{
							"origin": [-2.18632, 19.91205, -2.7],
							"size": [0.55, 2.175, 1],
							"pivot": [-2.25, 21.5, -2.65],
							"rotation": [0, 0, -73],
							"uv": {
								"north": {"uv": [108.45, 72], "uv_size": [2.55, 4.175]},
								"east": {"uv": [108.45, 72], "uv_size": [2.55, 4.175]},
								"south": {"uv": [108.45, 72], "uv_size": [2.55, 4.175]},
								"west": {"uv": [108.45, 72], "uv_size": [2.55, 4.175]},
								"up": {"uv": [111, 76.175], "uv_size": [-2.55, -4.175]},
								"down": {"uv": [111, 76.175], "uv_size": [-2.55, -4.175]}
							}
						},
						{
							"origin": [-2.08632, 21.03705, -2.675],
							"size": [0.55, 1.575, 1],
							"pivot": [-2.25, 21.5, -2.65],
							"rotation": [0, 0, -149],
							"uv": {
								"north": {"uv": [108.45, 73], "uv_size": [2.55, 3.575]},
								"east": {"uv": [108.45, 73], "uv_size": [2.55, 3.575]},
								"south": {"uv": [108.45, 73], "uv_size": [2.55, 3.575]},
								"west": {"uv": [108.45, 73], "uv_size": [2.55, 3.575]},
								"up": {"uv": [111, 76.575], "uv_size": [-2.55, -3.575]},
								"down": {"uv": [111, 76.575], "uv_size": [-2.55, -3.575]}
							}
						},
						{
							"origin": [-3.18632, 19.68705, -2.7],
							"size": [0.55, 2.5, 1],
							"pivot": [-2.25, 21.6, -2.65],
							"rotation": [0, 0, -73],
							"uv": {
								"north": {"uv": [108.45, 72], "uv_size": [2.55, 4.5]},
								"east": {"uv": [108.45, 72], "uv_size": [2.55, 4.5]},
								"south": {"uv": [108.45, 72], "uv_size": [2.55, 4.5]},
								"west": {"uv": [108.45, 72], "uv_size": [2.55, 4.5]},
								"up": {"uv": [111, 76.5], "uv_size": [-2.55, -4.5]},
								"down": {"uv": [111, 76.5], "uv_size": [-2.55, -4.5]}
							}
						},
						{
							"origin": [-3.33632, 23.03705, -2.675],
							"size": [0.55, 1.85, 1],
							"pivot": [-2.25, 21.8, -2.625],
							"rotation": [-1.92889, -1.15862, 149.01951],
							"uv": {
								"north": {"uv": [108.45, 73], "uv_size": [2.55, 3.85]},
								"east": {"uv": [108.45, 73], "uv_size": [2.55, 3.85]},
								"south": {"uv": [108.45, 73], "uv_size": [2.55, 3.85]},
								"west": {"uv": [108.45, 73], "uv_size": [2.55, 3.85]},
								"up": {"uv": [111, 76.85], "uv_size": [-2.55, -3.85]},
								"down": {"uv": [111, 76.85], "uv_size": [-2.55, -3.85]}
							}
						},
						{
							"origin": [-2.38632, 20.03705, -2.975],
							"size": [1.15, 1.25, 1],
							"inflate": -0.35,
							"pivot": [-2.25, 23, -2.65],
							"rotation": [0, 0, -45],
							"uv": {
								"north": {"uv": [107.85, 73], "uv_size": [3.15, 3.25]},
								"east": {"uv": [107.85, 73], "uv_size": [3.15, 3.25]},
								"south": {"uv": [107.85, 73], "uv_size": [3.15, 3.25]},
								"west": {"uv": [107.85, 73], "uv_size": [3.15, 3.25]},
								"up": {"uv": [111, 76.25], "uv_size": [-3.15, -3.25]},
								"down": {"uv": [111, 76.25], "uv_size": [-3.15, -3.25]}
							}
						},
						{
							"origin": [1.23632, 20.03705, -2.975],
							"size": [1.15, 1.25, 1],
							"inflate": -0.35,
							"pivot": [2.25, 23, -2.65],
							"rotation": [0, 0, 45],
							"uv": {
								"north": {"uv": [111, 73], "uv_size": [-3.15, 3.25]},
								"east": {"uv": [111, 73], "uv_size": [-3.15, 3.25]},
								"south": {"uv": [111, 73], "uv_size": [-3.15, 3.25]},
								"west": {"uv": [111, 73], "uv_size": [-3.15, 3.25]},
								"up": {"uv": [107.85, 76.25], "uv_size": [3.15, -3.25]},
								"down": {"uv": [107.85, 76.25], "uv_size": [3.15, -3.25]}
							}
						},
						{
							"origin": [1.53632, 20.48705, -2.975],
							"size": [1.25, 1, 1],
							"inflate": -0.35,
							"pivot": [2.25, 23, -2.65],
							"rotation": [0, 0, 53],
							"uv": {
								"north": {"uv": [111, 73], "uv_size": [-3.25, 3]},
								"east": {"uv": [111, 73], "uv_size": [-3.25, 3]},
								"south": {"uv": [111, 73], "uv_size": [-3.25, 3]},
								"west": {"uv": [111, 73], "uv_size": [-3.25, 3]},
								"up": {"uv": [107.75, 76], "uv_size": [3.25, -3]},
								"down": {"uv": [107.75, 76], "uv_size": [3.25, -3]}
							}
						},
						{
							"origin": [-2.78632, 20.48705, -2.975],
							"size": [1.25, 1, 1],
							"inflate": -0.35,
							"pivot": [-2.25, 23, -2.65],
							"rotation": [0, 0, -53],
							"uv": {
								"north": {"uv": [107.75, 73], "uv_size": [3.25, 3]},
								"east": {"uv": [107.75, 73], "uv_size": [3.25, 3]},
								"south": {"uv": [107.75, 73], "uv_size": [3.25, 3]},
								"west": {"uv": [107.75, 73], "uv_size": [3.25, 3]},
								"up": {"uv": [111, 76], "uv_size": [-3.25, -3]},
								"down": {"uv": [111, 76], "uv_size": [-3.25, -3]}
							}
						},
						{
							"origin": [-0.66368, 20.18705, -2.6],
							"size": [1.325, 1.375, 1],
							"inflate": 0.05,
							"pivot": [2.25, 21.5, -2.65],
							"rotation": [2.25, 0, 0],
							"uv": {
								"north": {"uv": [111, 72], "uv_size": [-3.325, 3.375]},
								"east": {"uv": [111, 72], "uv_size": [-3.325, 3.375]},
								"south": {"uv": [111, 72], "uv_size": [-3.325, 3.375]},
								"west": {"uv": [111, 72], "uv_size": [-3.325, 3.375]},
								"up": {"uv": [107.675, 75.375], "uv_size": [3.325, -3.375]},
								"down": {"uv": [107.675, 75.375], "uv_size": [3.325, -3.375]}
							}
						},
						{
							"origin": [-2.83632, 19.28705, -2.975],
							"size": [1, 1.25, 1],
							"inflate": -0.35,
							"pivot": [-2.25, 21.5, -2.65],
							"rotation": [0, 0, -45],
							"uv": {
								"north": {"uv": [108, 73], "uv_size": [3, 3.25]},
								"east": {"uv": [108, 73], "uv_size": [3, 3.25]},
								"south": {"uv": [108, 73], "uv_size": [3, 3.25]},
								"west": {"uv": [108, 73], "uv_size": [3, 3.25]},
								"up": {"uv": [111, 76.25], "uv_size": [-3, -3.25]},
								"down": {"uv": [111, 76.25], "uv_size": [-3, -3.25]}
							}
						},
						{
							"origin": [-3.33632, 20.23705, -2.975],
							"size": [1, 1.25, 1],
							"inflate": -0.35,
							"pivot": [-2.25, 21.5, -2.65],
							"rotation": [0, 0, -45],
							"uv": {
								"north": {"uv": [108, 73], "uv_size": [3, 3.25]},
								"east": {"uv": [108, 73], "uv_size": [3, 3.25]},
								"south": {"uv": [108, 73], "uv_size": [3, 3.25]},
								"west": {"uv": [108, 73], "uv_size": [3, 3.25]},
								"up": {"uv": [111, 76.25], "uv_size": [-3, -3.25]},
								"down": {"uv": [111, 76.25], "uv_size": [-3, -3.25]}
							}
						},
						{
							"origin": [-2.11132, 21.38705, -2.675],
							"size": [0.55, 1.575, 1],
							"inflate": -0.05,
							"pivot": [-2.25, 21.5, -2.65],
							"rotation": [0, 0, -149],
							"uv": {
								"north": {"uv": [108.45, 73], "uv_size": [2.55, 3.575]},
								"east": {"uv": [108.45, 73], "uv_size": [2.55, 3.575]},
								"south": {"uv": [108.45, 73], "uv_size": [2.55, 3.575]},
								"west": {"uv": [108.45, 73], "uv_size": [2.55, 3.575]},
								"up": {"uv": [111, 76.575], "uv_size": [-2.55, -3.575]},
								"down": {"uv": [111, 76.575], "uv_size": [-2.55, -3.575]}
							}
						}
					]
				},
				{
					"name": "bodyBottom",
					"parent": "armorBody",
					"pivot": [0, 11, 0],
					"cubes": [
						{
							"origin": [-4, 12, -2],
							"size": [8, 6, 4],
							"uv": {
								"north": {"uv": [20, 26], "uv_size": [8, 6]},
								"east": {"uv": [16, 26], "uv_size": [4, 6]},
								"south": {"uv": [32, 26], "uv_size": [8, 6]},
								"west": {"uv": [28, 26], "uv_size": [4, 6]},
								"up": {"uv": [20, 22], "uv_size": [8, 4]},
								"down": {"uv": [28, 26], "uv_size": [8, -4]}
							}
						},
						{
							"origin": [-4.225, 9.375, -6.1],
							"size": [8.4, 8.575, 7.475],
							"inflate": -3.35,
							"uv": {
								"north": {"uv": [100, 56], "uv_size": [8, 8]},
								"east": {"uv": [93, 56], "uv_size": [7, 8]},
								"south": {"uv": [115, 56], "uv_size": [8, 8]},
								"west": {"uv": [108, 56], "uv_size": [7, 8]},
								"up": {"uv": [100, 49], "uv_size": [8, 7]},
								"down": {"uv": [108, 56], "uv_size": [8, -7]}
							}
						},
						{
							"origin": [-2.25, 14.525, -2.4],
							"size": [4.5, 5.075, 1],
							"uv": {
								"north": {"uv": [21, 26], "uv_size": [6, 5]},
								"east": {"uv": [92, 20], "uv_size": [1, 5]},
								"south": {"uv": [98, 20], "uv_size": [4, 5]},
								"west": {"uv": [97, 20], "uv_size": [1, 5]},
								"up": {"uv": [93, 19], "uv_size": [4, 1]},
								"down": {"uv": [97, 20], "uv_size": [4, -1]}
							}
						},
						{
							"origin": [2.25, 16.15, -2.275],
							"size": [0.7, 3.45, 1],
							"uv": {
								"north": {"uv": [93, 20], "uv_size": [0, 3]},
								"east": {"uv": [92, 20], "uv_size": [1, 3]},
								"south": {"uv": [94, 20], "uv_size": [0, 3]},
								"west": {"uv": [93, 20], "uv_size": [1, 3]},
								"up": {"uv": [93, 19], "uv_size": [0, 1]},
								"down": {"uv": [93, 20], "uv_size": [0, -1]}
							}
						},
						{
							"origin": [-2.95, 16.15, -2.25],
							"size": [0.7, 3.45, 1],
							"uv": {
								"north": {"uv": [93, 20], "uv_size": [0, 3]},
								"east": {"uv": [92, 20], "uv_size": [1, 3]},
								"south": {"uv": [94, 20], "uv_size": [0, 3]},
								"west": {"uv": [93, 20], "uv_size": [1, 3]},
								"up": {"uv": [93, 19], "uv_size": [0, 1]},
								"down": {"uv": [93, 20], "uv_size": [0, -1]}
							}
						},
						{
							"origin": [-6.75, 10.375, -5.05],
							"size": [13.5, 6.575, 6.975],
							"inflate": -2.5,
							"uv": {
								"north": {"uv": [96, 56], "uv_size": [13, 6]},
								"east": {"uv": [90, 56], "uv_size": [6, 6]},
								"south": {"uv": [115, 56], "uv_size": [13, 6]},
								"west": {"uv": [109, 56], "uv_size": [6, 6]},
								"up": {"uv": [96, 50], "uv_size": [13, 6]},
								"down": {"uv": [109, 56], "uv_size": [13, -6]}
							}
						},
						{
							"origin": [-6.75, 10.375, -3.075],
							"size": [13.5, 6.575, 6],
							"inflate": -2.5,
							"uv": {
								"north": {"uv": [96, 56], "uv_size": [13, 6]},
								"east": {"uv": [90, 56], "uv_size": [6, 6]},
								"south": {"uv": [115, 56], "uv_size": [13, 6]},
								"west": {"uv": [109, 56], "uv_size": [6, 6]},
								"up": {"uv": [96, 50], "uv_size": [13, 6]},
								"down": {"uv": [109, 56], "uv_size": [13, -6]}
							}
						},
						{
							"origin": [-6.75, 10.375, -2.075],
							"size": [13.5, 6.575, 6.975],
							"inflate": -2.5,
							"uv": {
								"north": {"uv": [96, 57], "uv_size": [13, 6]},
								"east": {"uv": [90, 57], "uv_size": [6, 6]},
								"south": {"uv": [115, 57], "uv_size": [13, 6]},
								"west": {"uv": [109, 57], "uv_size": [6, 6]},
								"up": {"uv": [96, 51], "uv_size": [13, 6]},
								"down": {"uv": [109, 57], "uv_size": [13, -6]}
							}
						},
						{
							"origin": [-7.15, 9.475, -5.85],
							"size": [7.7, 8.375, 7.475],
							"inflate": -3.2,
							"uv": {
								"north": {"uv": [82, 48], "uv_size": [7, 10]},
								"east": {"uv": [82, 48], "uv_size": [7, 10]},
								"south": {"uv": [82, 48], "uv_size": [7, 10]},
								"west": {"uv": [82, 48], "uv_size": [7, 10]},
								"up": {"uv": [89, 58], "uv_size": [-7, -10]},
								"down": {"uv": [89, 58], "uv_size": [-7, -10]}
							}
						},
						{
							"origin": [-5.65, 9.475, -5.85],
							"size": [7.7, 8.375, 7.475],
							"inflate": -3.2,
							"uv": {
								"north": {"uv": [82, 48], "uv_size": [7, 10]},
								"east": {"uv": [82, 48], "uv_size": [7, 10]},
								"south": {"uv": [82, 48], "uv_size": [7, 10]},
								"west": {"uv": [82, 48], "uv_size": [7, 10]},
								"up": {"uv": [89, 58], "uv_size": [-7, -10]},
								"down": {"uv": [89, 58], "uv_size": [-7, -10]}
							}
						},
						{
							"origin": [-2.05, 9.475, -5.85],
							"size": [7.7, 8.375, 7.475],
							"inflate": -3.2,
							"uv": {
								"north": {"uv": [89, 48], "uv_size": [-7, 10]},
								"east": {"uv": [89, 48], "uv_size": [-7, 10]},
								"south": {"uv": [89, 48], "uv_size": [-7, 10]},
								"west": {"uv": [89, 48], "uv_size": [-7, 10]},
								"up": {"uv": [82, 58], "uv_size": [7, -10]},
								"down": {"uv": [82, 58], "uv_size": [7, -10]}
							}
						},
						{
							"origin": [-0.55, 9.475, -5.85],
							"size": [7.7, 8.375, 7.475],
							"inflate": -3.2,
							"uv": {
								"north": {"uv": [89, 48], "uv_size": [-7, 10]},
								"east": {"uv": [89, 48], "uv_size": [-7, 10]},
								"south": {"uv": [89, 48], "uv_size": [-7, 10]},
								"west": {"uv": [89, 48], "uv_size": [-7, 10]},
								"up": {"uv": [82, 58], "uv_size": [7, -10]},
								"down": {"uv": [82, 58], "uv_size": [7, -10]}
							}
						},
						{
							"origin": [-1.55, 9.375, -2.2],
							"size": [8.4, 8.575, 7.975],
							"inflate": -3.2,
							"uv": {
								"north": {"uv": [104, 55], "uv_size": [8, 8]},
								"east": {"uv": [97, 55], "uv_size": [7, 8]},
								"south": {"uv": [119, 55], "uv_size": [8, 8]},
								"west": {"uv": [112, 55], "uv_size": [7, 8]},
								"up": {"uv": [104, 48], "uv_size": [8, 7]},
								"down": {"uv": [112, 55], "uv_size": [8, -7]}
							}
						},
						{
							"origin": [-6.875, 9.375, -2.2],
							"size": [8.4, 8.575, 7.975],
							"inflate": -3.2,
							"uv": {
								"north": {"uv": [111, 55], "uv_size": [-8, 8]},
								"east": {"uv": [118, 55], "uv_size": [-7, 8]},
								"south": {"uv": [126, 55], "uv_size": [-8, 8]},
								"west": {"uv": [103, 55], "uv_size": [-7, 8]},
								"up": {"uv": [111, 48], "uv_size": [-8, 7]},
								"down": {"uv": [119, 55], "uv_size": [-8, -7]}
							}
						},
						{
							"origin": [-4.225, 9.375, -1.95],
							"size": [8.4, 8.575, 7.725],
							"inflate": -3.2,
							"uv": {
								"north": {"uv": [112, 55], "uv_size": [-8, 8]},
								"east": {"uv": [119, 55], "uv_size": [-7, 8]},
								"south": {"uv": [127, 55], "uv_size": [-8, 8]},
								"west": {"uv": [104, 55], "uv_size": [-7, 8]},
								"up": {"uv": [112, 48], "uv_size": [-8, 7]},
								"down": {"uv": [120, 55], "uv_size": [-8, -7]}
							}
						},
						{
							"origin": [0.05, 14.3, -2.475],
							"size": [0, 3.5, 1.1],
							"inflate": 0.1,
							"uv": {
								"north": {"uv": [110, 2], "uv_size": [0, 3]},
								"east": {"uv": [109, 2], "uv_size": [1, 3]},
								"south": {"uv": [111, 2], "uv_size": [0, 3]},
								"west": {"uv": [110, 2], "uv_size": [1, 3]},
								"up": {"uv": [110, 1], "uv_size": [0, 1]},
								"down": {"uv": [110, 2], "uv_size": [0, -1]}
							}
						},
						{
							"origin": [-2.2, 15.8, -2.475],
							"size": [1.75, 0, 1.1],
							"inflate": 0.1,
							"pivot": [0, 24, 0],
							"rotation": [0, 0, -22.5],
							"uv": {
								"north": {"uv": [108, 2], "uv_size": [2, 1]},
								"east": {"uv": [107, 2], "uv_size": [2, 1]},
								"south": {"uv": [110, 2], "uv_size": [2, 1]},
								"west": {"uv": [109, 2], "uv_size": [2, 1]},
								"up": {"uv": [108, 1], "uv_size": [2, 2]},
								"down": {"uv": [109, 3], "uv_size": [2, -2]}
							}
						},
						{
							"origin": [0.5, 15.8, -2.475],
							"size": [1.75, 0, 1.1],
							"inflate": 0.1,
							"pivot": [0, 24, 0],
							"rotation": [0, 0, 22.5],
							"uv": {
								"north": {"uv": [108, 2], "uv_size": [2, 1]},
								"east": {"uv": [107, 2], "uv_size": [2, 1]},
								"south": {"uv": [110, 2], "uv_size": [2, 1]},
								"west": {"uv": [109, 2], "uv_size": [2, 1]},
								"up": {"uv": [108, 1], "uv_size": [2, 2]},
								"down": {"uv": [109, 3], "uv_size": [2, -2]}
							}
						},
						{
							"origin": [3.05, 14.55, -2.125],
							"size": [0.6, 3.55, 0.75],
							"inflate": 0.1,
							"uv": {
								"north": {"uv": [90, 28], "uv_size": [0, 3]},
								"east": {"uv": [90, 28], "uv_size": [0, 3]},
								"south": {"uv": [90, 28], "uv_size": [0, 3]},
								"west": {"uv": [90, 28], "uv_size": [0, 3]},
								"up": {"uv": [90, 28], "uv_size": [0, 0]},
								"down": {"uv": [90, 28], "uv_size": [0, 0]}
							}
						},
						{
							"origin": [-3.65, 14.55, -2.125],
							"size": [0.6, 3.55, 0.75],
							"inflate": 0.1,
							"uv": {
								"north": {"uv": [90, 28], "uv_size": [0, 3]},
								"east": {"uv": [90, 28], "uv_size": [0, 3]},
								"south": {"uv": [90, 28], "uv_size": [0, 3]},
								"west": {"uv": [90, 28], "uv_size": [0, 3]},
								"up": {"uv": [90, 28], "uv_size": [0, 0]},
								"down": {"uv": [90, 28], "uv_size": [0, 0]}
							}
						}
					]
				},
				{
					"name": "bipedRightArm",
					"pivot": [-4, 22, 0]
				},
				{
					"name": "armorRightArm",
					"parent": "bipedRightArm",
					"pivot": [-4, 22, 0]
				},
				{
					"name": "rightArmTop",
					"parent": "armorRightArm",
					"pivot": [-4, 22, 0],
					"cubes": [
						{
							"origin": [-8.9, 16.95, -3.025],
							"size": [5.3, 5, 6],
							"inflate": -1.2,
							"uv": {
								"north": {"uv": [22, 26], "uv_size": [6, 5]},
								"east": {"uv": [22, 26], "uv_size": [6, 5]},
								"south": {"uv": [22, 26], "uv_size": [6, 5]},
								"west": {"uv": [22, 26], "uv_size": [6, 5]},
								"up": {"uv": [28, 31], "uv_size": [-6, -5]},
								"down": {"uv": [28, 31], "uv_size": [-6, -5]}
							}
						},
						{
							"origin": [-8.4, 17.05, -3.375],
							"size": [5.3, 4.9, 6.75],
							"inflate": -1.1,
							"uv": {
								"north": {"uv": [23, 27], "uv_size": [5, 4]},
								"east": {"uv": [23, 27], "uv_size": [5, 4]},
								"south": {"uv": [23, 27], "uv_size": [5, 4]},
								"west": {"uv": [23, 27], "uv_size": [5, 4]},
								"up": {"uv": [28, 31], "uv_size": [-5, -4]},
								"down": {"uv": [28, 31], "uv_size": [-5, -4]}
							}
						},
						{
							"origin": [-2.975, 28.725, -2.25],
							"size": [2.15, 0.475, 1.65],
							"inflate": 0.05,
							"pivot": [4, 22.75, -2.25],
							"rotation": [0, 0, -51],
							"uv": {
								"north": {"uv": [104, 90], "uv_size": [2, 0]},
								"east": {"uv": [103, 90], "uv_size": [1, 0]},
								"south": {"uv": [107, 90], "uv_size": [2, 0]},
								"west": {"uv": [106, 90], "uv_size": [1, 0]},
								"up": {"uv": [104, 89], "uv_size": [2, 1]},
								"down": {"uv": [106, 90], "uv_size": [2, -1]}
							}
						},
						{
							"origin": [-7.625, 21.05, -2.25],
							"size": [2.6, 0.425, 4.4],
							"inflate": 0.05,
							"uv": {
								"north": {"uv": [108, 92], "uv_size": [3, 0]},
								"east": {"uv": [104, 92], "uv_size": [4, 0]},
								"south": {"uv": [115, 92], "uv_size": [3, 0]},
								"west": {"uv": [111, 92], "uv_size": [4, 0]},
								"up": {"uv": [108, 88], "uv_size": [3, 4]},
								"down": {"uv": [111, 92], "uv_size": [3, -4]}
							}
						},
						{
							"origin": [-7.5, 18, -2],
							"size": [3.5, 6, 4],
							"uv": {
								"north": {"uv": [44, 20], "uv_size": [4, 6]},
								"east": {"uv": [40, 20], "uv_size": [4, 6]},
								"south": {"uv": [52, 20], "uv_size": [4, 6]},
								"west": {"uv": [48, 20], "uv_size": [4, 6]},
								"up": {"uv": [44, 16], "uv_size": [4, 4]},
								"down": {"uv": [48, 20], "uv_size": [4, -4]}
							}
						}
					]
				},
				{
					"name": "rightArmBottom",
					"parent": "armorRightArm",
					"pivot": [-6, 18, 2],
					"cubes": [
						{
							"origin": [-7.5, 12, -2],
							"size": [3.5, 6, 4],
							"uv": {
								"north": {"uv": [19, 81], "uv_size": [4, 6]},
								"east": {"uv": [15, 81], "uv_size": [4, 6]},
								"south": {"uv": [27, 81], "uv_size": [4, 6]},
								"west": {"uv": [23, 81], "uv_size": [4, 6]},
								"up": {"uv": [19, 77], "uv_size": [4, 4]},
								"down": {"uv": [23, 81], "uv_size": [4, -4]}
							}
						},
						{
							"origin": [-7.58868, 16.88705, -2.25],
							"size": [1.725, 1.1, 4.5],
							"uv": {
								"north": {"uv": [120, 84], "uv_size": [-2, 1]},
								"east": {"uv": [124, 84], "uv_size": [-4, 1]},
								"south": {"uv": [126, 84], "uv_size": [-2, 1]},
								"west": {"uv": [118, 84], "uv_size": [-4, 1]},
								"up": {"uv": [120, 80], "uv_size": [-2, 4]},
								"down": {"uv": [122, 84], "uv_size": [-2, -4]}
							}
						},
						{
							"origin": [-4.58868, 25.98705, -2.25],
							"size": [1.15, 2.175, 4.5],
							"pivot": [2.25, 21.5, -2.75],
							"rotation": [0, 0, -73],
							"uv": {
								"north": {"uv": [120, 83], "uv_size": [1, 2]},
								"east": {"uv": [116, 83], "uv_size": [4, 2]},
								"south": {"uv": [125, 83], "uv_size": [1, 2]},
								"west": {"uv": [121, 83], "uv_size": [4, 2]},
								"up": {"uv": [120, 79], "uv_size": [1, 4]},
								"down": {"uv": [121, 83], "uv_size": [1, -4]}
							}
						},
						{
							"origin": [-6.98882, 19.97691, -0.5],
							"size": [0.5, 2.75, 1],
							"inflate": 0.15,
							"pivot": [8.75, 16.75, 0],
							"rotation": [0, 0, -24],
							"uv": {
								"north": {"uv": [91, 83], "uv_size": [1, 2]},
								"east": {"uv": [90, 83], "uv_size": [1, 2]},
								"south": {"uv": [93, 83], "uv_size": [1, 2]},
								"west": {"uv": [92, 83], "uv_size": [1, 2]},
								"up": {"uv": [91, 82], "uv_size": [1, 1]},
								"down": {"uv": [92, 83], "uv_size": [1, -1]}
							}
						},
						{
							"origin": [-6.18882, 21.52691, -0.5],
							"size": [0.5, 2.75, 1],
							"inflate": 0.15,
							"pivot": [8.75, 16.75, 0],
							"rotation": [0, 0, -24],
							"uv": {
								"north": {"uv": [91, 83], "uv_size": [1, 2]},
								"east": {"uv": [90, 83], "uv_size": [1, 2]},
								"south": {"uv": [93, 83], "uv_size": [1, 2]},
								"west": {"uv": [92, 83], "uv_size": [1, 2]},
								"up": {"uv": [91, 82], "uv_size": [1, 1]},
								"down": {"uv": [92, 83], "uv_size": [1, -1]}
							}
						}
					]
				},
				{
					"name": "bipedLeftArm",
					"pivot": [4, 22, 0]
				},
				{
					"name": "armorLeftArm",
					"parent": "bipedLeftArm",
					"pivot": [4, 22, 0]
				},
				{
					"name": "leftArmTop",
					"parent": "armorLeftArm",
					"pivot": [4, 22, 0],
					"cubes": [
						{
							"origin": [4, 18, -2],
							"size": [3.5, 6, 4],
							"uv": {
								"north": {"uv": [36, 52], "uv_size": [4, 6]},
								"east": {"uv": [32, 52], "uv_size": [4, 6]},
								"south": {"uv": [44, 52], "uv_size": [4, 6]},
								"west": {"uv": [40, 52], "uv_size": [4, 6]},
								"up": {"uv": [36, 48], "uv_size": [4, 4]},
								"down": {"uv": [40, 52], "uv_size": [4, -4]}
							}
						},
						{
							"origin": [3.6, 16.95, -3.025],
							"size": [5.3, 5, 6],
							"inflate": -1.2,
							"uv": {
								"north": {"uv": [28, 26], "uv_size": [-6, 5]},
								"east": {"uv": [28, 26], "uv_size": [-6, 5]},
								"south": {"uv": [28, 26], "uv_size": [-6, 5]},
								"west": {"uv": [28, 26], "uv_size": [-6, 5]},
								"up": {"uv": [22, 31], "uv_size": [6, -5]},
								"down": {"uv": [22, 31], "uv_size": [6, -5]}
							}
						},
						{
							"origin": [3.1, 17.05, -3.375],
							"size": [5.3, 4.9, 6.75],
							"inflate": -1.1,
							"uv": {
								"north": {"uv": [28, 27], "uv_size": [-5, 4]},
								"east": {"uv": [28, 27], "uv_size": [-5, 4]},
								"south": {"uv": [28, 27], "uv_size": [-5, 4]},
								"west": {"uv": [28, 27], "uv_size": [-5, 4]},
								"up": {"uv": [23, 31], "uv_size": [5, -4]},
								"down": {"uv": [23, 31], "uv_size": [5, -4]}
							}
						},
						{
							"origin": [3.775, 22.55, -2.25],
							"size": [2.25, 0.475, 1.65],
							"inflate": 0.05,
							"pivot": [4, 22.75, -2.25],
							"rotation": [0, 0, 51],
							"uv": {
								"north": {"uv": [104, 90], "uv_size": [2, 0]},
								"east": {"uv": [103, 90], "uv_size": [1, 0]},
								"south": {"uv": [107, 90], "uv_size": [2, 0]},
								"west": {"uv": [106, 90], "uv_size": [1, 0]},
								"up": {"uv": [104, 89], "uv_size": [2, 1]},
								"down": {"uv": [106, 90], "uv_size": [2, -1]}
							}
						},
						{
							"origin": [5.125, 21.05, -2.25],
							"size": [2.6, 0.425, 4.4],
							"inflate": 0.05,
							"uv": {
								"north": {"uv": [108, 92], "uv_size": [3, 0]},
								"east": {"uv": [104, 92], "uv_size": [4, 0]},
								"south": {"uv": [115, 92], "uv_size": [3, 0]},
								"west": {"uv": [111, 92], "uv_size": [4, 0]},
								"up": {"uv": [108, 88], "uv_size": [3, 4]},
								"down": {"uv": [111, 92], "uv_size": [3, -4]}
							}
						}
					]
				},
				{
					"name": "leftArmBottom",
					"parent": "armorLeftArm",
					"pivot": [6, 18, 2],
					"cubes": [
						{
							"origin": [6.61132, 21.76205, -2.25],
							"size": [1.175, 2.075, 4.5],
							"pivot": [2.25, 21.5, -2.75],
							"rotation": [0, 0, 73],
							"uv": {
								"north": {"uv": [121, 83], "uv_size": [1, 2]},
								"east": {"uv": [117, 83], "uv_size": [4, 2]},
								"south": {"uv": [126, 83], "uv_size": [1, 2]},
								"west": {"uv": [122, 83], "uv_size": [4, 2]},
								"up": {"uv": [121, 79], "uv_size": [1, 4]},
								"down": {"uv": [122, 83], "uv_size": [1, -4]}
							}
						},
						{
							"origin": [4, 12, -2],
							"size": [3.5, 6, 4],
							"uv": {
								"north": {"uv": [23, 81], "uv_size": [-4, 6]},
								"east": {"uv": [27, 81], "uv_size": [-4, 6]},
								"south": {"uv": [31, 81], "uv_size": [-4, 6]},
								"west": {"uv": [19, 81], "uv_size": [-4, 6]},
								"up": {"uv": [23, 77], "uv_size": [-4, 4]},
								"down": {"uv": [27, 81], "uv_size": [-4, -4]}
							}
						},
						{
							"origin": [7.26118, 14.42691, -0.5],
							"size": [0.5, 2.75, 1],
							"inflate": 0.15,
							"pivot": [8.75, 16.75, 0],
							"rotation": [0, 0, 24],
							"uv": {
								"north": {"uv": [90, 83], "uv_size": [1, 2]},
								"east": {"uv": [89, 83], "uv_size": [1, 2]},
								"south": {"uv": [92, 83], "uv_size": [1, 2]},
								"west": {"uv": [91, 83], "uv_size": [1, 2]},
								"up": {"uv": [90, 82], "uv_size": [1, 1]},
								"down": {"uv": [91, 83], "uv_size": [1, -1]}
							}
						},
						{
							"origin": [8.01118, 12.92691, -0.5],
							"size": [0.5, 2.75, 1],
							"inflate": 0.15,
							"pivot": [8.75, 16.75, 0],
							"rotation": [0, 0, 24],
							"uv": {
								"north": {"uv": [91, 83], "uv_size": [1, 2]},
								"east": {"uv": [90, 83], "uv_size": [1, 2]},
								"south": {"uv": [93, 83], "uv_size": [1, 2]},
								"west": {"uv": [92, 83], "uv_size": [1, 2]},
								"up": {"uv": [91, 82], "uv_size": [1, 1]},
								"down": {"uv": [92, 83], "uv_size": [1, -1]}
							}
						},
						{
							"origin": [6.01132, 16.88705, -2.25],
							"size": [1.725, 1.1, 4.5],
							"uv": {
								"north": {"uv": [119, 84], "uv_size": [2, 1]},
								"east": {"uv": [115, 84], "uv_size": [4, 1]},
								"south": {"uv": [125, 84], "uv_size": [2, 1]},
								"west": {"uv": [121, 84], "uv_size": [4, 1]},
								"up": {"uv": [119, 80], "uv_size": [2, 4]},
								"down": {"uv": [121, 84], "uv_size": [2, -4]}
							}
						}
					]
				},
				{
					"name": "bipedLeftLeg",
					"pivot": [2, 12, 0]
				},
				{
					"name": "armorLeftLeg",
					"parent": "bipedLeftLeg",
					"pivot": [2, 12, 0],
					"cubes": [
						{
							"origin": [0, 6, -2],
							"size": [4, 6, 4],
							"uv": {
								"north": {"uv": [20, 52], "uv_size": [4, 6]},
								"east": {"uv": [16, 52], "uv_size": [4, 6]},
								"south": {"uv": [28, 52], "uv_size": [4, 6]},
								"west": {"uv": [24, 52], "uv_size": [4, 6]},
								"up": {"uv": [20, 48], "uv_size": [4, 4]},
								"down": {"uv": [24, 52], "uv_size": [4, -4]}
							}
						},
						{
							"origin": [-0.9, 5.2, -3.375],
							"size": [5.8, 7.6, 6.75],
							"inflate": -1.1,
							"uv": {
								"north": {"uv": [8, 23], "uv_size": [4, 4]},
								"east": {"uv": [8, 23], "uv_size": [4, 4]},
								"south": {"uv": [8, 23], "uv_size": [4, 4]},
								"west": {"uv": [8, 23], "uv_size": [4, 4]},
								"up": {"uv": [12, 27], "uv_size": [-4, -4]},
								"down": {"uv": [12, 27], "uv_size": [-4, -4]}
							}
						},
						{
							"origin": [2.225, 5.45, -2.875],
							"size": [3.05, 7.35, 5.75],
							"inflate": -1.1,
							"uv": {
								"north": {"uv": [95, 39], "uv_size": [-5, 6]},
								"east": {"uv": [95, 39], "uv_size": [-5, 6]},
								"south": {"uv": [95, 39], "uv_size": [-5, 6]},
								"west": {"uv": [95, 39], "uv_size": [-5, 6]},
								"up": {"uv": [90, 45], "uv_size": [5, -6]},
								"down": {"uv": [90, 45], "uv_size": [5, -6]}
							}
						}
					]
				},
				{
					"name": "armorLeftBoot",
					"parent": "bipedLeftLeg",
					"pivot": [2, 12, 0],
					"cubes": [
						{
							"origin": [0.525, 0.5, -2.25],
							"size": [2.95, 5.075, 4.5],
							"inflate": 0.15,
							"uv": {
								"north": {"uv": [97, 65], "uv_size": [-4, 7]},
								"east": {"uv": [102, 71], "uv_size": [-4, 5]},
								"south": {"uv": [104, 71], "uv_size": [-2, 5]},
								"west": {"uv": [96, 71], "uv_size": [-4, 5]},
								"up": {"uv": [98, 67], "uv_size": [-2, 4]},
								"down": {"uv": [100, 71], "uv_size": [-2, -4]}
							}
						},
						{
							"origin": [2.1, 0.5, -1.5],
							"size": [1.95, 5.075, 3],
							"inflate": 0.15,
							"uv": {
								"north": {"uv": [93, 79], "uv_size": [-1, 5]},
								"east": {"uv": [96, 79], "uv_size": [-3, 5]},
								"south": {"uv": [97, 79], "uv_size": [-1, 5]},
								"west": {"uv": [92, 79], "uv_size": [-3, 5]},
								"up": {"uv": [93, 76], "uv_size": [-1, 3]},
								"down": {"uv": [94, 79], "uv_size": [-1, -3]}
							}
						},
						{
							"origin": [0, 0, -2],
							"size": [4, 6, 4],
							"uv": {
								"north": {"uv": [42, 70], "uv_size": [4, 6]},
								"east": {"uv": [38, 70], "uv_size": [4, 6]},
								"south": {"uv": [50, 70], "uv_size": [4, 6]},
								"west": {"uv": [46, 70], "uv_size": [4, 6]},
								"up": {"uv": [42, 66], "uv_size": [4, 4]},
								"down": {"uv": [46, 70], "uv_size": [4, -4]}
							}
						}
					]
				},
				{
					"name": "bipedRightLeg",
					"pivot": [-2, 12, 0]
				},
				{
					"name": "armorRightLeg",
					"parent": "bipedRightLeg",
					"pivot": [-2, 12, 0],
					"cubes": [
						{
							"origin": [-5.25, 5.45, -2.875],
							"size": [3.05, 7.35, 5.75],
							"inflate": -1.1,
							"uv": {
								"north": {"uv": [90, 39], "uv_size": [5, 6]},
								"east": {"uv": [90, 39], "uv_size": [5, 6]},
								"south": {"uv": [90, 39], "uv_size": [5, 6]},
								"west": {"uv": [90, 39], "uv_size": [5, 6]},
								"up": {"uv": [95, 45], "uv_size": [-5, -6]},
								"down": {"uv": [95, 45], "uv_size": [-5, -6]}
							}
						},
						{
							"origin": [-4, 6, -2],
							"size": [4, 6, 4],
							"uv": {
								"north": {"uv": [4, 20], "uv_size": [4, 6]},
								"east": {"uv": [0, 20], "uv_size": [4, 6]},
								"south": {"uv": [12, 20], "uv_size": [4, 6]},
								"west": {"uv": [8, 20], "uv_size": [4, 6]},
								"up": {"uv": [4, 16], "uv_size": [4, 4]},
								"down": {"uv": [8, 20], "uv_size": [4, -4]}
							}
						},
						{
							"origin": [-4.9, 5.2, -3.375],
							"size": [5.8, 7.6, 6.75],
							"inflate": -1.1,
							"uv": {
								"north": {"uv": [12, 23], "uv_size": [-4, 4]},
								"east": {"uv": [12, 23], "uv_size": [-4, 4]},
								"south": {"uv": [12, 23], "uv_size": [-4, 4]},
								"west": {"uv": [12, 23], "uv_size": [-4, 4]},
								"up": {"uv": [8, 27], "uv_size": [4, -4]},
								"down": {"uv": [8, 27], "uv_size": [4, -4]}
							}
						}
					]
				},
				{
					"name": "armorRightBoot",
					"parent": "bipedRightLeg",
					"pivot": [2, 12, 0],
					"cubes": [
						{
							"origin": [-4.05, 0.5, -1.5],
							"size": [1.95, 5.075, 3],
							"inflate": 0.15,
							"uv": {
								"north": {"uv": [92, 79], "uv_size": [1, 5]},
								"east": {"uv": [89, 79], "uv_size": [3, 5]},
								"south": {"uv": [96, 79], "uv_size": [1, 5]},
								"west": {"uv": [93, 79], "uv_size": [3, 5]},
								"up": {"uv": [92, 76], "uv_size": [1, 3]},
								"down": {"uv": [93, 79], "uv_size": [1, -3]}
							}
						},
						{
							"origin": [-3.475, 0.5, -2.25],
							"size": [2.95, 5.075, 4.5],
							"inflate": 0.15,
							"uv": {
								"north": {"uv": [94, 66], "uv_size": [4, 7]},
								"east": {"uv": [93, 72], "uv_size": [4, 5]},
								"south": {"uv": [103, 72], "uv_size": [2, 5]},
								"west": {"uv": [99, 72], "uv_size": [4, 5]},
								"up": {"uv": [97, 68], "uv_size": [2, 4]},
								"down": {"uv": [99, 72], "uv_size": [2, -4]}
							}
						},
						{
							"origin": [-4, 0, -2],
							"size": [4, 6, 4],
							"uv": {
								"north": {"uv": [42, 81], "uv_size": [4, 6]},
								"east": {"uv": [38, 81], "uv_size": [4, 6]},
								"south": {"uv": [50, 81], "uv_size": [4, 6]},
								"west": {"uv": [46, 81], "uv_size": [4, 6]},
								"up": {"uv": [42, 77], "uv_size": [4, 4]},
								"down": {"uv": [46, 81], "uv_size": [4, -4]}
							}
						}
					]
				}
			]
		}
	]
}