{
	"format_version": "1.12.0",
	"minecraft:geometry": [
		{
			"description": {
				"identifier": "geometry.unknown",
				"texture_width": 128,
				"texture_height": 128,
				"visible_bounds_width": 5,
				"visible_bounds_height": 3.5,
				"visible_bounds_offset": [0, 1.25, 0]
			},
			"bones": [
				{
					"name": "bipedHead",
					"pivot": [0, 24, 0]
				},
				{
					"name": "armorHead",
					"parent": "bipedHead",
					"pivot": [0, 24, 0]
				},
				{
					"name": "bipedBody",
					"pivot": [0, 24, 0]
				},
				{
					"name": "armorBody",
					"parent": "bipedBody",
					"pivot": [0, 24, 0]
				},
				{
					"name": "bodyTop",
					"parent": "armorBody",
					"pivot": [0, 24, 0],
					"cubes": [
						{"origin": [-4, 18, -2], "size": [8, 6, 4], "uv": [16, 16]},
						{"origin": [-4, 24, -4], "size": [8, 8, 8], "uv": [0, 0]},
						{"origin": [0.65, 27.85, -4.15], "size": [3.05, 0.6, 1.25], "pivot": [0, 24, 0], "rotation": [0, 0, -3], "uv": [20, 12]},
						{"origin": [1.4, 27.6, -4.2], "size": [3.05, 0.6, 1.25], "pivot": [0, 24, 0], "rotation": [0, 0, -15], "uv": [119, 2]},
						{"origin": [-4.45, 27.6, -4.2], "size": [3.05, 0.6, 1.25], "pivot": [0, 24, 0], "rotation": [0, 0, 15], "uv": [119, 2]},
						{"origin": [1.175, 26.625, -4.125], "size": [1.4, 0.5, 1.25], "pivot": [0, 24, 0], "rotation": [0, 0, -3], "uv": [18, 11]},
						{"origin": [-2.6, 26.6, -4.125], "size": [1.4, 0.5, 1.25], "pivot": [0, 24, 0], "rotation": [0, 0, 3], "uv": [18, 11]},
						{"origin": [-0.95, 24.05, -4.1], "size": [1.9, 0.3, 1.25], "uv": [115, 1]},
						{"origin": [1.4, 24.65, -4.1], "size": [0.3, 0.9, 1.25], "pivot": [0, 24, 0], "rotation": [0, 0, -8], "uv": [113, 1]},
						{"origin": [3.8, 27.9, -4.1], "size": [0.4, 0.65, 1.25], "pivot": [0, 24, 0], "rotation": [0, 0, -8], "uv": [121, 2]},
						{"origin": [-1.7, 24.65, -4.1], "size": [0.3, 0.9, 1.25], "pivot": [0, 24, 0], "rotation": [0, 0, 8], "uv": [113, 1]},
						{"origin": [-4.25, 27.9, -4.1], "size": [0.4, 0.65, 1.25], "pivot": [0, 24, 0], "rotation": [0, 0, 8], "uv": [120, 2]},
						{"origin": [-2.7, 27.15, -4.025], "size": [1.9, 0.75, 1.25], "uv": [113, 4]},
						{"origin": [0.75, 27.15, -4.025], "size": [1.9, 0.75, 1.25], "uv": [113, 4]},
						{"origin": [0.9, 27.15, -4.1], "size": [0.85, 0.75, 1.25], "inflate": -0.025, "uv": [109, 5]},
						{"origin": [-1.775, 27.15, -4.1], "size": [0.85, 0.75, 1.25], "inflate": -0.025, "uv": [109, 5]},
						{"origin": [-3.75, 27.85, -4.175], "size": [3.05, 0.6, 1.25], "pivot": [0, 24, 0], "rotation": [0, 0, 3], "uv": [19, 11]},
						{"origin": [-3.3774, 27.87374, -4.125], "size": [1.6, 0.5, 1.25], "pivot": [-3.3, 28.025, -4.05], "rotation": [0, 0, 53], "uv": [18, 10]},
						{
							"origin": [-4, 30.55, -4],
							"size": [8, 2, 8],
							"inflate": -0.3,
							"uv": {
								"north": {"uv": [8, 0], "uv_size": [8.5, 8]},
								"east": {"uv": [8, 0], "uv_size": [8.5, 8]},
								"south": {"uv": [8, 0], "uv_size": [8.5, 8]},
								"west": {"uv": [8, 0], "uv_size": [8.5, 8]},
								"up": {"uv": [16.5, 8], "uv_size": [-8.5, -8]},
								"down": {"uv": [16.5, 8], "uv_size": [-8.5, -8]}
							}
						},
						{"origin": [-1.2274, 30.67374, -4.125], "size": [1.6, 0.5, 1.25], "pivot": [-3.3, 28.025, -4.05], "rotation": [0, 0, 53], "uv": [18, 10]},
						{"origin": [-3.0274, 25.42374, -4.125], "size": [1.6, 0.5, 1.25], "pivot": [-3.3, 28.025, -4.05], "rotation": [0, 0, -53], "uv": [17, 10]},
						{
							"origin": [-1, 24, -1],
							"size": [2, 2, 2],
							"uv": {
								"north": {"uv": [0, 0], "uv_size": [2, 2]},
								"east": {"uv": [0, 0], "uv_size": [2, 2]},
								"south": {"uv": [0, 0], "uv_size": [2, 2]},
								"west": {"uv": [0, 0], "uv_size": [2, 2]},
								"up": {"uv": [2, 2], "uv_size": [-2, -2]},
								"down": {"uv": [2, 2], "uv_size": [-2, -2]}
							}
						},
						{
							"origin": [-2, 20.25, -2],
							"size": [4, 2.75, 2],
							"inflate": 0.2,
							"uv": {
								"north": {"uv": [4, 89.5], "uv_size": [51, 36.5]},
								"east": {"uv": [0, 0], "uv_size": [2, 2]},
								"south": {"uv": [0, 0], "uv_size": [2, 2]},
								"west": {"uv": [0, 0], "uv_size": [2, 2]},
								"up": {"uv": [2, 2], "uv_size": [-2, -2]},
								"down": {"uv": [2, 2], "uv_size": [-2, -2]}
							}
						},
						{"origin": [-0.8524, 22.64874, -4.1], "size": [1.6, 0.5, 1.25], "pivot": [-3.3, 28.025, -4.05], "rotation": [0, 0, -53], "uv": [17, 10]},
						{
							"origin": [1.1, 24.025, -4.475],
							"size": [1.8, 2.425, 1.975],
							"inflate": -0.4,
							"pivot": [0, 24, 0],
							"rotation": [0, 0, -74.25],
							"uv": {
								"north": {"uv": [2, 13], "uv_size": [1, 2]},
								"east": {"uv": [0, 13], "uv_size": [2, 2]},
								"south": {"uv": [5, 13], "uv_size": [1, 2]},
								"west": {"uv": [3, 13], "uv_size": [2, 2]},
								"up": {"uv": [2, 11], "uv_size": [1, 2]},
								"down": {"uv": [3, 13], "uv_size": [1, -2]}
							}
						},
						{
							"origin": [-0.75, 23.525, -4.475],
							"size": [1.3, 4.825, 2.225],
							"inflate": -0.4,
							"pivot": [0, 24, 0],
							"rotation": [0, 0, -85],
							"uv": {
								"north": {"uv": [2, 13], "uv_size": [1, 2]},
								"east": {"uv": [0, 13], "uv_size": [2, 2]},
								"south": {"uv": [5, 13], "uv_size": [1, 2]},
								"west": {"uv": [3, 13], "uv_size": [2, 2]},
								"up": {"uv": [2, 11], "uv_size": [1, 2]},
								"down": {"uv": [3, 13], "uv_size": [1, -2]}
							}
						},
						{
							"origin": [-2.9, 24.025, -4.45],
							"size": [1.8, 2.4, 2],
							"inflate": -0.4,
							"pivot": [0, 24, 0],
							"rotation": [0, 0, 74.25],
							"uv": {
								"north": {"uv": [3, 13], "uv_size": [-1, 2]},
								"east": {"uv": [5, 13], "uv_size": [-2, 2]},
								"south": {"uv": [6, 13], "uv_size": [-1, 2]},
								"west": {"uv": [2, 13], "uv_size": [-2, 2]},
								"up": {"uv": [3, 11], "uv_size": [-1, 2]},
								"down": {"uv": [4, 13], "uv_size": [-1, -2]}
							}
						},
						{
							"origin": [-2.5, 27.025, -4.45],
							"size": [1.8, 1.575, 2],
							"inflate": -0.4,
							"pivot": [0, 24, 0],
							"rotation": [0, 0, 74.25],
							"uv": {
								"north": {"uv": [4, 9.5], "uv_size": [-1, 2]},
								"east": {"uv": [6, 9.5], "uv_size": [-2, 2]},
								"south": {"uv": [7, 9.5], "uv_size": [-1, 2]},
								"west": {"uv": [3, 9.5], "uv_size": [-2, 2]},
								"up": {"uv": [4, 7.5], "uv_size": [-1, 2]},
								"down": {"uv": [5, 9.5], "uv_size": [-1, -2]}
							}
						},
						{
							"origin": [0.7, 27.025, -4.45],
							"size": [1.8, 1.575, 2],
							"inflate": -0.4,
							"pivot": [0, 24, 0],
							"rotation": [0, 0, -74.25],
							"uv": {
								"north": {"uv": [3, 9.5], "uv_size": [1, 2]},
								"east": {"uv": [6, 9.5], "uv_size": [-2, 2]},
								"south": {"uv": [7, 9.5], "uv_size": [-1, 2]},
								"west": {"uv": [3, 9.5], "uv_size": [-2, 2]},
								"up": {"uv": [4, 7.5], "uv_size": [-1, 2]},
								"down": {"uv": [5, 9.5], "uv_size": [-1, -2]}
							}
						},
						{
							"origin": [-3.75, 23.7, -2.3],
							"size": [7.5, 1.6, 2.35],
							"pivot": [0, 24, 0],
							"rotation": [22.5, 0, 0],
							"uv": {
								"north": {"uv": [105, 46], "uv_size": [7.5, 2]},
								"east": {"uv": [105, 46], "uv_size": [2, 2]},
								"south": {"uv": [105, 46], "uv_size": [7.5, 2]},
								"west": {"uv": [105, 46], "uv_size": [2, 2]},
								"up": {"uv": [112.5, 48], "uv_size": [-7.5, -2]},
								"down": {"uv": [112.5, 48], "uv_size": [-7.5, -2]}
							}
						},
						{
							"origin": [3.75, 23.25, -1.75],
							"size": [0.4, 8.5, 3.5],
							"uv": {
								"north": {"uv": [18, 8], "uv_size": [0.4, 8.5]},
								"east": {"uv": [18, 8], "uv_size": [3.5, 8.5]},
								"south": {"uv": [18, 8], "uv_size": [0.4, 8.5]},
								"west": {"uv": [18, 8], "uv_size": [3.5, 8.5]},
								"up": {"uv": [18.4, 11.5], "uv_size": [-0.4, -3.5]},
								"down": {"uv": [18.4, 11.5], "uv_size": [-0.4, -3.5]}
							}
						},
						{
							"origin": [-4.2, 23.25, -1.75],
							"size": [0.4, 8.5, 3.5],
							"uv": {
								"north": {"uv": [18, 8], "uv_size": [0.4, 8.5]},
								"east": {"uv": [18, 8], "uv_size": [3.5, 8.5]},
								"south": {"uv": [18, 8], "uv_size": [0.4, 8.5]},
								"west": {"uv": [18, 8], "uv_size": [3.5, 8.5]},
								"up": {"uv": [18.4, 11.5], "uv_size": [-0.4, -3.5]},
								"down": {"uv": [18.4, 11.5], "uv_size": [-0.4, -3.5]}
							}
						},
						{
							"origin": [-0.55, 23.6, -4.45],
							"size": [1.3, 4.725, 2.25],
							"inflate": -0.4,
							"pivot": [0, 24, 0],
							"rotation": [0, 0, 85],
							"uv": {
								"north": {"uv": [3, 13], "uv_size": [-1, 2]},
								"east": {"uv": [5, 13], "uv_size": [-2, 2]},
								"south": {"uv": [6, 13], "uv_size": [-1, 2]},
								"west": {"uv": [2, 13], "uv_size": [-2, 2]},
								"up": {"uv": [3, 11], "uv_size": [-1, 2]},
								"down": {"uv": [4, 13], "uv_size": [-1, -2]}
							}
						}
					]
				},
				{
					"name": "earRight",
					"parent": "bodyTop",
					"pivot": [-0.5, 25.25, 3],
					"cubes": [
						{
							"origin": [3.095, 31.15, -0.325],
							"size": [0.85, 3.4, 0.45],
							"inflate": 0.025,
							"pivot": [-0.5, 25.25, 3],
							"rotation": [0, 0, -3],
							"uv": {
								"north": {"uv": [14, 6], "uv_size": [1, 3.5]},
								"east": {"uv": [15, 6], "uv_size": [0, 3]},
								"south": {"uv": [15, 6], "uv_size": [0, 3]},
								"west": {"uv": [15, 6], "uv_size": [0, 3]},
								"up": {"uv": [15, 6], "uv_size": [0, 0]},
								"down": {"uv": [15, 6], "uv_size": [0, 0]}
							}
						},
						{
							"origin": [2.1, 31.575, -0.35],
							"size": [0.85, 3.4, 0.5],
							"inflate": 0.025,
							"pivot": [-0.5, 25.25, 3],
							"rotation": [0, 0, 3],
							"uv": {
								"north": {"uv": [10.5, 2.5], "uv_size": [5, 1.5]},
								"east": {"uv": [10.5, 2.5], "uv_size": [5, 1.5]},
								"south": {"uv": [10.5, 2.5], "uv_size": [5, 1.5]},
								"west": {"uv": [10.5, 2.5], "uv_size": [5, 1.5]},
								"up": {"uv": [15.5, 4], "uv_size": [-5, -1.5]},
								"down": {"uv": [15.5, 4], "uv_size": [-5, -1.5]}
							}
						},
						{
							"origin": [-5.075, 34.25, -0.3],
							"size": [0.6, 0.55, 0.375],
							"inflate": 0.025,
							"pivot": [-0.5, 25.25, 3],
							"rotation": [0, 0, 45],
							"uv": {
								"north": {"uv": [15, 5], "uv_size": [2, 1.5]},
								"east": {"uv": [15, 5], "uv_size": [2, 1.5]},
								"south": {"uv": [15, 5], "uv_size": [2, 1.5]},
								"west": {"uv": [15, 5], "uv_size": [2, 1.5]},
								"up": {"uv": [17, 6.5], "uv_size": [-2, -1.5]},
								"down": {"uv": [17, 6.5], "uv_size": [-2, -1.5]}
							}
						}
					]
				},
				{
					"name": "earLeft",
					"parent": "bodyTop",
					"pivot": [0.5, 1.25, 3],
					"cubes": [
						{
							"origin": [-4, 31.15, -0.3],
							"size": [0.85, 3.4, 0.45],
							"inflate": 0.025,
							"pivot": [0.5, 25.25, 3],
							"rotation": [0, 0, 3],
							"uv": {
								"north": {"uv": [15, 2], "uv_size": [-5, 6.5]},
								"east": {"uv": [15, 2], "uv_size": [-4, 6]},
								"south": {"uv": [15, 2], "uv_size": [-4, 6]},
								"west": {"uv": [15, 2], "uv_size": [-4, 6]},
								"up": {"uv": [11, 5], "uv_size": [4, -3]},
								"down": {"uv": [11, 5], "uv_size": [4, -3]}
							}
						},
						{
							"origin": [-3, 31.575, -0.35],
							"size": [0.85, 3.4, 0.5],
							"inflate": 0.025,
							"pivot": [0.5, 25.25, 3],
							"rotation": [0, 0, -3],
							"uv": {
								"north": {"uv": [13, 2], "uv_size": [4, 6]},
								"east": {"uv": [15, 2], "uv_size": [-4, 6]},
								"south": {"uv": [15, 2], "uv_size": [-4, 6]},
								"west": {"uv": [15, 2], "uv_size": [-4, 6]},
								"up": {"uv": [11, 5], "uv_size": [4, -3]},
								"down": {"uv": [11, 5], "uv_size": [4, -3]}
							}
						},
						{
							"origin": [4.425, 34.275, -0.3],
							"size": [0.625, 0.55, 0.375],
							"inflate": 0.025,
							"pivot": [0.5, 25.25, 3],
							"rotation": [0, 0, -45],
							"uv": {
								"north": {"uv": [17, 3], "uv_size": [-6, 4.5]},
								"east": {"uv": [17, 3], "uv_size": [-6, 4.5]},
								"south": {"uv": [17, 3], "uv_size": [-6, 4.5]},
								"west": {"uv": [17, 3], "uv_size": [-6, 4.5]},
								"up": {"uv": [11, 7.5], "uv_size": [6, -4.5]},
								"down": {"uv": [11, 7.5], "uv_size": [6, -4.5]}
							}
						}
					]
				},
				{
					"name": "brood",
					"parent": "bodyTop",
					"pivot": [0, 24, 0],
					"cubes": [
						{"origin": [-5, 2.75, 1.65], "size": [10, 21, 0.6], "pivot": [0, 24, 0], "rotation": [6, 0, 0], "uv": [77, 57]},
						{"origin": [-7.7, 4.05, 0.85], "size": [15.4, 17.5, 1.3], "inflate": -0.3, "pivot": [0, 24, 0], "rotation": [6, 0, 0], "uv": [68, 35]},
						{"origin": [-5.05, 2.55, 1.075], "size": [10.25, 2.125, 1.075], "inflate": -0.3, "pivot": [0, 24, 0], "rotation": [6, 0, 0], "uv": [66, 51]},
						{"origin": [5, 4, 1.25], "size": [3.25, 19.5, 0.75], "pivot": [0, 24, 0], "rotation": [6, 0, 0], "uv": [87.25, 58]},
						{"origin": [-13, 6, 1.75], "size": [1, 1, 0.3], "pivot": [0, 24, 0], "rotation": [4.2504, 4.23876, -44.84263], "uv": [86.25, 63]},
						{"origin": [-10.25, 5.25, 1.75], "size": [1, 1, 0.15], "pivot": [0, 24, 0], "rotation": [4.2504, 4.23876, -44.84263], "uv": [86.25, 63]},
						{"origin": [-9.5, 4.5, 1.75], "size": [1, 1, 0.15], "pivot": [0, 24, 0], "rotation": [4.2504, 4.23876, -44.84263], "uv": [86.25, 63]},
						{"origin": [-18.725, 13.8, 1.75], "size": [1, 1, 0.15], "pivot": [0, 24, 0], "rotation": [4.2504, 4.23876, -44.84263], "uv": [94.25, 58]},
						{"origin": [-19.475, 14.55, 1.75], "size": [1, 1, 0.15], "pivot": [0, 24, 0], "rotation": [4.2504, 4.23876, -44.84263], "uv": [94.25, 58]},
						{"origin": [-14.5, 7.5, 1.75], "size": [1, 1, 0.3], "pivot": [0, 24, 0], "rotation": [4.2504, 4.23876, -44.84263], "uv": [84.25, 61]},
						{"origin": [-13.75, 6.75, 1.75], "size": [1, 1, 0.3], "pivot": [0, 24, 0], "rotation": [4.2504, 4.23876, -44.84263], "uv": [84.25, 61]},
						{"origin": [-15.6, 8.5, 1.75], "size": [1, 1, 0.3], "pivot": [0, 24, 0], "rotation": [4.2504, 4.23876, -44.84263], "uv": [84.25, 61]},
						{"origin": [-16.5, 9.5, 1.75], "size": [1, 1, 0.3], "pivot": [0, 24, 0], "rotation": [4.2504, 4.23876, -44.84263], "uv": [87.25, 61]},
						{"origin": [-17.25, 10.25, 1.75], "size": [1, 1, 0.3], "pivot": [0, 24, 0], "rotation": [4.2504, 4.23876, -44.84263], "uv": [87.25, 61]},
						{"origin": [-18, 11, 1.75], "size": [1, 1, 0.3], "pivot": [0, 24, 0], "rotation": [4.2504, 4.23876, -44.84263], "uv": [87.25, 61]},
						{"origin": [-18.25, 12.75, 1.75], "size": [1, 1.25, 0.375], "pivot": [0, 24, 0], "rotation": [4.2504, 4.23876, -44.84263], "uv": [90.25, 61]},
						{"origin": [17.25, 12.75, 1.75], "size": [1, 1.25, 0.375], "pivot": [0, 24, 0], "rotation": [4.2504, -4.23876, 44.84263], "uv": [84.25, 61]},
						{"origin": [-8, 6, 1.75], "size": [3, 17.5, 0.25], "pivot": [0, 24, 0], "rotation": [6, 0, 0], "uv": [95.25, 57]},
						{"origin": [-8.25, 4, 1.25], "size": [3.25, 19.5, 0.75], "pivot": [0, 24, 0], "rotation": [6, 0, 0], "uv": [95.25, 57]},
						{"origin": [-8.725, 6.6, -3.6], "size": [0.675, 17.2, 5.65], "pivot": [0, 24, 0], "rotation": [6, 0, 0], "uv": [93, 58], "mirror": true},
						{"origin": [3.725, 21.125, -3.35], "size": [4.925, 4.3, 5.4], "inflate": -0.1, "pivot": [0, 24, 0], "rotation": [5.93457, -0.88527, 8.45411], "uv": [88, 59]},
						{"origin": [-0.525, 9.625, -3.35], "size": [3.925, 13.85, 1.15], "inflate": -0.1, "pivot": [0, 24, 0], "rotation": [0, 0, -22.5], "uv": [88, 59]},
						{"origin": [-5.025, 8.425, -3.15], "size": [3.425, 2.25, 1.15], "inflate": -0.15, "pivot": [0, 24, 0], "rotation": [0, 0, -40.5], "uv": [88, 62]},
						{"origin": [-10.525, 10.175, -3.15], "size": [3.175, 1.75, 1.15], "inflate": -0.225, "pivot": [0, 24, 0], "rotation": [0, 0, -63], "uv": [88, 62]},
						{"origin": [-8.825, 8.425, -3.15], "size": [1.675, 2.55, 1.15], "inflate": -0.275, "uv": [88, 62]},
						{"origin": [7.175, 8.425, -3.15], "size": [1.675, 2.55, 1.15], "inflate": -0.275, "uv": [88, 62]},
						{"origin": [7.325, 10.175, -3.15], "size": [3.175, 1.75, 1.15], "inflate": -0.225, "pivot": [0, 24, 0], "rotation": [0, 0, 63], "uv": [88, 62]},
						{"origin": [1.625, 8.525, -3.15], "size": [3.325, 2.15, 1.15], "inflate": -0.15, "pivot": [0, 24, 0], "rotation": [0, 0, 40.5], "uv": [87, 62]},
						{"origin": [-3.375, 9.625, -3.35], "size": [3.925, 13.85, 1.15], "inflate": -0.1, "pivot": [0, 24, 0], "rotation": [0, 0, 22.5], "uv": [88, 59]},
						{"origin": [-5.875, 15.625, -3.35], "size": [2.925, 5.85, 1.15], "inflate": -0.15, "pivot": [0, 24, 0], "rotation": [0, 0, 22.5], "uv": [88, 59], "mirror": true},
						{"origin": [3.125, 15.625, -3.35], "size": [2.925, 5.85, 1.15], "inflate": -0.15, "pivot": [0, 24, 0], "rotation": [0, 0, -22.5], "uv": [88, 59]},
						{"origin": [5.225, 11.65, -3.35], "size": [2.325, 6.25, 1.15], "inflate": -0.175, "pivot": [0, 24, 0], "rotation": [0, 0, -6], "uv": [87, 59]},
						{"origin": [-7.525, 11.65, -3.35], "size": [2.325, 6.25, 1.15], "inflate": -0.175, "pivot": [0, 24, 0], "rotation": [0, 0, 6], "uv": [87, 59], "mirror": true},
						{"origin": [-0.425, 23.075, -3.35], "size": [4.925, 2.3, 5.4], "inflate": -0.2, "pivot": [0, 24, 0], "rotation": [5.93457, -0.88527, 8.45411], "uv": [88, 59]},
						{"origin": [-8.675, 21.2, -3.35], "size": [4.925, 4.3, 5.4], "inflate": -0.1, "pivot": [0, 24, 0], "rotation": [5.92666, 0.93693, -8.9515], "uv": [88, 59]},
						{"origin": [-4.425, 22.95, -3.35], "size": [4.925, 2.55, 5.4], "inflate": -0.3, "pivot": [0, 24, 0], "rotation": [5.92666, 0.93693, -8.9515], "uv": [88, 59]},
						{"origin": [-4.2, 22.975, -3.35], "size": [4.275, 1.325, 5.4], "inflate": -0.1, "pivot": [0, 24, 0], "rotation": [5.64056, 2.04881, -19.89906], "uv": [88, 59]},
						{"origin": [-0.3, 22.75, -3.35], "size": [4.425, 1.3, 5.4], "inflate": -0.1, "pivot": [0, 24, 0], "rotation": [5.77628, -1.62589, 15.66797], "uv": [88, 59]},
						{"origin": [8.025, 6.6, -3.6], "size": [0.675, 17.2, 5.65], "pivot": [0, 24, 0], "rotation": [6, 0, 0], "uv": [88, 58]},
						{"origin": [-8.725, 6.65, 3.55], "size": [0.675, 2.1, 5.05], "inflate": -0.05, "pivot": [0, 24, 0], "rotation": [-16.5, 0, 0], "uv": [95, 52]},
						{"origin": [8.025, 6.65, 3.55], "size": [0.675, 2.1, 5.05], "inflate": -0.05, "pivot": [0, 24, 0], "rotation": [-16.5, 0, 0], "uv": [88, 59]}
					]
				},
				{
					"name": "bodyBottom",
					"parent": "armorBody",
					"pivot": [0, 24, 0],
					"cubes": [
						{"origin": [-4, 12, -2], "size": [8, 6, 4], "uv": [16, 22]},
						{
							"origin": [2.75, 12.25, -2.15],
							"size": [0.5, 2, 2],
							"uv": {
								"north": {"uv": [111, 7.5], "uv_size": [1.5, 2.9]},
								"east": {"uv": [111, 7.5], "uv_size": [3, 2.9]},
								"south": {"uv": [111, 7.5], "uv_size": [1.5, 2.9]},
								"west": {"uv": [111, 7.5], "uv_size": [3, 2.9]},
								"up": {"uv": [112.5, 10.5], "uv_size": [-1.5, -3]},
								"down": {"uv": [112.5, 10.5], "uv_size": [-1.5, -3]}
							}
						},
						{
							"origin": [1.25, 12.25, -2.15],
							"size": [0.5, 2, 2],
							"uv": {
								"north": {"uv": [111, 7.5], "uv_size": [1.5, 2.9]},
								"east": {"uv": [111, 7.5], "uv_size": [3, 2.9]},
								"south": {"uv": [111, 7.5], "uv_size": [1.5, 2.9]},
								"west": {"uv": [111, 7.5], "uv_size": [3, 2.9]},
								"up": {"uv": [112.5, 10.5], "uv_size": [-1.5, -3]},
								"down": {"uv": [112.5, 10.5], "uv_size": [-1.5, -3]}
							}
						},
						{
							"origin": [-1.75, 12.25, -2.15],
							"size": [0.5, 2, 2],
							"uv": {
								"north": {"uv": [112.5, 7.5], "uv_size": [-1.5, 2.9]},
								"east": {"uv": [114, 7.5], "uv_size": [-3, 2.9]},
								"south": {"uv": [112.5, 7.5], "uv_size": [-1.5, 2.9]},
								"west": {"uv": [114, 7.5], "uv_size": [-3, 2.9]},
								"up": {"uv": [111, 10.5], "uv_size": [1.5, -3]},
								"down": {"uv": [111, 10.5], "uv_size": [1.5, -3]}
							}
						},
						{
							"origin": [-3.25, 12.25, -2.15],
							"size": [0.5, 2, 2],
							"uv": {
								"north": {"uv": [112.5, 7.5], "uv_size": [-1.5, 2.9]},
								"east": {"uv": [114, 7.5], "uv_size": [-3, 2.9]},
								"south": {"uv": [112.5, 7.5], "uv_size": [-1.5, 2.9]},
								"west": {"uv": [114, 7.5], "uv_size": [-3, 2.9]},
								"up": {"uv": [111, 10.5], "uv_size": [1.5, -3]},
								"down": {"uv": [111, 10.5], "uv_size": [1.5, -3]}
							}
						},
						{
							"origin": [-0.75, 12.35, -2.25],
							"size": [1.5, 1.8, 2],
							"uv": {
								"north": {"uv": [115.5, 8], "uv_size": [4, 2.3]},
								"east": {"uv": [115.5, 8], "uv_size": [4.5, 2.3]},
								"south": {"uv": [115.5, 8], "uv_size": [4, 2.3]},
								"west": {"uv": [115.5, 8], "uv_size": [4.5, 2.3]},
								"up": {"uv": [119.5, 10.5], "uv_size": [-4, -2.5]},
								"down": {"uv": [119.5, 10.5], "uv_size": [-4, -2.5]}
							}
						}
					]
				},
				{
					"name": "bipedRightArm",
					"pivot": [-4, 22, 0]
				},
				{
					"name": "armorRightArm",
					"parent": "bipedRightArm",
					"pivot": [-4, 22, 0]
				},
				{
					"name": "rightArmtop",
					"parent": "armorRightArm",
					"pivot": [0, 24, 0],
					"cubes": [
						{"origin": [-8, 18, -2], "size": [4, 6, 4], "uv": [40, 16]},
						{
							"origin": [-7.5, 25.575, -2.15],
							"size": [5.15, 1.75, 4.3],
							"pivot": [4, 22, 0],
							"rotation": [0, 0, -22.5],
							"uv": {
								"north": {"uv": [76, 47], "uv_size": [5.65, 1.75]},
								"east": {"uv": [76, 47], "uv_size": [4.8, 1.75]},
								"south": {"uv": [76, 47], "uv_size": [5.65, 1.75]},
								"west": {"uv": [76, 47], "uv_size": [4.8, 1.75]},
								"up": {"uv": [81.65, 51.3], "uv_size": [-5.65, -4.3]},
								"down": {"uv": [81.65, 51.3], "uv_size": [-5.65, -4.3]}
							}
						},
						{
							"origin": [-8.1, 23.65, -2.15],
							"size": [5.15, 1.75, 4.3],
							"inflate": -0.1,
							"pivot": [4, 22, 0],
							"rotation": [0, 0, -5.5],
							"uv": {
								"north": {"uv": [81.65, 47], "uv_size": [-5.65, 1.75]},
								"east": {"uv": [80.8, 47], "uv_size": [-4.8, 1.75]},
								"south": {"uv": [81.65, 47], "uv_size": [-5.65, 1.75]},
								"west": {"uv": [80.8, 47], "uv_size": [-4.8, 1.75]},
								"up": {"uv": [76, 51.3], "uv_size": [5.65, -4.3]},
								"down": {"uv": [76, 51.3], "uv_size": [5.65, -4.3]}
							}
						}
					]
				},
				{
					"name": "rightArmBottom",
					"parent": "armorRightArm",
					"pivot": [-4, 22, 0],
					"cubes": [
						{"origin": [-8, 12, -2], "size": [4, 6, 4], "uv": [40, 22]},
						{
							"origin": [-8.2, 13.25, -2.15],
							"size": [3, 4, 4.3],
							"uv": {
								"north": {"uv": [41, 23], "uv_size": [3.5, 5]},
								"east": {"uv": [46.8, 23], "uv_size": [-5.8, 5]},
								"south": {"uv": [44.5, 23], "uv_size": [-3.5, 5]},
								"west": {"uv": [41, 23], "uv_size": [5.8, 5]},
								"up": {"uv": [44.5, 28.3], "uv_size": [-3.5, -5.3]},
								"down": {"uv": [44.5, 28.3], "uv_size": [-3.5, -5.3]}
							}
						}
					]
				},
				{
					"name": "bipedLeftArm",
					"pivot": [4, 22, 0]
				},
				{
					"name": "armorLeftArm",
					"parent": "bipedLeftArm",
					"pivot": [4, 22, 0]
				},
				{
					"name": "leftArmTop",
					"parent": "armorLeftArm",
					"pivot": [4, 22, 0],
					"cubes": [
						{"origin": [4, 18, -2], "size": [4, 6, 4], "uv": [32, 48]},
						{
							"origin": [3, 22.45, -2.15],
							"size": [5.15, 1.75, 4.3],
							"pivot": [4, 22, 0],
							"rotation": [0, 0, 22.5],
							"uv": {
								"north": {"uv": [76, 47], "uv_size": [5.65, 1.75]},
								"east": {"uv": [76, 47], "uv_size": [4.8, 1.75]},
								"south": {"uv": [76, 47], "uv_size": [5.65, 1.75]},
								"west": {"uv": [76, 47], "uv_size": [4.8, 1.75]},
								"up": {"uv": [81.65, 51.3], "uv_size": [-5.65, -4.3]},
								"down": {"uv": [81.65, 51.3], "uv_size": [-5.65, -4.3]}
							}
						},
						{
							"origin": [3.1, 22.85, -2.15],
							"size": [5.15, 1.75, 4.3],
							"inflate": -0.1,
							"pivot": [4, 22, 0],
							"rotation": [0, 0, 5.5],
							"uv": {
								"north": {"uv": [76, 47], "uv_size": [5.65, 1.75]},
								"east": {"uv": [76, 47], "uv_size": [4.8, 1.75]},
								"south": {"uv": [76, 47], "uv_size": [5.65, 1.75]},
								"west": {"uv": [76, 47], "uv_size": [4.8, 1.75]},
								"up": {"uv": [81.65, 51.3], "uv_size": [-5.65, -4.3]},
								"down": {"uv": [81.65, 51.3], "uv_size": [-5.65, -4.3]}
							}
						}
					]
				},
				{
					"name": "leftArmBottom",
					"parent": "armorLeftArm",
					"pivot": [4, 22, 0],
					"cubes": [
						{"origin": [4, 12, -2], "size": [4, 6, 4], "uv": [32, 54]},
						{
							"origin": [5.2, 13.25, -2.15],
							"size": [3, 4, 4.3],
							"uv": {
								"north": {"uv": [44.5, 23], "uv_size": [-3.5, 5]},
								"east": {"uv": [41, 23], "uv_size": [5.8, 5]},
								"south": {"uv": [41, 23], "uv_size": [3.5, 5]},
								"west": {"uv": [41, 23], "uv_size": [5.8, 5]},
								"up": {"uv": [44.5, 28.3], "uv_size": [-3.5, -5.3]},
								"down": {"uv": [44.5, 28.3], "uv_size": [-3.5, -5.3]}
							}
						}
					]
				},
				{
					"name": "bipedLeftLeg",
					"pivot": [-2, 12, 0]
				},
				{
					"name": "armorLeftLeg",
					"parent": "bipedLeftLeg",
					"pivot": [-2, 12, 0],
					"cubes": [
						{"origin": [0, 6, -2], "size": [4, 6, 4], "uv": [0, 16], "mirror": true}
					]
				},
				{
					"name": "armorLeftBoot",
					"parent": "bipedLeftLeg",
					"pivot": [-2, 12, 0],
					"cubes": [
						{"origin": [0, 0, -2], "size": [4, 6, 4], "uv": [16, 54], "mirror": true},
						{
							"origin": [0, 0, -2],
							"size": [4, 5, 4],
							"inflate": 0.125,
							"uv": {
								"north": {"uv": [4, 26.5], "uv_size": [4, 5]},
								"east": {"uv": [4, 26.5], "uv_size": [4, 5]},
								"south": {"uv": [4, 26.5], "uv_size": [4, 5]},
								"west": {"uv": [4, 26.5], "uv_size": [4, 5]},
								"up": {"uv": [8, 30.5], "uv_size": [-4, -4]},
								"down": {"uv": [8, 30.5], "uv_size": [-4, -4]}
							}
						}
					]
				},
				{
					"name": "bipedRightLeg",
					"pivot": [2, 12, 0]
				},
				{
					"name": "armorRightLeg",
					"parent": "bipedRightLeg",
					"pivot": [2, 12, 0],
					"cubes": [
						{"origin": [-4, 6, -2], "size": [4, 6, 4], "uv": [0, 16]}
					]
				},
				{
					"name": "armorRightBoot",
					"parent": "bipedRightLeg",
					"pivot": [2, 12, 0],
					"cubes": [
						{"origin": [-4, 0, -2], "size": [4, 6, 4], "uv": [16, 54]},
						{
							"origin": [-4, 0, -2],
							"size": [4, 5, 4],
							"inflate": 0.125,
							"uv": {
								"north": {"uv": [8, 26.5], "uv_size": [-4, 5]},
								"east": {"uv": [8, 26.5], "uv_size": [-4, 5]},
								"south": {"uv": [8, 26.5], "uv_size": [-4, 5]},
								"west": {"uv": [8, 26.5], "uv_size": [-4, 5]},
								"up": {"uv": [4, 30.5], "uv_size": [4, -4]},
								"down": {"uv": [4, 30.5], "uv_size": [4, -4]}
							}
						}
					]
				}
			]
		}
	]
}