{
	"format_version": "1.12.0",
	"minecraft:geometry": [
		{
			"description": {
				"identifier": "geometry.unknown",
				"texture_width": 176,
				"texture_height": 176,
				"visible_bounds_width": 3,
				"visible_bounds_height": 3.5,
				"visible_bounds_offset": [0, 1.25, 0]
			},
			"bones": [
				{
					"name": "bipedHead",
					"pivot": [0, 24, 0]
				},
				{
					"name": "armorHead",
					"parent": "bipedHead",
					"pivot": [0, 24, 0],
					"cubes": [
						{"origin": [-5.75, 25, -4.5], "size": [1, 6, 9], "inflate": -0.25, "uv": [99, 0], "mirror": true}
					]
				},
				{
					"name": "helmet",
					"parent": "armorHead",
					"pivot": [0, 28, 0],
					"cubes": [
						{"origin": [-5, 25, -4.5], "size": [10, 6, 9], "uv": [0, 0]},
						{"origin": [4.75, 25, -4.5], "size": [1, 6, 9], "inflate": -0.25, "uv": [0, 17], "mirror": true},
						{"origin": [-4, 24, -4], "size": [8, 8, 8], "uv": [39, 0]}
					]
				},
				{
					"name": "bone5",
					"parent": "helmet",
					"pivot": [-4, 26.5, 1.25],
					"cubes": [
						{"origin": [4.5, 26, -2.25], "size": [1, 3, 1], "inflate": 0.1, "pivot": [5, 27, -1.75], "rotation": [-5, 0, 0], "uv": [20, 157]},
						{"origin": [4.775, 25.8, -2.45], "size": [1, 3.4, 1.15], "pivot": [5.25, 27, -1.75], "rotation": [-5.0931, 10.95762, -0.97058], "uv": [5, 157]},
						{"origin": [4.775, 25.8, -0.7], "size": [1, 3.4, 1.15], "pivot": [5.25, 27, 0], "rotation": [-5.0931, 10.95762, -0.97058], "uv": [0, 157]},
						{"origin": [4.775, 25.8, 1.05], "size": [1, 3.4, 1.15], "pivot": [5.25, 27, 1.75], "rotation": [-5.0931, 10.95762, -0.97058], "uv": [99, 152]},
						{"origin": [4.5, 26, -0.5], "size": [1, 3, 1], "inflate": 0.1, "pivot": [5, 27, 0], "rotation": [-5, 0, 0], "uv": [15, 157]},
						{"origin": [4.5, 26, 1.25], "size": [1, 3, 1], "inflate": 0.1, "pivot": [5, 27, 1.75], "rotation": [-5, 0, 0], "uv": [10, 157]},
						{"origin": [-5.775, 25.8, 1.05], "size": [1, 3.4, 1.15], "pivot": [-5.25, 27, 1.75], "rotation": [-5.0931, -10.95762, 0.97058], "uv": [99, 152], "mirror": true},
						{"origin": [-5.775, 25.8, -0.7], "size": [1, 3.4, 1.15], "pivot": [-5.25, 27, 0], "rotation": [-5.0931, -10.95762, 0.97058], "uv": [0, 157], "mirror": true},
						{"origin": [-5.775, 25.8, -2.45], "size": [1, 3.4, 1.15], "pivot": [-5.25, 27, -1.75], "rotation": [-5.0931, -10.95762, 0.97058], "uv": [5, 157], "mirror": true},
						{"origin": [-5.5, 26, -2.25], "size": [1, 3, 1], "inflate": 0.1, "pivot": [-5, 27, -1.75], "rotation": [-5, 0, 0], "uv": [20, 157], "mirror": true},
						{"origin": [-5.5, 26, -0.5], "size": [1, 3, 1], "inflate": 0.1, "pivot": [-5, 27, 0], "rotation": [-5, 0, 0], "uv": [15, 157], "mirror": true},
						{"origin": [-5.5, 26, 1.25], "size": [1, 3, 1], "inflate": 0.1, "pivot": [-5, 27, 1.75], "rotation": [-5, 0, 0], "uv": [10, 157], "mirror": true},
						{"origin": [4.5, 26, -2.25], "size": [1, 3, 1], "inflate": 0.1, "pivot": [5, 27, -1.75], "rotation": [-5, 0, 0], "uv": [20, 157]},
						{"origin": [4.775, 25.8, -2.45], "size": [1, 3.4, 1.15], "pivot": [5.25, 27, -1.75], "rotation": [-5.0931, 10.95762, -0.97058], "uv": [5, 157]},
						{"origin": [4.775, 25.8, -0.7], "size": [1, 3.4, 1.15], "pivot": [5.25, 27, 0], "rotation": [-5.0931, 10.95762, -0.97058], "uv": [0, 157]},
						{"origin": [4.5, 26, -0.5], "size": [1, 3, 1], "inflate": 0.1, "pivot": [5, 27, 0], "rotation": [-5, 0, 0], "uv": [15, 157]},
						{"origin": [4.775, 25.8, 1.05], "size": [1, 3.4, 1.15], "pivot": [5.25, 27, 1.75], "rotation": [-5.0931, 10.95762, -0.97058], "uv": [99, 152]},
						{"origin": [4.5, 26, 1.25], "size": [1, 3, 1], "inflate": 0.1, "pivot": [5, 27, 1.75], "rotation": [-5, 0, 0], "uv": [10, 157]}
					]
				},
				{
					"name": "bone21",
					"parent": "helmet",
					"pivot": [4, 26.5, 1.25]
				},
				{
					"name": "bone22",
					"parent": "helmet",
					"pivot": [-0.75622, 28.57374, -3.97749],
					"cubes": [
						{"origin": [-1.36785, 27.8472, -4.723], "size": [1.75, 1, 1], "pivot": [0.55728, 28.71621, -3.93519], "rotation": [22.5, 5, -75], "uv": [25, 157]},
						{"origin": [-0.38215, 27.8472, -4.723], "size": [1.75, 1, 1], "pivot": [-0.55728, 28.71621, -3.93519], "rotation": [22.5, -5, 75], "uv": [57, 171]},
						{
							"origin": [0.31228, 27.94616, -4.62324],
							"size": [3.425, 1, 1],
							"pivot": [0.75622, 28.57374, -3.97749],
							"rotation": [22.5, -2.5, -22.5],
							"uv": {
								"north": {"uv": [61.75, 12.25], "uv_size": [-4, -1]},
								"east": {"uv": [53, 12.75], "uv_size": [-4, -1]},
								"south": {"uv": [53, 12.75], "uv_size": [-4, -1]},
								"west": {"uv": [53, 12.75], "uv_size": [-4, -1]},
								"up": {"uv": [49, 11.75], "uv_size": [4, 1]},
								"down": {"uv": [49, 11.75], "uv_size": [4, 1]}
							}
						},
						{
							"origin": [0.04755, 29.17214, -4.47682],
							"size": [3.15, 1, 1],
							"pivot": [2.44755, 29.67214, -3.97682],
							"rotation": [-22.5, -2.5, -22.5],
							"uv": {
								"north": {"uv": [69.5, 11.75], "uv_size": [-4, -1]},
								"east": {"uv": [60.75, 12.25], "uv_size": [-4, -1]},
								"south": {"uv": [60.75, 12.25], "uv_size": [-4, -1]},
								"west": {"uv": [60.75, 12.25], "uv_size": [-4, -1]},
								"up": {"uv": [56.75, 11.25], "uv_size": [4, 1]},
								"down": {"uv": [56.75, 11.25], "uv_size": [4, 1]}
							}
						},
						{
							"origin": [0.16228, 26.05384, -4.54824],
							"size": [1.275, 1, 1],
							"pivot": [0.25622, 26.42626, -3.97749],
							"rotation": [-22.5, -2.5, 22.5],
							"uv": {
								"north": {"uv": [47, 169.25], "uv_size": [0.5, 0.75]},
								"east": {"uv": [47, 169.25], "uv_size": [0.5, 0.75]},
								"south": {"uv": [47, 169.25], "uv_size": [0.5, 0.75]},
								"west": {"uv": [47, 169.25], "uv_size": [0.5, 0.75]},
								"up": {"uv": [47.5, 170], "uv_size": [-0.5, -0.75]},
								"down": {"uv": [59, 170.25], "uv_size": [-0.5, -0.75]}
							}
						},
						{
							"origin": [-1.43728, 26.05384, -4.54824],
							"size": [1.275, 1, 1],
							"pivot": [-0.25622, 26.42626, -3.97749],
							"rotation": [-22.5, 2.5, -22.5],
							"uv": {
								"north": {"uv": [47.5, 169.25], "uv_size": [-0.5, 0.75]},
								"east": {"uv": [47.5, 169.25], "uv_size": [-0.5, 0.75]},
								"south": {"uv": [47.5, 169.25], "uv_size": [-0.5, 0.75]},
								"west": {"uv": [47.5, 169.25], "uv_size": [-0.5, 0.75]},
								"up": {"uv": [47, 170], "uv_size": [0.5, -0.75]},
								"down": {"uv": [58.5, 170.25], "uv_size": [0.5, -0.75]}
							}
						},
						{
							"origin": [-0.98728, 26.70384, -4.54824],
							"size": [0.85, 0.4, 1],
							"pivot": [-0.25622, 26.42626, -3.97749],
							"rotation": [0, 0, -32.75],
							"uv": {
								"north": {"uv": [11.5, 12], "uv_size": [1.25, 0.75]},
								"east": {"uv": [11.5, 12], "uv_size": [1.25, 0.75]},
								"south": {"uv": [11.5, 12], "uv_size": [1.25, 0.75]},
								"west": {"uv": [11.5, 12], "uv_size": [1.25, 0.75]},
								"up": {"uv": [12.75, 12.75], "uv_size": [-1.25, -0.75]},
								"down": {"uv": [12.75, 12.75], "uv_size": [-1.25, -0.75]}
							}
						},
						{
							"origin": [0.13728, 26.70384, -4.54824],
							"size": [0.85, 0.4, 1],
							"pivot": [0.25622, 26.42626, -3.97749],
							"rotation": [0, 0, 32.75],
							"uv": {
								"north": {"uv": [12.75, 12], "uv_size": [-1.25, 0.75]},
								"east": {"uv": [12.75, 12], "uv_size": [-1.25, 0.75]},
								"south": {"uv": [12.75, 12], "uv_size": [-1.25, 0.75]},
								"west": {"uv": [12.75, 12], "uv_size": [-1.25, 0.75]},
								"up": {"uv": [11.5, 12.75], "uv_size": [1.25, -0.75]},
								"down": {"uv": [11.5, 12.75], "uv_size": [1.25, -0.75]}
							}
						}
					]
				},
				{
					"name": "bone",
					"parent": "bone22",
					"pivot": [-0.75622, 28.57374, -3.97749],
					"cubes": [
						{
							"origin": [-3.19755, 29.17214, -4.47682],
							"size": [3.15, 1, 1],
							"pivot": [-2.44755, 29.67214, -3.97682],
							"rotation": [-22.5, 2.5, 22.5],
							"uv": {
								"north": {"uv": [69.75, 12], "uv_size": [-4, -1]},
								"east": {"uv": [61, 12.5], "uv_size": [-4, -1]},
								"south": {"uv": [61, 12.5], "uv_size": [-4, -1]},
								"west": {"uv": [61, 12.5], "uv_size": [-4, -1]},
								"up": {"uv": [57, 11.5], "uv_size": [4, 1]},
								"down": {"uv": [57, 11.5], "uv_size": [4, 1]}
							}
						},
						{
							"origin": [-3.73728, 27.94616, -4.62324],
							"size": [3.425, 1, 1],
							"pivot": [-0.75622, 28.57374, -3.97749],
							"rotation": [22.5, 2.5, 22.5],
							"uv": {
								"north": {"uv": [53.25, 12], "uv_size": [-4, -1]},
								"east": {"uv": [44.5, 12.5], "uv_size": [-4, -1]},
								"south": {"uv": [44.5, 12.5], "uv_size": [-4, -1]},
								"west": {"uv": [44.5, 12.5], "uv_size": [-4, -1]},
								"up": {"uv": [40.5, 11.5], "uv_size": [4, 1]},
								"down": {"uv": [40.5, 11.5], "uv_size": [4, 1]}
							}
						}
					]
				},
				{
					"name": "bone2",
					"parent": "helmet",
					"pivot": [-2.45487, 27.84439, -3.9659],
					"cubes": [
						{"origin": [3.24687, 28.58951, -4.16212], "size": [1, 1, 1], "pivot": [3.36118, 28.26701, -3.9659], "rotation": [22.5, 0, -2.5], "uv": [10, 172]},
						{"origin": [1.7881, 28.12666, -4.17878], "size": [2, 1, 1], "pivot": [2.45487, 27.84439, -3.9659], "rotation": [22.5, 0, -25], "uv": [95, 157]},
						{"origin": [3.61729, 28.84764, -4.0552], "size": [1.1, 1, 1], "pivot": [3.36118, 28.26701, -3.9659], "rotation": [22.5, 0, 25], "uv": [0, 172]},
						{"origin": [3.90729, 25.59102, -4.01216], "size": [1, 1, 1], "pivot": [3.49171, 27.27556, -3.9659], "rotation": [-22.5, 0, -42.5], "uv": [110, 169]},
						{"origin": [3.90729, 25.59102, -4.44665], "size": [1, 1, 1], "pivot": [3.49171, 27.27556, -3.4929], "rotation": [22.5, 0, -42.5], "uv": [55, 166]},
						{"origin": [2.77519, 26.00521, -4.5], "size": [2, 1, 1], "pivot": [4.27519, 26.50521, -4], "rotation": [-22.5, 0, -20], "uv": [88, 157]},
						{"origin": [1.04752, 25.8795, -4.46907], "size": [2, 1, 1], "pivot": [1.07321, 26.25607, -3.96942], "rotation": [-20, 2.5, 10], "uv": [81, 157]},
						{"origin": [-0.05606, 25.85537, -4.59249], "size": [1, 1, 1], "pivot": [0.93099, 25.89964, -3.90399], "rotation": [-20, 2.5, 40], "uv": [105, 169]},
						{"origin": [4.14978, 29.17031, -4.68807], "size": [1, 1, 1], "pivot": [5.26904, 29.21628, -4], "rotation": [-22.5, 0, -110], "uv": [115, 169]},
						{"origin": [4.14978, 29.17031, -3.77074], "size": [1, 1, 1], "pivot": [5.26904, 29.21628, -3.4588], "rotation": [22.5, 0, -110], "uv": [60, 166]},
						{"origin": [4.39026, 27.80435, -4.58723], "size": [1, 1, 1], "pivot": [5.40069, 28.09375, -4], "rotation": [-22.5, 0, -97.5], "uv": [100, 169]},
						{"origin": [4.39026, 27.80435, -3.87157], "size": [1, 1, 1], "pivot": [5.40069, 28.09375, -3.4588], "rotation": [22.5, 0, -97.5], "uv": [65, 166]},
						{"origin": [1.27545, 28.30119, -4.11568], "size": [1, 1, 1], "pivot": [2.45487, 27.84439, -3.9659], "rotation": [22.5, 2.5, -47.5], "uv": [5, 172]},
						{"origin": [-1.29201, 27.09885, -4.55782], "size": [2, 1, 1], "pivot": [0.70487, 27.84439, -3.9659], "rotation": [22.5, 5, -70], "uv": [74, 157]}
					]
				},
				{
					"name": "bone23",
					"parent": "helmet",
					"pivot": [2.45487, 27.84439, -3.9659],
					"cubes": [
						{"origin": [-4.24687, 28.58951, -4.16212], "size": [1, 1, 1], "pivot": [-3.36118, 28.26701, -3.9659], "rotation": [22.5, 0, 2.5], "uv": [50, 166]},
						{"origin": [-3.7881, 28.12666, -4.17878], "size": [2, 1, 1], "pivot": [-2.45487, 27.84439, -3.9659], "rotation": [22.5, 0, 25], "uv": [50, 171]},
						{"origin": [-4.71729, 28.84764, -4.0552], "size": [1.1, 1, 1], "pivot": [-3.36118, 28.26701, -3.9659], "rotation": [22.5, 0, -25], "uv": [45, 166]},
						{"origin": [-4.90729, 25.59102, -4.01216], "size": [1, 1, 1], "pivot": [-3.49171, 27.27556, -3.9659], "rotation": [-22.5, 0, 42.5], "uv": [40, 166]},
						{"origin": [-4.90729, 25.59102, -4.44665], "size": [1, 1, 1], "pivot": [-3.49171, 27.27556, -3.4929], "rotation": [22.5, 0, 42.5], "uv": [35, 166]},
						{"origin": [-4.77519, 26.00521, -4.5], "size": [2, 1, 1], "pivot": [-4.27519, 26.50521, -4], "rotation": [-22.5, 0, 20], "uv": [43, 170]},
						{"origin": [-3.04752, 25.8795, -4.46907], "size": [2, 1, 1], "pivot": [-1.07321, 26.25607, -3.96942], "rotation": [-20, -2.5, -10], "uv": [36, 170]},
						{"origin": [-0.94394, 25.85537, -4.59249], "size": [1, 1, 1], "pivot": [-0.93099, 25.89964, -3.90399], "rotation": [-20, -2.5, -40], "uv": [30, 166]},
						{"origin": [-5.14978, 29.17031, -4.68807], "size": [1, 1, 1], "pivot": [-5.26904, 29.21628, -4], "rotation": [-22.5, 0, 110], "uv": [25, 166]},
						{"origin": [-5.14978, 29.17031, -3.77074], "size": [1, 1, 1], "pivot": [-5.26904, 29.21628, -3.4588], "rotation": [22.5, 0, 110], "uv": [20, 166]},
						{"origin": [-5.39026, 27.80435, -4.58723], "size": [1, 1, 1], "pivot": [-5.40069, 28.09375, -4], "rotation": [-22.5, 0, 97.5], "uv": [15, 166]},
						{"origin": [-5.39026, 27.80435, -3.87157], "size": [1, 1, 1], "pivot": [-5.40069, 28.09375, -3.4588], "rotation": [22.5, 0, 97.5], "uv": [10, 166]},
						{"origin": [-2.27545, 28.30119, -4.11568], "size": [1, 1, 1], "pivot": [-2.45487, 27.84439, -3.9659], "rotation": [22.5, -2.5, 47.5], "uv": [5, 166]},
						{"origin": [-0.70799, 27.09885, -4.55782], "size": [2, 1, 1], "pivot": [-0.70487, 27.84439, -3.9659], "rotation": [22.5, -5, 70], "uv": [29, 171]}
					]
				},
				{
					"name": "bipedBody",
					"pivot": [0, 24, 0]
				},
				{
					"name": "armorBody",
					"parent": "bipedBody",
					"pivot": [0, 24, 0]
				},
				{
					"name": "bodyTop",
					"parent": "armorBody",
					"pivot": [0, 24, 0],
					"cubes": [
						{"origin": [-4, 18, -2], "size": [8, 6, 4], "uv": [72, 0]}
					]
				},
				{
					"name": "ChestPiece",
					"parent": "bodyTop",
					"pivot": [0, 0, 0],
					"cubes": [
						{"origin": [-4, 17.75, -2.25], "size": [8, 6, 1], "inflate": 0.1, "uv": [25, 49]}
					]
				},
				{
					"name": "Jetpack",
					"parent": "ChestPiece",
					"pivot": [0, 0, 0],
					"cubes": [
						{"origin": [1, 21.5, 1], "size": [3, 3, 2], "pivot": [2, 23, 2], "rotation": [0, -10, -5], "uv": [51, 106]},
						{"origin": [-4, 21.5, 1], "size": [3, 3, 2], "pivot": [-2, 23, 2], "rotation": [0, 10, 5], "uv": [80, 106]},
						{"origin": [0.68312, 19.77384, 1.11234], "size": [2, 3, 2], "pivot": [2.8364, 21.51021, 2.28833], "rotation": [-10, 12.5, 40], "uv": [9, 124]},
						{"origin": [-2.68312, 19.77384, 1.11234], "size": [2, 3, 2], "pivot": [-2.8364, 21.51021, 2.28833], "rotation": [-10, -12.5, -40], "uv": [9, 124]}
					]
				},
				{
					"name": "Thrusters",
					"parent": "Jetpack",
					"pivot": [-3.27481, 23.35931, 2.73919],
					"rotation": [22.5, 22.5, 22.5],
					"cubes": [
						{"origin": [-6.5, 20.75, 1], "size": [3, 4, 3], "uv": [56, 86]},
						{"origin": [-6.5, 19.75, 1], "size": [3, 2, 3], "inflate": -0.25, "pivot": [-5, 21.75, 2.5], "rotation": [5, 0, 5], "uv": [91, 94]},
						{"origin": [-6.5, 19, 1], "size": [3, 2, 3], "inflate": -0.75, "pivot": [-5, 21, 2.5], "rotation": [5, 0, 5], "uv": [78, 94]},
						{"origin": [-7, 20.75, 1], "size": [1, 4, 3], "inflate": -0.25, "uv": [71, 106]},
						{"origin": [-6.5, 20.75, 3.5], "size": [3, 4, 1], "inflate": -0.25, "uv": [12, 114]},
						{"origin": [-6.5, 24.25, 1], "size": [3, 1, 3], "inflate": -0.25, "uv": [26, 100]},
						{"origin": [-4, 20.75, 1], "size": [1, 4, 3], "inflate": -0.25, "uv": [62, 106]}
					]
				},
				{
					"name": "Thrusters2",
					"parent": "Jetpack",
					"pivot": [3.27481, 23.35931, 2.73919],
					"rotation": [22.5, -22.5, -22.5],
					"cubes": [
						{"origin": [3.5, 20.75, 1], "size": [3, 4, 3], "uv": [56, 86], "mirror": true},
						{"origin": [3.5, 19.75, 1], "size": [3, 2, 3], "inflate": -0.25, "pivot": [5, 21.75, 2.5], "rotation": [5, 0, -5], "uv": [91, 94], "mirror": true},
						{"origin": [3.5, 19, 1], "size": [3, 2, 3], "inflate": -0.75, "pivot": [5, 21, 2.5], "rotation": [5, 0, -5], "uv": [78, 94], "mirror": true},
						{"origin": [6, 20.75, 1], "size": [1, 4, 3], "inflate": -0.25, "uv": [71, 106], "mirror": true},
						{"origin": [3.5, 20.75, 3.5], "size": [3, 4, 1], "inflate": -0.25, "uv": [12, 114], "mirror": true},
						{"origin": [3.5, 24.25, 1], "size": [3, 1, 3], "inflate": -0.25, "uv": [26, 100], "mirror": true},
						{"origin": [3, 20.75, 1], "size": [1, 4, 3], "inflate": -0.25, "uv": [62, 106], "mirror": true}
					]
				},
				{
					"name": "bone18",
					"parent": "Jetpack",
					"pivot": [0, 0, 0]
				},
				{
					"name": "bone15",
					"parent": "bone18",
					"pivot": [0, 0, 0]
				},
				{
					"name": "bone16",
					"parent": "bone15",
					"pivot": [-3.625, 15.5, -0.25],
					"cubes": [
						{"origin": [-4.25, 14.5, -1.25], "size": [1, 2, 2], "uv": [79, 139]},
						{"origin": [-4, 14.5, -1.25], "size": [1, 2, 2], "inflate": 0.15, "uv": [72, 139]}
					]
				},
				{
					"name": "bone17",
					"parent": "bone15",
					"pivot": [-1.75, 18, 2.25],
					"cubes": [
						{"origin": [-2, 17.5, 1.75], "size": [1, 2, 1], "inflate": 0.1, "pivot": [-1.5, 18, 2.25], "rotation": [12.5, 12.5, 0], "uv": [40, 162]},
						{"origin": [-2.25, 17.5, 1.75], "size": [1, 2, 1], "pivot": [-1.75, 18, 2.25], "rotation": [12.5, 12.5, 0], "uv": [35, 162]}
					]
				},
				{
					"name": "Tube2",
					"parent": "bone15",
					"pivot": [-4.25, 15.5, -0.25],
					"cubes": [
						{"origin": [-5.60355, 15.60355, 1.33979], "size": [1, 1, 1], "pivot": [-5.10355, 16.10355, 0.83979], "rotation": [47.5, 5, 0], "uv": [95, 166]},
						{"origin": [-4.10119, 17.7612, 1.70375], "size": [2, 1, 1], "inflate": 0.1, "pivot": [-3.10119, 18.2612, 2.20375], "rotation": [22.5, 15, -12.5], "uv": [65, 152]},
						{"origin": [-4.96519, 17.48139, 2.14294], "size": [1, 1, 1], "pivot": [-4.46519, 17.98139, 2.64294], "rotation": [22.5, -22.5, -22.5], "uv": [90, 166]},
						{"origin": [-5.48579, 17.07811, 1.68583], "size": [1, 1, 1], "inflate": 0.05, "pivot": [-4.98579, 17.57811, 2.18583], "rotation": [90, 45, 112.5], "uv": [85, 166]},
						{"origin": [-5.60355, 15.85355, 0.33979], "size": [1, 1, 1], "inflate": 0.05, "pivot": [-5.10355, 16.35355, 0.83979], "rotation": [30, -5, 0], "uv": [80, 166]},
						{"origin": [-5.35355, 15.35355, -0.36732], "size": [1, 1, 1], "pivot": [-4.85355, 15.85355, 0.13268], "rotation": [45, 45, 45], "uv": [75, 166]},
						{"origin": [-4.75, 15, -0.75], "size": [1, 1, 1], "inflate": 0.1, "pivot": [-4.25, 15.5, -0.25], "rotation": [22.5, 22.5, 22.5], "uv": [70, 166]}
					]
				},
				{
					"name": "bone13",
					"parent": "bone18",
					"pivot": [0, 0, 0]
				},
				{
					"name": "bone12",
					"parent": "bone13",
					"pivot": [3.625, 15.5, -0.25],
					"cubes": [
						{"origin": [3.25, 14.5, -1.25], "size": [1, 2, 2], "uv": [98, 139]},
						{"origin": [3, 14.5, -1.25], "size": [1, 2, 2], "inflate": 0.15, "uv": [91, 139]}
					]
				},
				{
					"name": "bone14",
					"parent": "bone13",
					"pivot": [1.75, 18, 2.25],
					"cubes": [
						{"origin": [1, 17.5, 1.75], "size": [1, 2, 1], "inflate": 0.1, "pivot": [1.5, 18, 2.25], "rotation": [12.5, -12.5, 0], "uv": [45, 162]},
						{"origin": [1.25, 17.5, 1.75], "size": [1, 2, 1], "pivot": [1.75, 18, 2.25], "rotation": [12.5, -12.5, 0], "uv": [50, 162]}
					]
				},
				{
					"name": "Tube",
					"parent": "bone13",
					"pivot": [4.25, 15.5, -0.25],
					"cubes": [
						{"origin": [4.60355, 15.60355, 1.33979], "size": [1, 1, 1], "pivot": [5.10355, 16.10355, 0.83979], "rotation": [47.5, -5, 0], "uv": [35, 169]},
						{"origin": [2.10119, 17.7612, 1.70375], "size": [2, 1, 1], "inflate": 0.1, "pivot": [3.10119, 18.2612, 2.20375], "rotation": [22.5, -15, 12.5], "uv": [72, 152]},
						{"origin": [3.96519, 17.48139, 2.14294], "size": [1, 1, 1], "pivot": [4.46519, 17.98139, 2.64294], "rotation": [22.5, 22.5, 22.5], "uv": [100, 166]},
						{"origin": [4.48579, 17.07811, 1.68583], "size": [1, 1, 1], "inflate": 0.05, "pivot": [4.98579, 17.57811, 2.18583], "rotation": [90, -45, -112.5], "uv": [105, 166]},
						{"origin": [4.60355, 15.85355, 0.33979], "size": [1, 1, 1], "inflate": 0.05, "pivot": [5.10355, 16.35355, 0.83979], "rotation": [30, 5, 0], "uv": [20, 169]},
						{"origin": [4.35355, 15.35355, -0.36732], "size": [1, 1, 1], "pivot": [4.85355, 15.85355, 0.13268], "rotation": [45, -45, -45], "uv": [25, 169]},
						{"origin": [3.75, 15, -0.75], "size": [1, 1, 1], "inflate": 0.1, "pivot": [4.25, 15.5, -0.25], "rotation": [22.5, -22.5, -22.5], "uv": [30, 169]}
					]
				},
				{
					"name": "Spine",
					"parent": "Jetpack",
					"pivot": [0, 20.86334, 3.37472],
					"cubes": [
						{"origin": [-0.5, 21, 2.25], "size": [1, 4, 1], "inflate": 0.1, "uv": [12, 146]},
						{"origin": [-0.5, 23.75, 2.5], "size": [1, 1, 1], "inflate": 0.05, "pivot": [0, 24.25, 3], "rotation": [-45, 0, 0], "uv": [15, 169]},
						{"origin": [-0.5, 22.25, 2.5], "size": [1, 1, 1], "inflate": 0.05, "pivot": [0, 22.75, 3], "rotation": [-45, 0, 0], "uv": [10, 169]},
						{"origin": [-0.5, 20.75, 2.5], "size": [1, 1, 1], "inflate": 0.05, "pivot": [0, 21.25, 3], "rotation": [-45, 0, 0], "uv": [5, 169]},
						{"origin": [-0.5, 19.5, 2.25], "size": [1, 1, 1], "inflate": 0.05, "pivot": [0, 20, 2.75], "rotation": [-67.5, 0, 0], "uv": [0, 169]},
						{"origin": [-0.5, 18.25, 1.75], "size": [1, 1, 1], "inflate": 0.05, "pivot": [0, 18.75, 2.25], "rotation": [-67.5, 0, 0], "uv": [115, 166]},
						{"origin": [-0.5, 17, 1.25], "size": [1, 1, 1], "inflate": 0.05, "pivot": [0, 17.5, 1.75], "rotation": [-67.5, 0, 0], "uv": [110, 166]},
						{"origin": [-0.5, 16.78775, 2.23785], "size": [1, 4, 1], "inflate": 0.1, "pivot": [0, 20.86334, 3.37472], "rotation": [-17.5, 0, 0], "uv": [7, 146]},
						{"origin": [-0.5, 21, 2.5], "size": [1, 4, 1], "uv": [17, 146]},
						{"origin": [-0.5, 15.99844, 2.53754], "size": [1, 5, 1], "pivot": [0, 21.09358, 3.52269], "rotation": [-17.5, 0, 0], "uv": [86, 139]}
					]
				},
				{
					"name": "bone11",
					"parent": "Jetpack",
					"pivot": [1, 20.09699, 1.99558],
					"cubes": [
						{"origin": [-2, 20.75, 1.25], "size": [4, 4, 2], "uv": [99, 86]},
						{"origin": [-1, 17.09699, 0.99558], "size": [2, 4, 2], "pivot": [0, 20.09699, 1.99558], "rotation": [-17.5, 0, 0], "uv": [33, 114]},
						{"origin": [-1.5, 16.09699, 0.99558], "size": [1, 5, 2], "pivot": [-1, 20.09699, 1.99558], "rotation": [-17.5, -22.5, 0], "uv": [25, 124]},
						{"origin": [0.5, 16.09699, 0.99558], "size": [1, 5, 2], "pivot": [1, 20.09699, 1.99558], "rotation": [-17.5, 22.5, 0], "uv": [18, 124]}
					]
				},
				{
					"name": "Belt",
					"parent": "ChestPiece",
					"pivot": [4.25, 11.25, -1],
					"cubes": [
						{"origin": [-4, 12.25, -2], "size": [8, 1, 4], "inflate": 0.15, "uv": [0, 49]},
						{"origin": [-4, 12.25, -2.35], "size": [8, 1, 1.1], "uv": [28, 80]},
						{"origin": [-4, 12.25, 1.25], "size": [8, 1, 1], "uv": [28, 77]},
						{"origin": [-4.25, 12.25, -2], "size": [1, 1, 4], "uv": [0, 114]},
						{"origin": [3.25, 12.25, -2], "size": [1, 1, 4], "uv": [91, 106]}
					]
				},
				{
					"name": "bone10",
					"parent": "Belt",
					"pivot": [-1.25, 12.5, 2.25],
					"cubes": [
						{"origin": [1.25, 11.25, -2.5], "size": [1, 3, 1], "inflate": -0.2, "uv": [94, 152]},
						{"origin": [1.25, 11.75, -2.5], "size": [1, 2, 1], "inflate": -0.1, "uv": [70, 162]},
						{"origin": [3.5, 11.25, -0.5], "size": [1, 3, 1], "inflate": -0.2, "uv": [89, 152]},
						{"origin": [3.5, 11.75, -0.5], "size": [1, 2, 1], "inflate": -0.1, "uv": [65, 162]},
						{"origin": [2.5, 12.75, -2.5], "size": [2, 1, 2], "uv": [45, 139]},
						{"origin": [3, 12.25, -2.75], "size": [1, 1, 1], "inflate": -0.25, "pivot": [3.5, 12.75, -2.25], "rotation": [2.5, 0, 0], "uv": [65, 169]},
						{"origin": [2.5, 11.75, -2.5], "size": [2, 2, 2], "inflate": -0.1, "uv": [36, 132]},
						{"origin": [2.5, 12.75, 0.5], "size": [2, 1, 2], "uv": [36, 139]},
						{"origin": [0.25, 12.5, 0.5], "size": [2, 1, 2], "uv": [27, 139]},
						{"origin": [2.5, 11.75, 0.5], "size": [2, 2, 2], "inflate": -0.1, "uv": [27, 132]},
						{"origin": [0.25, 11.5, 0.5], "size": [2, 2, 2], "inflate": -0.1, "uv": [18, 132]},
						{"origin": [3, 12.25, 1.75], "size": [1, 1, 1], "inflate": -0.25, "pivot": [3.5, 12.75, 2.25], "rotation": [-2.5, 0, 0], "uv": [60, 169]},
						{"origin": [0.75, 12, 1.75], "size": [1, 1, 1], "inflate": -0.25, "pivot": [1.25, 12.5, 2.25], "rotation": [-2.5, 0, 0], "uv": [55, 169]},
						{"origin": [-2.25, 11.25, -2.5], "size": [1, 3, 1], "inflate": -0.2, "uv": [79, 152]},
						{"origin": [-2.25, 11.75, -2.5], "size": [1, 2, 1], "inflate": -0.1, "uv": [55, 162]},
						{"origin": [-4.5, 11.25, -0.5], "size": [1, 3, 1], "inflate": -0.2, "uv": [84, 152]},
						{"origin": [-4.5, 11.75, -0.5], "size": [1, 2, 1], "inflate": -0.1, "uv": [60, 162]},
						{"origin": [-4.5, 12.75, -2.5], "size": [2, 1, 2], "uv": [0, 139]},
						{"origin": [-4, 12.25, -2.75], "size": [1, 1, 1], "inflate": -0.25, "pivot": [-3.5, 12.75, -2.25], "rotation": [2.5, 0, 0], "uv": [40, 169]},
						{"origin": [-4.5, 11.75, -2.5], "size": [2, 2, 2], "inflate": -0.1, "uv": [65, 127]},
						{"origin": [-4.5, 12.75, 0.5], "size": [2, 1, 2], "uv": [9, 139]},
						{"origin": [-2.25, 12.5, 0.5], "size": [2, 1, 2], "uv": [18, 139]},
						{"origin": [-4.5, 11.75, 0.5], "size": [2, 2, 2], "inflate": -0.1, "uv": [0, 132]},
						{"origin": [-2.25, 11.5, 0.5], "size": [2, 2, 2], "inflate": -0.1, "uv": [9, 132]},
						{"origin": [-4, 12.25, 1.75], "size": [1, 1, 1], "inflate": -0.25, "pivot": [-3.5, 12.75, 2.25], "rotation": [-2.5, 0, 0], "uv": [45, 169]},
						{"origin": [-1.75, 12, 1.75], "size": [1, 1, 1], "inflate": -0.25, "pivot": [-1.25, 12.5, 2.25], "rotation": [-2.5, 0, 0], "uv": [50, 169]}
					]
				},
				{
					"name": "Buckle",
					"parent": "Belt",
					"pivot": [-0.59692, 12.86261, -1.98293],
					"cubes": [
						{"origin": [0.25, 12.75, -2.5], "size": [1, 1, 1], "inflate": -0.1, "pivot": [0.75, 13.25, -2], "rotation": [0, 2.5, 0], "uv": [95, 169]},
						{"origin": [-1, 11.75, -2.5], "size": [2, 2, 1], "inflate": -0.1, "uv": [29, 146], "mirror": true},
						{"origin": [-1, 11.75, -2.25], "size": [2, 2, 1], "inflate": 0.05, "uv": [22, 146], "mirror": true},
						{"origin": [0.09692, 12.36261, -2.48293], "size": [1, 1, 1], "inflate": -0.1, "pivot": [0.59692, 12.86261, -1.98293], "rotation": [2.5, 0, 45], "uv": [90, 169]},
						{"origin": [-1.25, 12.75, -2.5], "size": [1, 1, 1], "inflate": -0.1, "pivot": [-0.75, 13.25, -2], "rotation": [0, -2.5, 0], "uv": [80, 169]},
						{"origin": [-1.09692, 12.36261, -2.48293], "size": [1, 1, 1], "inflate": -0.1, "pivot": [-0.59692, 12.86261, -1.98293], "rotation": [2.5, 0, -45], "uv": [85, 169]},
						{"origin": [-0.5, 12.75, -2.25], "size": [1, 1, 1], "pivot": [0, 13.25, -1.75], "rotation": [-45, 0, 0], "uv": [46, 27]},
						{"origin": [-0.5, 12, -2.25], "size": [1, 1, 1], "pivot": [0, 12.5, -1.75], "rotation": [-45, 0, 0], "uv": [41, 27]}
					]
				},
				{
					"name": "bone9",
					"parent": "ChestPiece",
					"pivot": [-2.5, 18, -2],
					"cubes": [
						{"origin": [-3.51307, 16.91233, -2.49694], "size": [3, 2, 1], "pivot": [-2.5, 18, -2.25], "rotation": [-7.5, 2.5, -5], "uv": [54, 139]},
						{"origin": [0.51307, 16.91233, -2.49694], "size": [3, 2, 1], "pivot": [2.5, 18, -2.25], "rotation": [-7.5, -2.5, 5], "uv": [63, 139]},
						{"origin": [-0.98693, 17.16233, -2.49694], "size": [2, 2, 1], "pivot": [0.01307, 18.16233, -1.99694], "rotation": [-2.5, 0, 0], "uv": [85, 146]},
						{"origin": [0.51307, 14.16233, -2.49694], "size": [2, 2, 1], "inflate": -0.15, "pivot": [1.51307, 15.16233, -1.99694], "rotation": [0, -5, -2.5], "uv": [50, 146]},
						{"origin": [-0.98693, 14.66233, -2.49694], "size": [2, 2, 1], "inflate": -0.1, "pivot": [0.01307, 15.66233, -1.99694], "rotation": [-5, 0, 0], "uv": [57, 146]},
						{"origin": [-2.51307, 14.16233, -2.49694], "size": [2, 2, 1], "inflate": -0.15, "pivot": [-1.51307, 15.16233, -1.99694], "rotation": [0, 5, 2.5], "uv": [43, 146]},
						{"origin": [0.76307, 15.66233, -2.49694], "size": [2, 2, 1], "pivot": [1.76307, 16.66233, -1.99694], "rotation": [0, -2.5, -2.5], "uv": [71, 146]},
						{
							"origin": [1.31307, 13.91233, -2.24694],
							"size": [1.85, 4.15, 0.75],
							"inflate": -0.1,
							"pivot": [1.76307, 16.66233, -1.99694],
							"rotation": [-0.95723, -2.30959, 20.0193],
							"uv": {
								"north": {"uv": [15.75, 39.75], "uv_size": [3.75, 4.5]},
								"east": {"uv": [15.75, 39.75], "uv_size": [3.75, 4.5]},
								"south": {"uv": [15.75, 39.75], "uv_size": [3.75, 4.5]},
								"west": {"uv": [15.75, 39.75], "uv_size": [3.75, 4.5]},
								"up": {"uv": [19.5, 44.25], "uv_size": [-3.75, -4.5]},
								"down": {"uv": [19.5, 44.25], "uv_size": [-3.75, -4.5]}
							}
						},
						{
							"origin": [2.88807, 13.31233, -2.37194],
							"size": [0.675, 5.25, 0.875],
							"inflate": -0.1,
							"pivot": [1.76307, 16.66233, -1.99694],
							"rotation": [-0.95723, -2.30959, 20.0193],
							"uv": {
								"north": {"uv": [53.75, 59.5], "uv_size": [2.25, 7.75]},
								"east": {"uv": [53.75, 59.5], "uv_size": [2.25, 7.75]},
								"south": {"uv": [53.75, 59.5], "uv_size": [2.25, 7.75]},
								"west": {"uv": [53.75, 59.5], "uv_size": [2.25, 7.75]},
								"up": {"uv": [56, 67.25], "uv_size": [-2.25, -7.75]},
								"down": {"uv": [56, 67.25], "uv_size": [-2.25, -7.75]}
							}
						},
						{
							"origin": [-3.16307, 13.91233, -2.24694],
							"size": [1.85, 4.15, 0.75],
							"inflate": -0.1,
							"pivot": [-1.76307, 16.66233, -1.99694],
							"rotation": [-0.95723, 2.30959, -20.0193],
							"uv": {
								"north": {"uv": [19.5, 39.75], "uv_size": [-3.75, 4.5]},
								"east": {"uv": [19.5, 39.75], "uv_size": [-3.75, 4.5]},
								"south": {"uv": [19.5, 39.75], "uv_size": [-3.75, 4.5]},
								"west": {"uv": [19.5, 39.75], "uv_size": [-3.75, 4.5]},
								"up": {"uv": [15.75, 44.25], "uv_size": [3.75, -4.5]},
								"down": {"uv": [15.75, 44.25], "uv_size": [3.75, -4.5]}
							}
						},
						{
							"origin": [-3.56307, 13.31233, -2.37194],
							"size": [0.675, 5.25, 0.875],
							"inflate": -0.1,
							"pivot": [-1.76307, 16.66233, -1.99694],
							"rotation": [-0.95723, 2.30959, -20.0193],
							"uv": {
								"north": {"uv": [56, 59.5], "uv_size": [-2.25, 7.75]},
								"east": {"uv": [56, 59.5], "uv_size": [-2.25, 7.75]},
								"south": {"uv": [56, 59.5], "uv_size": [-2.25, 7.75]},
								"west": {"uv": [56, 59.5], "uv_size": [-2.25, 7.75]},
								"up": {"uv": [53.75, 67.25], "uv_size": [2.25, -7.75]},
								"down": {"uv": [53.75, 67.25], "uv_size": [2.25, -7.75]}
							}
						},
						{"origin": [-2.76307, 15.66233, -2.49694], "size": [2, 2, 1], "pivot": [-1.76307, 16.66233, -1.99694], "rotation": [0, 2.5, 2.5], "uv": [64, 146]},
						{"origin": [-0.98693, 15.91233, -2.49694], "size": [2, 2, 1], "inflate": -0.1, "pivot": [0.01307, 16.91233, -1.99694], "rotation": [-5, 0, 0], "uv": [78, 146]},
						{"origin": [-0.98693, 13.91042, -2.45336], "size": [2, 2, 1], "inflate": -0.2, "pivot": [0.01307, 14.41042, -1.95336], "rotation": [-5, 0, 0], "uv": [36, 146]},
						{"origin": [-1.98693, 13.41042, -2.20336], "size": [4, 1, 1], "inflate": -0.1, "pivot": [0.01307, 13.91042, -1.70336], "rotation": [-2.5, 0, 0], "uv": [45, 132]}
					]
				},
				{
					"name": "bone8",
					"parent": "ChestPiece",
					"pivot": [0, 0, 0]
				},
				{
					"name": "bone3",
					"parent": "bone8",
					"pivot": [3.75, 23.55, 0.1],
					"rotation": [2.5, 2.5, 5],
					"cubes": [
						{"origin": [2.75, 22.25, -2.5], "size": [2, 1, 5], "inflate": 0.2, "uv": [62, 77]},
						{"origin": [2.75, 23.25, -2.5], "size": [2, 1, 1], "inflate": 0.15, "uv": [25, 127]},
						{"origin": [2.75, 23.25, -0.5], "size": [2, 1, 1], "inflate": 0.15, "uv": [24, 126]},
						{"origin": [2.75, 23.25, 1.5], "size": [2, 1, 1], "inflate": 0.15, "uv": [53, 157]},
						{"origin": [2.75, 23.25, -1.5], "size": [2, 1, 4], "uv": [0, 100]}
					]
				},
				{
					"name": "bone4",
					"parent": "bone8",
					"pivot": [-3.75, 23.55, 0.1],
					"rotation": [2.5, -2.5, -5],
					"cubes": [
						{"origin": [-4.75, 22.25, -2.5], "size": [2, 1, 5], "inflate": 0.2, "uv": [47, 77]},
						{"origin": [-4.75, 23.25, -2.5], "size": [2, 1, 1], "inflate": 0.15, "uv": [18, 127], "mirror": true},
						{"origin": [-4.75, 23.25, -0.5], "size": [2, 1, 1], "inflate": 0.15, "uv": [3, 126]},
						{"origin": [-4.75, 23.25, 1.5], "size": [2, 1, 1], "inflate": 0.15, "uv": [32, 157]},
						{"origin": [-4.75, 23.25, -1.5], "size": [2, 1, 4], "uv": [104, 94]}
					]
				},
				{
					"name": "bone6",
					"parent": "bone8",
					"pivot": [-3.74619, 19.23853, -2.24239],
					"cubes": [
						{"origin": [-1, 19.5, -3.25], "size": [2, 4.5, 1], "pivot": [1, 22, -2.75], "rotation": [-2.5, 0, 0], "uv": [78, 132]},
						{"origin": [0.5038, 19.49975, -2.9981], "size": [4, 4, 1], "pivot": [2.5038, 21.49975, -2.4981], "rotation": [-2.5, -2.5, 5], "uv": [22, 114]},
						{"origin": [-0.10381, 18.78758, -2.7206], "size": [4.1, 1.2, 1], "pivot": [3.74619, 19.23853, -2.24239], "rotation": [17.5, -2.5, -2.5], "uv": [67, 132]},
						{"origin": [0.24619, 18.73758, -2.5206], "size": [4, 1, 1], "pivot": [3.74619, 19.23853, -2.24239], "rotation": [17.0469, -4.72991, 4.67558], "uv": [67, 132]},
						{"origin": [-4.24619, 18.73758, -2.5206], "size": [4, 1, 1], "pivot": [-3.74619, 19.23853, -2.24239], "rotation": [17.0469, 4.72991, -4.67558], "uv": [67, 132], "mirror": true},
						{"origin": [-3.74619, 18.73758, -2.9206], "size": [3.8, 0.75, 1], "pivot": [-3.74619, 19.23853, -2.64239], "rotation": [17.0469, 4.72991, -4.67558], "uv": [67, 132], "mirror": true},
						{"origin": [0.04619, 18.73758, -2.9206], "size": [3.7, 0.75, 1], "pivot": [3.74619, 19.23853, -2.64239], "rotation": [17.0469, -4.72991, 4.67558], "uv": [67, 132]},
						{"origin": [-4.5038, 19.49975, -2.9981], "size": [4, 4, 1], "pivot": [-2.5038, 21.49975, -2.4981], "rotation": [-2.5, 2.5, -5], "uv": [11, 114]},
						{"origin": [-3.99619, 18.78758, -2.7206], "size": [4.1, 1.2, 1], "pivot": [-3.74619, 19.23853, -2.24239], "rotation": [17.5, 2.5, 2.5], "uv": [56, 135]}
					]
				},
				{
					"name": "bone7",
					"parent": "ChestPiece",
					"pivot": [4, 19.45638, -0.00095],
					"cubes": [
						{"origin": [-4, 18.5, -2], "size": [8, 2, 4], "inflate": 0.15, "pivot": [3.5, 19.5, -1], "rotation": [-2.5, 0, 0], "uv": [61, 34]},
						{"origin": [-4.5, 18.45638, -2.00095], "size": [9, 1, 4], "inflate": -0.15, "pivot": [4, 19.45638, -0.00095], "rotation": [-2.5, 0, 0], "uv": [0, 40]},
						{"origin": [-4.5, 19.45638, -2.00095], "size": [9, 1, 4], "inflate": -0.15, "pivot": [4, 19.45638, -0.00095], "rotation": [-2.5, 0, 0], "uv": [0, 34]}
					]
				},
				{
					"name": "bone24",
					"parent": "ChestPiece",
					"pivot": [-3.25, 20.5, -3],
					"cubes": [
						{"origin": [3, 20.25, -3], "size": [1, 2, 1], "inflate": 0.1, "pivot": [3.5, 20, -2.5], "rotation": [0, 0, -22.5], "uv": [107, 157]},
						{"origin": [-4, 20.25, -3], "size": [1, 2, 1], "inflate": 0.1, "pivot": [-3.5, 20, -2.5], "rotation": [0, 0, 22.5], "uv": [102, 157]}
					]
				},
				{
					"name": "bodyBottom",
					"parent": "armorBody",
					"pivot": [0, 24, 0],
					"cubes": [
						{"origin": [-4, 12, -2], "size": [8, 6, 4], "uv": [72, 6]}
					]
				},
				{
					"name": "bipedRightArm",
					"pivot": [-4, 22, 0]
				},
				{
					"name": "armorRightArm",
					"parent": "bipedRightArm",
					"pivot": [-4, 22, 0]
				},
				{
					"name": "rightArmtop",
					"parent": "armorRightArm",
					"pivot": [0, 24, 0],
					"cubes": [
						{"origin": [-8, 18, -2], "size": [4, 6, 4], "uv": [27, 34]}
					]
				},
				{
					"name": "armorRight",
					"parent": "rightArmtop",
					"pivot": [-5, 22, 0]
				},
				{
					"name": "wristguard",
					"parent": "armorRight",
					"pivot": [-7, 15, 0],
					"cubes": [
						{"origin": [-8, 15.5, -2], "size": [2, 3, 4], "inflate": 0.2, "uv": [15, 86]},
						{"origin": [-8.68283, 14.50381, -1.78179], "size": [1, 2, 1], "pivot": [-8, 16.5, -1.51276], "rotation": [0, 22.5, -5], "uv": [30, 162]},
						{"origin": [-8.65592, 16.47927, -1.43932], "size": [1, 2, 1], "pivot": [-8.83956, 16.41391, -1.2586], "rotation": [0, 25, 22.5], "uv": [10, 162]},
						{"origin": [-8.65592, 16.47927, 0.43932], "size": [1, 2, 1], "pivot": [-8.83956, 16.41391, 1.2586], "rotation": [0, -25, 22.5], "uv": [20, 162]},
						{"origin": [-8.68283, 14.50381, 0.78179], "size": [1, 2, 1], "pivot": [-8, 16.5, 1.51276], "rotation": [0, -22.5, -5], "uv": [25, 162]},
						{"origin": [-8.96179, 17.13275, -1.5], "size": [1, 1, 3], "pivot": [-8.82806, 16.21043, -1.73724], "rotation": [0, 0, 22.5], "uv": [54, 124]},
						{"origin": [-8, 14.25, -2], "size": [4, 4, 4], "inflate": 0.1, "uv": [61, 49]}
					]
				},
				{
					"name": "missle",
					"parent": "wristguard",
					"pivot": [-8.75, 15.75, 0],
					"cubes": [
						{"origin": [-8.75, 15.5, -0.5], "size": [1, 2, 1], "inflate": -0.25, "uv": [15, 162]},
						{"origin": [-9.25, 15.25, -0.5], "size": [1, 2, 1], "inflate": -0.1, "uv": [5, 162]},
						{"origin": [-9.25, 13.75, -0.5], "size": [1, 2, 1], "inflate": -0.3, "uv": [0, 162]},
						{"origin": [-9.25, 13.5, -0.5], "size": [1, 1, 1], "inflate": -0.4, "uv": [105, 162]},
						{"origin": [-9.25, 15.75, -0.5], "size": [1, 1, 1], "uv": [0, 166]}
					]
				},
				{
					"name": "ShoulderAndSleve2",
					"parent": "armorRight",
					"pivot": [0, 0, 0],
					"cubes": [
						{"origin": [-8, 14, -2], "size": [4, 10, 4], "inflate": 0.05, "uv": [27, 34]}
					]
				},
				{
					"name": "bone20",
					"parent": "ShoulderAndSleve2",
					"pivot": [-6.5, 23, 0],
					"cubes": [
						{"origin": [-8.25, 21, -2], "size": [3, 3, 4], "inflate": 0.2, "uv": [92, 59]},
						{"origin": [-8.5, 23, -2], "size": [1, 1, 4], "pivot": [-8, 23.5, 0], "rotation": [0, 0, -45], "uv": [83, 100]},
						{"origin": [-8.5, 22, -2], "size": [1, 1, 4], "pivot": [-8, 22.5, 0], "rotation": [0, 0, -45], "uv": [72, 100]},
						{"origin": [-8.5, 21, -2], "size": [1, 1, 4], "pivot": [-8, 21.5, 0], "rotation": [0, 0, -45], "uv": [61, 100]},
						{"origin": [-5, 23, -2], "size": [1, 1, 4], "inflate": 0.15, "pivot": [-4.5, 23.5, 0], "rotation": [0, 0, -7.5], "uv": [50, 100]},
						{"origin": [-5, 20, -2], "size": [1, 1, 4], "inflate": 0.15, "pivot": [-4.5, 20.5, 0], "rotation": [0, 0, 2.5], "uv": [39, 100]},
						{"origin": [-8.25, 19.25, -2], "size": [3, 1, 4], "inflate": 0.2, "pivot": [-6.75, 19.75, 0], "rotation": [0, 0, -2.5], "uv": [0, 86], "mirror": true},
						{"origin": [-8, 19.5, -2], "size": [3, 5, 4], "inflate": 0.1, "uv": [32, 59]}
					]
				},
				{
					"name": "rightArmBottom",
					"parent": "armorRightArm",
					"pivot": [-4, 22, 0],
					"cubes": [
						{"origin": [-8, 12, -2], "size": [4, 6, 4], "uv": [27, 38]}
					]
				},
				{
					"name": "bipedLeftArm",
					"pivot": [4, 22, 0]
				},
				{
					"name": "armorLeftArm",
					"parent": "bipedLeftArm",
					"pivot": [4, 22, 0]
				},
				{
					"name": "leftArmTop",
					"parent": "armorLeftArm",
					"pivot": [4, 22, 0],
					"cubes": [
						{"origin": [4, 18, -2], "size": [4, 6, 4], "uv": [44, 34]}
					]
				},
				{
					"name": "armorLeft",
					"parent": "leftArmTop",
					"pivot": [5, 22, 0]
				},
				{
					"name": "ShoulderAndSleve",
					"parent": "armorLeft",
					"pivot": [0, 0, 0],
					"cubes": [
						{"origin": [4, 14, -2], "size": [4, 10, 4], "inflate": 0.05, "uv": [44, 34]}
					]
				},
				{
					"name": "bone19",
					"parent": "ShoulderAndSleve",
					"pivot": [6.5, 23, 0],
					"cubes": [
						{"origin": [5.25, 21, -2], "size": [3, 3, 4], "inflate": 0.2, "uv": [0, 69]},
						{"origin": [7.5, 23, -2], "size": [1, 1, 4], "pivot": [8, 23.5, 0], "rotation": [0, 0, 45], "uv": [0, 106]},
						{"origin": [7.5, 22, -2], "size": [1, 1, 4], "pivot": [8, 22.5, 0], "rotation": [0, 0, 45], "uv": [105, 100]},
						{"origin": [7.5, 21, -2], "size": [1, 1, 4], "pivot": [8, 21.5, 0], "rotation": [0, 0, 45], "uv": [94, 100]},
						{"origin": [4, 23, -2], "size": [1, 1, 4], "inflate": 0.15, "pivot": [4.5, 23.5, 0], "rotation": [0, 0, 7.5], "uv": [22, 106]},
						{"origin": [4, 20, -2], "size": [1, 1, 4], "inflate": 0.15, "pivot": [4.5, 20.5, 0], "rotation": [0, 0, -2.5], "uv": [11, 106]},
						{"origin": [5.25, 19.25, -2], "size": [3, 1, 4], "inflate": 0.2, "pivot": [6.75, 19.75, 0], "rotation": [0, 0, 2.5], "uv": [0, 86]},
						{"origin": [5, 19.5, -2], "size": [3, 5, 4], "inflate": 0.1, "uv": [47, 59]}
					]
				},
				{
					"name": "wristguard2",
					"parent": "armorLeft",
					"pivot": [7.70828, 16.65932, 1.04593],
					"cubes": [
						{"origin": [6, 14.75, -2], "size": [2, 4, 4], "inflate": 0.15, "uv": [15, 77]},
						{"origin": [4, 14.25, -2], "size": [4, 4, 4], "inflate": 0.1, "uv": [44, 49]},
						{"origin": [7.5, 15.25, -1], "size": [1, 3, 2], "pivot": [8.5, 16.25, 0], "rotation": [0, 0, -5], "uv": [85, 132]},
						{"origin": [7.20828, 15.15932, -1.54593], "size": [1, 3, 1], "pivot": [7.70828, 16.65932, -1.04593], "rotation": [2.5, 45, -5], "uv": [97, 146]},
						{"origin": [7.20828, 15.15932, 0.54593], "size": [1, 3, 1], "pivot": [7.70828, 16.65932, 1.04593], "rotation": [-2.5, -45, -5], "uv": [92, 146]}
					]
				},
				{
					"name": "leftArmBottom",
					"parent": "armorLeftArm",
					"pivot": [4, 22, 0],
					"cubes": [
						{"origin": [4, 12, -2], "size": [4, 6, 4], "uv": [44, 38]}
					]
				},
				{
					"name": "knife",
					"parent": "leftArmBottom",
					"pivot": [8.25, 20.45, 0],
					"cubes": [
						{
							"origin": [8.2, 13.95, -0.5],
							"size": [0.15, 3.25, 1],
							"uv": {
								"north": {"uv": [48, 135], "uv_size": [2, 2]},
								"east": {"uv": [46, 135], "uv_size": [2, 2]},
								"south": {"uv": [52, 135], "uv_size": [2, 2]},
								"west": {"uv": [50, 135], "uv_size": [2, 2]},
								"up": {"uv": [48.25, 135.75], "uv_size": [2, 2]},
								"down": {"uv": [50.25, 137.75], "uv_size": [2, -2]}
							}
						},
						{
							"origin": [8.175, 13.95, -0.7],
							"size": [0.2, 3.25, 1],
							"inflate": -0.05,
							"pivot": [8.25, 20.45, 0],
							"rotation": [4.5, 0, 0],
							"uv": {
								"north": {"uv": [48, 135], "uv_size": [2, 2]},
								"east": {"uv": [46, 135], "uv_size": [2, 2]},
								"south": {"uv": [52, 135], "uv_size": [2, 2]},
								"west": {"uv": [50, 135], "uv_size": [2, 2]},
								"up": {"uv": [48.25, 135.75], "uv_size": [2, 2]},
								"down": {"uv": [50.25, 137.75], "uv_size": [2, -2]}
							}
						},
						{
							"origin": [8.175, 13.95, -0.3],
							"size": [0.2, 3.25, 1],
							"inflate": -0.05,
							"pivot": [8.25, 20.45, 0],
							"rotation": [-4.5, 0, 0],
							"uv": {
								"north": {"uv": [54, 135], "uv_size": [-2, 2]},
								"east": {"uv": [48, 135], "uv_size": [-2, 2]},
								"south": {"uv": [50, 135], "uv_size": [-2, 2]},
								"west": {"uv": [52, 135], "uv_size": [-2, 2]},
								"up": {"uv": [48.25, 137.75], "uv_size": [2, -2]},
								"down": {"uv": [50.25, 135.75], "uv_size": [2, 2]}
							}
						},
						{
							"origin": [8.175, 9.45, -0.3],
							"size": [0.2, 5, 0.75],
							"inflate": -0.075,
							"pivot": [8.25, 7.95, 0],
							"rotation": [4.5, 0, 0],
							"uv": {
								"north": {"uv": [54, 136.5], "uv_size": [-2, -1.5]},
								"east": {"uv": [48, 137], "uv_size": [-2, -2]},
								"south": {"uv": [50, 136.5], "uv_size": [-2, -1.5]},
								"west": {"uv": [52, 135], "uv_size": [-2, 1.5]},
								"up": {"uv": [50.25, 137.25], "uv_size": [2, -1.5]},
								"down": {"uv": [48.25, 135.75], "uv_size": [2, 1.5]}
							}
						},
						{
							"origin": [8.2, 11.2, -0.5],
							"size": [0.15, 3.25, 1],
							"inflate": -0.025,
							"uv": {
								"north": {"uv": [48, 136.5], "uv_size": [2, -1.5]},
								"east": {"uv": [46, 137], "uv_size": [2, -2]},
								"south": {"uv": [52, 136.5], "uv_size": [2, -1.5]},
								"west": {"uv": [50, 135], "uv_size": [2, 1.5]},
								"up": {"uv": [50.25, 135.75], "uv_size": [2, 1.5]},
								"down": {"uv": [48.25, 137.25], "uv_size": [2, -1.5]}
							}
						},
						{
							"origin": [8.125, 8.95, -0.3],
							"size": [0.3, 2.05, 0.6],
							"inflate": -0.125,
							"uv": {
								"north": {"uv": [31, 14], "uv_size": [2, -1.5]},
								"east": {"uv": [29, 14.5], "uv_size": [2, -2]},
								"south": {"uv": [35, 14], "uv_size": [2, -1.5]},
								"west": {"uv": [33, 12.5], "uv_size": [2, 1.5]},
								"up": {"uv": [33.25, 13.25], "uv_size": [2, 1.5]},
								"down": {"uv": [31.25, 14.75], "uv_size": [2, -1.5]}
							}
						},
						{
							"origin": [8.125, 8.7, -0.2],
							"size": [0.3, 2.05, 0.4],
							"inflate": -0.125,
							"uv": {
								"north": {"uv": [31, 14], "uv_size": [2, -1.5]},
								"east": {"uv": [29, 14.5], "uv_size": [2, -2]},
								"south": {"uv": [35, 14], "uv_size": [2, -1.5]},
								"west": {"uv": [33, 12.5], "uv_size": [2, 1.5]},
								"up": {"uv": [33.25, 13.25], "uv_size": [2, 1.5]},
								"down": {"uv": [31.25, 14.75], "uv_size": [2, -1.5]}
							}
						},
						{
							"origin": [8.2, 9.35, -0.3],
							"size": [0.15, 1.9, 0.6],
							"inflate": -0.025,
							"uv": {
								"north": {"uv": [31, 14], "uv_size": [2, -1.5]},
								"east": {"uv": [29, 14.5], "uv_size": [2, -2]},
								"south": {"uv": [35, 14], "uv_size": [2, -1.5]},
								"west": {"uv": [33, 12.5], "uv_size": [2, 1.5]},
								"up": {"uv": [33.25, 13.25], "uv_size": [2, 1.5]},
								"down": {"uv": [31.25, 14.75], "uv_size": [2, -1.5]}
							}
						},
						{
							"origin": [8.175, 9.45, -0.45],
							"size": [0.2, 5, 0.75],
							"inflate": -0.075,
							"pivot": [8.25, 7.95, 0],
							"rotation": [-4.5, 0, 0],
							"uv": {
								"north": {"uv": [48, 136.5], "uv_size": [2, -1.5]},
								"east": {"uv": [46, 137], "uv_size": [2, -2]},
								"south": {"uv": [52, 136.5], "uv_size": [2, -1.5]},
								"west": {"uv": [50, 135], "uv_size": [2, 1.5]},
								"up": {"uv": [50.25, 135.75], "uv_size": [2, 1.5]},
								"down": {"uv": [48.25, 137.25], "uv_size": [2, -1.5]}
							}
						},
						{
							"origin": [8.175, 8.6, 0.075],
							"size": [0.2, 1.025, 0.325],
							"inflate": -0.075,
							"pivot": [8.25, 7.95, 0],
							"rotation": [17.5, 0, 0],
							"uv": {
								"north": {"uv": [58.25, 12.75], "uv_size": [-2, 1.5]},
								"east": {"uv": [58.25, 12.75], "uv_size": [-2, 1.5]},
								"south": {"uv": [58.25, 12.75], "uv_size": [-2, 1.5]},
								"west": {"uv": [58.25, 12.75], "uv_size": [-2, 1.5]},
								"up": {"uv": [56.25, 14.25], "uv_size": [2, -1.5]},
								"down": {"uv": [56.25, 14.25], "uv_size": [2, -1.5]}
							}
						},
						{
							"origin": [8.175, 8.6, -0.4],
							"size": [0.2, 1.025, 0.325],
							"inflate": -0.075,
							"pivot": [8.25, 7.95, 0],
							"rotation": [-17.5, 0, 0],
							"uv": {
								"north": {"uv": [56.25, 12.75], "uv_size": [2, 1.5]},
								"east": {"uv": [56.25, 12.75], "uv_size": [2, 1.5]},
								"south": {"uv": [56.25, 12.75], "uv_size": [2, 1.5]},
								"west": {"uv": [56.25, 12.75], "uv_size": [2, 1.5]},
								"up": {"uv": [58.25, 14.25], "uv_size": [-2, -1.5]},
								"down": {"uv": [58.25, 14.25], "uv_size": [-2, -1.5]}
							}
						}
					]
				},
				{
					"name": "bipedLeftLeg",
					"pivot": [-2, 12, 0]
				},
				{
					"name": "armorLeftLeg",
					"parent": "bipedLeftLeg",
					"pivot": [-2, 12, 0],
					"cubes": [
						{"origin": [0, 6, -2], "size": [4, 6, 4], "uv": [21, 17], "mirror": true}
					]
				},
				{
					"name": "armorLeft2",
					"parent": "armorLeftLeg",
					"pivot": [1.9, 12, 0]
				},
				{
					"name": "bone26",
					"parent": "armorLeft2",
					"pivot": [4.25, 1.5, -1.25],
					"cubes": [
						{"origin": [0, 1, -2], "size": [3.9, 3, 4], "inflate": 0.2, "uv": [0, 59], "mirror": true},
						{"origin": [-0.1, 0.25, -2.25], "size": [4, 1, 1], "inflate": 0.05, "pivot": [1.9, 0.75, -1.75], "rotation": [-22.5, 0, 0], "uv": [43, 124], "mirror": true},
						{
							"origin": [3.25, 2.5, -2.375],
							"size": [0.9, 1, 0.875],
							"inflate": -0.1,
							"uv": {
								"north": {"uv": [16.25, 34.25], "uv_size": [3.5, 4]},
								"east": {"uv": [16.25, 34.25], "uv_size": [3.5, 4]},
								"south": {"uv": [16.25, 34.25], "uv_size": [3.5, 4]},
								"west": {"uv": [16.25, 34.25], "uv_size": [3.5, 4]},
								"up": {"uv": [19.75, 38.25], "uv_size": [-3.5, -4]},
								"down": {"uv": [19.75, 38.25], "uv_size": [-3.5, -4]}
							}
						},
						{
							"origin": [3.25, 2.5, -2.15],
							"size": [0.9, 1, 1.9],
							"inflate": 0.1,
							"uv": {
								"north": {"uv": [2, 148], "uv_size": [1, 1]},
								"east": {"uv": [1, 148], "uv_size": [1, 1]},
								"south": {"uv": [4, 148], "uv_size": [1, 1]},
								"west": {"uv": [3, 148], "uv_size": [1, 1]},
								"up": {"uv": [2, 147], "uv_size": [1, 1]},
								"down": {"uv": [3, 148], "uv_size": [1, -1]}
							}
						}
					]
				},
				{
					"name": "KneeGuard",
					"parent": "armorLeft2",
					"pivot": [1.9, 4.625, -1.25],
					"rotation": [2.5, 0, 0],
					"cubes": [
						{
							"origin": [0.4, 1, -2.25],
							"size": [3, 5, 1.25],
							"inflate": 0.2,
							"uv": {
								"north": {"uv": [44, 128], "uv_size": [3, 3]},
								"east": {"uv": [43, 128], "uv_size": [1, 3]},
								"south": {"uv": [48, 128], "uv_size": [3, 3]},
								"west": {"uv": [47, 128], "uv_size": [1, 3]},
								"up": {"uv": [44, 127], "uv_size": [3, 1]},
								"down": {"uv": [47, 128], "uv_size": [3, -1]}
							}
						},
						{"origin": [-0.1, 3.25, -2], "size": [4, 3, 3], "inflate": 0.15, "uv": [75, 69], "mirror": true}
					]
				},
				{
					"name": "rockets",
					"parent": "KneeGuard",
					"pivot": [1.9, 4.51202, 1.91031],
					"rotation": [0, 2.5, 0],
					"cubes": [
						{"origin": [-0.1, 4.25, 0.75], "size": [4, 1, 3], "inflate": 0.1, "pivot": [1.9, 4, 2.875], "rotation": [45, 0, 0], "uv": [84, 86]},
						{
							"origin": [0.4, 2.98483, 1.46339],
							"size": [3, 1, 2],
							"pivot": [1.9, 3.48483, 2.46339],
							"rotation": [45, 0, 0],
							"uv": {
								"north": {"uv": [55, 116], "uv_size": [3, 1]},
								"east": {"uv": [53, 116], "uv_size": [2, 1]},
								"south": {"uv": [60, 116], "uv_size": [3, 1]},
								"west": {"uv": [58, 116], "uv_size": [2, 1]},
								"up": {"uv": [55, 114], "uv_size": [3, 2]},
								"down": {"uv": [58, 116], "uv_size": [2.75, -2]}
							}
						},
						{"origin": [-0.1, 4.75, 3], "size": [4, 2, 1], "inflate": 0.1, "pivot": [1.9, 4, 2.875], "rotation": [45, 0, 0], "uv": [40, 114]},
						{"origin": [-0.1, 4.75, 0.75], "size": [4, 2, 3], "inflate": 0.2, "pivot": [1.9, 4, 2.875], "rotation": [45, 0, 0], "uv": [92, 77]}
					]
				},
				{
					"name": "bone25",
					"parent": "armorLeft2",
					"pivot": [3.75, 8, 0],
					"cubes": [
						{"origin": [1.9, 6.5, -2], "size": [2, 1, 4], "inflate": 0.15, "pivot": [4, 5.5, -1], "rotation": [0, -2.5, 5], "uv": [39, 94]},
						{"origin": [1.90298, 10.69586, -2.02712], "size": [2, 1, 4], "inflate": 0.15, "pivot": [3.40298, 11.19586, -0.02712], "rotation": [0, -2.5, -22.5], "uv": [26, 94], "mirror": true},
						{"origin": [1.4, 7.75, -2], "size": [2.7, 3, 4], "inflate": 0.15, "uv": [77, 59], "mirror": true},
						{"origin": [0.9, 7, -2], "size": [3, 4.25, 4], "inflate": 0.1, "uv": [17, 59]},
						{
							"origin": [2.85, 9.5, -2.5],
							"size": [1.75, 1, 5],
							"inflate": -0.25,
							"pivot": [4, 10, 0],
							"rotation": [-2.5, 0, 0],
							"uv": {
								"north": {"uv": [84, 127], "uv_size": [-1, 1]},
								"east": {"uv": [89, 127], "uv_size": [-5, 1]},
								"south": {"uv": [82.5, 123.75], "uv_size": [-1, 1]},
								"west": {"uv": [83, 127], "uv_size": [-5, 1]},
								"up": {"uv": [84, 122], "uv_size": [-1, 5]},
								"down": {"uv": [85, 127], "uv_size": [-1, -5]}
							}
						},
						{
							"origin": [2.85, 8.5, -2.5],
							"size": [1.75, 1, 5],
							"inflate": -0.25,
							"uv": {
								"north": {"uv": [84, 127], "uv_size": [-1, 1]},
								"east": {"uv": [89, 127], "uv_size": [-5, 1]},
								"south": {"uv": [82.5, 123.75], "uv_size": [-1, 1]},
								"west": {"uv": [83, 127], "uv_size": [-5, 1]},
								"up": {"uv": [84, 122], "uv_size": [-1, 5]},
								"down": {"uv": [85, 127], "uv_size": [-1, -5]}
							}
						},
						{
							"origin": [2.85, 7.5, -2.5],
							"size": [1.75, 1, 5],
							"inflate": -0.25,
							"pivot": [3.75, 8, 0],
							"rotation": [2.5, 0, 0],
							"uv": {
								"north": {"uv": [84, 127], "uv_size": [-1, 1]},
								"east": {"uv": [89, 127], "uv_size": [-5, 1]},
								"south": {"uv": [82.5, 123.75], "uv_size": [-1, 1]},
								"west": {"uv": [83, 127], "uv_size": [-5, 1]},
								"up": {"uv": [84, 122], "uv_size": [-1, 5]},
								"down": {"uv": [85, 127], "uv_size": [-1, -5]}
							}
						}
					]
				},
				{
					"name": "armorLeftBoot",
					"parent": "bipedLeftLeg",
					"pivot": [-2, 12, 0],
					"cubes": [
						{"origin": [0, 0, -2], "size": [4, 6, 4], "uv": [21, 23], "mirror": true}
					]
				},
				{
					"name": "bipedRightLeg",
					"pivot": [2, 12, 0]
				},
				{
					"name": "armorRightLeg",
					"parent": "bipedRightLeg",
					"pivot": [2, 12, 0],
					"cubes": [
						{"origin": [-4, 6, -2], "size": [4, 6, 4], "uv": [21, 17]}
					]
				},
				{
					"name": "armorRight2",
					"parent": "armorRightLeg",
					"pivot": [-1.9, 12, 0],
					"cubes": [
						{"origin": [-3.9, 1, -2], "size": [3.9, 3, 4], "inflate": 0.2, "uv": [0, 59]}
					]
				},
				{
					"name": "bone28",
					"parent": "armorRight2",
					"pivot": [-3.75, 8, 0],
					"cubes": [
						{"origin": [-3.9, 6.5, -2], "size": [2, 1, 4], "inflate": 0.15, "pivot": [-4, 5.5, -1], "rotation": [0, 2.5, -5], "uv": [13, 94]},
						{"origin": [-3.90298, 10.69586, -2.02712], "size": [2, 1, 4], "inflate": 0.15, "pivot": [-3.40298, 11.19586, -0.02712], "rotation": [0, 2.5, 22.5], "uv": [0, 94]},
						{"origin": [-4.05, 7.75, -2], "size": [2.65, 3, 4], "inflate": 0.15, "uv": [62, 59]},
						{"origin": [-3.9, 7, -2], "size": [3, 4.25, 4], "inflate": 0.1, "uv": [78, 49]},
						{
							"origin": [-4.6, 9.5, -2.5],
							"size": [1.75, 1, 5],
							"inflate": -0.25,
							"pivot": [-4, 10, 0],
							"rotation": [-2.5, 0, 0],
							"uv": {
								"north": {"uv": [83, 127], "uv_size": [1, 1]},
								"east": {"uv": [78, 127], "uv_size": [5, 1]},
								"south": {"uv": [81.5, 123.75], "uv_size": [1, 1]},
								"west": {"uv": [84, 127], "uv_size": [5, 1]},
								"up": {"uv": [83, 122], "uv_size": [1, 5]},
								"down": {"uv": [84, 127], "uv_size": [1, -5]}
							}
						},
						{
							"origin": [-4.6, 8.5, -2.5],
							"size": [1.75, 1, 5],
							"inflate": -0.25,
							"uv": {
								"north": {"uv": [83, 127], "uv_size": [1, 1]},
								"east": {"uv": [78, 127], "uv_size": [5, 1]},
								"south": {"uv": [81.5, 123.75], "uv_size": [1, 1]},
								"west": {"uv": [84, 127], "uv_size": [5, 1]},
								"up": {"uv": [83, 122], "uv_size": [1, 5]},
								"down": {"uv": [84, 127], "uv_size": [1, -5]}
							}
						},
						{
							"origin": [-4.6, 7.5, -2.5],
							"size": [1.75, 1, 5],
							"inflate": -0.25,
							"pivot": [-3.75, 8, 0],
							"rotation": [2.5, 0, 0],
							"uv": {
								"north": {"uv": [83, 127], "uv_size": [1, 1]},
								"east": {"uv": [78, 127], "uv_size": [5, 1]},
								"south": {"uv": [81.5, 123.75], "uv_size": [1, 1]},
								"west": {"uv": [84, 127], "uv_size": [5, 1]},
								"up": {"uv": [83, 122], "uv_size": [1, 5]},
								"down": {"uv": [84, 127], "uv_size": [1, -5]}
							}
						}
					]
				},
				{
					"name": "KneeGuard2",
					"parent": "armorRight2",
					"pivot": [-1.9, 4.625, -1.25],
					"rotation": [2.5, 0, 0],
					"cubes": [
						{
							"origin": [-3.4, 1, -2.25],
							"size": [3, 5, 1.25],
							"inflate": 0.2,
							"uv": {
								"north": {"uv": [36, 128], "uv_size": [-3, 3]},
								"east": {"uv": [37, 128], "uv_size": [-1, 3]},
								"south": {"uv": [40, 128], "uv_size": [-3, 3]},
								"west": {"uv": [33, 128], "uv_size": [-1, 3]},
								"up": {"uv": [36, 127], "uv_size": [-3, 1]},
								"down": {"uv": [39, 128], "uv_size": [-3, -1]}
							}
						},
						{"origin": [-3.9, 3.25, -2], "size": [4, 3, 3], "inflate": 0.15, "uv": [60, 69]}
					]
				},
				{
					"name": "rockets2",
					"parent": "KneeGuard2",
					"pivot": [-1.9, 4.51202, 1.91031],
					"rotation": [0, -2.5, 0],
					"cubes": [
						{"origin": [-3.9, 4.25, 0.75], "size": [4, 1, 3], "inflate": 0.1, "pivot": [-1.9, 4, 2.875], "rotation": [45, 0, 0], "uv": [69, 86]},
						{"origin": [-3.4, 2.98483, 1.46339], "size": [3, 1, 2], "pivot": [-1.9, 3.48483, 2.46339], "rotation": [45, 0, 0], "uv": [42, 118], "mirror": true},
						{"origin": [-3.9, 4.75, 3], "size": [4, 2, 1], "inflate": 0.1, "pivot": [-1.9, 4, 2.875], "rotation": [45, 0, 0], "uv": [40, 114]},
						{"origin": [-3.9, 4.75, 0.75], "size": [4, 2, 3], "inflate": 0.2, "pivot": [-1.9, 4, 2.875], "rotation": [45, 0, 0], "uv": [77, 77]}
					]
				},
				{
					"name": "bone27",
					"parent": "armorRight2",
					"pivot": [-4.25, 1.5, -1.25],
					"cubes": [
						{"origin": [-3.9, 0.25, -2.25], "size": [4, 1, 1], "inflate": 0.05, "pivot": [-1.9, 0.75, -1.75], "rotation": [-22.5, 0, 0], "uv": [32, 124]},
						{
							"origin": [-4.15, 2.5, -2.375],
							"size": [0.9, 1, 0.875],
							"inflate": -0.1,
							"uv": {
								"north": {"uv": [19.5, 35], "uv_size": [-3.5, 4]},
								"east": {"uv": [19.5, 35], "uv_size": [-3.5, 4]},
								"south": {"uv": [19.5, 35], "uv_size": [-3.5, 4]},
								"west": {"uv": [19.5, 35], "uv_size": [-3.5, 4]},
								"up": {"uv": [16, 39], "uv_size": [3.5, -4]},
								"down": {"uv": [16, 39], "uv_size": [3.5, -4]}
							}
						},
						{
							"origin": [-4.15, 2.5, -2.15],
							"size": [0.9, 1, 1.9],
							"inflate": 0.1,
							"uv": {
								"north": {"uv": [107, 141], "uv_size": [1, 1]},
								"east": {"uv": [106, 141], "uv_size": [1, 1]},
								"south": {"uv": [109, 141], "uv_size": [1, 1]},
								"west": {"uv": [108, 141], "uv_size": [1, 1]},
								"up": {"uv": [107, 140], "uv_size": [1, 1]},
								"down": {"uv": [108, 141], "uv_size": [1, -1]}
							}
						}
					]
				},
				{
					"name": "armorRightBoot",
					"parent": "bipedRightLeg",
					"pivot": [2, 12, 0],
					"cubes": [
						{"origin": [-4, 0, -2], "size": [4, 6, 4], "uv": [21, 23]}
					]
				}
			]
		}
	]
}