{
	"format_version": "1.12.0",
	"minecraft:geometry": [
		{
			"description": {
				"identifier": "geometry.unknown",
				"texture_width": 128,
				"texture_height": 128,
				"visible_bounds_width": 3,
				"visible_bounds_height": 3.5,
				"visible_bounds_offset": [0, 1.25, 0]
			},
			"bones": [
				{
					"name": "bipedHead",
					"pivot": [0, 24, 0]
				},
				{
					"name": "armorHead",
					"parent": "bipedHead",
					"pivot": [0, 24, 0],
					"cubes": [
						{"origin": [-4, 24, -4], "size": [8, 8, 8], "uv": [0, 0]},
						{"origin": [0.4, 26.9, -4.9], "size": [4, 2.15, 3], "inflate": -0.725, "pivot": [0, 24, 0], "rotation": [0, 0, -5], "uv": [110, 3]},
						{"origin": [0.3, 27.45, -4.8], "size": [3.9, 1.95, 2.9], "inflate": -0.725, "uv": [110, 3]},
						{"origin": [-4.2, 27.45, -4.8], "size": [3.9, 1.95, 2.9], "inflate": -0.725, "uv": [110, 3]},
						{"origin": [-4.4, 26.9, -4.9], "size": [4, 2.15, 3], "inflate": -0.725, "pivot": [0, 24, 0], "rotation": [0, 0, 5], "uv": [110, 3]},
						{"origin": [-0.05, 25.95, -5.2], "size": [3.225, 3.05, 2.625], "inflate": -1.075, "uv": [118, 15]},
						{"origin": [-3.2, 25.95, -5.2], "size": [3.25, 3.05, 2.625], "inflate": -1.075, "uv": [118, 15], "mirror": true},
						{"origin": [-0.25, 24.175, -4.05], "size": [0.45, 0.6, 0.1], "uv": [20, 7]},
						{"origin": [-4.3, 23.675, -1.375], "size": [8.6, 2.1, 5.7], "inflate": 0.05, "uv": [96, 47]},
						{"origin": [-5.475, 27, -4.425], "size": [2.475, 2.475, 1.425], "inflate": -0.125, "pivot": [0, 24, 0], "rotation": [0, 0, 45], "uv": [73, 24]},
						{"origin": [-5.975, 25.425, -4.65], "size": [1.375, 2.8, 1], "inflate": -0.3, "pivot": [0, 23.5, 0], "rotation": [0, 0, 69], "uv": [85, 27], "mirror": true},
						{"origin": [4.575, 25.45, -4.65], "size": [1.375, 2.8, 1], "inflate": -0.3, "pivot": [0, 23.5, 0], "rotation": [0, 0, -69], "uv": [84, 26], "mirror": true},
						{
							"origin": [0.75, 25.45, -3.725],
							"size": [1.25, 3.25, 8.175],
							"inflate": -0.3,
							"pivot": [0.5, 24.825, 1.05],
							"rotation": [1.01457, -2.82338, 81.225],
							"uv": {
								"north": {"uv": [95, 45], "uv_size": [-5, 8]},
								"east": {"uv": [124, 71], "uv_size": [-10, 5]},
								"south": {"uv": [103, 52], "uv_size": [-3, 5]},
								"west": {"uv": [92, 50], "uv_size": [10, 5]},
								"up": {"uv": [116, 63], "uv_size": [-3, 9]},
								"down": {"uv": [117, 72], "uv_size": [-3, -9]}
							}
						},
						{
							"origin": [-4.25, 19.65, -1.2],
							"size": [0.7, 5.15, 1.45],
							"inflate": -0.025,
							"pivot": [0, 24, 1],
							"rotation": [-80.5, 0, 0],
							"uv": {
								"north": {"uv": [124.5, 55.25], "uv_size": [-7, 5]},
								"east": {"uv": [124.5, 55.25], "uv_size": [-7, 5]},
								"south": {"uv": [124.5, 55.25], "uv_size": [-7, 5]},
								"west": {"uv": [124.5, 55.25], "uv_size": [-7, 5]},
								"up": {"uv": [117.5, 60.25], "uv_size": [7, -5]},
								"down": {"uv": [118.5, 60.25], "uv_size": [5, -4]}
							}
						},
						{
							"origin": [3.55, 19.65, -1.2],
							"size": [0.7, 5.15, 1.45],
							"inflate": -0.025,
							"pivot": [0, 24, 1],
							"rotation": [-80.5, 0, 0],
							"uv": {
								"north": {"uv": [117.5, 55.25], "uv_size": [7, 5]},
								"east": {"uv": [117.5, 55.25], "uv_size": [7, 5]},
								"south": {"uv": [117.5, 55.25], "uv_size": [7, 5]},
								"west": {"uv": [117.5, 55.25], "uv_size": [7, 5]},
								"up": {"uv": [124.5, 60.25], "uv_size": [-7, -5]},
								"down": {"uv": [123.5, 60.25], "uv_size": [-5, -4]}
							}
						},
						{
							"origin": [-2, 25.45, -3.725],
							"size": [1.25, 3.25, 8.175],
							"inflate": -0.3,
							"pivot": [-0.5, 24.825, 1.05],
							"rotation": [1.01457, 2.82338, -81.225],
							"uv": {
								"north": {"uv": [90, 45], "uv_size": [5, 8]},
								"east": {"uv": [102, 50], "uv_size": [-10, 5]},
								"south": {"uv": [100, 52], "uv_size": [3, 5]},
								"west": {"uv": [114, 71], "uv_size": [10, 5]},
								"up": {"uv": [113, 63], "uv_size": [3, 9]},
								"down": {"uv": [114, 72], "uv_size": [3, -9]}
							}
						}
					]
				},
				{
					"name": "hoodDown",
					"parent": "armorHead",
					"pivot": [0, 24, 0],
					"cubes": [
						{
							"origin": [-4.075, 27.75, -4.275],
							"size": [0.475, 3.475, 0.55],
							"uv": {
								"north": {"uv": [84, 26], "uv_size": [1, 4]},
								"east": {"uv": [87, 25], "uv_size": [1, 4]},
								"south": {"uv": [87, 25], "uv_size": [1, 4]},
								"west": {"uv": [87, 25], "uv_size": [1, 4]},
								"up": {"uv": [88, 29], "uv_size": [-1, -4]},
								"down": {"uv": [88, 29], "uv_size": [-1, -4]}
							}
						},
						{"origin": [-3.125, 30.1, -4.325], "size": [6.225, 2.175, 3.55], "uv": [71, 22], "mirror": true},
						{"origin": [-2.375, 29.65, -4.525], "size": [4.725, 1.875, 0.8], "uv": [76, 25], "mirror": true},
						{
							"origin": [3.625, 27.75, -4.275],
							"size": [0.475, 3.475, 0.55],
							"uv": {
								"north": {"uv": [85, 26], "uv_size": [1, 4]},
								"east": {"uv": [88, 25], "uv_size": [1, 4]},
								"south": {"uv": [88, 25], "uv_size": [1, 4]},
								"west": {"uv": [88, 25], "uv_size": [1, 4]},
								"up": {"uv": [89, 29], "uv_size": [-1, -4]},
								"down": {"uv": [89, 29], "uv_size": [-1, -4]}
							}
						},
						{"origin": [-5.6, 24.15, -5.4], "size": [4, 2.65, 2.5], "inflate": -0.725, "pivot": [0, 24, 0], "rotation": [35.2644, 30, 59.7356], "uv": [96, 38], "mirror": true},
						{"origin": [-5.35, 25.875, -5.4], "size": [2.5, 2.65, 2.5], "inflate": -0.775, "pivot": [0, 24, 0], "rotation": [20.94103, 40.78947, 35.36118], "uv": [96, 38], "mirror": true},
						{"origin": [1.65, 24.25, -5.4], "size": [4, 2.65, 2.5], "inflate": -0.725, "pivot": [0, 24, 0], "rotation": [35.26439, -30, -59.73561], "uv": [96, 38]},
						{"origin": [2.9, 25.975, -5.4], "size": [2.5, 2.65, 2.5], "inflate": -0.775, "pivot": [0, 24, 0], "rotation": [20.94103, -40.7895, -35.3612], "uv": [96, 38], "mirror": true},
						{"origin": [-1.125, 29.25, -4.425], "size": [2.225, 1.675, 0.8], "uv": [75, 25], "mirror": true},
						{"origin": [-4.5, 25.4, -2.55], "size": [9, 1.1, 6.925], "inflate": 0.05, "pivot": [0, 24, 0], "rotation": [-13, 0, 0], "uv": [79, 8]},
						{"origin": [-4.85, 26.2, -0.1], "size": [9.7, 1.1, 4.425], "inflate": -0.15, "pivot": [0, 24, 0], "rotation": [-13, 0, 0], "uv": [82, 11]},
						{
							"origin": [3.3, 19.75, -2.075],
							"size": [1.175, 4.55, 1.05],
							"inflate": -0.025,
							"pivot": [0, 24, 1],
							"rotation": [-80.5, 0, 0],
							"uv": {
								"north": {"uv": [97.5, 8.25], "uv_size": [2, 8]},
								"east": {"uv": [97.5, 8.25], "uv_size": [2, 8]},
								"south": {"uv": [97.5, 8.25], "uv_size": [2, 8]},
								"west": {"uv": [97.5, 8.25], "uv_size": [2, 8]},
								"up": {"uv": [99.5, 16.25], "uv_size": [-2, -8]},
								"down": {"uv": [99.5, 16.25], "uv_size": [-2, -8]}
							}
						},
						{
							"origin": [-4.475, 19.75, -2.075],
							"size": [1.175, 4.55, 1.05],
							"inflate": -0.025,
							"pivot": [0, 24, 1],
							"rotation": [-80.5, 0, 0],
							"uv": {
								"north": {"uv": [99.5, 8.25], "uv_size": [-2, 8]},
								"east": {"uv": [99.5, 8.25], "uv_size": [-2, 8]},
								"south": {"uv": [99.5, 8.25], "uv_size": [-2, 8]},
								"west": {"uv": [99.5, 8.25], "uv_size": [-2, 8]},
								"up": {"uv": [97.5, 16.25], "uv_size": [2, -8]},
								"down": {"uv": [97.5, 16.25], "uv_size": [2, -8]}
							}
						}
					]
				},
				{
					"name": "hoodUp",
					"parent": "armorHead",
					"pivot": [0, 24, 0],
					"cubes": [
						{
							"origin": [-3.5, 30.025, -4.475],
							"size": [7, 2, 0.75],
							"inflate": -0.1,
							"uv": {
								"north": {"uv": [90, 49], "uv_size": [12, 9]},
								"east": {"uv": [90, 49], "uv_size": [12, 9]},
								"south": {"uv": [90, 49], "uv_size": [12, 9]},
								"west": {"uv": [90, 49], "uv_size": [12, 9]},
								"up": {"uv": [102, 58], "uv_size": [-12, -9]},
								"down": {"uv": [102, 58], "uv_size": [-12, -9]}
							}
						},
						{
							"origin": [-3.95, 29.65, -4.65],
							"size": [7.9, 1.55, 8.75],
							"inflate": -0.3,
							"uv": {
								"north": {"uv": [100, 59], "uv_size": [11, 6]},
								"east": {"uv": [100, 59], "uv_size": [11, 6]},
								"south": {"uv": [100, 59], "uv_size": [11, 6]},
								"west": {"uv": [100, 59], "uv_size": [11, 6]},
								"up": {"uv": [111, 65], "uv_size": [-11, -6]},
								"down": {"uv": [111, 65], "uv_size": [-11, -6]}
							}
						},
						{
							"origin": [2.6, 30.525, -4.7],
							"size": [2.55, 0.875, 8.75],
							"inflate": -0.1,
							"pivot": [0, 36.7, 0],
							"rotation": [0, 0, 10.75],
							"uv": {
								"north": {"uv": [121, 42], "uv_size": [-3, 0]},
								"east": {"uv": [121, 42], "uv_size": [-3, 0]},
								"south": {"uv": [121, 42], "uv_size": [-3, 0]},
								"west": {"uv": [121, 42], "uv_size": [-3, 0]},
								"up": {"uv": [118, 42], "uv_size": [3, 0]},
								"down": {"uv": [118, 42], "uv_size": [3, 0]}
							}
						},
						{
							"origin": [-5.1, 30.525, -4.7],
							"size": [2.5, 0.825, 8.75],
							"inflate": -0.1,
							"pivot": [0, 36.7, 0],
							"rotation": [0, 0, -10.75],
							"uv": {
								"north": {"uv": [120, 42], "uv_size": [-3, 0]},
								"east": {"uv": [120, 42], "uv_size": [-3, 0]},
								"south": {"uv": [120, 42], "uv_size": [-3, 0]},
								"west": {"uv": [120, 42], "uv_size": [-3, 0]},
								"up": {"uv": [117, 42], "uv_size": [3, 0]},
								"down": {"uv": [117, 42], "uv_size": [3, 0]}
							}
						},
						{
							"origin": [-5.875, 30.675, -4.65],
							"size": [2.85, 0.85, 8.75],
							"inflate": -0.1,
							"pivot": [0, 36.7, 0],
							"rotation": [0, 0, -17.25],
							"uv": {
								"north": {"uv": [119, 42], "uv_size": [-3, -1]},
								"east": {"uv": [119, 42], "uv_size": [-3, -1]},
								"south": {"uv": [119, 42], "uv_size": [-3, -1]},
								"west": {"uv": [119, 42], "uv_size": [-3, -1]},
								"up": {"uv": [116, 41], "uv_size": [3, 1]},
								"down": {"uv": [116, 41], "uv_size": [3, 1]}
							}
						},
						{
							"origin": [2.975, 30.675, -4.65],
							"size": [2.9, 0.9, 8.75],
							"inflate": -0.1,
							"pivot": [0, 36.7, 0],
							"rotation": [0, 0, 17.25],
							"uv": {
								"north": {"uv": [116, 42], "uv_size": [3, -1]},
								"east": {"uv": [116, 42], "uv_size": [3, -1]},
								"south": {"uv": [116, 42], "uv_size": [3, -1]},
								"west": {"uv": [116, 42], "uv_size": [3, -1]},
								"up": {"uv": [119, 41], "uv_size": [-3, 1]},
								"down": {"uv": [119, 41], "uv_size": [-3, 1]}
							}
						},
						{
							"origin": [1.4, 28.975, -4.55],
							"size": [2.225, 1.25, 8.65],
							"inflate": -0.1,
							"pivot": [0, 24.3, 0],
							"rotation": [0, 0, -17.25],
							"uv": {
								"north": {"uv": [118, 40], "uv_size": [-3, 1]},
								"east": {"uv": [118, 40], "uv_size": [-3, 1]},
								"south": {"uv": [118, 40], "uv_size": [-3, 1]},
								"west": {"uv": [118, 40], "uv_size": [-3, 1]},
								"up": {"uv": [115, 41], "uv_size": [3, -1]},
								"down": {"uv": [115, 41], "uv_size": [3, -1]}
							}
						},
						{
							"origin": [-3.625, 28.975, -4.55],
							"size": [2.25, 1.2, 8.65],
							"inflate": -0.1,
							"pivot": [0, 24.3, 0],
							"rotation": [0, 0, 17.25],
							"uv": {
								"north": {"uv": [115, 40], "uv_size": [3, 1]},
								"east": {"uv": [115, 40], "uv_size": [3, 1]},
								"south": {"uv": [115, 40], "uv_size": [3, 1]},
								"west": {"uv": [115, 40], "uv_size": [3, 1]},
								"up": {"uv": [118, 41], "uv_size": [-3, -1]},
								"down": {"uv": [118, 41], "uv_size": [-3, -1]}
							}
						},
						{
							"origin": [-5.425, 26.625, -4.875],
							"size": [1.25, 3.25, 8.375],
							"inflate": -0.3,
							"pivot": [-0.1, 24, 0],
							"rotation": [0, 0, 10.25],
							"uv": {
								"north": {"uv": [117, 38], "uv_size": [-2, 4]},
								"east": {"uv": [117, 38], "uv_size": [-2, 4]},
								"south": {"uv": [117, 38], "uv_size": [-2, 4]},
								"west": {"uv": [117, 38], "uv_size": [-2, 4]},
								"up": {"uv": [115, 42], "uv_size": [2, -4]},
								"down": {"uv": [115, 42], "uv_size": [2, -4]}
							}
						},
						{
							"origin": [4.175, 26.625, -4.875],
							"size": [1.25, 3.25, 8.375],
							"inflate": -0.3,
							"pivot": [0.1, 24, 0],
							"rotation": [0, 0, -10.25],
							"uv": {
								"north": {"uv": [115, 38], "uv_size": [2, 4]},
								"east": {"uv": [115, 38], "uv_size": [2, 4]},
								"south": {"uv": [115, 38], "uv_size": [2, 4]},
								"west": {"uv": [115, 38], "uv_size": [2, 4]},
								"up": {"uv": [117, 42], "uv_size": [-2, -4]},
								"down": {"uv": [117, 42], "uv_size": [-2, -4]}
							}
						},
						{
							"origin": [-4.075, 24.475, -4.875],
							"size": [1.25, 4.35, 8.425],
							"inflate": -0.3,
							"pivot": [-0.1, 24, 0],
							"rotation": [0, 0, -10.25],
							"uv": {
								"north": {"uv": [117, 38], "uv_size": [-2, 4]},
								"east": {"uv": [117, 38], "uv_size": [-2, 4]},
								"south": {"uv": [117, 38], "uv_size": [-2, 4]},
								"west": {"uv": [117, 38], "uv_size": [-2, 4]},
								"up": {"uv": [115, 42], "uv_size": [2, -4]},
								"down": {"uv": [115, 42], "uv_size": [2, -4]}
							}
						},
						{
							"origin": [-1.6, 24.625, -4.775],
							"size": [1.25, 3.25, 9.175],
							"inflate": -0.3,
							"pivot": [-0.1, 24, 0],
							"rotation": [0, 0, -70.25],
							"uv": {
								"north": {"uv": [115, 37], "uv_size": [3, 4]},
								"east": {"uv": [97, 51], "uv_size": [3, 8]},
								"south": {"uv": [97, 51], "uv_size": [3, 8]},
								"west": {"uv": [115, 37], "uv_size": [3, 4]},
								"up": {"uv": [100, 59], "uv_size": [-3, -8]},
								"down": {"uv": [118, 41], "uv_size": [-3, -4]}
							}
						},
						{
							"origin": [0.35, 24.625, -4.775],
							"size": [1.25, 3.25, 9.175],
							"inflate": -0.3,
							"pivot": [0.1, 24, 0],
							"rotation": [0, 0, 70.25],
							"uv": {
								"north": {"uv": [118, 37], "uv_size": [-3, 4]},
								"east": {"uv": [118, 37], "uv_size": [-3, 4]},
								"south": {"uv": [100, 51], "uv_size": [-3, 8]},
								"west": {"uv": [100, 51], "uv_size": [-3, 8]},
								"up": {"uv": [97, 59], "uv_size": [3, -8]},
								"down": {"uv": [115, 41], "uv_size": [3, -4]}
							}
						},
						{
							"origin": [-5.35, 26.85, -4.225],
							"size": [0.75, 4.25, 8.475],
							"pivot": [0.25, 24, 0],
							"rotation": [0, 0, 10.25],
							"uv": {
								"north": {"uv": [108, 51], "uv_size": [-9, 12]},
								"east": {"uv": [108, 51], "uv_size": [-9, 12]},
								"south": {"uv": [108, 51], "uv_size": [-9, 12]},
								"west": {"uv": [108, 51], "uv_size": [-9, 12]},
								"up": {"uv": [99, 63], "uv_size": [9, -12]},
								"down": {"uv": [99, 63], "uv_size": [9, -12]}
							}
						},
						{
							"origin": [-3.975, 24.675, -4.225],
							"size": [0.75, 4, 8.525],
							"pivot": [0.25, 24, 0],
							"rotation": [0, 0, -10.25],
							"uv": {
								"north": {"uv": [109, 49], "uv_size": [-9, 12]},
								"east": {"uv": [109, 49], "uv_size": [-9, 12]},
								"south": {"uv": [109, 49], "uv_size": [-9, 12]},
								"west": {"uv": [109, 49], "uv_size": [-9, 12]},
								"up": {"uv": [100, 61], "uv_size": [9, -12]},
								"down": {"uv": [100, 61], "uv_size": [9, -12]}
							}
						},
						{
							"origin": [4.6, 26.85, -4.225],
							"size": [0.75, 4.25, 8.475],
							"pivot": [-0.25, 24, 0],
							"rotation": [0, 0, -10.25],
							"uv": {
								"north": {"uv": [99, 51], "uv_size": [9, 12]},
								"east": {"uv": [99, 51], "uv_size": [9, 12]},
								"south": {"uv": [99, 51], "uv_size": [9, 12]},
								"west": {"uv": [99, 51], "uv_size": [9, 12]},
								"up": {"uv": [108, 63], "uv_size": [-9, -12]},
								"down": {"uv": [108, 63], "uv_size": [-9, -12]}
							}
						},
						{
							"origin": [-4.25, 30.775, -4.2],
							"size": [8.5, 1.5, 8.45],
							"inflate": -0.1,
							"uv": {
								"north": {"uv": [95, 57], "uv_size": [13, 6]},
								"east": {"uv": [95, 57], "uv_size": [13, 6]},
								"south": {"uv": [95, 57], "uv_size": [13, 6]},
								"west": {"uv": [95, 57], "uv_size": [13, 6]},
								"up": {"uv": [108, 63], "uv_size": [-13, -6]},
								"down": {"uv": [108, 63], "uv_size": [-13, -6]}
							}
						},
						{
							"origin": [-3.75, 31.55, -4.25],
							"size": [7.5, 1.225, 8.5],
							"inflate": -0.3,
							"uv": {
								"north": {"uv": [97, 48], "uv_size": [15, 15]},
								"east": {"uv": [97, 48], "uv_size": [15, 15]},
								"south": {"uv": [97, 48], "uv_size": [15, 15]},
								"west": {"uv": [97, 48], "uv_size": [15, 15]},
								"up": {"uv": [112, 63], "uv_size": [-15, -15]},
								"down": {"uv": [112, 63], "uv_size": [-15, -15]}
							}
						},
						{
							"origin": [-4.25, 23.55, -4.425],
							"size": [1.5, 0.725, 8.75],
							"inflate": -0.3,
							"uv": {
								"north": {"uv": [111, 50], "uv_size": [-4, 11]},
								"east": {"uv": [111, 50], "uv_size": [-4, 11]},
								"south": {"uv": [111, 50], "uv_size": [-4, 11]},
								"west": {"uv": [111, 50], "uv_size": [-4, 11]},
								"up": {"uv": [107, 61], "uv_size": [4, -11]},
								"down": {"uv": [107, 61], "uv_size": [4, -11]}
							}
						},
						{
							"origin": [3.225, 24.675, -4.225],
							"size": [0.75, 4, 8.525],
							"pivot": [-0.25, 24, 0],
							"rotation": [0, 0, 10.25],
							"uv": {
								"north": {"uv": [100, 49], "uv_size": [9, 12]},
								"east": {"uv": [100, 49], "uv_size": [9, 12]},
								"south": {"uv": [100, 49], "uv_size": [9, 12]},
								"west": {"uv": [100, 49], "uv_size": [9, 12]},
								"up": {"uv": [109, 61], "uv_size": [-9, -12]},
								"down": {"uv": [109, 61], "uv_size": [-9, -12]}
							}
						},
						{
							"origin": [2.825, 24.475, -4.875],
							"size": [1.25, 4.35, 8.425],
							"inflate": -0.3,
							"pivot": [0.1, 24, 0],
							"rotation": [0, 0, 10.25],
							"uv": {
								"north": {"uv": [115, 38], "uv_size": [2, 4]},
								"east": {"uv": [115, 38], "uv_size": [2, 4]},
								"south": {"uv": [115, 38], "uv_size": [2, 4]},
								"west": {"uv": [115, 38], "uv_size": [2, 4]},
								"up": {"uv": [117, 42], "uv_size": [-2, -4]},
								"down": {"uv": [117, 42], "uv_size": [-2, -4]}
							}
						},
						{
							"origin": [2.75, 23.55, -4.425],
							"size": [1.5, 0.725, 8.75],
							"inflate": -0.3,
							"uv": {
								"north": {"uv": [107, 50], "uv_size": [4, 11]},
								"east": {"uv": [107, 50], "uv_size": [4, 11]},
								"south": {"uv": [107, 50], "uv_size": [4, 11]},
								"west": {"uv": [107, 50], "uv_size": [4, 11]},
								"up": {"uv": [111, 61], "uv_size": [-4, -11]},
								"down": {"uv": [111, 61], "uv_size": [-4, -11]}
							}
						},
						{
							"origin": [-4.25, 25.65, 4],
							"size": [8.5, 6.35, 0.5],
							"uv": {
								"north": {"uv": [95, 48.25], "uv_size": [15.5, 15]},
								"east": {"uv": [95, 48.25], "uv_size": [15.5, 15]},
								"south": {"uv": [95, 48.25], "uv_size": [15.5, 15]},
								"west": {"uv": [95, 48.25], "uv_size": [15.5, 15]},
								"up": {"uv": [110.5, 63.25], "uv_size": [-15.5, -15]},
								"down": {"uv": [110.5, 63.25], "uv_size": [-15.5, -15]}
							}
						},
						{
							"origin": [-3.85, 23.75, 4],
							"size": [7.7, 8.25, 0.4],
							"uv": {
								"north": {"uv": [95, 48.25], "uv_size": [15.5, 15]},
								"east": {"uv": [95, 48.25], "uv_size": [15.5, 15]},
								"south": {"uv": [95, 48.25], "uv_size": [15.5, 15]},
								"west": {"uv": [95, 48.25], "uv_size": [15.5, 15]},
								"up": {"uv": [110.5, 63.25], "uv_size": [-15.5, -15]},
								"down": {"uv": [110.5, 63.25], "uv_size": [-15.5, -15]}
							}
						},
						{
							"origin": [-2, 23.05, -1.5],
							"size": [4, 1.225, 5.75],
							"inflate": -0.3,
							"uv": {
								"north": {"uv": [103, 56], "uv_size": [9, 6]},
								"east": {"uv": [103, 56], "uv_size": [9, 6]},
								"south": {"uv": [103, 56], "uv_size": [9, 6]},
								"west": {"uv": [103, 56], "uv_size": [9, 6]},
								"up": {"uv": [112, 62], "uv_size": [-9, -6]},
								"down": {"uv": [112, 62], "uv_size": [-9, -6]}
							}
						}
					]
				},
				{
					"name": "bipedBody",
					"pivot": [0, 24, 0]
				},
				{
					"name": "armorBody",
					"parent": "bipedBody",
					"pivot": [0, 24, 0]
				},
				{
					"name": "bodyTop",
					"parent": "armorBody",
					"pivot": [0, 24, 0],
					"cubes": [
						{"origin": [-4, 18, -2], "size": [8, 6, 4], "uv": [16, 16]},
						{"origin": [-3.35, 18.5, -2.25], "size": [6.7, 4.75, 1.25], "uv": [113, 23]},
						{"origin": [-0.2, 22.125, -3.575], "size": [4.2, 2.7, 6.5], "inflate": -1.1, "uv": [86, 12]},
						{"origin": [-0.45, 22.525, -3.375], "size": [2.7, 2.8, 3.45], "inflate": -1.1, "uv": [85, 11]},
						{"origin": [-2.2, 22.525, -3.375], "size": [2.7, 2.8, 3.35], "inflate": -1.1, "uv": [85, 11]},
						{"origin": [-3.95, 22.125, -3.575], "size": [4.2, 2.7, 6.5], "inflate": -1.1, "uv": [86, 12], "mirror": true},
						{"origin": [-1.6, 23, -2.45], "size": [3.2, 0.4, 1.25], "uv": [115, 40]},
						{"origin": [1.05, 19.925, -2.45], "size": [0.95, 0.4, 1.25], "uv": [115, 40]},
						{"origin": [-3.525, 21.925, -2.45], "size": [3.2, 0.4, 1.25], "pivot": [0, 24, 0], "rotation": [0, 0, -80], "uv": [115, 40]},
						{"origin": [-5.075, 21.325, -2.45], "size": [1.425, 0.4, 1.25], "pivot": [0, 24, 0], "rotation": [0, 0, -80], "uv": [115, 40]},
						{"origin": [-5.325, 20.625, -3.725], "size": [5.65, 5.475, 4.25], "inflate": -1.4, "pivot": [0, 24, 0], "rotation": [0, 0, -80], "uv": [91, 22]},
						{"origin": [-8.175, 20.025, -3.825], "size": [4.55, 4.575, 4.25], "inflate": -1.4, "pivot": [0, 24, 0], "rotation": [0, 0, -80], "uv": [90, 24]},
						{"origin": [-6.425, 20.025, -3.825], "size": [4.25, 4.575, 4.25], "inflate": -1.4, "pivot": [0, 24, 0], "rotation": [0, 0, -80], "uv": [90, 24]},
						{"origin": [-6.225, 21.8, -3.825], "size": [4.05, 3.575, 4.25], "inflate": -1.4, "pivot": [0, 24, 0], "rotation": [0, 0, -80], "uv": [90, 24]},
						{"origin": [-7.275, 21.8, -3.825], "size": [3.85, 3.175, 4.25], "inflate": -1.4, "pivot": [0, 24, 0], "rotation": [0, 0, -80], "uv": [90, 24]},
						{"origin": [-2.475, 20.625, -3.725], "size": [3.1, 5.275, 4.25], "inflate": -1.4, "pivot": [0, 24, 0], "rotation": [0, 0, -80], "uv": [92, 22]},
						{"origin": [-2.175, 20.625, -3.725], "size": [2.9, 4.575, 4.25], "inflate": -1.4, "pivot": [0, 24, 0], "rotation": [0, 0, -80], "uv": [90, 24]},
						{"origin": [-4.425, 23.275, -3.725], "size": [4.75, 3.225, 4.25], "inflate": -1.4, "pivot": [0, 24, 0], "rotation": [0, 0, -80], "uv": [90, 24]},
						{"origin": [-3.525, 23.7, -3.725], "size": [3.85, 3.125, 4.25], "inflate": -1.4, "pivot": [0, 24, 0], "rotation": [0, 0, -80], "uv": [90, 24]},
						{"origin": [-2.225, 20.175, -2.45], "size": [0.8, 0.4, 1.25], "pivot": [0, 24, 0], "rotation": [0, 0, -12.5], "uv": [115, 40]},
						{"origin": [0.325, 21.925, -2.45], "size": [3.2, 0.4, 1.25], "pivot": [0, 24, 0], "rotation": [0, 0, 80], "uv": [115, 40]},
						{"origin": [3.5, 22.35, -2.45], "size": [1.775, 0.4, 1.25], "pivot": [0, 24, 0], "rotation": [0, 0, 80], "uv": [115, 40]}
					]
				},
				{
					"name": "bodyBottom",
					"parent": "armorBody",
					"pivot": [0, 24, 0],
					"cubes": [
						{"origin": [-4, 12, -2], "size": [8, 6, 4], "uv": [16, 22]},
						{"origin": [-2.6, 14.45, -2.15], "size": [5.2, 4.2, 1.25], "uv": [113, 26]},
						{"origin": [-6.85, 21.325, -2.45], "size": [1.8, 0.4, 1.25], "pivot": [0, 24, 0], "rotation": [0, 0, -80], "uv": [115, 40]},
						{"origin": [5.275, 22.35, -2.45], "size": [1.75, 0.4, 1.25], "pivot": [0, 24, 0], "rotation": [0, 0, 80], "uv": [115, 40]},
						{"origin": [-10.775, 19.525, -3.625], "size": [4, 3.775, 4.25], "inflate": -1.4, "pivot": [0, 24, 0], "rotation": [0, 0, -80], "uv": [90, 24]},
						{"origin": [-9.25, 20.725, -2.3], "size": [2.2, 0.4, 1.2], "pivot": [0, 24, 0], "rotation": [0, 0, -80], "uv": [115, 40]},
						{"origin": [1.05, 16.475, -2.375], "size": [0.95, 0.4, 1.275], "uv": [115, 40]},
						{"origin": [-1.95, 16.675, -2.375], "size": [0.8, 0.4, 1.275], "pivot": [0, 24, 0], "rotation": [0, 0, -12.5], "uv": [115, 40]},
						{"origin": [7.35, 22.775, -2.3], "size": [2.225, 0.4, 1.2], "pivot": [0, 24, 0], "rotation": [0, 0, 80], "uv": [115, 40]},
						{"origin": [-2.1, 12.75, -2.45], "size": [4.2, 1.65, 1.35], "uv": [116, 40]},
						{"origin": [-3.6, 13.45, -2.25], "size": [7.2, 1, 1.35], "uv": [110, 38]},
						{"origin": [-9.575, 19.425, -3.625], "size": [3.7, 4.275, 4.25], "inflate": -1.4, "pivot": [0, 24, 0], "rotation": [0, 0, -80], "uv": [90, 24]},
						{"origin": [-8.675, 19.725, -3.625], "size": [3.3, 4.575, 4.25], "inflate": -1.4, "pivot": [0, 24, 0], "rotation": [0, 0, -80], "uv": [90, 24]}
					]
				},
				{
					"name": "bipedRightArm",
					"pivot": [-4, 22, 0]
				},
				{
					"name": "armorRightArm",
					"parent": "bipedRightArm",
					"pivot": [-4, 22, 0]
				},
				{
					"name": "rightArmtop",
					"parent": "armorRightArm",
					"pivot": [0, 24, 0],
					"cubes": [
						{"origin": [-8, 18, -2], "size": [4, 6, 4], "uv": [40, 16]},
						{"origin": [-6.8, 22.725, -3.675], "size": [5, 3.45, 7], "inflate": -1.1, "pivot": [0, 24, 0], "rotation": [0, 0, -9.5], "uv": [89, 47]},
						{"origin": [-7.75, 18.5, -2.25], "size": [3.5, 5.25, 2], "uv": [110, 22]},
						{"origin": [-8.25, 18.5, -1.75], "size": [3.5, 5.25, 3.5], "uv": [116, 21], "mirror": true},
						{"origin": [-5.925, 22.6, -3.025], "size": [3.925, 2.675, 6.25], "inflate": -0.9, "uv": [92, 57], "mirror": true},
						{"origin": [-7.25, 22.825, -3.675], "size": [2.65, 3.35, 7], "inflate": -1.1, "pivot": [0, 24, 0], "rotation": [0, 0, -9.5], "uv": [87, 9]},
						{"origin": [-6.925, 22.625, -3.775], "size": [5.2, 2.7, 7], "inflate": -1.1, "pivot": [0, 24, 0], "rotation": [0, 0, -9.5], "uv": [85, 11], "mirror": true}
					]
				},
				{
					"name": "rightArmBottom",
					"parent": "armorRightArm",
					"pivot": [-4, 22, 0],
					"cubes": [
						{"origin": [-8, 12, -2], "size": [4, 6, 4], "uv": [15, 77]},
						{"origin": [-8, 14.75, -2], "size": [3, 2.75, 4], "inflate": 0.2, "uv": [112, 35]}
					]
				},
				{
					"name": "bipedLeftArm",
					"pivot": [4, 22, 0]
				},
				{
					"name": "armorLeftArm",
					"parent": "bipedLeftArm",
					"pivot": [4, 22, 0]
				},
				{
					"name": "leftArmTop",
					"parent": "armorLeftArm",
					"pivot": [4, 22, 0],
					"cubes": [
						{"origin": [4, 18, -2], "size": [4, 6, 4], "uv": [40, 15], "mirror": true},
						{"origin": [4.7, 22.825, -3.675], "size": [2.65, 3.35, 7], "inflate": -1.1, "pivot": [0, 24, 0], "rotation": [0, 0, 9.5], "uv": [88, 11], "mirror": true},
						{"origin": [4.25, 18.5, -2.25], "size": [3.5, 5.25, 2], "uv": [110, 22], "mirror": true},
						{"origin": [4.75, 18.5, -1.75], "size": [3.5, 5.25, 3.5], "uv": [116, 21]},
						{"origin": [2.075, 22.4, -3.025], "size": [3.8, 2.875, 6.25], "inflate": -0.9, "uv": [101, 47], "mirror": true},
						{"origin": [1.9, 22.725, -3.675], "size": [5, 3.45, 7], "inflate": -1.1, "pivot": [0, 24, 0], "rotation": [0, 0, 9.5], "uv": [93, 58], "mirror": true},
						{"origin": [1.8, 22.625, -3.775], "size": [5.2, 2.7, 7], "inflate": -1.1, "pivot": [0, 24, 0], "rotation": [0, 0, 9.5], "uv": [85, 11], "mirror": true}
					]
				},
				{
					"name": "leftArmBottom",
					"parent": "armorLeftArm",
					"pivot": [4, 22, 0],
					"cubes": [
						{"origin": [4, 12, -2], "size": [4, 6, 4], "uv": [15, 66]},
						{"origin": [5, 14.75, -2], "size": [3, 2.75, 4], "inflate": 0.2, "uv": [112, 35], "mirror": true}
					]
				},
				{
					"name": "bipedLeftLeg",
					"pivot": [-2, 12, 0]
				},
				{
					"name": "armorLeftLeg",
					"parent": "bipedLeftLeg",
					"pivot": [-2, 12, 0],
					"cubes": [
						{"origin": [0, 6, -2], "size": [4, 6, 4], "uv": [0, 17], "mirror": true},
						{"origin": [0.25, 6.5, -2.25], "size": [3.5, 5.25, 2], "uv": [111, 24]},
						{"origin": [0.75, 7, -1.75], "size": [3.5, 4.75, 3.5], "uv": [116, 21], "mirror": true}
					]
				},
				{
					"name": "armorLeftBoot",
					"parent": "bipedLeftLeg",
					"pivot": [-2, 12, 0],
					"cubes": [
						{"origin": [0, 0, -2], "size": [4, 6, 4], "uv": [38, 66]},
						{"origin": [0.25, 0, -2.25], "size": [3.25, 5.75, 2], "uv": [110, 36], "mirror": true},
						{"origin": [0.25, 0, 0.25], "size": [3.25, 5.1, 2], "uv": [110, 36], "mirror": true},
						{"origin": [1, 0, -1.75], "size": [3.15, 5.25, 3.5], "uv": [110, 36], "mirror": true}
					]
				},
				{
					"name": "bipedRightLeg",
					"pivot": [2, 12, 0]
				},
				{
					"name": "armorRightLeg",
					"parent": "bipedRightLeg",
					"pivot": [2, 12, 0],
					"cubes": [
						{"origin": [-4, 6, -2], "size": [4, 6, 4], "uv": [0, 16]},
						{"origin": [-3.75, 6.5, -2.25], "size": [3.5, 5.25, 2], "uv": [111, 24], "mirror": true},
						{"origin": [-4.25, 7, -1.75], "size": [3.5, 4.75, 3.5], "uv": [116, 21]}
					]
				},
				{
					"name": "armorRightBoot",
					"parent": "bipedRightLeg",
					"pivot": [2, 12, 0],
					"cubes": [
						{"origin": [-4, 0, -2], "size": [4, 6, 4], "uv": [38, 77]},
						{"origin": [-3.5, 0, -2.25], "size": [3.25, 5.75, 2], "uv": [110, 36]},
						{"origin": [-3.5, 0, 0.25], "size": [3.25, 5.1, 2], "uv": [110, 36]},
						{"origin": [-4.125, 0, -1.75], "size": [3.15, 5.25, 3.5], "uv": [110, 36]}
					]
				}
			]
		}
	]
}