{
	"format_version": "1.12.0",
	"minecraft:geometry": [
		{
			"description": {
				"identifier": "geometry.unknown",
				"texture_width": 128,
				"texture_height": 128,
				"visible_bounds_width": 3,
				"visible_bounds_height": 3.5,
				"visible_bounds_offset": [0, 1.25, 0]
			},
			"bones": [
				{
					"name": "bipedHead",
					"pivot": [0, 24, 0]
				},
				{
					"name": "armorHead",
					"parent": "bipedHead",
					"pivot": [0, 24, 0],
					"cubes": [
						{"origin": [-4, 24, -4], "size": [8, 8, 8], "uv": [0, 0]},
						{"origin": [0.5, 28, -4.55], "size": [2.75, 0.5, 1], "uv": [101, 13]},
						{"origin": [-0.75, 27.25, -4.55], "size": [1.5, 0.75, 1], "uv": [101, 13]},
						{"origin": [-10.075, 19.6, -11.3], "size": [16.275, 15.65, 16], "inflate": -6.875, "uv": [0, 97]},
						{"origin": [-6.2, 19.6, -11.3], "size": [16.275, 15.65, 16], "inflate": -6.875, "uv": [0, 97]},
						{"origin": [3, 27.5, -4.55], "size": [0.5, 0.75, 1], "uv": [101, 13]},
						{"origin": [3.5, 27.75, -4.3], "size": [0.75, 0.5, 5.75], "uv": [102, 11]},
						{"origin": [-4.25, 27.25, 0.45], "size": [8.5, 0.5, 1.75], "uv": [102, 11]},
						{"origin": [-4.25, 26.75, 1.7], "size": [8.5, 0.5, 0.75], "uv": [102, 12]},
						{"origin": [-4.25, 27.75, -4.3], "size": [0.75, 0.5, 5.75], "uv": [102, 11]},
						{"origin": [-3.5, 27.5, -4.55], "size": [0.5, 0.75, 1], "uv": [101, 13]},
						{"origin": [-3.25, 28, -4.55], "size": [2.75, 0.5, 1], "uv": [101, 13]}
					]
				},
				{
					"name": "bone",
					"parent": "armorHead",
					"pivot": [0, 24, 0],
					"cubes": [
						{"origin": [-1.75, 29.375, -5.075], "size": [5, 2.975, 2.325], "inflate": -0.3, "uv": [18, 8]},
						{"origin": [-3.575, 29.575, -4.325], "size": [1.55, 2.575, 1.725], "uv": [20, 8]},
						{"origin": [0.475, 28.725, -4.275], "size": [0.575, 0.8, 0.125], "uv": [21, 10]},
						{"origin": [0, 26, -5.2], "size": [3.075, 3.05, 2.625], "inflate": -1.05, "uv": [118, 5]},
						{"origin": [-3.075, 26.05, -5.2], "size": [3.075, 3.05, 2.625], "inflate": -1.05, "uv": [118, 5]},
						{"origin": [3.575, 28.35, -4.275], "size": [0.575, 2.875, 0.55], "uv": [21, 10]},
						{"origin": [-4.175, 28.35, -4.275], "size": [0.575, 2.875, 0.55], "uv": [21, 10]},
						{"origin": [0.25, 28.425, -4.25], "size": [0.45, 0.6, 0.1], "uv": [22, 9]},
						{"origin": [-0.25, 24.175, -4.05], "size": [0.45, 0.6, 0.1], "uv": [20, 7]},
						{"origin": [-2.025, 29.375, -4.325], "size": [5.275, 2.975, 2.325], "uv": [18, 8]},
						{"origin": [-2.025, 29.375, -4.325], "size": [5.275, 2.975, 2.325], "uv": [18, 8]},
						{"origin": [-3.45, 28, -4.125], "size": [2.45, 0.5, 0.875], "pivot": [0, 24, 0], "rotation": [0, 0, 2.75], "uv": [10, 2]},
						{"origin": [-3.15, 28, -4.25], "size": [2.25, 0.75, 1], "uv": [8, 2]},
						{"origin": [-3.15, 28, -4.25], "size": [2.25, 0.75, 1], "uv": [8, 2]},
						{"origin": [0.75, 28.05, -4.15], "size": [2.5, 0.5, 1], "pivot": [1, 28, -4.5], "rotation": [0, 0, -2.75], "uv": [8, 2]},
						{"origin": [0.75, 28.05, -4.15], "size": [2.5, 0.5, 1], "pivot": [1, 28, -4.5], "rotation": [0, 0, -2.75], "uv": [8, 2]},
						{"origin": [0.875, 28, -4.25], "size": [2.25, 0.75, 1], "uv": [8, 2]}
					]
				},
				{
					"name": "bipedBody",
					"pivot": [0, 24, 0]
				},
				{
					"name": "armorBody",
					"parent": "bipedBody",
					"pivot": [0, 24, 0]
				},
				{
					"name": "bodyTop",
					"parent": "armorBody",
					"pivot": [0, 24, 0],
					"cubes": [
						{"origin": [-4, 18, -2], "size": [8, 6, 4], "uv": [16, 16]},
						{"origin": [-3.4, 22.7, 1.275], "size": [6.825, 1.575, 1], "inflate": -0.125, "uv": [73, 37]}
					]
				},
				{
					"name": "armorBody2",
					"parent": "bodyTop",
					"pivot": [0, 24, 0],
					"cubes": [
						{"origin": [-0.8, 22.125, -2.175], "size": [1.525, 1.175, 1], "pivot": [0, 24, 0], "rotation": [0, 0, 45], "uv": [88, 11]},
						{"origin": [-0.725, 22.125, -2.175], "size": [1.525, 1.175, 1], "pivot": [0, 24, 0], "rotation": [0, 0, -45], "uv": [92, 11]},
						{
							"origin": [-2.55, 22.25, -2.15],
							"size": [0.65, 1.85, 1.15],
							"uv": {
								"north": {"uv": [23.75, 27.25], "uv_size": [1, 2]},
								"east": {"uv": [23.75, 27.25], "uv_size": [1, 2]},
								"south": {"uv": [23.75, 27.25], "uv_size": [1, 2]},
								"west": {"uv": [23.75, 27.25], "uv_size": [1, 2]},
								"up": {"uv": [93.75, 15.25], "uv_size": [-1, -2]},
								"down": {"uv": [24.75, 29.25], "uv_size": [-1, -2]}
							}
						},
						{
							"origin": [1.95, 22.25, -2.15],
							"size": [0.65, 1.85, 1.15],
							"uv": {
								"north": {"uv": [23.75, 27.25], "uv_size": [1, 2]},
								"east": {"uv": [23.75, 27.25], "uv_size": [1, 2]},
								"south": {"uv": [23.75, 27.25], "uv_size": [1, 2]},
								"west": {"uv": [23.75, 27.25], "uv_size": [1, 2]},
								"up": {"uv": [93.75, 15.25], "uv_size": [-1, -2]},
								"down": {"uv": [24.75, 29.25], "uv_size": [-1, -2]}
							}
						},
						{"origin": [1.95, 19.1, -2.275], "size": [0.9, 3, 1.275], "uv": [120.5, 24.75]},
						{"origin": [-2.8, 19.35, -2.275], "size": [0.9, 3, 1.275], "uv": [120.5, 24.75]},
						{"origin": [-2.55, 17.1, -2.275], "size": [0.65, 2.25, 1.275], "uv": [120.5, 24.75]},
						{"origin": [1.95, 17.1, -2.275], "size": [0.65, 2, 1.275], "uv": [120.5, 24.75]},
						{"origin": [-2.05, 13.975, -2.1], "size": [4.075, 0.375, 1.1], "uv": [119, 19.75]},
						{"origin": [2.15, 21.25, -2.25], "size": [1.25, 2.25, 3.5], "pivot": [4, 22, 0], "rotation": [0, 0, 27], "uv": [118, 22], "mirror": true},
						{"origin": [2.75, 18.875, -2.45], "size": [0.75, 3.375, 3.35], "pivot": [4, 22, 0], "rotation": [0, 0, 4.5], "uv": [118, 28], "mirror": true},
						{"origin": [-3.5, 19.525, -2.475], "size": [0.75, 3.375, 2.05], "pivot": [4, 22, 0], "rotation": [0, 0, -4.5], "uv": [118, 28], "mirror": true},
						{"origin": [-2.5, 24.925, -2.25], "size": [1.25, 2.25, 3.5], "pivot": [4, 22, 0], "rotation": [0, 0, -27], "uv": [118, 22], "mirror": true}
					]
				},
				{
					"name": "bodyBottom",
					"parent": "armorBody",
					"pivot": [0, 24, 0],
					"cubes": [
						{"origin": [-4, 12, -2], "size": [8, 6, 4], "uv": [16, 22]},
						{"origin": [4.95, 17.625, -2.175], "size": [1.4, 1.425, 1], "pivot": [0, 24, 0], "rotation": [0, 0, 45], "uv": [91, 15]},
						{"origin": [-3.825, 12.4, -2.3], "size": [1.05, 3.075, 2], "pivot": [4, 22, 0], "rotation": [0, 0, 4.5], "uv": [118, 28], "mirror": true},
						{"origin": [2.55, 13.025, -2.25], "size": [1.05, 3.075, 2], "pivot": [4, 22, 0], "rotation": [0, 0, -4.5], "uv": [118, 28], "mirror": true},
						{"origin": [-0.8, 12.85, -2.275], "size": [1.65, 1.25, 1.275], "uv": [99.5, 4.75]},
						{"origin": [1.95, 16.1, -2.275], "size": [0.4, 1, 1.275], "uv": [120.5, 24.75]},
						{"origin": [-2.3, 16.1, -2.275], "size": [0.4, 1, 1.275], "uv": [120.5, 24.75]},
						{"origin": [-3.225, 16.175, -2.225], "size": [0.75, 3.375, 2], "pivot": [4, 22, 0], "rotation": [0, 0, -4.5], "uv": [118, 28], "mirror": true},
						{"origin": [2.5, 15.525, -2.25], "size": [0.75, 3.375, 2], "pivot": [4, 22, 0], "rotation": [0, 0, 4.5], "uv": [118, 28], "mirror": true},
						{
							"origin": [-1.05, 14.1, 0.975],
							"size": [2.15, 0.75, 1.2],
							"uv": {
								"north": {"uv": [101, 27], "uv_size": [2, 1]},
								"east": {"uv": [101, 27], "uv_size": [2, 1]},
								"south": {"uv": [101, 25], "uv_size": [2, 1]},
								"west": {"uv": [101, 27], "uv_size": [2, 1]},
								"up": {"uv": [103, 28], "uv_size": [-2, -1]},
								"down": {"uv": [103, 28], "uv_size": [-2, -1]}
							}
						},
						{
							"origin": [1.95, 14.1, 0.975],
							"size": [1.4, 0.75, 1.2],
							"uv": {
								"north": {"uv": [100, 27], "uv_size": [1, 1]},
								"east": {"uv": [100, 27], "uv_size": [1, 1]},
								"south": {"uv": [100, 25], "uv_size": [1, 1]},
								"west": {"uv": [100, 27], "uv_size": [1, 1]},
								"up": {"uv": [101, 28], "uv_size": [-1, -1]},
								"down": {"uv": [101, 28], "uv_size": [-1, -1]}
							}
						},
						{
							"origin": [-3.3, 14.1, 0.975],
							"size": [1.4, 0.75, 1.2],
							"uv": {
								"north": {"uv": [100, 27], "uv_size": [1, 1]},
								"east": {"uv": [100, 27], "uv_size": [1, 1]},
								"south": {"uv": [100, 25], "uv_size": [1, 1]},
								"west": {"uv": [100, 27], "uv_size": [1, 1]},
								"up": {"uv": [101, 28], "uv_size": [-1, -1]},
								"down": {"uv": [101, 28], "uv_size": [-1, -1]}
							}
						},
						{
							"origin": [-3.575, 12.4, 0.45],
							"size": [4.2, 1.325, 1.75],
							"pivot": [4, 22, 0],
							"rotation": [0, 0, 4.5],
							"uv": {
								"north": {"uv": [106, 27], "uv_size": [-4, 2]},
								"east": {"uv": [106, 27], "uv_size": [-4, 2]},
								"south": {"uv": [106, 25], "uv_size": [-4, 2]},
								"west": {"uv": [106, 27], "uv_size": [-4, 2]},
								"up": {"uv": [102, 29], "uv_size": [4, -2]},
								"down": {"uv": [102, 29], "uv_size": [4, -2]}
							}
						},
						{
							"origin": [-0.7, 13.025, 0.5],
							"size": [4.2, 1.325, 1.75],
							"pivot": [4, 22, 0],
							"rotation": [0, 0, -4.5],
							"uv": {
								"north": {"uv": [106, 27], "uv_size": [-4, 2]},
								"east": {"uv": [106, 27], "uv_size": [-4, 2]},
								"south": {"uv": [106, 25], "uv_size": [-4, 2]},
								"west": {"uv": [106, 27], "uv_size": [-4, 2]},
								"up": {"uv": [102, 29], "uv_size": [4, -2]},
								"down": {"uv": [102, 29], "uv_size": [4, -2]}
							}
						},
						{"origin": [2.975, 14.075, -2.1], "size": [1.05, 3.75, 4.25], "uv": [106, 18], "mirror": true},
						{"origin": [-4.05, 14.075, -2.1], "size": [1.05, 3.75, 4.25], "uv": [106, 18], "mirror": true}
					]
				},
				{
					"name": "bipedRightArm",
					"pivot": [-4, 22, 0]
				},
				{
					"name": "armorRightArm",
					"parent": "bipedRightArm",
					"pivot": [-4, 22, 0]
				},
				{
					"name": "rightArmtop",
					"parent": "armorRightArm",
					"pivot": [0, 24, 0],
					"cubes": [
						{"origin": [-8, 18, -2], "size": [4, 6, 4], "uv": [40, 16]},
						{
							"origin": [-7.75, 18.05, -2.25],
							"size": [3.5, 5.7, 4.4],
							"uv": {
								"north": {"uv": [107, 22], "uv_size": [8, 4]},
								"east": {"uv": [107, 22], "uv_size": [8, 4]},
								"south": {"uv": [107, 22], "uv_size": [8, 4]},
								"west": {"uv": [107, 22], "uv_size": [8, 4]},
								"up": {"uv": [115, 26], "uv_size": [-8, -4]},
								"down": {"uv": [115, 26], "uv_size": [-8, -4]}
							}
						},
						{
							"origin": [-8.15, 16.05, -1.85],
							"size": [3.5, 7.7, 3.6],
							"uv": {
								"north": {"uv": [107, 21], "uv_size": [8, 6]},
								"east": {"uv": [107, 21], "uv_size": [8, 6]},
								"south": {"uv": [107, 21], "uv_size": [8, 6]},
								"west": {"uv": [107, 21], "uv_size": [8, 6]},
								"up": {"uv": [115, 27], "uv_size": [-8, -6]},
								"down": {"uv": [115, 27], "uv_size": [-8, -6]}
							}
						},
						{
							"origin": [-7.75, 21.75, -1.8],
							"size": [3.6, 2.5, 3.6],
							"uv": {
								"north": {"uv": [110, 25], "uv_size": [-8, -7]},
								"east": {"uv": [110, 25], "uv_size": [-8, -7]},
								"south": {"uv": [110, 25], "uv_size": [-8, -7]},
								"west": {"uv": [110, 25], "uv_size": [-8, -7]},
								"up": {"uv": [102, 18], "uv_size": [8, 7]},
								"down": {"uv": [102, 18], "uv_size": [8, 7]}
							}
						}
					]
				},
				{
					"name": "rightArmBottom",
					"parent": "armorRightArm",
					"pivot": [-4, 22, 0],
					"cubes": [
						{"origin": [-8, 12, -2], "size": [4, 6, 4], "uv": [38, 77]},
						{
							"origin": [-7.75, 16.25, -2.25],
							"size": [3.5, 2.05, 4.4],
							"inflate": -0.025,
							"uv": {
								"north": {"uv": [100, 20], "uv_size": [7, 4]},
								"east": {"uv": [100, 20], "uv_size": [7, 4]},
								"south": {"uv": [100, 20], "uv_size": [7, 4]},
								"west": {"uv": [100, 20], "uv_size": [7, 4]},
								"up": {"uv": [107, 24], "uv_size": [-7, -4]},
								"down": {"uv": [107, 24], "uv_size": [-7, -4]}
							}
						},
						{
							"origin": [-8.1, 15.35, -2.25],
							"size": [4.2, 0.95, 4.5],
							"uv": {
								"north": {"uv": [81, 43], "uv_size": [4, -2]},
								"east": {"uv": [81, 43], "uv_size": [4, -2]},
								"south": {"uv": [81, 43], "uv_size": [4, -2]},
								"west": {"uv": [81, 43], "uv_size": [4, -2]},
								"up": {"uv": [85, 41], "uv_size": [-4, 2]},
								"down": {"uv": [85, 41], "uv_size": [-4, 2]}
							}
						}
					]
				},
				{
					"name": "bipedLeftArm",
					"pivot": [4, 22, 0]
				},
				{
					"name": "armorLeftArm",
					"parent": "bipedLeftArm",
					"pivot": [4, 22, 0]
				},
				{
					"name": "leftArmTop",
					"parent": "armorLeftArm",
					"pivot": [4, 22, 0],
					"cubes": [
						{"origin": [4, 18, -2], "size": [4, 6, 4], "uv": [32, 48]},
						{
							"origin": [4.15, 21.75, -1.8],
							"size": [3.6, 2.5, 3.6],
							"uv": {
								"north": {"uv": [102, 25], "uv_size": [8, -7]},
								"east": {"uv": [102, 25], "uv_size": [8, -7]},
								"south": {"uv": [102, 25], "uv_size": [8, -7]},
								"west": {"uv": [102, 25], "uv_size": [8, -7]},
								"up": {"uv": [110, 18], "uv_size": [-8, 7]},
								"down": {"uv": [110, 18], "uv_size": [-8, 7]}
							}
						},
						{
							"origin": [4.25, 18.05, -2.25],
							"size": [3.5, 5.7, 4.5],
							"uv": {
								"north": {"uv": [115, 22], "uv_size": [-8, 4]},
								"east": {"uv": [115, 22], "uv_size": [-8, 4]},
								"south": {"uv": [115, 22], "uv_size": [-8, 4]},
								"west": {"uv": [115, 22], "uv_size": [-8, 4]},
								"up": {"uv": [107, 26], "uv_size": [8, -4]},
								"down": {"uv": [107, 26], "uv_size": [8, -4]}
							}
						},
						{
							"origin": [4.65, 16.05, -1.85],
							"size": [3.5, 7.7, 3.6],
							"uv": {
								"north": {"uv": [115, 21], "uv_size": [-8, 6]},
								"east": {"uv": [115, 21], "uv_size": [-8, 6]},
								"south": {"uv": [115, 21], "uv_size": [-8, 6]},
								"west": {"uv": [115, 21], "uv_size": [-8, 6]},
								"up": {"uv": [107, 27], "uv_size": [8, -6]},
								"down": {"uv": [107, 27], "uv_size": [8, -6]}
							}
						}
					]
				},
				{
					"name": "leftArmBottom",
					"parent": "armorLeftArm",
					"pivot": [4, 22, 0],
					"cubes": [
						{"origin": [4, 12, -2], "size": [4, 6, 4], "uv": [38, 66]},
						{
							"origin": [4.25, 16.25, -2.25],
							"size": [3.5, 2.05, 4.5],
							"inflate": -0.025,
							"uv": {
								"north": {"uv": [107, 20], "uv_size": [-7, 4]},
								"east": {"uv": [107, 20], "uv_size": [-7, 4]},
								"south": {"uv": [107, 20], "uv_size": [-7, 4]},
								"west": {"uv": [107, 20], "uv_size": [-7, 4]},
								"up": {"uv": [100, 24], "uv_size": [7, -4]},
								"down": {"uv": [100, 24], "uv_size": [7, -4]}
							}
						},
						{
							"origin": [3.9, 15.35, -2.25],
							"size": [4.2, 0.95, 4.5],
							"uv": {
								"north": {"uv": [81, 44], "uv_size": [4, -2]},
								"east": {"uv": [81, 44], "uv_size": [4, -2]},
								"south": {"uv": [81, 44], "uv_size": [4, -2]},
								"west": {"uv": [81, 44], "uv_size": [4, -2]},
								"up": {"uv": [85, 42], "uv_size": [-4, 2]},
								"down": {"uv": [85, 42], "uv_size": [-4, 2]}
							}
						}
					]
				},
				{
					"name": "bipedLeftLeg",
					"pivot": [-2, 12, 0]
				},
				{
					"name": "armorLeftLeg",
					"parent": "bipedLeftLeg",
					"pivot": [-2, 12, 0],
					"cubes": [
						{"origin": [0, 6, -2], "size": [4, 6, 4], "uv": [16, 48]}
					]
				},
				{
					"name": "armorLeftBoot",
					"parent": "bipedLeftLeg",
					"pivot": [-2, 12, 0],
					"cubes": [
						{"origin": [0, 0, -2], "size": [4, 6, 4], "uv": [15, 66]}
					]
				},
				{
					"name": "bipedRightLeg",
					"pivot": [2, 12, 0]
				},
				{
					"name": "armorRightLeg",
					"parent": "bipedRightLeg",
					"pivot": [2, 12, 0],
					"cubes": [
						{"origin": [-4, 6, -2], "size": [4, 6, 4], "uv": [0, 16]}
					]
				},
				{
					"name": "armorRightBoot",
					"parent": "bipedRightLeg",
					"pivot": [2, 12, 0],
					"cubes": [
						{"origin": [-4, 0, -2], "size": [4, 6, 4], "uv": [15, 77]}
					]
				}
			]
		}
	]
}