{
  "format_version": "1.12.0",
  "minecraft:geometry": [
    {
      "description": {
        "identifier": "geometry.unknown",
        "texture_width": 128,
        "texture_height": 128,
        "visible_bounds_width": 3,
        "visible_bounds_height": 3.5,
        "visible_bounds_offset": [
          0,
          1.25,
          0
        ]
      },
      "bones": [
        {
          "name": "bipedHead",
          "pivot": [
            0,
            24,
            0
          ]
        },
        {
          "name": "armorHead",
          "parent": "bipedHead",
          "pivot": [
            0,
            24,
            0
          ],
          "cubes": [
            {
              "origin": [
                -0.75,
                27.1,
                -4.05
              ],
              "size": [
                1.5,
                1.275,
                1
              ],
              "uv": [
                78,
                2
              ]
            },
            {
              "origin": [
                -3.925,
                27.25,
                -4.05
              ],
              "size": [
                2.15,
                0.675,
                1
              ],
              "pivot": [
                0,
                24,
                0
              ],
              "rotation": [
                0,
                0,
                22.5
              ],
              "uv": [
                78,
                2
              ]
            },
            {
              "origin": [
                -1.45,
                26.85,
                -4.075
              ],
              "size": [
                2.5,
                0.775,
                1
              ],
              "pivot": [
                0,
                24,
                0
              ],
              "rotation": [
                0,
                0,
                22.5
              ],
              "uv": [
                78,
                2
              ]
            },
            {
              "origin": [
                1.825,
                27.275,
                -4.05
              ],
              "size": [
                2.15,
                0.675,
                1
              ],
              "pivot": [
                0,
                24,
                0
              ],
              "rotation": [
                0,
                0,
                -22.5
              ],
              "uv": [
                78,
                2
              ]
            },
            {
              "origin": [
                -1.05,
                26.85,
                -4.075
              ],
              "size": [
                2.5,
                0.775,
                1
              ],
              "pivot": [
                0,
                24,
                0
              ],
              "rotation": [
                0,
                0,
                -22.5
              ],
              "uv": [
                78,
                2
              ]
            },
            {
              "origin": [
                -1.225,
                28.775,
                -4.05
              ],
              "size": [
                1.225,
                0.775,
                1
              ],
              "pivot": [
                0,
                24,
                0
              ],
              "rotation": [
                0,
                0,
                -22.5
              ],
              "uv": [
                78,
                2
              ]
            },
            {
              "origin": [
                2.75,
                25.275,
                -4.05
              ],
              "size": [
                1.25,
                0.775,
                1
              ],
              "pivot": [
                0,
                24,
                0
              ],
              "rotation": [
                0,
                0,
                -22.5
              ],
              "uv": [
                78,
                2
              ]
            },
            {
              "origin": [
                3.725,
                22.075,
                -4.05
              ],
              "size": [
                1,
                0.775,
                1
              ],
              "pivot": [
                0,
                24,
                0
              ],
              "rotation": [
                0,
                0,
                -67.5
              ],
              "uv": [
                78,
                2
              ]
            },
            {
              "origin": [
                2.525,
                27.6,
                -4.05
              ],
              "size": [
                1.125,
                0.75,
                1
              ],
              "pivot": [
                0,
                24,
                0
              ],
              "rotation": [
                0,
                0,
                -75
              ],
              "uv": [
                78,
                2
              ]
            },
            {
              "origin": [
                -3.7,
                27.65,
                -4.05
              ],
              "size": [
                1.125,
                0.75,
                1
              ],
              "pivot": [
                0,
                24,
                0
              ],
              "rotation": [
                0,
                0,
                75
              ],
              "uv": [
                78,
                2
              ]
            },
            {
              "origin": [
                -4.65,
                22.075,
                -4.05
              ],
              "size": [
                0.925,
                0.775,
                1
              ],
              "pivot": [
                0,
                24,
                0
              ],
              "rotation": [
                0,
                0,
                67.5
              ],
              "uv": [
                78,
                2
              ]
            },
            {
              "origin": [
                0.025,
                28.825,
                -4.05
              ],
              "size": [
                1.225,
                0.775,
                1
              ],
              "pivot": [
                0,
                24,
                0
              ],
              "rotation": [
                0,
                0,
                22.5
              ],
              "uv": [
                78,
                2
              ]
            },
            {
              "origin": [
                -4,
                25.275,
                -4.05
              ],
              "size": [
                1.25,
                0.775,
                1
              ],
              "pivot": [
                0,
                24,
                0
              ],
              "rotation": [
                0,
                0,
                22.5
              ],
              "uv": [
                78,
                2
              ]
            },
            {
              "origin": [
                0.65,
                27.9,
                -4.2
              ],
              "size": [
                2.3,
                0.525,
                1
              ],
              "pivot": [
                0,
                24.1,
                0
              ],
              "rotation": [
                0,
                0,
                -1
              ],
              "uv": [
                80,
                32
              ]
            },
            {
              "origin": [
                -3,
                27.9,
                -4.2
              ],
              "size": [
                2.3,
                0.525,
                1
              ],
              "pivot": [
                0,
                24,
                0
              ],
              "rotation": [
                0,
                0,
                1
              ],
              "uv": [
                80,
                32
              ]
            },
            {
              "origin": [
                -3.25,
                26.95,
                -4.025
              ],
              "size": [
                2.55,
                1.475,
                1
              ],
              "uv": [
                79,
                37
              ]
            },
            {
              "origin": [
                0.7,
                26.95,
                -4.025
              ],
              "size": [
                2.55,
                1.475,
                1
              ],
              "uv": [
                79,
                37
              ]
            },
            {
              "origin": [
                -2.7065,
                23.925,
                -4.375
              ],
              "size": [
                1.1,
                1.8,
                0.95
              ],
              "inflate": -0.2,
              "pivot": [
                0,
                24,
                0
              ],
              "rotation": [
                0,
                0,
                38.5
              ],
              "uv": [
                10,
                6
              ]
            },
            {
              "origin": [
                1.5935,
                23.925,
                -4.375
              ],
              "size": [
                1.1,
                1.8,
                0.95
              ],
              "inflate": -0.2,
              "pivot": [
                0,
                24,
                0
              ],
              "rotation": [
                0,
                0,
                -38.5
              ],
              "uv": [
                10,
                6
              ],
              "mirror": true
            },
            {
              "origin": [
                1.1435,
                25.075,
                -4.35
              ],
              "size": [
                1.65,
                0.925,
                1.025
              ],
              "inflate": -0.2,
              "uv": [
                10,
                5
              ],
              "mirror": true
            },
            {
              "origin": [
                -1.0065,
                26.375,
                -4.325
              ],
              "size": [
                2,
                0.675,
                1
              ],
              "inflate": -0.2,
              "uv": [
                10,
                7
              ],
              "mirror": true
            },
            {
              "origin": [
                -1.8815,
                29.125,
                -4.4
              ],
              "size": [
                5.4,
                1.525,
                1.075
              ],
              "inflate": -0.275,
              "pivot": [
                0,
                24,
                0
              ],
              "rotation": [
                0,
                0,
                6.5
              ],
              "uv": [
                19,
                9
              ],
              "mirror": true
            },
            {
              "origin": [
                -1.0815,
                23.7,
                -4.325
              ],
              "size": [
                2.125,
                1.4,
                1
              ],
              "inflate": -0.2,
              "uv": [
                17,
                10
              ]
            },
            {
              "origin": [
                -1.3315,
                24.25,
                -4.3
              ],
              "size": [
                0.875,
                1.05,
                1
              ],
              "inflate": -0.2,
              "uv": [
                17,
                10
              ]
            },
            {
              "origin": [
                0.4185,
                24.25,
                -4.3
              ],
              "size": [
                0.875,
                1.05,
                1
              ],
              "inflate": -0.2,
              "uv": [
                17,
                10
              ]
            },
            {
              "origin": [
                -0.8815,
                23.125,
                -4.35
              ],
              "size": [
                1.75,
                1.675,
                1
              ],
              "inflate": -0.325,
              "pivot": [
                0,
                24,
                0
              ],
              "rotation": [
                0,
                0,
                45
              ],
              "uv": [
                17,
                10
              ]
            },
            {
              "origin": [
                -0.4065,
                23.45,
                -4.275
              ],
              "size": [
                0.8,
                1.9,
                0.9
              ],
              "inflate": -0.2,
              "uv": [
                12,
                7
              ],
              "mirror": true
            },
            {
              "origin": [
                -2.8065,
                25.075,
                -4.35
              ],
              "size": [
                1.65,
                0.925,
                0.925
              ],
              "inflate": -0.2,
              "uv": [
                10,
                5
              ],
              "mirror": true
            },
            {
              "origin": [
                -4,
                24,
                -4
              ],
              "size": [
                8,
                8,
                8
              ],
              "uv": [
                0,
                0
              ]
            },
            {
              "origin": [
                -1.2065,
                25.625,
                -4.4
              ],
              "size": [
                2.4,
                1.325,
                1.075
              ],
              "inflate": -0.2,
              "uv": [
                7,
                8
              ],
              "mirror": true
            },
            {
              "origin": [
                -3.4565,
                29.6,
                -4.325
              ],
              "size": [
                3,
                2.775,
                1.075
              ],
              "inflate": -0.275,
              "uv": [
                19,
                9
              ],
              "mirror": true
            },
            {
              "origin": [
                -3.4065,
                29.675,
                -4.225
              ],
              "size": [
                4.15,
                2.775,
                1.075
              ],
              "inflate": -0.275,
              "uv": [
                19,
                9
              ],
              "mirror": true
            },
            {
              "origin": [
                -5.3815,
                26.775,
                -4.45
              ],
              "size": [
                2,
                1.025,
                1.075
              ],
              "inflate": -0.275,
              "pivot": [
                0,
                24,
                0
              ],
              "rotation": [
                0,
                0,
                51.5
              ],
              "uv": [
                19,
                9
              ],
              "mirror": true
            },
            {
              "origin": [
                -3.9315,
                28.525,
                -4.45
              ],
              "size": [
                3.15,
                1.025,
                1.075
              ],
              "inflate": -0.275,
              "pivot": [
                0,
                24,
                0
              ],
              "rotation": [
                0,
                0,
                29
              ],
              "uv": [
                19,
                9
              ],
              "mirror": true
            },
            {
              "origin": [
                -4.2815,
                27.975,
                -4.35
              ],
              "size": [
                1.225,
                1.825,
                1.075
              ],
              "inflate": -0.275,
              "uv": [
                19,
                9
              ],
              "mirror": true
            },
            {
              "origin": [
                3.0435,
                27.975,
                -4.35
              ],
              "size": [
                1.25,
                2.325,
                1.075
              ],
              "inflate": -0.275,
              "uv": [
                19,
                9
              ],
              "mirror": true
            },
            {
              "origin": [
                3.2935,
                27.025,
                -4.35
              ],
              "size": [
                1,
                1.525,
                1.825
              ],
              "inflate": -0.275,
              "uv": [
                19,
                9
              ],
              "mirror": true
            },
            {
              "origin": [
                -4.3065,
                27.025,
                -4.35
              ],
              "size": [
                1,
                1.525,
                1.825
              ],
              "inflate": -0.275,
              "uv": [
                19,
                9
              ],
              "mirror": true
            }
          ]
        },
        {
          "name": "hoodUp",
          "parent": "armorHead",
          "pivot": [
            0,
            30.5,
            -6.2
          ],
          "rotation": [
            6,
            0,
            0
          ],
          "cubes": [
            {
              "origin": [
                -1.9,
                28.975,
                -8.35
              ],
              "size": [
                0.75,
                1.5,
                6.4
              ],
              "inflate": 0.05,
              "pivot": [
                0,
                30.5,
                -6.2
              ],
              "rotation": [
                0,
                -38.5,
                0
              ],
              "uv": [
                89,
                16
              ]
            },
            {
              "origin": [
                -2.15,
                29.475,
                -8.35
              ],
              "size": [
                0.75,
                1.5,
                6.4
              ],
              "inflate": -0.05,
              "pivot": [
                0,
                30.5,
                -6.2
              ],
              "rotation": [
                11,
                -38.5,
                0
              ],
              "uv": [
                89,
                16
              ]
            },
            {
              "origin": [
                1.175,
                29,
                -8.425
              ],
              "size": [
                0.75,
                1.5,
                6.5
              ],
              "inflate": 0.05,
              "pivot": [
                0,
                30.5,
                -6.2
              ],
              "rotation": [
                0,
                38.5,
                0
              ],
              "uv": [
                89,
                16
              ]
            },
            {
              "origin": [
                1.425,
                29.5,
                -8.425
              ],
              "size": [
                0.75,
                1.5,
                6.5
              ],
              "inflate": -0.05,
              "pivot": [
                0,
                30.5,
                -6.2
              ],
              "rotation": [
                11,
                38.5,
                0
              ],
              "uv": [
                89,
                16
              ]
            },
            {
              "origin": [
                -1.425,
                29.1,
                -7.625
              ],
              "size": [
                5.65,
                1.15,
                5.725
              ],
              "inflate": 0.025,
              "pivot": [
                0,
                30.5,
                -6.2
              ],
              "rotation": [
                0,
                -45,
                0
              ],
              "uv": [
                89,
                16
              ]
            },
            {
              "origin": [
                -1.425,
                30.35,
                -7.625
              ],
              "size": [
                5.65,
                1.4,
                5.725
              ],
              "inflate": -0.05,
              "pivot": [
                0,
                30.5,
                -6.2
              ],
              "rotation": [
                0,
                -45,
                0
              ],
              "uv": [
                91,
                19
              ]
            },
            {
              "origin": [
                -4.175,
                29,
                -4.275
              ],
              "size": [
                8.4,
                2.85,
                8.575
              ],
              "inflate": -0.05,
              "uv": [
                88,
                62
              ]
            },
            {
              "origin": [
                -3.675,
                31,
                -5.025
              ],
              "size": [
                7.4,
                1.35,
                9.125
              ],
              "inflate": -0.35,
              "uv": [
                88,
                62
              ]
            },
            {
              "origin": [
                -3.1,
                35.5,
                -3.95
              ],
              "size": [
                0.5,
                2,
                0.5
              ],
              "inflate": 0.1,
              "pivot": [
                0,
                30.5,
                -6.2
              ],
              "rotation": [
                -66.88265,
                -12.91508,
                -5.4503
              ],
              "uv": [
                107,
                57
              ]
            },
            {
              "origin": [
                -2.9,
                37,
                -4.2
              ],
              "size": [
                0.75,
                2,
                1
              ],
              "inflate": 0.1,
              "pivot": [
                0,
                30.5,
                -6.2
              ],
              "rotation": [
                -66.88265,
                -12.91508,
                -5.4503
              ],
              "uv": [
                106,
                54
              ]
            },
            {
              "origin": [
                -2.45,
                38.25,
                -4.3
              ],
              "size": [
                0.7,
                2,
                0.95
              ],
              "inflate": 0.1,
              "pivot": [
                0,
                30.5,
                -6.2
              ],
              "rotation": [
                -66.88265,
                -12.91508,
                -5.4503
              ],
              "uv": [
                106,
                54
              ]
            },
            {
              "origin": [
                -2.45,
                35.425,
                2.075
              ],
              "size": [
                0.7,
                0.7,
                0.7
              ],
              "inflate": 0.05,
              "pivot": [
                0,
                30.5,
                -6.2
              ],
              "rotation": [
                -21.88265,
                -12.91508,
                -5.4503
              ],
              "uv": [
                106,
                54
              ]
            }
          ]
        },
        {
          "name": "hoodDown",
          "parent": "armorHead",
          "pivot": [
            0,
            24,
            0
          ],
          "cubes": [
            {
              "origin": [
                -1.2065,
                30.925,
                -3.9
              ],
              "size": [
                5.15,
                1.475,
                5.575
              ],
              "inflate": -0.075,
              "uv": [
                3,
                3
              ],
              "mirror": true
            },
            {
              "origin": [
                -1.2065,
                29.375,
                -4.4
              ],
              "size": [
                5.15,
                3.075,
                1.075
              ],
              "inflate": -0.2,
              "uv": [
                19,
                9
              ],
              "mirror": true
            },
            {
              "origin": [
                -0.6065,
                29.725,
                -4.25
              ],
              "size": [
                4.9,
                2.325,
                2.675
              ],
              "inflate": -0.075,
              "uv": [
                19,
                9
              ],
              "mirror": true
            },
            {
              "origin": [
                0.75,
                30.1,
                -4
              ],
              "size": [
                2,
                2,
                2
              ],
              "pivot": [
                0,
                24,
                0
              ],
              "rotation": [
                0,
                0,
                -12
              ],
              "uv": [
                22,
                9
              ]
            },
            {
              "origin": [
                -1.25,
                30.425,
                -4
              ],
              "size": [
                2,
                2,
                2
              ],
              "pivot": [
                0,
                24,
                0
              ],
              "rotation": [
                0,
                0,
                -12
              ],
              "uv": [
                22,
                9
              ]
            },
            {
              "origin": [
                2.75,
                29.725,
                -4
              ],
              "size": [
                2,
                2,
                2
              ],
              "pivot": [
                0,
                24,
                0
              ],
              "rotation": [
                0,
                0,
                -12
              ],
              "uv": [
                22,
                9
              ]
            },
            {
              "origin": [
                3.85,
                30.9,
                -4.05
              ],
              "size": [
                1.9,
                0.5,
                2
              ],
              "pivot": [
                0,
                24,
                0
              ],
              "rotation": [
                0,
                0,
                -12
              ],
              "uv": [
                23,
                12
              ]
            }
          ]
        },
        {
          "name": "bipedBody",
          "pivot": [
            0,
            24,
            0
          ]
        },
        {
          "name": "armorBody",
          "parent": "bipedBody",
          "pivot": [
            0,
            24,
            0
          ],
          "cubes": [
            {
              "origin": [
                -3.3,
                15.575,
                1.75
              ],
              "size": [
                3.525,
                1,
                1.35
              ],
              "pivot": [
                0,
                24,
                0
              ],
              "rotation": [
                0,
                0,
                -22
              ],
              "uv": [
                113,
                41.2
              ],
              "mirror": true
            },
            {
              "origin": [
                -0.025,
                15.65,
                1.75
              ],
              "size": [
                3.525,
                1,
                1.35
              ],
              "pivot": [
                0,
                24,
                0
              ],
              "rotation": [
                0,
                0,
                22
              ],
              "uv": [
                112.975,
                41.225
              ]
            },
            {
              "origin": [
                -3.175,
                16.3,
                1.75
              ],
              "size": [
                1.275,
                3.25,
                1.2
              ],
              "uv": [
                117,
                43.2
              ]
            },
            {
              "origin": [
                2.125,
                16.3,
                1.75
              ],
              "size": [
                1.275,
                3.25,
                1.25
              ],
              "uv": [
                118,
                42.2
              ]
            },
            {
              "origin": [
                -1.475,
                20.2,
                1.75
              ],
              "size": [
                3.125,
                0.9,
                1.525
              ],
              "pivot": [
                0,
                24,
                0
              ],
              "rotation": [
                0,
                0,
                22
              ],
              "uv": [
                86.975,
                17.225
              ]
            },
            {
              "origin": [
                -1.45,
                20.125,
                1.75
              ],
              "size": [
                3.225,
                0.9,
                1.525
              ],
              "pivot": [
                0,
                24,
                0
              ],
              "rotation": [
                0,
                0,
                -22
              ],
              "uv": [
                88,
                19.2
              ],
              "mirror": true
            },
            {
              "origin": [
                -1.8,
                19.025,
                1.75
              ],
              "size": [
                3.15,
                1,
                1.5
              ],
              "pivot": [
                0,
                24,
                0
              ],
              "rotation": [
                0,
                0,
                -22
              ],
              "uv": [
                89,
                16.2
              ],
              "mirror": true
            },
            {
              "origin": [
                -1.15,
                19.1,
                1.75
              ],
              "size": [
                3.45,
                1,
                1.5
              ],
              "pivot": [
                0,
                24,
                0
              ],
              "rotation": [
                0,
                0,
                22
              ],
              "uv": [
                88.975,
                16.225
              ]
            },
            {
              "origin": [
                -2.3,
                18.025,
                1.75
              ],
              "size": [
                3.25,
                1,
                1.6
              ],
              "pivot": [
                0,
                24,
                0
              ],
              "rotation": [
                0,
                0,
                -22
              ],
              "uv": [
                87,
                16.2
              ],
              "mirror": true
            },
            {
              "origin": [
                -0.675,
                18.1,
                1.75
              ],
              "size": [
                3.45,
                1,
                1.6
              ],
              "pivot": [
                0,
                24,
                0
              ],
              "rotation": [
                0,
                0,
                22
              ],
              "uv": [
                87.975,
                16.225
              ]
            },
            {
              "origin": [
                -0.15,
                17.1,
                1.75
              ],
              "size": [
                3.2,
                1,
                1.5
              ],
              "pivot": [
                0,
                24,
                0
              ],
              "rotation": [
                0,
                0,
                22
              ],
              "uv": [
                88.975,
                16.225
              ]
            },
            {
              "origin": [
                -2.775,
                17.025,
                1.75
              ],
              "size": [
                3.25,
                1,
                1.5
              ],
              "pivot": [
                0,
                24,
                0
              ],
              "rotation": [
                0,
                0,
                -22
              ],
              "uv": [
                87,
                17.2
              ],
              "mirror": true
            },
            {
              "origin": [
                -3.125,
                16.025,
                1.75
              ],
              "size": [
                3.075,
                1,
                1.625
              ],
              "pivot": [
                0,
                24,
                0
              ],
              "rotation": [
                0,
                0,
                -22
              ],
              "uv": [
                88,
                17.2
              ],
              "mirror": true
            },
            {
              "origin": [
                0.275,
                16.1,
                1.75
              ],
              "size": [
                3.05,
                1,
                1.575
              ],
              "pivot": [
                0,
                24,
                0
              ],
              "rotation": [
                0,
                0,
                22
              ],
              "uv": [
                87.975,
                17.225
              ]
            },
            {
              "origin": [
                -3.6,
                14.825,
                1.5
              ],
              "size": [
                3.525,
                1,
                1.35
              ],
              "pivot": [
                0,
                24,
                0
              ],
              "rotation": [
                0,
                0,
                -22
              ],
              "uv": [
                110,
                42.2
              ]
            },
            {
              "origin": [
                0.25,
                14.9,
                1.5
              ],
              "size": [
                3.525,
                1,
                1.35
              ],
              "pivot": [
                0,
                24,
                0
              ],
              "rotation": [
                0,
                0,
                22
              ],
              "uv": [
                109.975,
                42.225
              ],
              "mirror": true
            },
            {
              "origin": [
                2.075,
                17.6,
                1.7
              ],
              "size": [
                4.5,
                4.5,
                2.225
              ],
              "inflate": -0.4,
              "pivot": [
                0,
                24,
                0
              ],
              "rotation": [
                0,
                0,
                45
              ],
              "uv": [
                87,
                15.2
              ]
            },
            {
              "origin": [
                -3.825,
                14.325,
                1.125
              ],
              "size": [
                3.475,
                0.5,
                1.35
              ],
              "pivot": [
                0,
                24,
                0
              ],
              "rotation": [
                0,
                0,
                -22
              ],
              "uv": [
                111,
                44.2
              ]
            },
            {
              "origin": [
                0.5,
                14.4,
                1.125
              ],
              "size": [
                3.475,
                0.5,
                1.35
              ],
              "pivot": [
                0,
                24,
                0
              ],
              "rotation": [
                0,
                0,
                22
              ],
              "uv": [
                110.975,
                43.225
              ],
              "mirror": true
            },
            {
              "origin": [
                -6.95,
                12.7,
                -0.725
              ],
              "size": [
                6.275,
                9.45,
                6
              ],
              "inflate": -2.7,
              "pivot": [
                0,
                24,
                0
              ],
              "rotation": [
                0,
                0,
                -7.25
              ],
              "uv": [
                102.975,
                33.075
              ],
              "mirror": true
            },
            {
              "origin": [
                1.05,
                12.725,
                -0.725
              ],
              "size": [
                6.075,
                9.55,
                6
              ],
              "inflate": -2.7,
              "pivot": [
                0,
                24,
                0
              ],
              "rotation": [
                0,
                0,
                7.25
              ],
              "uv": [
                102.975,
                33.075
              ]
            },
            {
              "origin": [
                -3,
                13.3,
                -2.175
              ],
              "size": [
                6,
                4.75,
                4
              ],
              "inflate": -0.05,
              "uv": [
                93,
                17.225
              ],
              "mirror": true
            },
            {
              "origin": [
                -1.95,
                20.45,
                -2.1
              ],
              "size": [
                3.5,
                0.6,
                3.9
              ],
              "inflate": -0.05,
              "uv": [
                88,
                16.225
              ],
              "mirror": true
            },
            {
              "origin": [
                -1.45,
                19.15,
                -2.1
              ],
              "size": [
                3,
                0.5,
                3.9
              ],
              "inflate": -0.05,
              "uv": [
                88,
                16.225
              ],
              "mirror": true
            },
            {
              "origin": [
                -0.275,
                13.25,
                -2.2
              ],
              "size": [
                0.525,
                4,
                4
              ],
              "uv": [
                86,
                17.225
              ],
              "mirror": true
            },
            {
              "origin": [
                -4.125,
                13.05,
                -2.275
              ],
              "size": [
                8.225,
                1,
                4.475
              ],
              "inflate": -0.05,
              "uv": [
                99,
                53.225
              ],
              "mirror": true
            },
            {
              "origin": [
                -0.625,
                12.65,
                -2.525
              ],
              "size": [
                0.475,
                1.6,
                0.475
              ],
              "inflate": -0.05,
              "uv": [
                90,
                53.225
              ],
              "mirror": true
            },
            {
              "origin": [
                -0.325,
                13.8,
                -2.525
              ],
              "size": [
                1.025,
                0.45,
                0.475
              ],
              "inflate": -0.05,
              "uv": [
                90,
                53.225
              ],
              "mirror": true
            },
            {
              "origin": [
                -0.325,
                12.65,
                -2.525
              ],
              "size": [
                1.025,
                0.475,
                0.475
              ],
              "inflate": -0.05,
              "uv": [
                90,
                53.225
              ],
              "mirror": true
            },
            {
              "origin": [
                0.225,
                12.8,
                -2.525
              ],
              "size": [
                0.475,
                0.8,
                0.475
              ],
              "inflate": -0.05,
              "uv": [
                90,
                53.225
              ],
              "mirror": true
            },
            {
              "origin": [
                -3.675,
                18.8,
                1.75
              ],
              "size": [
                1.525,
                4.35,
                1.325
              ],
              "uv": [
                116,
                39.2
              ]
            },
            {
              "origin": [
                2.575,
                18.8,
                1.75
              ],
              "size": [
                1.275,
                4.35,
                1.4
              ],
              "uv": [
                116,
                40.2
              ]
            },
            {
              "origin": [
                -2.5,
                21.1,
                1.75
              ],
              "size": [
                3.8,
                1,
                1.45
              ],
              "pivot": [
                0,
                24,
                0
              ],
              "rotation": [
                0,
                0,
                22
              ],
              "uv": [
                111.975,
                44.225
              ]
            },
            {
              "origin": [
                -1.1,
                21.025,
                1.75
              ],
              "size": [
                3.75,
                1,
                1.475
              ],
              "pivot": [
                0,
                24,
                0
              ],
              "rotation": [
                0,
                0,
                -22
              ],
              "uv": [
                112,
                44.2
              ],
              "mirror": true
            },
            {
              "origin": [
                -2.475,
                18.05,
                2.35
              ],
              "size": [
                5.225,
                4.2,
                1.075
              ],
              "uv": [
                88,
                15.2
              ]
            },
            {
              "origin": [
                -1.3,
                19.475,
                2.5
              ],
              "size": [
                0.275,
                4.35,
                0.325
              ],
              "uv": [
                101,
                38.2
              ]
            },
            {
              "origin": [
                -1.55,
                23,
                2.625
              ],
              "size": [
                0.275,
                1.1,
                0.125
              ],
              "pivot": [
                0,
                24,
                0
              ],
              "rotation": [
                0,
                0,
                -7.75
              ],
              "uv": [
                113,
                39.2
              ]
            },
            {
              "origin": [
                -1.05,
                22.675,
                2.625
              ],
              "size": [
                0.275,
                1.1,
                0.125
              ],
              "pivot": [
                0,
                24,
                0
              ],
              "rotation": [
                0,
                0,
                7.75
              ],
              "uv": [
                113,
                39.2
              ]
            },
            {
              "origin": [
                -1.25,
                22.475,
                2.275
              ],
              "size": [
                0.15,
                1.1,
                0.275
              ],
              "pivot": [
                0,
                24,
                0
              ],
              "rotation": [
                7.75,
                0,
                0
              ],
              "uv": [
                113,
                39.2
              ]
            },
            {
              "origin": [
                -2.825,
                23.525,
                2.2
              ],
              "size": [
                0.15,
                1.1,
                0.275
              ],
              "pivot": [
                0,
                24,
                0
              ],
              "rotation": [
                -7.75,
                0,
                0
              ],
              "uv": [
                113,
                39.2
              ]
            },
            {
              "origin": [
                -0.3,
                19.475,
                2.5
              ],
              "size": [
                0.275,
                4.35,
                0.325
              ],
              "uv": [
                101,
                38.2
              ]
            },
            {
              "origin": [
                -0.075,
                22.775,
                2.625
              ],
              "size": [
                0.275,
                1.1,
                0.125
              ],
              "pivot": [
                0,
                24,
                0
              ],
              "rotation": [
                0,
                0,
                7.75
              ],
              "uv": [
                113,
                39.2
              ]
            },
            {
              "origin": [
                -0.525,
                22.825,
                2.625
              ],
              "size": [
                0.275,
                1.1,
                0.125
              ],
              "pivot": [
                0,
                24,
                0
              ],
              "rotation": [
                0,
                0,
                -7.75
              ],
              "uv": [
                113,
                39.2
              ]
            },
            {
              "origin": [
                -0.225,
                23.2,
                2.775
              ],
              "size": [
                0.15,
                1.1,
                0.275
              ],
              "pivot": [
                0,
                24,
                0
              ],
              "rotation": [
                -7.75,
                0,
                0
              ],
              "uv": [
                113,
                39.2
              ]
            },
            {
              "origin": [
                -0.25,
                22.475,
                2.275
              ],
              "size": [
                0.15,
                1.1,
                0.275
              ],
              "pivot": [
                0,
                24,
                0
              ],
              "rotation": [
                7.75,
                0,
                0
              ],
              "uv": [
                113,
                39.2
              ]
            },
            {
              "origin": [
                -2.3,
                19.6,
                2.5
              ],
              "size": [
                0.275,
                4.35,
                0.325
              ],
              "uv": [
                101,
                38.2
              ]
            },
            {
              "origin": [
                -2.525,
                23.275,
                2.625
              ],
              "size": [
                0.275,
                1.1,
                0.125
              ],
              "pivot": [
                0,
                24,
                0
              ],
              "rotation": [
                0,
                0,
                -7.75
              ],
              "uv": [
                113,
                39.2
              ]
            },
            {
              "origin": [
                -2.075,
                22.675,
                2.625
              ],
              "size": [
                0.275,
                1.1,
                0.125
              ],
              "pivot": [
                0,
                24,
                0
              ],
              "rotation": [
                0,
                0,
                7.75
              ],
              "uv": [
                113,
                39.2
              ]
            },
            {
              "origin": [
                -1.25,
                23.2,
                2.775
              ],
              "size": [
                0.15,
                1.1,
                0.275
              ],
              "pivot": [
                0,
                24,
                0
              ],
              "rotation": [
                -7.75,
                0,
                0
              ],
              "uv": [
                113,
                39.2
              ]
            },
            {
              "origin": [
                -2.25,
                22.55,
                2.275
              ],
              "size": [
                0.15,
                1.1,
                0.275
              ],
              "pivot": [
                0,
                24,
                0
              ],
              "rotation": [
                7.75,
                0,
                0
              ],
              "uv": [
                113,
                39.2
              ]
            },
            {
              "origin": [
                0.7,
                19.475,
                2.5
              ],
              "size": [
                0.275,
                4.35,
                0.325
              ],
              "uv": [
                101,
                38.2
              ]
            },
            {
              "origin": [
                0.475,
                22.7,
                2.625
              ],
              "size": [
                0.275,
                1.1,
                0.125
              ],
              "pivot": [
                0,
                24,
                0
              ],
              "rotation": [
                0,
                0,
                -7.75
              ],
              "uv": [
                113,
                39.2
              ]
            },
            {
              "origin": [
                0.925,
                22.925,
                2.625
              ],
              "size": [
                0.275,
                1.1,
                0.125
              ],
              "pivot": [
                0,
                24,
                0
              ],
              "rotation": [
                0,
                0,
                7.75
              ],
              "uv": [
                113,
                39.2
              ]
            },
            {
              "origin": [
                0.75,
                23.2,
                2.775
              ],
              "size": [
                0.15,
                1.1,
                0.275
              ],
              "pivot": [
                0,
                24,
                0
              ],
              "rotation": [
                -7.75,
                0,
                0
              ],
              "uv": [
                113,
                39.2
              ]
            },
            {
              "origin": [
                0.75,
                22.475,
                2.275
              ],
              "size": [
                0.15,
                1.1,
                0.275
              ],
              "pivot": [
                0,
                24,
                0
              ],
              "rotation": [
                7.75,
                0,
                0
              ],
              "uv": [
                113,
                39.2
              ]
            },
            {
              "origin": [
                0.7,
                19.475,
                2.5
              ],
              "size": [
                0.275,
                4.35,
                0.325
              ],
              "uv": [
                101,
                38.2
              ]
            },
            {
              "origin": [
                0.7,
                19.475,
                2.5
              ],
              "size": [
                0.275,
                4.35,
                0.325
              ],
              "uv": [
                101,
                38.2
              ]
            },
            {
              "origin": [
                1.7,
                19.6,
                2.5
              ],
              "size": [
                0.275,
                4.35,
                0.325
              ],
              "uv": [
                101,
                38.2
              ]
            },
            {
              "origin": [
                1.475,
                22.7,
                2.625
              ],
              "size": [
                0.275,
                1.1,
                0.125
              ],
              "pivot": [
                0,
                24,
                0
              ],
              "rotation": [
                0,
                0,
                -7.75
              ],
              "uv": [
                113,
                39.2
              ]
            },
            {
              "origin": [
                1.875,
                23.2,
                2.625
              ],
              "size": [
                0.275,
                1.1,
                0.125
              ],
              "pivot": [
                0,
                24,
                0
              ],
              "rotation": [
                0,
                0,
                7.75
              ],
              "uv": [
                113,
                39.2
              ]
            },
            {
              "origin": [
                1.75,
                23.325,
                2.775
              ],
              "size": [
                0.15,
                1.1,
                0.275
              ],
              "pivot": [
                0,
                24,
                0
              ],
              "rotation": [
                -7.75,
                0,
                0
              ],
              "uv": [
                113,
                39.2
              ]
            },
            {
              "origin": [
                1.75,
                22.575,
                2.275
              ],
              "size": [
                0.15,
                1.1,
                0.275
              ],
              "pivot": [
                0,
                24,
                0
              ],
              "rotation": [
                7.75,
                0,
                0
              ],
              "uv": [
                113,
                39.2
              ]
            },
            {
              "origin": [
                2.7,
                19.875,
                2.5
              ],
              "size": [
                0.275,
                4.35,
                0.325
              ],
              "uv": [
                101,
                38.2
              ]
            },
            {
              "origin": [
                -3.3,
                19.875,
                2.5
              ],
              "size": [
                0.275,
                4.35,
                0.325
              ],
              "uv": [
                101,
                38.2
              ]
            },
            {
              "origin": [
                2.875,
                23.65,
                2.625
              ],
              "size": [
                0.275,
                1.1,
                0.125
              ],
              "pivot": [
                0,
                24,
                0
              ],
              "rotation": [
                0,
                0,
                7.75
              ],
              "uv": [
                113,
                39.2
              ]
            },
            {
              "origin": [
                2.475,
                22.9,
                2.625
              ],
              "size": [
                0.275,
                1.1,
                0.125
              ],
              "pivot": [
                0,
                24,
                0
              ],
              "rotation": [
                0,
                0,
                -7.75
              ],
              "uv": [
                113,
                39.2
              ]
            },
            {
              "origin": [
                2.75,
                23.675,
                2.7
              ],
              "size": [
                0.15,
                1.1,
                0.275
              ],
              "pivot": [
                0,
                24,
                0
              ],
              "rotation": [
                -7.75,
                0,
                0
              ],
              "uv": [
                113,
                39.2
              ]
            },
            {
              "origin": [
                2.775,
                22.95,
                2.325
              ],
              "size": [
                0.15,
                1.1,
                0.275
              ],
              "pivot": [
                0,
                24,
                0
              ],
              "rotation": [
                7.75,
                0,
                0
              ],
              "uv": [
                113,
                39.2
              ]
            },
            {
              "origin": [
                -3.25,
                23.675,
                2.775
              ],
              "size": [
                0.15,
                1.1,
                0.275
              ],
              "pivot": [
                0,
                24,
                0
              ],
              "rotation": [
                -7.75,
                0,
                0
              ],
              "uv": [
                113,
                39.2
              ]
            },
            {
              "origin": [
                -3.225,
                22.95,
                2.325
              ],
              "size": [
                0.15,
                1.1,
                0.275
              ],
              "pivot": [
                0,
                24,
                0
              ],
              "rotation": [
                7.75,
                0,
                0
              ],
              "uv": [
                113,
                39.2
              ]
            },
            {
              "origin": [
                -3.425,
                23.725,
                2.625
              ],
              "size": [
                0.275,
                1.1,
                0.125
              ],
              "pivot": [
                0,
                24,
                0
              ],
              "rotation": [
                0,
                0,
                -7.75
              ],
              "uv": [
                113,
                39.2
              ]
            },
            {
              "origin": [
                -3.125,
                22.875,
                2.625
              ],
              "size": [
                0.275,
                1.1,
                0.125
              ],
              "pivot": [
                0,
                24,
                0
              ],
              "rotation": [
                0,
                0,
                7.75
              ],
              "uv": [
                113,
                39.2
              ]
            },
            {
              "origin": [
                3.2,
                19.875,
                2
              ],
              "size": [
                0.275,
                4.35,
                0.325
              ],
              "uv": [
                101,
                38.2
              ]
            },
            {
              "origin": [
                3.375,
                23.75,
                2.125
              ],
              "size": [
                0.275,
                1.1,
                0.125
              ],
              "pivot": [
                0,
                24,
                0
              ],
              "rotation": [
                0,
                0,
                7.75
              ],
              "uv": [
                113,
                39.2
              ]
            },
            {
              "origin": [
                3,
                22.85,
                2.125
              ],
              "size": [
                0.275,
                1.1,
                0.125
              ],
              "pivot": [
                0,
                24,
                0
              ],
              "rotation": [
                0,
                0,
                -7.75
              ],
              "uv": [
                113,
                39.2
              ]
            },
            {
              "origin": [
                3.275,
                23.55,
                2.2
              ],
              "size": [
                0.15,
                1.1,
                0.275
              ],
              "pivot": [
                0,
                24,
                0
              ],
              "rotation": [
                -7.75,
                0,
                0
              ],
              "uv": [
                113,
                39.2
              ]
            },
            {
              "origin": [
                2.2,
                19.625,
                2
              ],
              "size": [
                0.275,
                4.35,
                0.325
              ],
              "uv": [
                101,
                38.2
              ]
            },
            {
              "origin": [
                2.4,
                23.325,
                2.125
              ],
              "size": [
                0.275,
                1.1,
                0.125
              ],
              "pivot": [
                0,
                24,
                0
              ],
              "rotation": [
                0,
                0,
                7.75
              ],
              "uv": [
                113,
                39.2
              ]
            },
            {
              "origin": [
                1.95,
                22.7,
                2.125
              ],
              "size": [
                0.275,
                1.1,
                0.125
              ],
              "pivot": [
                0,
                24,
                0
              ],
              "rotation": [
                0,
                0,
                -7.75
              ],
              "uv": [
                113,
                39.2
              ]
            },
            {
              "origin": [
                2.25,
                23.275,
                2.2
              ],
              "size": [
                0.15,
                1.1,
                0.275
              ],
              "pivot": [
                0,
                24,
                0
              ],
              "rotation": [
                -7.75,
                0,
                0
              ],
              "uv": [
                113,
                39.2
              ]
            },
            {
              "origin": [
                1.2,
                19.375,
                2
              ],
              "size": [
                0.275,
                4.35,
                0.325
              ],
              "uv": [
                101,
                38.2
              ]
            },
            {
              "origin": [
                -0.75,
                23.075,
                2.275
              ],
              "size": [
                0.15,
                1.1,
                0.275
              ],
              "pivot": [
                0,
                24,
                0
              ],
              "rotation": [
                -7.75,
                0,
                0
              ],
              "uv": [
                113,
                39.2
              ]
            },
            {
              "origin": [
                0.975,
                22.625,
                2.05
              ],
              "size": [
                0.275,
                1.1,
                0.125
              ],
              "pivot": [
                0,
                24,
                0
              ],
              "rotation": [
                0,
                0,
                -7.75
              ],
              "uv": [
                113,
                39.2
              ]
            },
            {
              "origin": [
                1.4,
                22.975,
                2.075
              ],
              "size": [
                0.275,
                1.1,
                0.125
              ],
              "pivot": [
                0,
                24,
                0
              ],
              "rotation": [
                0,
                0,
                7.75
              ],
              "uv": [
                113,
                39.2
              ]
            },
            {
              "origin": [
                0.2,
                19.125,
                2
              ],
              "size": [
                0.275,
                4.35,
                0.325
              ],
              "uv": [
                101,
                38.2
              ]
            },
            {
              "origin": [
                0.25,
                22.825,
                2.275
              ],
              "size": [
                0.15,
                1.1,
                0.275
              ],
              "pivot": [
                0,
                24,
                0
              ],
              "rotation": [
                -7.75,
                0,
                0
              ],
              "uv": [
                113,
                39.2
              ]
            },
            {
              "origin": [
                -0.075,
                22.5,
                2.05
              ],
              "size": [
                0.275,
                1.1,
                0.125
              ],
              "pivot": [
                0,
                24,
                0
              ],
              "rotation": [
                0,
                0,
                -7.75
              ],
              "uv": [
                113,
                39.2
              ]
            },
            {
              "origin": [
                0.45,
                22.575,
                2.075
              ],
              "size": [
                0.275,
                1.1,
                0.125
              ],
              "pivot": [
                0,
                24,
                0
              ],
              "rotation": [
                0,
                0,
                7.75
              ],
              "uv": [
                113,
                39.2
              ]
            },
            {
              "origin": [
                -0.8,
                19.375,
                2
              ],
              "size": [
                0.275,
                4.35,
                0.325
              ],
              "uv": [
                101,
                38.2
              ]
            },
            {
              "origin": [
                -1.6,
                22.7,
                2.075
              ],
              "size": [
                0.275,
                1.1,
                0.125
              ],
              "pivot": [
                0,
                24,
                0
              ],
              "rotation": [
                0,
                0,
                7.75
              ],
              "uv": [
                113,
                39.2
              ]
            },
            {
              "origin": [
                -1,
                22.9,
                2.05
              ],
              "size": [
                0.275,
                1.1,
                0.125
              ],
              "pivot": [
                0,
                24,
                0
              ],
              "rotation": [
                0,
                0,
                -7.75
              ],
              "uv": [
                113,
                39.2
              ]
            },
            {
              "origin": [
                1.25,
                23.075,
                2.275
              ],
              "size": [
                0.15,
                1.1,
                0.275
              ],
              "pivot": [
                0,
                24,
                0
              ],
              "rotation": [
                -7.75,
                0,
                0
              ],
              "uv": [
                113,
                39.2
              ]
            },
            {
              "origin": [
                -1.85,
                19.5,
                2
              ],
              "size": [
                0.275,
                4.35,
                0.325
              ],
              "uv": [
                101,
                38.2
              ]
            },
            {
              "origin": [
                -2.9,
                19.8,
                2
              ],
              "size": [
                0.275,
                4.35,
                0.325
              ],
              "uv": [
                101,
                38.2
              ]
            },
            {
              "origin": [
                -3.075,
                23.625,
                2.125
              ],
              "size": [
                0.275,
                1.1,
                0.125
              ],
              "pivot": [
                0,
                24,
                0
              ],
              "rotation": [
                0,
                0,
                -7.75
              ],
              "uv": [
                113,
                39.2
              ]
            },
            {
              "origin": [
                -2.7,
                22.875,
                2.125
              ],
              "size": [
                0.275,
                1.1,
                0.125
              ],
              "pivot": [
                0,
                24,
                0
              ],
              "rotation": [
                0,
                0,
                7.75
              ],
              "uv": [
                113,
                39.2
              ]
            },
            {
              "origin": [
                -2.25,
                23.3,
                2.775
              ],
              "size": [
                0.15,
                1.1,
                0.275
              ],
              "pivot": [
                0,
                24,
                0
              ],
              "rotation": [
                -7.75,
                0,
                0
              ],
              "uv": [
                113,
                39.2
              ]
            },
            {
              "origin": [
                -2.05,
                23.15,
                2.05
              ],
              "size": [
                0.275,
                1.1,
                0.125
              ],
              "pivot": [
                0,
                24,
                0
              ],
              "rotation": [
                0,
                0,
                -7.75
              ],
              "uv": [
                113,
                39.2
              ]
            },
            {
              "origin": [
                -0.6,
                22.725,
                2.075
              ],
              "size": [
                0.275,
                1.1,
                0.125
              ],
              "pivot": [
                0,
                24,
                0
              ],
              "rotation": [
                0,
                0,
                7.75
              ],
              "uv": [
                113,
                39.2
              ]
            },
            {
              "origin": [
                -1.775,
                23.2,
                2.275
              ],
              "size": [
                0.15,
                1.1,
                0.275
              ],
              "pivot": [
                0,
                24,
                0
              ],
              "rotation": [
                -7.75,
                0,
                0
              ],
              "uv": [
                113,
                39.2
              ]
            },
            {
              "origin": [
                -4,
                12,
                -2
              ],
              "size": [
                8,
                12,
                4
              ],
              "uv": [
                16,
                16
              ]
            },
            {
              "origin": [
                -6.675,
                21.25,
                -2.25
              ],
              "size": [
                8.025,
                1,
                4
              ],
              "pivot": [
                0,
                24,
                0
              ],
              "rotation": [
                0,
                0,
                -75
              ],
              "uv": [
                86,
                17.225
              ],
              "mirror": true
            },
            {
              "origin": [
                -1.375,
                21.25,
                -2.15
              ],
              "size": [
                8.075,
                1,
                3.9
              ],
              "pivot": [
                0,
                24,
                0
              ],
              "rotation": [
                0,
                0,
                75
              ],
              "uv": [
                86,
                16.225
              ]
            },
            {
              "origin": [
                -1.975,
                20,
                -2.15
              ],
              "size": [
                8.625,
                1,
                3.9
              ],
              "inflate": -0.05,
              "pivot": [
                0,
                24,
                0
              ],
              "rotation": [
                0,
                0,
                61
              ],
              "uv": [
                93,
                17.225
              ]
            },
            {
              "origin": [
                -1.975,
                20.75,
                -2.15
              ],
              "size": [
                3.625,
                1,
                3.9
              ],
              "inflate": -0.05,
              "pivot": [
                0,
                24,
                0
              ],
              "rotation": [
                0,
                0,
                61
              ],
              "uv": [
                93,
                17.225
              ]
            },
            {
              "origin": [
                -6.625,
                20,
                -2.15
              ],
              "size": [
                8.625,
                1,
                3.9
              ],
              "inflate": -0.05,
              "pivot": [
                0,
                24,
                0
              ],
              "rotation": [
                0,
                0,
                -61
              ],
              "uv": [
                93,
                17.225
              ],
              "mirror": true
            },
            {
              "origin": [
                -1.625,
                20.75,
                -2.15
              ],
              "size": [
                3.625,
                1,
                3.9
              ],
              "inflate": -0.05,
              "pivot": [
                0,
                24,
                0
              ],
              "rotation": [
                0,
                0,
                -61
              ],
              "uv": [
                93,
                17.225
              ],
              "mirror": true
            },
            {
              "origin": [
                3.05,
                17.8,
                -2.1
              ],
              "size": [
                2,
                7.75,
                3.9
              ],
              "inflate": -0.05,
              "pivot": [
                0,
                24,
                0
              ],
              "rotation": [
                0,
                0,
                22.5
              ],
              "uv": [
                91,
                18.225
              ],
              "mirror": true
            },
            {
              "origin": [
                -5.05,
                17.8,
                -2.1
              ],
              "size": [
                2,
                8,
                3.9
              ],
              "inflate": -0.05,
              "pivot": [
                0,
                24,
                0
              ],
              "rotation": [
                0,
                0,
                -22.5
              ],
              "uv": [
                92,
                19.225
              ],
              "mirror": true
            },
            {
              "origin": [
                -1.95,
                21.85,
                -2.1
              ],
              "size": [
                4.25,
                0.6,
                3.9
              ],
              "inflate": -0.05,
              "uv": [
                88,
                16.225
              ],
              "mirror": true
            },
            {
              "origin": [
                -2.325,
                22.85,
                -2.4
              ],
              "size": [
                4.6,
                1.35,
                3.95
              ],
              "inflate": -0.05,
              "uv": [
                93,
                53.225
              ],
              "mirror": true
            },
            {
              "origin": [
                -6.875,
                20,
                -2.45
              ],
              "size": [
                9.525,
                1.1,
                4.7
              ],
              "inflate": -0.05,
              "pivot": [
                0,
                24,
                0
              ],
              "rotation": [
                0,
                0,
                -54
              ],
              "uv": [
                91,
                53.225
              ],
              "mirror": true
            },
            {
              "origin": [
                -0.075,
                13.25,
                -2.525
              ],
              "size": [
                0.775,
                0.4,
                0.475
              ],
              "inflate": -0.05,
              "uv": [
                90,
                53.225
              ],
              "mirror": true
            },
            {
              "origin": [
                -6.5,
                16.625,
                -2.45
              ],
              "size": [
                3.6,
                1.1,
                4.7
              ],
              "inflate": -0.075,
              "pivot": [
                0,
                24,
                0
              ],
              "rotation": [
                0,
                0,
                -16
              ],
              "uv": [
                91,
                53.225
              ]
            }
          ]
        },
        {
          "name": "bipedRightArm",
          "pivot": [
            -4,
            22,
            0
          ]
        },
        {
          "name": "armorRightArm",
          "parent": "bipedRightArm",
          "pivot": [
            -4,
            22,
            0
          ],
          "cubes": [
            {
              "origin": [
                -7.975,
                20.425,
                -2.25
              ],
              "size": [
                4.05,
                0.8,
                4.575
              ],
              "pivot": [
                4,
                22,
                0
              ],
              "rotation": [
                0,
                0,
                8.25
              ],
              "uv": [
                71,
                0
              ],
              "mirror": true
            },
            {
              "origin": [
                -8.325,
                19.775,
                -2.175
              ],
              "size": [
                1.525,
                0.8,
                4.4
              ],
              "uv": [
                88,
                16
              ],
              "mirror": true
            },
            {
              "origin": [
                -8.15,
                22.2,
                -2.15
              ],
              "size": [
                3.9,
                1.55,
                4.3
              ],
              "uv": [
                96,
                17
              ],
              "mirror": true
            },
            {
              "origin": [
                -7.75,
                21.75,
                -1.75
              ],
              "size": [
                3.5,
                2.5,
                3.5
              ],
              "uv": [
                109,
                15
              ]
            },
            {
              "origin": [
                -8.25,
                22,
                -1.75
              ],
              "size": [
                1,
                2.15,
                3.5
              ],
              "uv": [
                116,
                17
              ]
            },
            {
              "origin": [
                -8.15,
                19.7,
                -1.425
              ],
              "size": [
                1.175,
                0.55,
                2.9
              ],
              "uv": [
                74,
                0
              ]
            },
            {
              "origin": [
                -8.35,
                18.75,
                -2.175
              ],
              "size": [
                2.525,
                0.8,
                4.4
              ],
              "uv": [
                88,
                17
              ]
            },
            {
              "origin": [
                -8.3,
                19.25,
                -2.175
              ],
              "size": [
                1.275,
                0.8,
                4.4
              ],
              "inflate": -0.1,
              "uv": [
                87,
                16
              ]
            },
            {
              "origin": [
                -7.5,
                13,
                -2.1
              ],
              "size": [
                1.55,
                5.5,
                4.275
              ],
              "uv": [
                92,
                24
              ],
              "mirror": true
            },
            {
              "origin": [
                -6,
                14.25,
                -2.1
              ],
              "size": [
                1.5,
                5.25,
                4.275
              ],
              "uv": [
                91,
                23
              ]
            },
            {
              "origin": [
                -8,
                12,
                -2
              ],
              "size": [
                4,
                12,
                4
              ],
              "uv": [
                40,
                16
              ]
            }
          ]
        },
        {
          "name": "bipedLeftArm",
          "pivot": [
            4,
            22,
            0
          ]
        },
        {
          "name": "armorLeftArm",
          "parent": "bipedLeftArm",
          "pivot": [
            4,
            22,
            0
          ],
          "cubes": [
            {
              "origin": [
                4,
                21.6,
                -2.25
              ],
              "size": [
                4.05,
                0.8,
                4.575
              ],
              "pivot": [
                4,
                22,
                0
              ],
              "rotation": [
                0,
                0,
                -8.25
              ],
              "uv": [
                71,
                0
              ]
            },
            {
              "origin": [
                6.825,
                19.75,
                -2.175
              ],
              "size": [
                1.525,
                0.8,
                4.4
              ],
              "uv": [
                87,
                15
              ]
            },
            {
              "origin": [
                5.825,
                18.75,
                -2.175
              ],
              "size": [
                2.525,
                0.8,
                4.4
              ],
              "uv": [
                86,
                15
              ]
            },
            {
              "origin": [
                7.05,
                19.25,
                -2.175
              ],
              "size": [
                1.275,
                0.8,
                4.4
              ],
              "inflate": -0.1,
              "uv": [
                88,
                16
              ]
            },
            {
              "origin": [
                7,
                19.7,
                -1.425
              ],
              "size": [
                1.175,
                0.55,
                2.9
              ],
              "uv": [
                74,
                0
              ]
            },
            {
              "origin": [
                7.25,
                22,
                -1.75
              ],
              "size": [
                1,
                2.15,
                3.5
              ],
              "uv": [
                115,
                16
              ],
              "mirror": true
            },
            {
              "origin": [
                4.25,
                22.2,
                -2.15
              ],
              "size": [
                3.9,
                1.55,
                4.3
              ],
              "uv": [
                96,
                17
              ]
            },
            {
              "origin": [
                5.95,
                13,
                -2.1
              ],
              "size": [
                1.55,
                5.5,
                4.275
              ],
              "uv": [
                92,
                23
              ]
            },
            {
              "origin": [
                4.5,
                14.3,
                -2.1
              ],
              "size": [
                1.5,
                5.2,
                4.275
              ],
              "uv": [
                91,
                23
              ]
            },
            {
              "origin": [
                4,
                12,
                -2
              ],
              "size": [
                4,
                12,
                4
              ],
              "uv": [
                32,
                48
              ]
            },
            {
              "origin": [
                4.25,
                21.75,
                -1.75
              ],
              "size": [
                3.5,
                2.5,
                3.5
              ],
              "uv": [
                109,
                15
              ]
            }
          ]
        },
        {
          "name": "bipedLeftLeg",
          "pivot": [
            -2,
            12,
            0
          ]
        },
        {
          "name": "armorLeftLeg",
          "parent": "bipedLeftLeg",
          "pivot": [
            -2,
            12,
            0
          ],
          "cubes": [
            {
              "origin": [
                0.25,
                6.75,
                -2.25
              ],
              "size": [
                3.5,
                4,
                1
              ],
              "uv": [
                96,
                55
              ],
              "mirror": true
            },
            {
              "origin": [
                0.5,
                6.5,
                1.15
              ],
              "size": [
                3.25,
                4.5,
                1
              ],
              "uv": [
                103,
                54
              ],
              "mirror": true
            },
            {
              "origin": [
                0.2,
                0.15,
                -2.25
              ],
              "size": [
                3.525,
                0.4,
                0.75
              ],
              "inflate": 0.05,
              "uv": [
                89,
                17
              ]
            },
            {
              "origin": [
                0.5,
                0.5,
                -2.25
              ],
              "size": [
                3,
                5.75,
                1
              ],
              "uv": [
                91,
                25
              ],
              "mirror": true
            },
            {
              "origin": [
                0.5,
                0.5,
                1.25
              ],
              "size": [
                3,
                4.25,
                1
              ],
              "uv": [
                91,
                18
              ],
              "mirror": true
            },
            {
              "origin": [
                1.25,
                0.5,
                -1.75
              ],
              "size": [
                3,
                5.15,
                3.25
              ],
              "uv": [
                91,
                18
              ],
              "mirror": true
            },
            {
              "origin": [
                1.25,
                6.5,
                -1.75
              ],
              "size": [
                3,
                5.25,
                3.5
              ],
              "uv": [
                96,
                53
              ],
              "mirror": true
            },
            {
              "origin": [
                0,
                0,
                -2
              ],
              "size": [
                4,
                12,
                4
              ],
              "uv": [
                16,
                48
              ]
            }
          ]
        },
        {
          "name": "bipedRightLeg",
          "pivot": [
            2,
            12,
            0
          ]
        },
        {
          "name": "armorRightLeg",
          "parent": "bipedRightLeg",
          "pivot": [
            2,
            12,
            0
          ],
          "cubes": [
            {
              "origin": [
                -3.75,
                6.75,
                -2.25
              ],
              "size": [
                3.5,
                4,
                1
              ],
              "uv": [
                96,
                55
              ]
            },
            {
              "origin": [
                -3.75,
                6.5,
                1.15
              ],
              "size": [
                3.25,
                4.5,
                1
              ],
              "uv": [
                99,
                54
              ],
              "mirror": true
            },
            {
              "origin": [
                -4.25,
                6.5,
                -1.75
              ],
              "size": [
                3,
                5.25,
                3.5
              ],
              "uv": [
                110,
                52
              ],
              "mirror": true
            },
            {
              "origin": [
                -3.5,
                0.5,
                -2.25
              ],
              "size": [
                3,
                5.75,
                1
              ],
              "uv": [
                91,
                24
              ]
            },
            {
              "origin": [
                -2.875,
                5.4,
                -2.25
              ],
              "size": [
                1.675,
                1.05,
                0.75
              ],
              "inflate": 0.05,
              "uv": [
                97,
                19
              ]
            },
            {
              "origin": [
                -3.75,
                0.15,
                -2.25
              ],
              "size": [
                3.525,
                0.4,
                0.75
              ],
              "inflate": 0.05,
              "uv": [
                89,
                16
              ]
            },
            {
              "origin": [
                -3.5,
                0.5,
                1.25
              ],
              "size": [
                3,
                4.25,
                1
              ],
              "uv": [
                91,
                18
              ],
              "mirror": true
            },
            {
              "origin": [
                -4.25,
                0.5,
                -1.75
              ],
              "size": [
                3,
                5.15,
                3.25
              ],
              "uv": [
                91,
                18
              ],
              "mirror": true
            },
            {
              "origin": [
                -4,
                0,
                -2
              ],
              "size": [
                4,
                12,
                4
              ],
              "uv": [
                0,
                16
              ]
            }
          ]
        },
        {
          "name": "armorRightBoot",
          "parent": "bipedRightLeg",
          "pivot": [
            2,
            12,
            0
          ]
        }
      ]
    }
  ]
}