{
  "format_version": "1.12.0",
  "minecraft:geometry": [
    {
      "description": {
        "identifier": "geometry.unknown",
        "texture_width": 120,
        "texture_height": 120,
        "visible_bounds_width": 3,
        "visible_bounds_height": 3.5,
        "visible_bounds_offset": [
          0,
          1.25,
          0
        ]
      },
      "bones": [
        {
          "name": "bb_main",
          "pivot": [
            0,
            0,
            0
          ]
        },
        {
          "name": "bipedHead",
          "pivot": [
            0,
            24,
            0
          ]
        },
        {
          "name": "armorHead",
          "parent": "bipedHead",
          "pivot": [
            0,
            24,
            0
          ],
          "cubes": [
            {
              "origin": [
                0.9,
                26.8,
                -4.1
              ],
              "size": [
                2.375,
                1.2,
                1
              ],
              "inflate": -0.075,
              "uv": [
                100,
                10
              ]
            },
            {
              "origin": [
                -3.35,
                26.8,
                -4.1
              ],
              "size": [
                2.475,
                1.2,
                1
              ],
              "inflate": -0.075,
              "uv": [
                100,
                10
              ]
            },
            {
              "origin": [
                -0.6,
                25.2,
                -4.775
              ],
              "size": [
                1.25,
                1.75,
                1.1
              ],
              "inflate": -0.025,
              "pivot": [
                0,
                24,
                0
              ],
              "rotation": [
                -12.5,
                0,
                0
              ],
              "uv": [
                104,
                27
              ]
            },
            {
              "origin": [
                -2.95,
                29.65,
                -4.575
              ],
              "size": [
                6.475,
                3.025,
                4
              ],
              "inflate": -0.225,
              "pivot": [
                0,
                24,
                0
              ],
              "rotation": [
                0,
                0,
                -4
              ],
              "uv": [
                100,
                38
              ],
              "mirror": true
            },
            {
              "origin": [
                -1.3,
                29.05,
                -4.775
              ],
              "size": [
                1.325,
                2.375,
                0.75
              ],
              "inflate": -0.225,
              "pivot": [
                0,
                24,
                0
              ],
              "rotation": [
                0,
                0,
                -4.75
              ],
              "uv": [
                92,
                43
              ]
            },
            {
              "origin": [
                -1.375,
                29.6,
                -4.675
              ],
              "size": [
                2.075,
                1.275,
                0.75
              ],
              "inflate": -0.225,
              "pivot": [
                0,
                24,
                0
              ],
              "rotation": [
                0,
                0,
                -24.75
              ],
              "uv": [
                92,
                43
              ]
            },
            {
              "origin": [
                -0.375,
                29.3,
                -4.675
              ],
              "size": [
                2.075,
                1.275,
                0.75
              ],
              "inflate": -0.225,
              "pivot": [
                0,
                24,
                0
              ],
              "rotation": [
                0,
                0,
                -24.75
              ],
              "uv": [
                92,
                43
              ]
            },
            {
              "origin": [
                1.375,
                28.8,
                -4.675
              ],
              "size": [
                2.325,
                2.025,
                0.75
              ],
              "inflate": -0.225,
              "pivot": [
                0,
                24,
                0
              ],
              "rotation": [
                0,
                0,
                -24.75
              ],
              "uv": [
                92,
                43
              ]
            },
            {
              "origin": [
                3.375,
                28.3,
                -4.675
              ],
              "size": [
                2.075,
                2.025,
                0.75
              ],
              "inflate": -0.225,
              "pivot": [
                0,
                24,
                0
              ],
              "rotation": [
                0,
                0,
                -24.75
              ],
              "uv": [
                92,
                43
              ]
            },
            {
              "origin": [
                -3.575,
                29.5,
                -4.775
              ],
              "size": [
                4.75,
                2.35,
                1.5
              ],
              "inflate": -0.125,
              "pivot": [
                0,
                24,
                0
              ],
              "rotation": [
                0,
                0,
                -5
              ],
              "uv": [
                110,
                45
              ]
            },
            {
              "origin": [
                -4.075,
                29.5,
                -4.525
              ],
              "size": [
                4.75,
                2.85,
                2
              ],
              "inflate": -0.275,
              "pivot": [
                0,
                24,
                0
              ],
              "rotation": [
                0,
                0,
                -5
              ],
              "uv": [
                110,
                45
              ]
            },
            {
              "origin": [
                -2.575,
                30.6,
                -4.275
              ],
              "size": [
                4.75,
                2.25,
                3
              ],
              "inflate": -0.125,
              "pivot": [
                0,
                24,
                0
              ],
              "rotation": [
                0,
                0,
                -5
              ],
              "uv": [
                110,
                45
              ]
            },
            {
              "origin": [
                -3.675,
                31.6,
                -4.275
              ],
              "size": [
                4.75,
                1.25,
                3
              ],
              "inflate": -0.2,
              "pivot": [
                0,
                24,
                0
              ],
              "rotation": [
                0,
                0,
                3.5
              ],
              "uv": [
                101,
                42
              ]
            },
            {
              "origin": [
                -1.675,
                31.85,
                -4.275
              ],
              "size": [
                4.75,
                1.15,
                3
              ],
              "inflate": -0.2,
              "pivot": [
                0,
                24,
                0
              ],
              "rotation": [
                0,
                0,
                3.5
              ],
              "uv": [
                101,
                42
              ]
            },
            {
              "origin": [
                -5.075,
                30.9,
                -3.975
              ],
              "size": [
                2.5,
                1.25,
                3
              ],
              "inflate": -0.2,
              "pivot": [
                0,
                24,
                0
              ],
              "rotation": [
                0,
                0,
                7.75
              ],
              "uv": [
                101,
                42
              ]
            },
            {
              "origin": [
                2.425,
                29.75,
                -4.525
              ],
              "size": [
                1.875,
                2.5,
                3.75
              ],
              "inflate": -0.125,
              "uv": [
                89,
                44
              ]
            },
            {
              "origin": [
                -2.2,
                30.45,
                -4.325
              ],
              "size": [
                1.875,
                2.5,
                3.75
              ],
              "inflate": -0.125,
              "pivot": [
                0,
                24,
                0
              ],
              "rotation": [
                0,
                0,
                30.5
              ],
              "uv": [
                89,
                44
              ]
            },
            {
              "origin": [
                3.6,
                28.75,
                -4.35
              ],
              "size": [
                0.625,
                1.5,
                3
              ],
              "inflate": -0.125,
              "uv": [
                89,
                44
              ]
            },
            {
              "origin": [
                3.35,
                28.1,
                -4.25
              ],
              "size": [
                0.875,
                1.65,
                0.875
              ],
              "inflate": -0.125,
              "uv": [
                93,
                45
              ]
            },
            {
              "origin": [
                -4.15,
                28.1,
                -4.25
              ],
              "size": [
                0.875,
                1.65,
                0.875
              ],
              "inflate": -0.125,
              "uv": [
                93,
                45
              ]
            },
            {
              "origin": [
                -3.825,
                30.1,
                -4.525
              ],
              "size": [
                4.75,
                2.25,
                1.5
              ],
              "inflate": -0.225,
              "uv": [
                107,
                42
              ]
            },
            {
              "origin": [
                2.2,
                29.5,
                -4.975
              ],
              "size": [
                1.5,
                1.7,
                2.475
              ],
              "inflate": -0.125,
              "uv": [
                90,
                38
              ],
              "mirror": true
            },
            {
              "origin": [
                -4,
                24,
                -4
              ],
              "size": [
                8,
                8,
                8
              ],
              "uv": [
                0,
                0
              ]
            },
            {
              "origin": [
                -3.9,
                24.15,
                -4.45
              ],
              "size": [
                2.45,
                2.075,
                2
              ],
              "inflate": -0.4,
              "pivot": [
                0,
                24,
                0
              ],
              "rotation": [
                0,
                0,
                74.25
              ],
              "uv": {
                "north": {
                  "uv": [
                    106,
                    27
                  ],
                  "uv_size": [
                    -1,
                    2
                  ]
                },
                "east": {
                  "uv": [
                    108,
                    27
                  ],
                  "uv_size": [
                    -2,
                    2
                  ]
                },
                "south": {
                  "uv": [
                    109,
                    27
                  ],
                  "uv_size": [
                    -1,
                    2
                  ]
                },
                "west": {
                  "uv": [
                    105,
                    27
                  ],
                  "uv_size": [
                    -2,
                    2
                  ]
                },
                "up": {
                  "uv": [
                    106,
                    25
                  ],
                  "uv_size": [
                    -1,
                    2
                  ]
                },
                "down": {
                  "uv": [
                    107,
                    27
                  ],
                  "uv_size": [
                    -1,
                    -2
                  ]
                }
              }
            },
            {
              "origin": [
                1.475,
                24.1,
                -4.5
              ],
              "size": [
                2.2,
                2.1,
                2
              ],
              "inflate": -0.4,
              "pivot": [
                0,
                24,
                0
              ],
              "rotation": [
                0,
                0,
                -74.25
              ],
              "uv": {
                "north": {
                  "uv": [
                    104,
                    28
                  ],
                  "uv_size": [
                    1,
                    2
                  ]
                },
                "east": {
                  "uv": [
                    102,
                    28
                  ],
                  "uv_size": [
                    2,
                    2
                  ]
                },
                "south": {
                  "uv": [
                    107,
                    28
                  ],
                  "uv_size": [
                    1,
                    2
                  ]
                },
                "west": {
                  "uv": [
                    105,
                    28
                  ],
                  "uv_size": [
                    2,
                    2
                  ]
                },
                "up": {
                  "uv": [
                    104,
                    26
                  ],
                  "uv_size": [
                    1,
                    2
                  ]
                },
                "down": {
                  "uv": [
                    105,
                    28
                  ],
                  "uv_size": [
                    1,
                    -2
                  ]
                }
              }
            },
            {
              "origin": [
                -1.63793,
                25.35637,
                -4.45
              ],
              "size": [
                1.525,
                2.925,
                1.95
              ],
              "inflate": -0.4,
              "pivot": [
                -1.5,
                26.075,
                -3.875
              ],
              "rotation": [
                0,
                0,
                -78.5
              ],
              "uv": {
                "north": {
                  "uv": [
                    104,
                    28
                  ],
                  "uv_size": [
                    1,
                    2
                  ]
                },
                "east": {
                  "uv": [
                    102,
                    28
                  ],
                  "uv_size": [
                    2,
                    2
                  ]
                },
                "south": {
                  "uv": [
                    107,
                    28
                  ],
                  "uv_size": [
                    1,
                    2
                  ]
                },
                "west": {
                  "uv": [
                    105,
                    28
                  ],
                  "uv_size": [
                    2,
                    2
                  ]
                },
                "up": {
                  "uv": [
                    104,
                    26
                  ],
                  "uv_size": [
                    1,
                    2
                  ]
                },
                "down": {
                  "uv": [
                    105,
                    28
                  ],
                  "uv_size": [
                    1,
                    -2
                  ]
                }
              }
            },
            {
              "origin": [
                -1.36293,
                24.93137,
                -4.475
              ],
              "size": [
                1.3,
                2.225,
                2
              ],
              "inflate": -0.4,
              "pivot": [
                -1.5,
                26.075,
                -3.875
              ],
              "rotation": [
                0,
                0,
                -99.25
              ],
              "uv": {
                "north": {
                  "uv": [
                    104,
                    28
                  ],
                  "uv_size": [
                    1,
                    2
                  ]
                },
                "east": {
                  "uv": [
                    102,
                    28
                  ],
                  "uv_size": [
                    2,
                    2
                  ]
                },
                "south": {
                  "uv": [
                    107,
                    28
                  ],
                  "uv_size": [
                    1,
                    2
                  ]
                },
                "west": {
                  "uv": [
                    105,
                    28
                  ],
                  "uv_size": [
                    2,
                    2
                  ]
                },
                "up": {
                  "uv": [
                    104,
                    26
                  ],
                  "uv_size": [
                    1,
                    2
                  ]
                },
                "down": {
                  "uv": [
                    105,
                    28
                  ],
                  "uv_size": [
                    1,
                    -2
                  ]
                }
              }
            },
            {
              "origin": [
                -3.41293,
                27.78137,
                -4.475
              ],
              "size": [
                1.3,
                2.225,
                2
              ],
              "inflate": -0.4,
              "pivot": [
                -1.5,
                26.075,
                -3.875
              ],
              "rotation": [
                0,
                0,
                99.25
              ],
              "uv": {
                "north": {
                  "uv": [
                    104,
                    28
                  ],
                  "uv_size": [
                    1,
                    2
                  ]
                },
                "east": {
                  "uv": [
                    102,
                    28
                  ],
                  "uv_size": [
                    2,
                    2
                  ]
                },
                "south": {
                  "uv": [
                    107,
                    28
                  ],
                  "uv_size": [
                    1,
                    2
                  ]
                },
                "west": {
                  "uv": [
                    105,
                    28
                  ],
                  "uv_size": [
                    2,
                    2
                  ]
                },
                "up": {
                  "uv": [
                    104,
                    26
                  ],
                  "uv_size": [
                    1,
                    2
                  ]
                },
                "down": {
                  "uv": [
                    105,
                    28
                  ],
                  "uv_size": [
                    1,
                    -2
                  ]
                }
              }
            },
            {
              "origin": [
                -0.28793,
                25.20637,
                -4.5
              ],
              "size": [
                1.55,
                3.05,
                2
              ],
              "inflate": -0.4,
              "pivot": [
                -1.5,
                26.075,
                -3.875
              ],
              "rotation": [
                0,
                0,
                -62.5
              ],
              "uv": {
                "north": {
                  "uv": [
                    104,
                    28
                  ],
                  "uv_size": [
                    1,
                    2
                  ]
                },
                "east": {
                  "uv": [
                    102,
                    28
                  ],
                  "uv_size": [
                    2,
                    2
                  ]
                },
                "south": {
                  "uv": [
                    107,
                    28
                  ],
                  "uv_size": [
                    1,
                    2
                  ]
                },
                "west": {
                  "uv": [
                    105,
                    28
                  ],
                  "uv_size": [
                    2,
                    2
                  ]
                },
                "up": {
                  "uv": [
                    104,
                    26
                  ],
                  "uv_size": [
                    1,
                    2
                  ]
                },
                "down": {
                  "uv": [
                    105,
                    28
                  ],
                  "uv_size": [
                    1,
                    -2
                  ]
                }
              }
            },
            {
              "origin": [
                0.71207,
                27.48137,
                -4.5
              ],
              "size": [
                2.9,
                1.4,
                2
              ],
              "inflate": -0.4,
              "uv": {
                "north": {
                  "uv": [
                    104,
                    28
                  ],
                  "uv_size": [
                    1,
                    2
                  ]
                },
                "east": {
                  "uv": [
                    102,
                    28
                  ],
                  "uv_size": [
                    2,
                    2
                  ]
                },
                "south": {
                  "uv": [
                    107,
                    28
                  ],
                  "uv_size": [
                    1,
                    2
                  ]
                },
                "west": {
                  "uv": [
                    105,
                    28
                  ],
                  "uv_size": [
                    2,
                    2
                  ]
                },
                "up": {
                  "uv": [
                    104,
                    26
                  ],
                  "uv_size": [
                    1,
                    2
                  ]
                },
                "down": {
                  "uv": [
                    105,
                    28
                  ],
                  "uv_size": [
                    1,
                    -2
                  ]
                }
              }
            },
            {
              "origin": [
                -3.53793,
                27.48137,
                -4.5
              ],
              "size": [
                2.9,
                1.4,
                2
              ],
              "inflate": -0.4,
              "uv": {
                "north": {
                  "uv": [
                    104,
                    28
                  ],
                  "uv_size": [
                    1,
                    2
                  ]
                },
                "east": {
                  "uv": [
                    102,
                    28
                  ],
                  "uv_size": [
                    2,
                    2
                  ]
                },
                "south": {
                  "uv": [
                    107,
                    28
                  ],
                  "uv_size": [
                    1,
                    2
                  ]
                },
                "west": {
                  "uv": [
                    105,
                    28
                  ],
                  "uv_size": [
                    2,
                    2
                  ]
                },
                "up": {
                  "uv": [
                    104,
                    26
                  ],
                  "uv_size": [
                    1,
                    2
                  ]
                },
                "down": {
                  "uv": [
                    105,
                    28
                  ],
                  "uv_size": [
                    1,
                    -2
                  ]
                }
              }
            },
            {
              "origin": [
                -2.48793,
                27.58137,
                -4.5
              ],
              "size": [
                1.55,
                1.3,
                2
              ],
              "inflate": -0.4,
              "uv": {
                "north": {
                  "uv": [
                    104,
                    28
                  ],
                  "uv_size": [
                    1,
                    2
                  ]
                },
                "east": {
                  "uv": [
                    102,
                    28
                  ],
                  "uv_size": [
                    2,
                    2
                  ]
                },
                "south": {
                  "uv": [
                    107,
                    28
                  ],
                  "uv_size": [
                    1,
                    2
                  ]
                },
                "west": {
                  "uv": [
                    105,
                    28
                  ],
                  "uv_size": [
                    2,
                    2
                  ]
                },
                "up": {
                  "uv": [
                    104,
                    26
                  ],
                  "uv_size": [
                    1,
                    2
                  ]
                },
                "down": {
                  "uv": [
                    105,
                    28
                  ],
                  "uv_size": [
                    1,
                    -2
                  ]
                }
              }
            },
            {
              "origin": [
                -2.86293,
                27.90637,
                -4.5
              ],
              "size": [
                1.55,
                3.05,
                2
              ],
              "inflate": -0.4,
              "pivot": [
                -1.5,
                26.075,
                -3.875
              ],
              "rotation": [
                0,
                0,
                62.5
              ],
              "uv": {
                "north": {
                  "uv": [
                    104,
                    28
                  ],
                  "uv_size": [
                    1,
                    2
                  ]
                },
                "east": {
                  "uv": [
                    102,
                    28
                  ],
                  "uv_size": [
                    2,
                    2
                  ]
                },
                "south": {
                  "uv": [
                    107,
                    28
                  ],
                  "uv_size": [
                    1,
                    2
                  ]
                },
                "west": {
                  "uv": [
                    105,
                    28
                  ],
                  "uv_size": [
                    2,
                    2
                  ]
                },
                "up": {
                  "uv": [
                    104,
                    26
                  ],
                  "uv_size": [
                    1,
                    2
                  ]
                },
                "down": {
                  "uv": [
                    105,
                    28
                  ],
                  "uv_size": [
                    1,
                    -2
                  ]
                }
              }
            },
            {
              "origin": [
                -2.26293,
                28.35637,
                -4.45
              ],
              "size": [
                1.525,
                2.875,
                1.95
              ],
              "inflate": -0.4,
              "pivot": [
                -1.5,
                26.075,
                -3.875
              ],
              "rotation": [
                0,
                0,
                78.5
              ],
              "uv": {
                "north": {
                  "uv": [
                    104,
                    28
                  ],
                  "uv_size": [
                    1,
                    2
                  ]
                },
                "east": {
                  "uv": [
                    102,
                    28
                  ],
                  "uv_size": [
                    2,
                    2
                  ]
                },
                "south": {
                  "uv": [
                    107,
                    28
                  ],
                  "uv_size": [
                    1,
                    2
                  ]
                },
                "west": {
                  "uv": [
                    105,
                    28
                  ],
                  "uv_size": [
                    2,
                    2
                  ]
                },
                "up": {
                  "uv": [
                    104,
                    26
                  ],
                  "uv_size": [
                    1,
                    2
                  ]
                },
                "down": {
                  "uv": [
                    105,
                    28
                  ],
                  "uv_size": [
                    1,
                    -2
                  ]
                }
              }
            },
            {
              "origin": [
                0.475,
                27.55,
                -4.45
              ],
              "size": [
                1.35,
                1.875,
                1.95
              ],
              "inflate": -0.4,
              "pivot": [
                0,
                24,
                0
              ],
              "rotation": [
                0,
                0,
                30.5
              ],
              "uv": {
                "north": {
                  "uv": [
                    104,
                    28
                  ],
                  "uv_size": [
                    1,
                    2
                  ]
                },
                "east": {
                  "uv": [
                    102,
                    28
                  ],
                  "uv_size": [
                    2,
                    2
                  ]
                },
                "south": {
                  "uv": [
                    107,
                    28
                  ],
                  "uv_size": [
                    1,
                    2
                  ]
                },
                "west": {
                  "uv": [
                    105,
                    28
                  ],
                  "uv_size": [
                    2,
                    2
                  ]
                },
                "up": {
                  "uv": [
                    104,
                    26
                  ],
                  "uv_size": [
                    1,
                    2
                  ]
                },
                "down": {
                  "uv": [
                    105,
                    28
                  ],
                  "uv_size": [
                    1,
                    -2
                  ]
                }
              }
            },
            {
              "origin": [
                -5.5,
                24.8,
                -4.45
              ],
              "size": [
                1.35,
                2.375,
                1.95
              ],
              "inflate": -0.4,
              "pivot": [
                0,
                24,
                0
              ],
              "rotation": [
                0,
                0,
                30.5
              ],
              "uv": {
                "north": {
                  "uv": [
                    104,
                    28
                  ],
                  "uv_size": [
                    1,
                    2
                  ]
                },
                "east": {
                  "uv": [
                    102,
                    28
                  ],
                  "uv_size": [
                    2,
                    2
                  ]
                },
                "south": {
                  "uv": [
                    107,
                    28
                  ],
                  "uv_size": [
                    1,
                    2
                  ]
                },
                "west": {
                  "uv": [
                    105,
                    28
                  ],
                  "uv_size": [
                    2,
                    2
                  ]
                },
                "up": {
                  "uv": [
                    104,
                    26
                  ],
                  "uv_size": [
                    1,
                    2
                  ]
                },
                "down": {
                  "uv": [
                    105,
                    28
                  ],
                  "uv_size": [
                    1,
                    -2
                  ]
                }
              }
            },
            {
              "origin": [
                4.2,
                24.8,
                -4.45
              ],
              "size": [
                1.3,
                2.375,
                1.95
              ],
              "inflate": -0.4,
              "pivot": [
                0,
                24,
                0
              ],
              "rotation": [
                0,
                0,
                -30.5
              ],
              "uv": {
                "north": {
                  "uv": [
                    104,
                    28
                  ],
                  "uv_size": [
                    1,
                    2
                  ]
                },
                "east": {
                  "uv": [
                    102,
                    28
                  ],
                  "uv_size": [
                    2,
                    2
                  ]
                },
                "south": {
                  "uv": [
                    107,
                    28
                  ],
                  "uv_size": [
                    1,
                    2
                  ]
                },
                "west": {
                  "uv": [
                    105,
                    28
                  ],
                  "uv_size": [
                    2,
                    2
                  ]
                },
                "up": {
                  "uv": [
                    104,
                    26
                  ],
                  "uv_size": [
                    1,
                    2
                  ]
                },
                "down": {
                  "uv": [
                    105,
                    28
                  ],
                  "uv_size": [
                    1,
                    -2
                  ]
                }
              }
            },
            {
              "origin": [
                -1.825,
                27.55,
                -4.45
              ],
              "size": [
                1.35,
                1.875,
                1.95
              ],
              "inflate": -0.4,
              "pivot": [
                0,
                24,
                0
              ],
              "rotation": [
                0,
                0,
                -30.5
              ],
              "uv": {
                "north": {
                  "uv": [
                    104,
                    28
                  ],
                  "uv_size": [
                    1,
                    2
                  ]
                },
                "east": {
                  "uv": [
                    102,
                    28
                  ],
                  "uv_size": [
                    2,
                    2
                  ]
                },
                "south": {
                  "uv": [
                    107,
                    28
                  ],
                  "uv_size": [
                    1,
                    2
                  ]
                },
                "west": {
                  "uv": [
                    105,
                    28
                  ],
                  "uv_size": [
                    2,
                    2
                  ]
                },
                "up": {
                  "uv": [
                    104,
                    26
                  ],
                  "uv_size": [
                    1,
                    2
                  ]
                },
                "down": {
                  "uv": [
                    105,
                    28
                  ],
                  "uv_size": [
                    1,
                    -2
                  ]
                }
              }
            }
          ]
        },
        {
          "name": "bipedBody",
          "pivot": [
            0,
            24,
            0
          ]
        },
        {
          "name": "armorBody",
          "parent": "bipedBody",
          "pivot": [
            0,
            24,
            0
          ],
          "cubes": [
            {
              "origin": [
                -3.5,
                19.475,
                -2.35
              ],
              "size": [
                6.975,
                4,
                1
              ],
              "inflate": -0.025,
              "uv": [
                99,
                28
              ]
            },
            {
              "origin": [
                -3.5,
                19.475,
                1.475
              ],
              "size": [
                6.975,
                4,
                1
              ],
              "inflate": -0.025,
              "uv": [
                99,
                28
              ]
            },
            {
              "origin": [
                -2.7,
                13.775,
                -2.325
              ],
              "size": [
                5.5,
                6.1,
                1
              ],
              "inflate": -0.15,
              "uv": [
                99,
                25
              ]
            },
            {
              "origin": [
                -2.7,
                14.05,
                1.425
              ],
              "size": [
                5.5,
                6.1,
                1
              ],
              "inflate": -0.15,
              "uv": [
                100,
                27
              ]
            },
            {
              "origin": [
                -3.5,
                12.575,
                -2.325
              ],
              "size": [
                7,
                5.15,
                1
              ],
              "inflate": -0.75,
              "uv": [
                92,
                27
              ],
              "mirror": true
            },
            {
              "origin": [
                -3.5,
                20.225,
                -1.8
              ],
              "size": [
                6.975,
                2.5,
                1
              ],
              "inflate": 0.4,
              "uv": [
                98,
                20
              ]
            },
            {
              "origin": [
                -2.75,
                13.825,
                -1.85
              ],
              "size": [
                5.475,
                2.25,
                1
              ],
              "inflate": 0.25,
              "uv": [
                98,
                29
              ]
            },
            {
              "origin": [
                -2.75,
                13.825,
                0.9
              ],
              "size": [
                5.475,
                2.25,
                1
              ],
              "inflate": 0.25,
              "uv": [
                98,
                29
              ]
            },
            {
              "origin": [
                -3.6,
                18.55,
                -2.975
              ],
              "size": [
                7.25,
                1.6,
                3
              ],
              "inflate": -0.6,
              "uv": [
                95,
                30
              ]
            },
            {
              "origin": [
                -1.85,
                22.7,
                -2.9
              ],
              "size": [
                3.75,
                1.6,
                3
              ],
              "inflate": -0.6,
              "uv": [
                98,
                29
              ]
            },
            {
              "origin": [
                -1.85,
                22.7,
                -0.15
              ],
              "size": [
                3.75,
                1.6,
                3
              ],
              "inflate": -0.6,
              "uv": [
                98,
                29
              ]
            },
            {
              "origin": [
                -2.525,
                16.425,
                -2.9
              ],
              "size": [
                3.3,
                2.1,
                3
              ],
              "inflate": -0.625,
              "pivot": [
                0,
                24,
                0
              ],
              "rotation": [
                0,
                0,
                2.5
              ],
              "uv": [
                96,
                31
              ]
            },
            {
              "origin": [
                -2.525,
                15.175,
                -2.9
              ],
              "size": [
                3.3,
                2.1,
                3
              ],
              "inflate": -0.625,
              "pivot": [
                0,
                24,
                0
              ],
              "rotation": [
                0,
                0,
                2.5
              ],
              "uv": [
                96,
                31
              ]
            },
            {
              "origin": [
                -2.525,
                13.925,
                -2.9
              ],
              "size": [
                3.3,
                2.1,
                3
              ],
              "inflate": -0.625,
              "pivot": [
                0,
                24,
                0
              ],
              "rotation": [
                0,
                0,
                2.5
              ],
              "uv": [
                96,
                31
              ]
            },
            {
              "origin": [
                -0.775,
                16.425,
                -2.9
              ],
              "size": [
                3.3,
                2.1,
                3
              ],
              "inflate": -0.625,
              "pivot": [
                0,
                24,
                0
              ],
              "rotation": [
                0,
                0,
                -2.5
              ],
              "uv": [
                96,
                31
              ],
              "mirror": true
            },
            {
              "origin": [
                -0.775,
                15.175,
                -2.9
              ],
              "size": [
                3.3,
                2.1,
                3
              ],
              "inflate": -0.625,
              "pivot": [
                0,
                24,
                0
              ],
              "rotation": [
                0,
                0,
                -2.5
              ],
              "uv": [
                96,
                31
              ],
              "mirror": true
            },
            {
              "origin": [
                -0.775,
                13.925,
                -2.9
              ],
              "size": [
                3.3,
                2.1,
                3
              ],
              "inflate": -0.625,
              "pivot": [
                0,
                24,
                0
              ],
              "rotation": [
                0,
                0,
                -2.5
              ],
              "uv": [
                96,
                31
              ],
              "mirror": true
            },
            {
              "origin": [
                -0.53047,
                12.96377,
                -2.9
              ],
              "size": [
                5.3,
                2.1,
                5.75
              ],
              "inflate": -0.625,
              "pivot": [
                4,
                12.75,
                0
              ],
              "rotation": [
                0,
                0,
                -18.25
              ],
              "uv": [
                94,
                29
              ],
              "mirror": true
            },
            {
              "origin": [
                2.96953,
                12.91377,
                -2.9
              ],
              "size": [
                1.8,
                2.1,
                5.75
              ],
              "inflate": -0.625,
              "uv": [
                94,
                29
              ],
              "mirror": true
            },
            {
              "origin": [
                -4.73047,
                12.91377,
                -2.9
              ],
              "size": [
                1.8,
                2.1,
                5.75
              ],
              "inflate": -0.625,
              "uv": [
                94,
                29
              ],
              "mirror": true
            },
            {
              "origin": [
                -1.25547,
                19.61377,
                -2.925
              ],
              "size": [
                3.625,
                2.1,
                3
              ],
              "inflate": -0.625,
              "pivot": [
                4,
                12.75,
                0
              ],
              "rotation": [
                0,
                0,
                -18.25
              ],
              "uv": [
                96,
                32
              ],
              "mirror": true
            },
            {
              "origin": [
                -4.30547,
                10.46377,
                -2.9
              ],
              "size": [
                5.3,
                2.1,
                5.75
              ],
              "inflate": -0.625,
              "pivot": [
                4,
                12.75,
                0
              ],
              "rotation": [
                0,
                0,
                18.25
              ],
              "uv": [
                93,
                29
              ]
            },
            {
              "origin": [
                -4.10547,
                17.11377,
                -2.925
              ],
              "size": [
                5.8,
                2.1,
                3
              ],
              "inflate": -0.625,
              "pivot": [
                4,
                12.75,
                0
              ],
              "rotation": [
                0,
                0,
                18.25
              ],
              "uv": [
                96,
                32
              ]
            }
          ]
        },
        {
          "name": "bone",
          "parent": "armorBody",
          "pivot": [
            -0.0125,
            21.425,
            -1.925
          ],
          "cubes": [
            {
              "origin": [
                -2.025,
                19.375,
                -3.425
              ],
              "size": [
                4.025,
                4.1,
                3
              ],
              "inflate": -1.025,
              "uv": [
                106,
                10
              ]
            },
            {
              "origin": [
                -1.325,
                20,
                -3.15
              ],
              "size": [
                2.675,
                1.5,
                3
              ],
              "inflate": -0.6,
              "uv": [
                19,
                59
              ]
            },
            {
              "origin": [
                -1.325,
                21.375,
                -3.2
              ],
              "size": [
                2.675,
                1.5,
                3
              ],
              "inflate": -0.6,
              "uv": [
                19,
                59
              ]
            },
            {
              "origin": [
                -0.4,
                20.45,
                -3.125
              ],
              "size": [
                1.55,
                2,
                3
              ],
              "inflate": -0.6,
              "uv": [
                20,
                59
              ]
            },
            {
              "origin": [
                0.35,
                19.625,
                -3.25
              ],
              "size": [
                1.525,
                3.6,
                3
              ],
              "inflate": -0.6,
              "uv": [
                104,
                2
              ]
            },
            {
              "origin": [
                -1.875,
                19.625,
                -3.225
              ],
              "size": [
                1.525,
                3.6,
                3
              ],
              "inflate": -0.6,
              "uv": [
                104,
                2
              ]
            },
            {
              "origin": [
                -1.75,
                19.5,
                -3.25
              ],
              "size": [
                1.525,
                1.6,
                3
              ],
              "inflate": -0.6,
              "uv": [
                104,
                2
              ]
            },
            {
              "origin": [
                -1.525,
                19.375,
                -3.275
              ],
              "size": [
                3.05,
                1.6,
                3
              ],
              "inflate": -0.6,
              "uv": [
                19,
                60
              ]
            },
            {
              "origin": [
                0.2,
                19.5,
                -3.25
              ],
              "size": [
                1.525,
                1.6,
                3
              ],
              "inflate": -0.6,
              "uv": [
                104,
                2
              ]
            },
            {
              "origin": [
                -1.525,
                21.95,
                -3.25
              ],
              "size": [
                3.05,
                1.6,
                3
              ],
              "inflate": -0.6,
              "uv": [
                19,
                60
              ]
            },
            {
              "origin": [
                -1,
                20.125,
                -3.125
              ],
              "size": [
                2.05,
                1.6,
                3
              ],
              "inflate": -0.6,
              "uv": [
                19,
                59
              ]
            },
            {
              "origin": [
                -1,
                21.125,
                -3.125
              ],
              "size": [
                2.05,
                1.6,
                3
              ],
              "inflate": -0.6,
              "uv": [
                19,
                59
              ]
            },
            {
              "origin": [
                -1.15,
                20.45,
                -3.125
              ],
              "size": [
                1.55,
                1.975,
                3
              ],
              "inflate": -0.6,
              "uv": [
                19,
                59
              ]
            },
            {
              "origin": [
                0.25,
                21.875,
                -3.225
              ],
              "size": [
                1.525,
                1.6,
                3
              ],
              "inflate": -0.6,
              "uv": [
                104,
                2
              ]
            },
            {
              "origin": [
                -1.8,
                21.875,
                -3.225
              ],
              "size": [
                1.525,
                1.6,
                3
              ],
              "inflate": -0.6,
              "uv": [
                104,
                2
              ]
            },
            {
              "origin": [
                -2.15,
                20.975,
                -3.75
              ],
              "size": [
                4.275,
                2.85,
                3.5
              ],
              "inflate": -1.275,
              "uv": [
                106,
                8
              ]
            }
          ]
        },
        {
          "name": "armorBody2",
          "parent": "armorBody",
          "pivot": [
            0,
            24,
            -0.15
          ],
          "cubes": [
            {
              "origin": [
                -4,
                12,
                -2
              ],
              "size": [
                8,
                12,
                4
              ],
              "uv": [
                16,
                16
              ]
            }
          ]
        },
        {
          "name": "bipedRightArm",
          "pivot": [
            -4,
            22,
            0
          ]
        },
        {
          "name": "armorRightArm",
          "parent": "bipedRightArm",
          "pivot": [
            -4,
            22,
            0
          ],
          "cubes": [
            {
              "origin": [
                -8.05,
                22.05,
                -2.25
              ],
              "size": [
                3.75,
                1.5,
                4.4
              ],
              "inflate": 0.15,
              "uv": [
                104,
                1.5
              ],
              "mirror": true
            },
            {
              "origin": [
                -7.6,
                17.25,
                -2.25
              ],
              "size": [
                3.25,
                4.575,
                1.4
              ],
              "uv": [
                98,
                52.5
              ],
              "mirror": true
            },
            {
              "origin": [
                -7.6,
                17.25,
                1
              ],
              "size": [
                3.25,
                4.575,
                1.4
              ],
              "uv": [
                45,
                21.5
              ],
              "mirror": true
            },
            {
              "origin": [
                -8.125,
                22,
                -1.75
              ],
              "size": [
                4.25,
                2.25,
                3.4
              ],
              "uv": [
                105,
                2.5
              ],
              "mirror": true
            },
            {
              "origin": [
                -8.125,
                17.25,
                -1.6
              ],
              "size": [
                3.25,
                4.075,
                3.15
              ],
              "uv": [
                42,
                19.5
              ]
            },
            {
              "origin": [
                -7.925,
                23.225,
                -2.25
              ],
              "size": [
                3.75,
                0.5,
                4.4
              ],
              "inflate": 0.15,
              "pivot": [
                4,
                22,
                0
              ],
              "rotation": [
                0,
                0,
                -9.25
              ],
              "uv": [
                104,
                2.5
              ],
              "mirror": true
            },
            {
              "origin": [
                -8,
                12,
                -2
              ],
              "size": [
                4,
                12,
                4
              ],
              "uv": [
                40,
                16
              ]
            }
          ]
        },
        {
          "name": "bipedLeftArm",
          "pivot": [
            4,
            22,
            0
          ]
        },
        {
          "name": "armorLeftArm",
          "parent": "bipedLeftArm",
          "pivot": [
            4,
            22,
            0
          ],
          "cubes": [
            {
              "origin": [
                4.4,
                17.25,
                -2.25
              ],
              "size": [
                3.25,
                4.575,
                1.4
              ],
              "uv": [
                99,
                51.5
              ]
            },
            {
              "origin": [
                4.4,
                17.25,
                1
              ],
              "size": [
                3.25,
                4.575,
                1.4
              ],
              "uv": [
                45,
                21.5
              ]
            },
            {
              "origin": [
                4.95,
                17.25,
                -1.6
              ],
              "size": [
                3.25,
                4.075,
                3.15
              ],
              "uv": [
                42,
                19.5
              ],
              "mirror": true
            },
            {
              "origin": [
                3.9,
                22,
                -1.75
              ],
              "size": [
                4.25,
                2.25,
                3.4
              ],
              "uv": [
                105,
                2.5
              ]
            },
            {
              "origin": [
                4.35,
                22.05,
                -2.25
              ],
              "size": [
                3.75,
                1.5,
                4.4
              ],
              "inflate": 0.15,
              "uv": [
                104,
                1.5
              ]
            },
            {
              "origin": [
                4.325,
                21.975,
                -2.25
              ],
              "size": [
                3.75,
                0.5,
                4.4
              ],
              "inflate": 0.15,
              "pivot": [
                4,
                22,
                0
              ],
              "rotation": [
                0,
                0,
                9.25
              ],
              "uv": [
                104,
                2.5
              ]
            },
            {
              "origin": [
                4,
                12,
                -2
              ],
              "size": [
                4,
                12,
                4
              ],
              "uv": [
                32,
                48
              ]
            }
          ]
        },
        {
          "name": "bipedLeftLeg",
          "pivot": [
            -2,
            12,
            0
          ]
        },
        {
          "name": "armorLeftLeg",
          "parent": "bipedLeftLeg",
          "pivot": [
            -2,
            12,
            0
          ],
          "cubes": [
            {
              "origin": [
                3.25,
                7,
                -1.5
              ],
              "size": [
                1,
                4.75,
                3
              ],
              "uv": [
                104,
                49
              ]
            },
            {
              "origin": [
                0.75,
                7,
                -2.25
              ],
              "size": [
                2.75,
                4.75,
                4.5
              ],
              "inflate": 0.1,
              "uv": [
                96,
                64
              ],
              "mirror": true
            },
            {
              "origin": [
                0,
                0,
                -2
              ],
              "size": [
                4,
                12,
                4
              ],
              "uv": [
                16,
                48
              ]
            }
          ]
        },
        {
          "name": "armorLeftBoot",
          "parent": "bipedLeftLeg",
          "pivot": [
            -2,
            12,
            0
          ],
          "cubes": [
            {
              "origin": [
                -1.04089,
                2.93269,
                -2.9
              ],
              "size": [
                5.8,
                2.325,
                5.75
              ],
              "inflate": -0.625,
              "pivot": [
                -4.25,
                5.5,
                0
              ],
              "rotation": [
                0,
                0,
                -14.5
              ],
              "uv": [
                89,
                30
              ]
            },
            {
              "origin": [
                0.5,
                0,
                -2.25
              ],
              "size": [
                3,
                5.6,
                1
              ],
              "uv": [
                0,
                26
              ],
              "mirror": true
            },
            {
              "origin": [
                3.475,
                0,
                -1.65
              ],
              "size": [
                0.75,
                5.8,
                3.25
              ],
              "uv": [
                108,
                29
              ],
              "mirror": true
            },
            {
              "origin": [
                0.5,
                0,
                1.25
              ],
              "size": [
                3,
                5,
                1
              ],
              "uv": [
                88,
                31
              ],
              "mirror": true
            }
          ]
        },
        {
          "name": "bipedRightLeg",
          "pivot": [
            2,
            12,
            0
          ]
        },
        {
          "name": "armorRightLeg",
          "parent": "bipedRightLeg",
          "pivot": [
            2,
            12,
            0
          ],
          "cubes": [
            {
              "origin": [
                -3.5,
                7,
                -2.25
              ],
              "size": [
                2.75,
                4.75,
                4.5
              ],
              "inflate": 0.1,
              "uv": [
                95,
                63
              ]
            },
            {
              "origin": [
                -4.25,
                7,
                -1.5
              ],
              "size": [
                1,
                4.75,
                3
              ],
              "uv": [
                104,
                49
              ],
              "mirror": true
            },
            {
              "origin": [
                -4,
                0,
                -2
              ],
              "size": [
                4,
                12,
                4
              ],
              "uv": [
                0,
                16
              ]
            }
          ]
        },
        {
          "name": "armorRightBoot",
          "parent": "bipedRightLeg",
          "pivot": [
            2,
            12,
            0
          ],
          "cubes": [
            {
              "origin": [
                -5.25643,
                4.02687,
                -2.9
              ],
              "size": [
                5.8,
                2.325,
                5.75
              ],
              "inflate": -0.625,
              "pivot": [
                -0.25,
                4.25,
                0
              ],
              "rotation": [
                0,
                0,
                14.5
              ],
              "uv": [
                89,
                30
              ]
            },
            {
              "origin": [
                -3.5,
                0,
                -2.25
              ],
              "size": [
                3,
                5.6,
                1
              ],
              "uv": [
                0,
                26
              ]
            },
            {
              "origin": [
                -3.5,
                0,
                1.25
              ],
              "size": [
                3,
                5,
                1
              ],
              "uv": [
                88,
                30
              ]
            },
            {
              "origin": [
                -4.275,
                0,
                -1.65
              ],
              "size": [
                0.75,
                5.8,
                3.25
              ],
              "uv": [
                108,
                29
              ],
              "mirror": true
            }
          ]
        }
      ]
    }
  ]
}