{
	"format_version": "1.12.0",
	"minecraft:geometry": [
		{
			"description": {
				"identifier": "geometry.unknown",
				"texture_width": 128,
				"texture_height": 128,
				"visible_bounds_width": 3,
				"visible_bounds_height": 3.5,
				"visible_bounds_offset": [0, 1.25, 0]
			},
			"bones": [
				{
					"name": "bipedHead",
					"pivot": [0, 24, 0]
				},
				{
					"name": "armorHead",
					"parent": "bipedHead",
					"pivot": [0, 24, 0],
					"cubes": [
						{"origin": [-4, 24, -4], "size": [8, 8, 8], "uv": [0, 0]},
						{"origin": [-5.725, 24.3, -5.75], "size": [3.65, 6.9, 3.85], "inflate": -1.7, "uv": [95, 22], "mirror": true},
						{
							"origin": [-5.975, 24.5, -5],
							"size": [3.9, 6.5, 6.4],
							"inflate": -1.7,
							"uv": {
								"north": {"uv": [8, 11], "uv_size": [-4, 3]},
								"east": {"uv": [8, 11], "uv_size": [-4, 3]},
								"south": {"uv": [8, 11], "uv_size": [-4, 3]},
								"west": {"uv": [8, 11], "uv_size": [-4, 3]},
								"up": {"uv": [4, 14], "uv_size": [4, -3]},
								"down": {"uv": [4, 14], "uv_size": [4, -3]}
							}
						},
						{"origin": [-5.725, 27.2, -5.3], "size": [3.6, 4, 6.35], "inflate": -1.7, "uv": [93, 20], "mirror": true},
						{"origin": [-3.15, 25.025, -5.825], "size": [3.875, 5.175, 3.925], "inflate": -1.7, "pivot": [0, 24, 0], "rotation": [0, 0, 6], "uv": [93, 22], "mirror": true},
						{
							"origin": [-0.5, 30.2, -4.25],
							"size": [4, 2.1, 2],
							"uv": {
								"north": {"uv": [10, 4], "uv_size": [4, 2]},
								"east": {"uv": [10, 4], "uv_size": [4, 2]},
								"south": {"uv": [10, 4], "uv_size": [4, 2]},
								"west": {"uv": [10, 4], "uv_size": [4, 2]},
								"up": {"uv": [14, 6], "uv_size": [-4, -2]},
								"down": {"uv": [14, 6], "uv_size": [-4, -2]}
							}
						},
						{
							"origin": [-0.4, 30.2, -4],
							"size": [4, 2.1, 2],
							"inflate": -0.025,
							"pivot": [0, 24, 0],
							"rotation": [0, 0, -7],
							"uv": {
								"north": {"uv": [10, 4], "uv_size": [4, 2]},
								"east": {"uv": [10, 4], "uv_size": [4, 2]},
								"south": {"uv": [10, 4], "uv_size": [4, 2]},
								"west": {"uv": [10, 4], "uv_size": [4, 2]},
								"up": {"uv": [14, 6], "uv_size": [-4, -2]},
								"down": {"uv": [14, 6], "uv_size": [-4, -2]}
							}
						},
						{
							"origin": [0.75, 30.05, -3.75],
							"size": [4, 2.1, 2],
							"inflate": -0.025,
							"pivot": [0, 24, 0],
							"rotation": [0, 0, -7],
							"uv": {
								"north": {"uv": [10, 4], "uv_size": [4, 2]},
								"east": {"uv": [10, 4], "uv_size": [4, 2]},
								"south": {"uv": [10, 4], "uv_size": [4, 2]},
								"west": {"uv": [10, 4], "uv_size": [4, 2]},
								"up": {"uv": [14, 6], "uv_size": [-4, -2]},
								"down": {"uv": [14, 6], "uv_size": [-4, -2]}
							}
						},
						{
							"origin": [0.75, 29.4, -3.55],
							"size": [4, 2.1, 2],
							"inflate": -0.025,
							"pivot": [0, 24, 0],
							"rotation": [0, 0, -26.5],
							"uv": {
								"north": {"uv": [10, 4], "uv_size": [4, 2]},
								"east": {"uv": [10, 4], "uv_size": [4, 2]},
								"south": {"uv": [10, 4], "uv_size": [4, 2]},
								"west": {"uv": [10, 4], "uv_size": [4, 2]},
								"up": {"uv": [14, 6], "uv_size": [-4, -2]},
								"down": {"uv": [14, 6], "uv_size": [-4, -2]}
							}
						},
						{
							"origin": [1.95, 29.25, -3.55],
							"size": [1.25, 2.1, 2],
							"inflate": -0.025,
							"pivot": [-1.55, 23.85, 0],
							"rotation": [0, 0, -39.5],
							"uv": {
								"north": {"uv": [10, 4], "uv_size": [4, 2]},
								"east": {"uv": [10, 4], "uv_size": [4, 2]},
								"south": {"uv": [10, 4], "uv_size": [4, 2]},
								"west": {"uv": [10, 4], "uv_size": [4, 2]},
								"up": {"uv": [14, 6], "uv_size": [-4, -2]},
								"down": {"uv": [14, 6], "uv_size": [-4, -2]}
							}
						},
						{
							"origin": [0.05, 30.05, -4],
							"size": [2, 2.1, 2],
							"inflate": -0.025,
							"pivot": [-1.55, 23.85, 0],
							"rotation": [0, 0, -20],
							"uv": {
								"north": {"uv": [10, 4], "uv_size": [4, 2]},
								"east": {"uv": [10, 4], "uv_size": [4, 2]},
								"south": {"uv": [10, 4], "uv_size": [4, 2]},
								"west": {"uv": [10, 4], "uv_size": [4, 2]},
								"up": {"uv": [14, 6], "uv_size": [-4, -2]},
								"down": {"uv": [14, 6], "uv_size": [-4, -2]}
							}
						},
						{
							"origin": [-0.5, 29.8, -3.75],
							"size": [3.75, 1.9, 2],
							"inflate": -0.025,
							"pivot": [-1.25, 23.75, 0],
							"rotation": [0, 0, -20],
							"uv": {
								"north": {"uv": [10, 4], "uv_size": [4, 2]},
								"east": {"uv": [10, 4], "uv_size": [4, 2]},
								"south": {"uv": [10, 4], "uv_size": [4, 2]},
								"west": {"uv": [10, 4], "uv_size": [4, 2]},
								"up": {"uv": [14, 6], "uv_size": [-4, -2]},
								"down": {"uv": [14, 6], "uv_size": [-4, -2]}
							}
						},
						{
							"origin": [-6.7, 33.35, -4.2],
							"size": [1.25, 2.1, 2],
							"inflate": -0.1,
							"pivot": [1.55, 38.5, -0.65],
							"rotation": [0, 0, -39.5],
							"uv": {
								"north": {"uv": [14, 6], "uv_size": [-4, -2]},
								"east": {"uv": [14, 6], "uv_size": [-4, -2]},
								"south": {"uv": [14, 6], "uv_size": [-4, -2]},
								"west": {"uv": [14, 6], "uv_size": [-4, -2]},
								"up": {"uv": [10, 4], "uv_size": [4, 2]},
								"down": {"uv": [10, 4], "uv_size": [4, 2]}
							}
						},
						{
							"origin": [-0.6, 30.45, -4.05],
							"size": [3.75, 1.9, 2],
							"inflate": -0.025,
							"pivot": [-1.25, 38.6, -0.3],
							"rotation": [0, 0, 20],
							"uv": {
								"north": {"uv": [10, 6], "uv_size": [4, -2]},
								"east": {"uv": [10, 6], "uv_size": [4, -2]},
								"south": {"uv": [10, 6], "uv_size": [4, -2]},
								"west": {"uv": [10, 6], "uv_size": [4, -2]},
								"up": {"uv": [14, 4], "uv_size": [-4, 2]},
								"down": {"uv": [14, 4], "uv_size": [-4, 2]}
							}
						},
						{
							"origin": [3.25, 30.85, -4.2],
							"size": [2, 2.1, 2],
							"inflate": -0.025,
							"pivot": [0, 38.35, -0.65],
							"rotation": [0, 0, 26.5],
							"uv": {
								"north": {"uv": [10, 6], "uv_size": [4, -2]},
								"east": {"uv": [10, 6], "uv_size": [4, -2]},
								"south": {"uv": [10, 6], "uv_size": [4, -2]},
								"west": {"uv": [10, 6], "uv_size": [4, -2]},
								"up": {"uv": [14, 4], "uv_size": [-4, 2]},
								"down": {"uv": [14, 4], "uv_size": [-4, 2]}
							}
						},
						{
							"origin": [-0.4, 30.05, -4.3],
							"size": [4, 2.1, 2],
							"inflate": -0.025,
							"pivot": [0, 38.35, -0.3],
							"rotation": [0, 0, 7],
							"uv": {
								"north": {"uv": [10, 6], "uv_size": [4, -2]},
								"east": {"uv": [10, 6], "uv_size": [4, -2]},
								"south": {"uv": [10, 6], "uv_size": [4, -2]},
								"west": {"uv": [10, 6], "uv_size": [4, -2]},
								"up": {"uv": [14, 4], "uv_size": [-4, 2]},
								"down": {"uv": [14, 4], "uv_size": [-4, 2]}
							}
						},
						{
							"origin": [0.75, 30.2, -4.05],
							"size": [4, 2.1, 2],
							"inflate": -0.025,
							"pivot": [0, 38.35, -0.3],
							"rotation": [0, 0, 7],
							"uv": {
								"north": {"uv": [10, 6], "uv_size": [4, -2]},
								"east": {"uv": [10, 6], "uv_size": [4, -2]},
								"south": {"uv": [10, 6], "uv_size": [4, -2]},
								"west": {"uv": [10, 6], "uv_size": [4, -2]},
								"up": {"uv": [14, 4], "uv_size": [-4, 2]},
								"down": {"uv": [14, 4], "uv_size": [-4, 2]}
							}
						},
						{
							"origin": [4.075, 29.45, -3.875],
							"size": [0.8, 0.9, 2],
							"inflate": -0.1,
							"pivot": [2.8, 24.725, 0.375],
							"rotation": [3.73683, 0.99545, -24.38696],
							"uv": {
								"north": {"uv": [25, 10], "uv_size": [-2, 1]},
								"east": {"uv": [25, 10], "uv_size": [-2, 1]},
								"south": {"uv": [25, 10], "uv_size": [-2, 1]},
								"west": {"uv": [25, 10], "uv_size": [-2, 1]},
								"up": {"uv": [23, 11], "uv_size": [2, -1]},
								"down": {"uv": [23, 11], "uv_size": [2, -1]}
							}
						},
						{
							"origin": [4.95, 29.45, -3.875],
							"size": [0.95, 1.45, 2],
							"inflate": -0.1,
							"pivot": [2.5, 24.6, 0.375],
							"rotation": [3.48606, 1.67458, -35.11847],
							"uv": {
								"north": {"uv": [26, 9], "uv_size": [-2, 2]},
								"east": {"uv": [26, 9], "uv_size": [-2, 2]},
								"south": {"uv": [26, 9], "uv_size": [-2, 2]},
								"west": {"uv": [26, 9], "uv_size": [-2, 2]},
								"up": {"uv": [24, 11], "uv_size": [2, -2]},
								"down": {"uv": [24, 11], "uv_size": [2, -2]}
							}
						},
						{
							"origin": [-7.175, 24.875, -4.175],
							"size": [0.9, 1.9, 2],
							"inflate": -0.1,
							"pivot": [-0.2, 24, 0.075],
							"rotation": [0, 0, 87],
							"uv": {
								"north": {"uv": [24, 12], "uv_size": [1, 2]},
								"east": {"uv": [24, 12], "uv_size": [1, 2]},
								"south": {"uv": [24, 12], "uv_size": [1, 2]},
								"west": {"uv": [24, 12], "uv_size": [1, 2]},
								"up": {"uv": [25, 14], "uv_size": [-1, -2]},
								"down": {"uv": [25, 14], "uv_size": [-1, -2]}
							}
						},
						{
							"origin": [-2.25, 30.35, -4.25],
							"size": [4, 1.95, 2],
							"inflate": -0.1,
							"uv": {
								"north": {"uv": [10, 5], "uv_size": [4, 1]},
								"east": {"uv": [10, 5], "uv_size": [4, 1]},
								"south": {"uv": [10, 5], "uv_size": [4, 1]},
								"west": {"uv": [10, 5], "uv_size": [4, 1]},
								"up": {"uv": [14, 6], "uv_size": [-4, -1]},
								"down": {"uv": [14, 6], "uv_size": [-4, -1]}
							}
						},
						{
							"origin": [-2.25, 30.575, -4.25],
							"size": [1.6, 1.95, 2],
							"inflate": -0.125,
							"pivot": [0, 24, 0],
							"rotation": [0, 0, -9],
							"uv": {
								"north": {"uv": [10, 5], "uv_size": [1, 1]},
								"east": {"uv": [10, 5], "uv_size": [1, 1]},
								"south": {"uv": [10, 5], "uv_size": [1, 1]},
								"west": {"uv": [10, 5], "uv_size": [1, 1]},
								"up": {"uv": [11, 6], "uv_size": [-1, -1]},
								"down": {"uv": [11, 6], "uv_size": [-1, -1]}
							}
						},
						{"origin": [0.75, 27.7, -4.15], "size": [2.7, 0.85, 2], "inflate": -0.1, "pivot": [0, 23.85, 0], "rotation": [0, 0, -5], "uv": [24, 8], "mirror": true},
						{"origin": [-1, 25.95, -4.2], "size": [1.95, 0.85, 2], "inflate": -0.1, "pivot": [0, 23.85, 0], "rotation": [0, 0, 17.5], "uv": [24, 8], "mirror": true},
						{"origin": [-1.525, 25.7, -4.2], "size": [0.95, 0.85, 2], "inflate": -0.1, "pivot": [0, 23.85, 0], "rotation": [0, 0, 63], "uv": [24, 8], "mirror": true},
						{"origin": [0.225, 25.775, -4.2], "size": [0.55, 0.775, 2], "inflate": -0.125, "pivot": [0, 23.85, 0], "rotation": [0, 0, 34.25], "uv": [24, 8], "mirror": true},
						{"origin": [-0.775, 25.775, -4.2], "size": [0.55, 0.775, 2], "inflate": -0.125, "pivot": [0, 23.85, 0], "rotation": [0, 0, -34.25], "uv": [24, 8]},
						{"origin": [-0.2, 25.425, -4.125], "size": [0.95, 0.85, 2], "inflate": -0.1, "pivot": [0, 23.85, 0], "rotation": [0, 0, 63], "uv": [24, 8], "mirror": true},
						{"origin": [1.325, 23.85, -4.125], "size": [2.8, 0.95, 0.4], "inflate": -0.1, "uv": [26, 10], "mirror": true},
						{"origin": [-4.125, 23.85, -4.125], "size": [2.8, 0.95, 0.4], "inflate": -0.1, "uv": [26, 10]},
						{"origin": [-0.75, 25.425, -4.125], "size": [0.95, 0.85, 2], "inflate": -0.1, "pivot": [0, 23.85, 0], "rotation": [0, 0, -63], "uv": [24, 8]},
						{"origin": [0.575, 25.7, -4.2], "size": [0.95, 0.85, 2], "inflate": -0.1, "pivot": [0, 23.85, 0], "rotation": [0, 0, -63], "uv": [24, 8]},
						{"origin": [-0.95, 25.95, -4.2], "size": [1.95, 0.85, 2], "inflate": -0.1, "pivot": [0, 23.85, 0], "rotation": [0, 0, -17.5], "uv": [24, 8]},
						{
							"origin": [1.6, 28.475, -4.175],
							"size": [1, 0.925, 2],
							"inflate": -0.15,
							"pivot": [0, 23.85, 0],
							"rotation": [0, 0, 13],
							"uv": {
								"north": {"uv": [29, 10], "uv_size": [-3, 2]},
								"east": {"uv": [29, 10], "uv_size": [-3, 2]},
								"south": {"uv": [29, 10], "uv_size": [-3, 2]},
								"west": {"uv": [29, 10], "uv_size": [-3, 2]},
								"up": {"uv": [26, 12], "uv_size": [3, -2]},
								"down": {"uv": [26, 12], "uv_size": [3, -2]}
							}
						},
						{
							"origin": [0.95, 26.925, -4.125],
							"size": [1.25, 1.125, 1.9],
							"inflate": -0.1,
							"uv": {
								"north": {"uv": [125, 15], "uv_size": [-5, 5]},
								"east": {"uv": [125, 15], "uv_size": [-5, 5]},
								"south": {"uv": [125, 15], "uv_size": [-5, 5]},
								"west": {"uv": [125, 15], "uv_size": [-5, 5]},
								"up": {"uv": [120, 20], "uv_size": [5, -5]},
								"down": {"uv": [120, 20], "uv_size": [5, -5]}
							}
						},
						{
							"origin": [-3.9, 27.2, -4.125],
							"size": [1.7, 1.325, 1.9],
							"inflate": -0.1,
							"pivot": [-1, 24, 0],
							"rotation": [0, 0, 22.5],
							"uv": {
								"north": {"uv": [93, 26], "uv_size": [-2, 2]},
								"east": {"uv": [93, 26], "uv_size": [-2, 2]},
								"south": {"uv": [93, 26], "uv_size": [-2, 2]},
								"west": {"uv": [93, 26], "uv_size": [-2, 2]},
								"up": {"uv": [91, 28], "uv_size": [2, -2]},
								"down": {"uv": [91, 28], "uv_size": [2, -2]}
							}
						},
						{
							"origin": [-3.825, 23.15, -4.125],
							"size": [1.5, 0.825, 1.9],
							"inflate": -0.1,
							"pivot": [-1, 24, 0],
							"rotation": [0, 0, 45],
							"uv": {
								"north": {"uv": [13, 5], "uv_size": [-2, 2]},
								"east": {"uv": [13, 5], "uv_size": [-2, 2]},
								"south": {"uv": [13, 5], "uv_size": [-2, 2]},
								"west": {"uv": [13, 5], "uv_size": [-2, 2]},
								"up": {"uv": [11, 7], "uv_size": [2, -2]},
								"down": {"uv": [11, 7], "uv_size": [2, -2]}
							}
						},
						{
							"origin": [2.325, 23.15, -4.125],
							"size": [1.5, 0.825, 1.9],
							"inflate": -0.1,
							"pivot": [1, 24, 0],
							"rotation": [0, 0, -45],
							"uv": {
								"north": {"uv": [11, 5], "uv_size": [2, 2]},
								"east": {"uv": [11, 5], "uv_size": [2, 2]},
								"south": {"uv": [11, 5], "uv_size": [2, 2]},
								"west": {"uv": [11, 5], "uv_size": [2, 2]},
								"up": {"uv": [13, 7], "uv_size": [-2, -2]},
								"down": {"uv": [13, 7], "uv_size": [-2, -2]}
							}
						},
						{
							"origin": [-4.35, 25.5, -4.15],
							"size": [1.25, 1.425, 1.925],
							"inflate": -0.1,
							"pivot": [-1, 24, 0],
							"rotation": [0, 0, 6.5],
							"uv": {
								"north": {"uv": [93, 26], "uv_size": [-2, 2]},
								"east": {"uv": [93, 26], "uv_size": [-2, 2]},
								"south": {"uv": [93, 26], "uv_size": [-2, 2]},
								"west": {"uv": [93, 26], "uv_size": [-2, 2]},
								"up": {"uv": [91, 28], "uv_size": [2, -2]},
								"down": {"uv": [91, 28], "uv_size": [2, -2]}
							}
						},
						{
							"origin": [-4.8, 27.7, -4.125],
							"size": [2.15, 1.325, 1.9],
							"inflate": -0.1,
							"pivot": [-1, 24, 0],
							"rotation": [0, 0, 10],
							"uv": {
								"north": {"uv": [93, 26], "uv_size": [-2, 2]},
								"east": {"uv": [93, 26], "uv_size": [-2, 2]},
								"south": {"uv": [93, 26], "uv_size": [-2, 2]},
								"west": {"uv": [93, 26], "uv_size": [-2, 2]},
								"up": {"uv": [91, 28], "uv_size": [2, -2]},
								"down": {"uv": [91, 28], "uv_size": [2, -2]}
							}
						},
						{
							"origin": [16.1, 22.725, -4.125],
							"size": [2.725, 1.375, 1.9],
							"inflate": -0.1,
							"pivot": [-1, -24, 0],
							"rotation": [0, 0, -22.5],
							"uv": {
								"north": {"uv": [93, 28], "uv_size": [-2, -2]},
								"east": {"uv": [93, 28], "uv_size": [-2, -2]},
								"south": {"uv": [93, 28], "uv_size": [-2, -2]},
								"west": {"uv": [93, 28], "uv_size": [-2, -2]},
								"up": {"uv": [91, 26], "uv_size": [2, 2]},
								"down": {"uv": [91, 26], "uv_size": [2, 2]}
							}
						},
						{
							"origin": [-1.2, 24.925, -4.15],
							"size": [2.25, 1.125, 1.9],
							"inflate": -0.1,
							"uv": {
								"north": {"uv": [116, 10], "uv_size": [-2, 1]},
								"east": {"uv": [116, 10], "uv_size": [-2, 1]},
								"south": {"uv": [116, 10], "uv_size": [-2, 1]},
								"west": {"uv": [116, 10], "uv_size": [-2, 1]},
								"up": {"uv": [114, 11], "uv_size": [2, -1]},
								"down": {"uv": [114, 11], "uv_size": [2, -1]}
							}
						},
						{
							"origin": [-0.5, 24.35, -4.15],
							"size": [1, 0.25, 2],
							"uv": {
								"north": {"uv": [11, 8], "uv_size": [2, 1]},
								"east": {"uv": [11, 8], "uv_size": [2, 1]},
								"south": {"uv": [11, 8], "uv_size": [2, 1]},
								"west": {"uv": [11, 8], "uv_size": [2, 1]},
								"up": {"uv": [13, 9], "uv_size": [-2, -1]},
								"down": {"uv": [13, 9], "uv_size": [-2, -1]}
							}
						},
						{
							"origin": [-0.5, 24.1, -4.15],
							"size": [1, 0.5, 2],
							"inflate": -0.1,
							"uv": {
								"north": {"uv": [11, 8], "uv_size": [2, 1]},
								"east": {"uv": [11, 8], "uv_size": [2, 1]},
								"south": {"uv": [11, 8], "uv_size": [2, 1]},
								"west": {"uv": [11, 8], "uv_size": [2, 1]},
								"up": {"uv": [13, 9], "uv_size": [-2, -1]},
								"down": {"uv": [13, 9], "uv_size": [-2, -1]}
							}
						},
						{"origin": [3.975, 21.875, -3.15], "size": [0.05, 1.4, 1], "pivot": [0, 24, 0], "rotation": [-45, 0, 0], "uv": [9, 6]},
						{"origin": [-4.025, 21.875, -3.15], "size": [0.05, 1.4, 1], "pivot": [0, 24, 0], "rotation": [-45, 0, 0], "uv": [9, 6], "mirror": true},
						{
							"origin": [-4.25, 24.5, -3],
							"size": [1, 1.5, 7.25],
							"pivot": [0, 24, 0],
							"rotation": [0, 0, -9.5],
							"uv": {
								"north": {"uv": [114, 58], "uv_size": [-8, 3]},
								"east": {"uv": [114, 58], "uv_size": [-8, 3]},
								"south": {"uv": [114, 58], "uv_size": [-8, 3]},
								"west": {"uv": [114, 58], "uv_size": [-8, 3]},
								"up": {"uv": [106, 61], "uv_size": [8, -3]},
								"down": {"uv": [106, 61], "uv_size": [8, -3]}
							}
						},
						{
							"origin": [3.25, 24.5, -3],
							"size": [1, 1.5, 7.25],
							"pivot": [0, 24, 0],
							"rotation": [0, 0, 9.5],
							"uv": {
								"north": {"uv": [106, 58], "uv_size": [8, 3]},
								"east": {"uv": [106, 58], "uv_size": [8, 3]},
								"south": {"uv": [106, 58], "uv_size": [8, 3]},
								"west": {"uv": [106, 58], "uv_size": [8, 3]},
								"up": {"uv": [114, 61], "uv_size": [-8, -3]},
								"down": {"uv": [114, 61], "uv_size": [-8, -3]}
							}
						},
						{
							"origin": [-4.25, 23.9, -4],
							"size": [4, 1.5, 8.25],
							"inflate": 0.1,
							"pivot": [0, 24, 0],
							"rotation": [0, 90, 0],
							"uv": {
								"north": {"uv": [114, 58], "uv_size": [-8, 3]},
								"east": {"uv": [114, 58], "uv_size": [-8, 3]},
								"south": {"uv": [114, 58], "uv_size": [-8, 3]},
								"west": {"uv": [114, 58], "uv_size": [-8, 3]},
								"up": {"uv": [106, 61], "uv_size": [8, -3]},
								"down": {"uv": [106, 61], "uv_size": [8, -3]}
							}
						}
					]
				},
				{
					"name": "bone",
					"parent": "armorHead",
					"pivot": [0.6, 24.5, 0],
					"rotation": [0, 0, -9],
					"cubes": [
						{"origin": [-5.35, 25.95, -5.85], "size": [5.75, 3.95, 3.9], "inflate": -1.7, "pivot": [0.6, 24.5, 0], "rotation": [0, 0, 16], "uv": [93, 22], "mirror": true},
						{
							"origin": [-4.475, 25.825, -5.75],
							"size": [5.725, 4.525, 3.6],
							"inflate": -1.7,
							"uv": {
								"north": {"uv": [111, 32], "uv_size": [-10, 5]},
								"east": {"uv": [111, 32], "uv_size": [-10, 5]},
								"south": {"uv": [111, 32], "uv_size": [-10, 5]},
								"west": {"uv": [111, 32], "uv_size": [-10, 5]},
								"up": {"uv": [101, 37], "uv_size": [10, -5]},
								"down": {"uv": [101, 37], "uv_size": [10, -5]}
							}
						},
						{"origin": [-7.11195, 27.4792, -5.8], "size": [3.8, 4.675, 3.9], "inflate": -1.7, "pivot": [-6.01195, 25.1542, 0], "rotation": [0, 0, 34.5], "uv": [95, 22]},
						{"origin": [-4.86195, 28.0792, -5.8], "size": [3.8, 4.675, 3.9], "inflate": -1.7, "pivot": [-6.01195, 25.1542, 0], "rotation": [0, 0, 34.5], "uv": [95, 22]},
						{"origin": [-2.2, 26.9, -5.8], "size": [3.8, 4.475, 3.9], "inflate": -1.7, "pivot": [0.6, 24.5, 0], "rotation": [0, 0, -34.5], "uv": [95, 22], "mirror": true},
						{"origin": [-4.6, 25.225, -5.85], "size": [5.6, 3.875, 3.95], "inflate": -1.7, "pivot": [0.6, 24.5, 0], "rotation": [0, 0, 6], "uv": [95, 22], "mirror": true}
					]
				},
				{
					"name": "bipedBody",
					"pivot": [0, 24, 0]
				},
				{
					"name": "armorBody",
					"parent": "bipedBody",
					"pivot": [0, 24, 0]
				},
				{
					"name": "bodyTop",
					"parent": "armorBody",
					"pivot": [0, 24, 0],
					"cubes": [
						{"origin": [-4, 18, -2], "size": [8, 6, 4], "uv": [16, 16]},
						{
							"origin": [-3, 18.45, -2.05],
							"size": [6.05, 0.8, 2.4],
							"uv": {
								"north": {"uv": [123, 12], "uv_size": [-3, -2]},
								"east": {"uv": [123, 11], "uv_size": [-4, -2]},
								"south": {"uv": [123, 11], "uv_size": [-4, -2]},
								"west": {"uv": [123, 11], "uv_size": [-4, -2]},
								"up": {"uv": [119, 9], "uv_size": [4, 2]},
								"down": {"uv": [119, 9], "uv_size": [4, 2]}
							}
						},
						{
							"origin": [-3, 22.95, -2.05],
							"size": [6.05, 0.8, 2.4],
							"uv": {
								"north": {"uv": [119, 11], "uv_size": [-4, 2]},
								"east": {"uv": [119, 11], "uv_size": [-4, 2]},
								"south": {"uv": [119, 11], "uv_size": [-4, 2]},
								"west": {"uv": [119, 11], "uv_size": [-4, 2]},
								"up": {"uv": [115, 13], "uv_size": [4, -2]},
								"down": {"uv": [115, 13], "uv_size": [4, -2]}
							}
						},
						{
							"origin": [-3.85, 19.15, -2.25],
							"size": [3.8, 4.05, 2.4],
							"uv": {
								"north": {"uv": [116, 10], "uv_size": [8, 4]},
								"east": {"uv": [125, 11], "uv_size": [-4, 2]},
								"south": {"uv": [125, 11], "uv_size": [-4, 2]},
								"west": {"uv": [125, 11], "uv_size": [-4, 2]},
								"up": {"uv": [121, 13], "uv_size": [4, -2]},
								"down": {"uv": [121, 13], "uv_size": [4, -2]}
							}
						},
						{
							"origin": [0.05, 19.15, -2.25],
							"size": [3.8, 4.05, 2.4],
							"uv": {
								"north": {"uv": [124, 10], "uv_size": [-8, 4]},
								"east": {"uv": [121, 11], "uv_size": [4, 2]},
								"south": {"uv": [121, 11], "uv_size": [4, 2]},
								"west": {"uv": [121, 11], "uv_size": [4, 2]},
								"up": {"uv": [125, 13], "uv_size": [-4, -2]},
								"down": {"uv": [125, 13], "uv_size": [-4, -2]}
							}
						},
						{
							"origin": [2.15, 23.3, -2.35],
							"size": [1.775, 1.05, 4.6],
							"uv": {
								"north": {"uv": [91, 11], "uv_size": [3, 2]},
								"east": {"uv": [91, 11], "uv_size": [3, 2]},
								"south": {"uv": [91, 11], "uv_size": [3, 2]},
								"west": {"uv": [91, 11], "uv_size": [3, 2]},
								"up": {"uv": [94, 13], "uv_size": [-3, -2]},
								"down": {"uv": [94, 13], "uv_size": [-3, -2]}
							}
						},
						{
							"origin": [1.9, 19.825, -2.45],
							"size": [1.75, 6, 4.7],
							"inflate": -0.05,
							"pivot": [0, 24, 0],
							"rotation": [0, 0, 37],
							"uv": {
								"north": {"uv": [92, 7], "uv_size": [3, 6]},
								"east": {"uv": [92, 7], "uv_size": [3, 6]},
								"south": {"uv": [92, 7], "uv_size": [3, 6]},
								"west": {"uv": [92, 7], "uv_size": [3, 6]},
								"up": {"uv": [95, 13], "uv_size": [-3, -6]},
								"down": {"uv": [95, 13], "uv_size": [-3, -6]}
							}
						},
						{
							"origin": [2.15, 22.575, -2.6],
							"size": [1.25, 3, 4.55],
							"inflate": -0.05,
							"pivot": [0, 24, 0],
							"rotation": [0, 0, 37],
							"uv": {
								"north": {"uv": [89, 4], "uv_size": [4, 7]},
								"east": {"uv": [89, 4], "uv_size": [4, 7]},
								"south": {"uv": [89, 4], "uv_size": [4, 7]},
								"west": {"uv": [89, 4], "uv_size": [4, 7]},
								"up": {"uv": [93, 11], "uv_size": [-4, -7]},
								"down": {"uv": [93, 11], "uv_size": [-4, -7]}
							}
						},
						{
							"origin": [1.975, 15.575, -2.45],
							"size": [1.25, 3.1, 4.4],
							"inflate": -0.05,
							"pivot": [0, 24, 0],
							"rotation": [0, 0, 37],
							"uv": {
								"north": {"uv": [89, 4], "uv_size": [4, 7]},
								"east": {"uv": [89, 4], "uv_size": [4, 7]},
								"south": {"uv": [89, 4], "uv_size": [4, 7]},
								"west": {"uv": [89, 4], "uv_size": [4, 7]},
								"up": {"uv": [93, 11], "uv_size": [-4, -7]},
								"down": {"uv": [93, 11], "uv_size": [-4, -7]}
							}
						},
						{
							"origin": [-27, 5.375, -2.35],
							"size": [1.5, 5.5, 4.6],
							"inflate": -0.05,
							"pivot": [0, -24, 0],
							"rotation": [0, 0, 37],
							"uv": {
								"north": {"uv": [95, 13], "uv_size": [-3, -6]},
								"east": {"uv": [95, 13], "uv_size": [-3, -6]},
								"south": {"uv": [95, 13], "uv_size": [-3, -6]},
								"west": {"uv": [95, 13], "uv_size": [-3, -6]},
								"up": {"uv": [92, 7], "uv_size": [3, 6]},
								"down": {"uv": [92, 7], "uv_size": [3, 6]}
							}
						},
						{
							"origin": [25.5, 5.375, -2.35],
							"size": [1.5, 5, 4.6],
							"inflate": -0.05,
							"pivot": [0, -24, 0],
							"rotation": [0, 0, -37],
							"uv": {
								"north": {"uv": [92, 13], "uv_size": [3, -6]},
								"east": {"uv": [92, 13], "uv_size": [3, -6]},
								"south": {"uv": [92, 13], "uv_size": [3, -6]},
								"west": {"uv": [92, 13], "uv_size": [3, -6]},
								"up": {"uv": [95, 7], "uv_size": [-3, 6]},
								"down": {"uv": [95, 7], "uv_size": [-3, 6]}
							}
						},
						{
							"origin": [38.8, -28.15, -2.35],
							"size": [1.5, 1.5, 4.6],
							"inflate": -0.075,
							"pivot": [0, -24, 0],
							"rotation": [0, 0, -90],
							"uv": {
								"north": {"uv": [92, 13], "uv_size": [3, -6]},
								"east": {"uv": [92, 13], "uv_size": [3, -6]},
								"south": {"uv": [92, 13], "uv_size": [3, -6]},
								"west": {"uv": [92, 13], "uv_size": [3, -6]},
								"up": {"uv": [95, 7], "uv_size": [-3, 6]},
								"down": {"uv": [95, 7], "uv_size": [-3, 6]}
							}
						},
						{
							"origin": [-40.3, -28.15, -2.35],
							"size": [1.5, 1.5, 4.6],
							"inflate": -0.075,
							"pivot": [0, -24, 0],
							"rotation": [0, 0, 90],
							"uv": {
								"north": {"uv": [95, 13], "uv_size": [-3, -6]},
								"east": {"uv": [95, 13], "uv_size": [-3, -6]},
								"south": {"uv": [95, 13], "uv_size": [-3, -6]},
								"west": {"uv": [95, 13], "uv_size": [-3, -6]},
								"up": {"uv": [92, 7], "uv_size": [3, 6]},
								"down": {"uv": [92, 7], "uv_size": [3, 6]}
							}
						},
						{
							"origin": [-1, 18.75, -2.875],
							"size": [2, 2, 2],
							"inflate": -0.25,
							"uv": {
								"north": {"uv": [94, 33], "uv_size": [5, 5]},
								"east": {"uv": [94, 33], "uv_size": [5, 5]},
								"south": {"uv": [94, 33], "uv_size": [5, 5]},
								"west": {"uv": [94, 33], "uv_size": [5, 5]},
								"up": {"uv": [99, 38], "uv_size": [-5, -5]},
								"down": {"uv": [99, 38], "uv_size": [-5, -5]}
							}
						},
						{
							"origin": [-1, 18.75, -3.175],
							"size": [2, 2, 2],
							"inflate": -0.5,
							"uv": {
								"north": {"uv": [94, 33], "uv_size": [5, 5]},
								"east": {"uv": [94, 33], "uv_size": [5, 5]},
								"south": {"uv": [94, 33], "uv_size": [5, 5]},
								"west": {"uv": [94, 33], "uv_size": [5, 5]},
								"up": {"uv": [99, 38], "uv_size": [-5, -5]},
								"down": {"uv": [99, 38], "uv_size": [-5, -5]}
							}
						},
						{
							"origin": [-1, 18.9, -2.45],
							"size": [2, 1.7, 2],
							"inflate": 0.1,
							"uv": {
								"north": {"uv": [83, 17], "uv_size": [4, 4]},
								"east": {"uv": [83, 17], "uv_size": [4, 4]},
								"south": {"uv": [83, 17], "uv_size": [4, 4]},
								"west": {"uv": [83, 17], "uv_size": [4, 4]},
								"up": {"uv": [87, 21], "uv_size": [-4, -4]},
								"down": {"uv": [87, 21], "uv_size": [-4, -4]}
							}
						},
						{
							"origin": [1.2, 18.75, -2.25],
							"size": [0, 2, 2],
							"inflate": 0.2,
							"uv": {
								"north": {"uv": [92, 25], "uv_size": [3, 4]},
								"east": {"uv": [92, 25], "uv_size": [3, 4]},
								"south": {"uv": [92, 25], "uv_size": [3, 4]},
								"west": {"uv": [92, 25], "uv_size": [3, 4]},
								"up": {"uv": [95, 29], "uv_size": [-3, -4]},
								"down": {"uv": [95, 29], "uv_size": [-3, -4]}
							}
						},
						{
							"origin": [1.3, 18.65, -2.25],
							"size": [0, 2.2, 2],
							"inflate": 0.175,
							"uv": {
								"north": {"uv": [84, 17], "uv_size": [3, 4]},
								"east": {"uv": [84, 17], "uv_size": [3, 4]},
								"south": {"uv": [84, 17], "uv_size": [3, 4]},
								"west": {"uv": [84, 17], "uv_size": [3, 4]},
								"up": {"uv": [87, 21], "uv_size": [-3, -4]},
								"down": {"uv": [87, 21], "uv_size": [-3, -4]}
							}
						},
						{
							"origin": [-1.3, 18.65, -2.25],
							"size": [0, 2.2, 2],
							"inflate": 0.175,
							"uv": {
								"north": {"uv": [87, 17], "uv_size": [-3, 4]},
								"east": {"uv": [87, 17], "uv_size": [-3, 4]},
								"south": {"uv": [87, 17], "uv_size": [-3, 4]},
								"west": {"uv": [87, 17], "uv_size": [-3, 4]},
								"up": {"uv": [84, 21], "uv_size": [3, -4]},
								"down": {"uv": [84, 21], "uv_size": [3, -4]}
							}
						},
						{
							"origin": [-1.2, 18.75, -2.25],
							"size": [0, 2, 2],
							"inflate": 0.2,
							"uv": {
								"north": {"uv": [95, 25], "uv_size": [-3, 4]},
								"east": {"uv": [95, 25], "uv_size": [-3, 4]},
								"south": {"uv": [95, 25], "uv_size": [-3, 4]},
								"west": {"uv": [95, 25], "uv_size": [-3, 4]},
								"up": {"uv": [92, 29], "uv_size": [3, -4]},
								"down": {"uv": [92, 29], "uv_size": [3, -4]}
							}
						},
						{
							"origin": [3.1, 23, -2.25],
							"size": [0, 2, 2],
							"inflate": 0.2,
							"pivot": [0, 24, 0.1],
							"rotation": [0, 0, 90],
							"uv": {
								"north": {"uv": [95, 25], "uv_size": [-3, 4]},
								"east": {"uv": [95, 25], "uv_size": [-3, 4]},
								"south": {"uv": [95, 25], "uv_size": [-3, 4]},
								"west": {"uv": [95, 25], "uv_size": [-3, 4]},
								"up": {"uv": [92, 29], "uv_size": [3, -4]},
								"down": {"uv": [92, 29], "uv_size": [3, -4]}
							}
						},
						{
							"origin": [3, 22.9, -2.25],
							"size": [0, 2.2, 2],
							"inflate": 0.175,
							"pivot": [0, 24, 0.1],
							"rotation": [0, 0, 90],
							"uv": {
								"north": {"uv": [94, 17], "uv_size": [-3, 4]},
								"east": {"uv": [94, 17], "uv_size": [-3, 4]},
								"south": {"uv": [94, 17], "uv_size": [-3, 4]},
								"west": {"uv": [94, 17], "uv_size": [-3, 4]},
								"up": {"uv": [91, 21], "uv_size": [3, -4]},
								"down": {"uv": [91, 21], "uv_size": [3, -4]}
							}
						},
						{
							"origin": [5.45, 22.9, -2.25],
							"size": [0, 2.2, 2],
							"inflate": 0.175,
							"pivot": [0, 24, 0.1],
							"rotation": [0, 0, 90],
							"uv": {
								"north": {"uv": [94, 17], "uv_size": [-3, 4]},
								"east": {"uv": [94, 17], "uv_size": [-3, 4]},
								"south": {"uv": [94, 17], "uv_size": [-3, 4]},
								"west": {"uv": [94, 17], "uv_size": [-3, 4]},
								"up": {"uv": [91, 21], "uv_size": [3, -4]},
								"down": {"uv": [91, 21], "uv_size": [3, -4]}
							}
						},
						{
							"origin": [5.35, 23, -2.25],
							"size": [0, 2, 2],
							"inflate": 0.2,
							"pivot": [0, 24, 0.1],
							"rotation": [0, 0, 90],
							"uv": {
								"north": {"uv": [95, 25], "uv_size": [-3, 4]},
								"east": {"uv": [95, 25], "uv_size": [-3, 4]},
								"south": {"uv": [95, 25], "uv_size": [-3, 4]},
								"west": {"uv": [95, 25], "uv_size": [-3, 4]},
								"up": {"uv": [92, 29], "uv_size": [3, -4]},
								"down": {"uv": [92, 29], "uv_size": [3, -4]}
							}
						},
						{
							"origin": [-0.75, 18.75, -2.45],
							"size": [1.5, 2, 2],
							"inflate": 0.1,
							"uv": {
								"north": {"uv": [83, 17], "uv_size": [4, 4]},
								"east": {"uv": [83, 17], "uv_size": [4, 4]},
								"south": {"uv": [83, 17], "uv_size": [4, 4]},
								"west": {"uv": [83, 17], "uv_size": [4, 4]},
								"up": {"uv": [87, 21], "uv_size": [-4, -4]},
								"down": {"uv": [87, 21], "uv_size": [-4, -4]}
							}
						},
						{
							"origin": [-1.225, 18.75, -2.95],
							"size": [2.45, 2, 2.075],
							"inflate": -0.35,
							"uv": {
								"north": {"uv": [94, 33], "uv_size": [5, 5]},
								"east": {"uv": [94, 33], "uv_size": [5, 5]},
								"south": {"uv": [94, 33], "uv_size": [5, 5]},
								"west": {"uv": [94, 33], "uv_size": [5, 5]},
								"up": {"uv": [99, 38], "uv_size": [-5, -5]},
								"down": {"uv": [99, 38], "uv_size": [-5, -5]}
							}
						},
						{
							"origin": [-1, 18.55, -2.95],
							"size": [2, 2.4, 2.075],
							"inflate": -0.35,
							"uv": {
								"north": {"uv": [94, 33], "uv_size": [5, 5]},
								"east": {"uv": [94, 33], "uv_size": [5, 5]},
								"south": {"uv": [94, 33], "uv_size": [5, 5]},
								"west": {"uv": [94, 33], "uv_size": [5, 5]},
								"up": {"uv": [99, 38], "uv_size": [-5, -5]},
								"down": {"uv": [99, 38], "uv_size": [-5, -5]}
							}
						},
						{"origin": [1.85, 13.25, -2.6], "size": [2.25, 11, 4.85], "uv": [111, 58], "mirror": true},
						{
							"origin": [3.95, 13.75, -2.5],
							"size": [2.35, 0.8, 4.85],
							"inflate": -0.1,
							"pivot": [0, 24, 0],
							"rotation": [0, 0, 12],
							"uv": {
								"north": {"uv": [125, 62], "uv_size": [-4, 2]},
								"east": {"uv": [125, 62], "uv_size": [-4, 2]},
								"south": {"uv": [125, 62], "uv_size": [-4, 2]},
								"west": {"uv": [125, 62], "uv_size": [-4, 2]},
								"up": {"uv": [121, 64], "uv_size": [4, -2]},
								"down": {"uv": [121, 64], "uv_size": [4, -2]}
							}
						},
						{
							"origin": [-6.3, 13.75, -2.5],
							"size": [2.35, 0.8, 4.85],
							"inflate": -0.1,
							"pivot": [0, 24, 0],
							"rotation": [0, 0, -12],
							"uv": {
								"north": {"uv": [121, 62], "uv_size": [4, 2]},
								"east": {"uv": [121, 62], "uv_size": [4, 2]},
								"south": {"uv": [121, 62], "uv_size": [4, 2]},
								"west": {"uv": [121, 62], "uv_size": [4, 2]},
								"up": {"uv": [125, 64], "uv_size": [-4, -2]},
								"down": {"uv": [125, 64], "uv_size": [-4, -2]}
							}
						},
						{"origin": [-4.1, 13.25, -2.6], "size": [2.25, 11, 4.85], "uv": [111, 58]},
						{"origin": [-3.15, 12.875, 1.25], "size": [6.25, 11.475, 1.25], "uv": [111, 61], "mirror": true}
					]
				},
				{
					"name": "bodyBottom",
					"parent": "armorBody",
					"pivot": [0, 24, 0],
					"cubes": [
						{"origin": [-4, 12, -2], "size": [8, 6, 4], "uv": [16, 22]},
						{
							"origin": [-2.05, 15.15, -2.05],
							"size": [1.85, 0.8, 2.4],
							"uv": {
								"north": {"uv": [123, 10], "uv_size": [2, 2]},
								"east": {"uv": [125, 10], "uv_size": [-2, 2]},
								"south": {"uv": [125, 10], "uv_size": [-2, 2]},
								"west": {"uv": [125, 10], "uv_size": [-2, 2]},
								"up": {"uv": [123, 12], "uv_size": [2, -2]},
								"down": {"uv": [123, 12], "uv_size": [2, -2]}
							}
						},
						{
							"origin": [0.2, 15.15, -2.05],
							"size": [1.85, 0.8, 2.4],
							"uv": {
								"north": {"uv": [125, 10], "uv_size": [-2, 2]},
								"east": {"uv": [123, 10], "uv_size": [2, 2]},
								"south": {"uv": [123, 10], "uv_size": [2, 2]},
								"west": {"uv": [123, 10], "uv_size": [2, 2]},
								"up": {"uv": [125, 12], "uv_size": [-2, -2]},
								"down": {"uv": [125, 12], "uv_size": [-2, -2]}
							}
						},
						{
							"origin": [-2.05, 16.15, -2.05],
							"size": [1.85, 0.8, 2.4],
							"uv": {
								"north": {"uv": [123, 10], "uv_size": [2, 2]},
								"east": {"uv": [125, 10], "uv_size": [-2, 2]},
								"south": {"uv": [125, 10], "uv_size": [-2, 2]},
								"west": {"uv": [125, 10], "uv_size": [-2, 2]},
								"up": {"uv": [123, 12], "uv_size": [2, -2]},
								"down": {"uv": [123, 12], "uv_size": [2, -2]}
							}
						},
						{
							"origin": [0.2, 16.15, -2.05],
							"size": [1.85, 0.8, 2.4],
							"uv": {
								"north": {"uv": [125, 10], "uv_size": [-2, 2]},
								"east": {"uv": [123, 10], "uv_size": [2, 2]},
								"south": {"uv": [123, 10], "uv_size": [2, 2]},
								"west": {"uv": [123, 10], "uv_size": [2, 2]},
								"up": {"uv": [125, 12], "uv_size": [-2, -2]},
								"down": {"uv": [125, 12], "uv_size": [-2, -2]}
							}
						},
						{
							"origin": [-2.05, 17.15, -2.05],
							"size": [1.85, 0.8, 2.4],
							"uv": {
								"north": {"uv": [123, 10], "uv_size": [2, 2]},
								"east": {"uv": [125, 10], "uv_size": [-2, 2]},
								"south": {"uv": [125, 10], "uv_size": [-2, 2]},
								"west": {"uv": [125, 10], "uv_size": [-2, 2]},
								"up": {"uv": [123, 12], "uv_size": [2, -2]},
								"down": {"uv": [123, 12], "uv_size": [2, -2]}
							}
						},
						{
							"origin": [0.2, 17.15, -2.05],
							"size": [1.85, 0.8, 2.4],
							"uv": {
								"north": {"uv": [125, 10], "uv_size": [-2, 2]},
								"east": {"uv": [123, 10], "uv_size": [2, 2]},
								"south": {"uv": [123, 10], "uv_size": [2, 2]},
								"west": {"uv": [123, 10], "uv_size": [2, 2]},
								"up": {"uv": [125, 12], "uv_size": [-2, -2]},
								"down": {"uv": [125, 12], "uv_size": [-2, -2]}
							}
						},
						{
							"origin": [-4.2, 12.475, -2.25],
							"size": [8.4, 1.4, 4.4],
							"inflate": -0.125,
							"uv": {
								"north": {"uv": [86, 12], "uv_size": [8, 2]},
								"east": {"uv": [86, 12], "uv_size": [8, 2]},
								"south": {"uv": [86, 12], "uv_size": [8, 2]},
								"west": {"uv": [86, 12], "uv_size": [8, 2]},
								"up": {"uv": [94, 14], "uv_size": [-8, -2]},
								"down": {"uv": [94, 14], "uv_size": [-8, -2]}
							}
						},
						{
							"origin": [-0.9, 12.475, -2.35],
							"size": [1.8, 1.4, 2.5],
							"inflate": -0.05,
							"uv": {
								"north": {"uv": [88, 18], "uv_size": [8, 2]},
								"east": {"uv": [88, 18], "uv_size": [8, 2]},
								"south": {"uv": [88, 18], "uv_size": [8, 2]},
								"west": {"uv": [88, 18], "uv_size": [8, 2]},
								"up": {"uv": [96, 20], "uv_size": [-8, -2]},
								"down": {"uv": [96, 20], "uv_size": [-8, -2]}
							}
						},
						{
							"origin": [2.9, 12.375, -2.3],
							"size": [0.55, 1.6, 4.5],
							"inflate": -0.125,
							"uv": {
								"north": {"uv": [7, 22], "uv_size": [1, 2]},
								"east": {"uv": [7, 22], "uv_size": [1, 2]},
								"south": {"uv": [7, 22], "uv_size": [1, 2]},
								"west": {"uv": [7, 22], "uv_size": [1, 2]},
								"up": {"uv": [8, 24], "uv_size": [-1, -2]},
								"down": {"uv": [8, 24], "uv_size": [-1, -2]}
							}
						},
						{
							"origin": [-3.45, 12.375, -2.3],
							"size": [0.55, 1.6, 4.5],
							"inflate": -0.125,
							"uv": {
								"north": {"uv": [8, 22], "uv_size": [-1, 2]},
								"east": {"uv": [8, 22], "uv_size": [-1, 2]},
								"south": {"uv": [8, 22], "uv_size": [-1, 2]},
								"west": {"uv": [8, 22], "uv_size": [-1, 2]},
								"up": {"uv": [7, 24], "uv_size": [1, -2]},
								"down": {"uv": [7, 24], "uv_size": [1, -2]}
							}
						},
						{
							"origin": [-1.95, 12.375, -2.3],
							"size": [0.55, 1.6, 4.5],
							"inflate": -0.125,
							"uv": {
								"north": {"uv": [8, 22], "uv_size": [-1, 2]},
								"east": {"uv": [8, 22], "uv_size": [-1, 2]},
								"south": {"uv": [8, 22], "uv_size": [-1, 2]},
								"west": {"uv": [8, 22], "uv_size": [-1, 2]},
								"up": {"uv": [7, 24], "uv_size": [1, -2]},
								"down": {"uv": [7, 24], "uv_size": [1, -2]}
							}
						},
						{
							"origin": [1.4, 12.375, -2.3],
							"size": [0.55, 1.6, 4.5],
							"inflate": -0.125,
							"uv": {
								"north": {"uv": [7, 22], "uv_size": [1, 2]},
								"east": {"uv": [7, 22], "uv_size": [1, 2]},
								"south": {"uv": [7, 22], "uv_size": [1, 2]},
								"west": {"uv": [7, 22], "uv_size": [1, 2]},
								"up": {"uv": [8, 24], "uv_size": [-1, -2]},
								"down": {"uv": [8, 24], "uv_size": [-1, -2]}
							}
						}
					]
				},
				{
					"name": "knife3",
					"parent": "bodyBottom",
					"pivot": [1.95, 13.45, -2],
					"rotation": [62.5, 0, 0],
					"cubes": [
						{
							"origin": [-4.6, 8.525, -4.6],
							"size": [0.65, 0.55, 1.125],
							"inflate": -0.025,
							"pivot": [1.95, 13.7, -2.175],
							"rotation": [22.5, 0, 0],
							"uv": {
								"north": {"uv": [93, 9], "uv_size": [-4, 3]},
								"east": {"uv": [93, 9], "uv_size": [-4, 3]},
								"south": {"uv": [93, 9], "uv_size": [-4, 3]},
								"west": {"uv": [93, 9], "uv_size": [-4, 3]},
								"up": {"uv": [89, 12], "uv_size": [4, -3]},
								"down": {"uv": [89, 12], "uv_size": [4, -3]}
							}
						},
						{
							"origin": [-4.9, 8.175, -2.725],
							"size": [0.65, 4.625, 1.4],
							"inflate": -0.25,
							"uv": {
								"north": {"uv": [93, 9], "uv_size": [-4, 6]},
								"east": {"uv": [93, 9], "uv_size": [-2, 6]},
								"south": {"uv": [93, 9], "uv_size": [-4, 6]},
								"west": {"uv": [93, 9], "uv_size": [-4, 6]},
								"up": {"uv": [89, 15], "uv_size": [4, -6]},
								"down": {"uv": [89, 15], "uv_size": [4, -6]}
							}
						},
						{
							"origin": [-4.6, 8.45, -2.625],
							"size": [0.65, 4.05, 1.2],
							"uv": {
								"north": {"uv": [93, 9], "uv_size": [-4, 6]},
								"east": {"uv": [93, 9], "uv_size": [-4, 6]},
								"south": {"uv": [93, 9], "uv_size": [-4, 6]},
								"west": {"uv": [93, 9], "uv_size": [-4, 6]},
								"up": {"uv": [89, 15], "uv_size": [4, -6]},
								"down": {"uv": [89, 15], "uv_size": [4, -6]}
							}
						},
						{
							"origin": [-4.6, 12.15, -2.2],
							"size": [0.65, 2.35, 0.7],
							"inflate": -0.025,
							"pivot": [1.95, 13.45, -2],
							"rotation": [-5.75, 0, 0],
							"uv": {
								"north": {"uv": [87, 16], "uv_size": [-3, 4]},
								"east": {"uv": [87, 16], "uv_size": [-3, 4]},
								"south": {"uv": [87, 16], "uv_size": [-3, 4]},
								"west": {"uv": [87, 16], "uv_size": [-3, 4]},
								"up": {"uv": [84, 20], "uv_size": [3, -4]},
								"down": {"uv": [84, 20], "uv_size": [3, -4]}
							}
						},
						{
							"origin": [-4.6, 12, -2.375],
							"size": [0.65, 1.85, 0.7],
							"inflate": -0.05,
							"pivot": [1.95, 13.45, -1.85],
							"rotation": [-4.5, 0, 0],
							"uv": {
								"north": {"uv": [87, 16], "uv_size": [-3, 4]},
								"east": {"uv": [87, 16], "uv_size": [-3, 4]},
								"south": {"uv": [87, 16], "uv_size": [-3, 4]},
								"west": {"uv": [87, 16], "uv_size": [-3, 4]},
								"up": {"uv": [84, 20], "uv_size": [3, -4]},
								"down": {"uv": [84, 20], "uv_size": [3, -4]}
							}
						},
						{
							"origin": [-4.6, 12.775, -2.325],
							"size": [0.65, 1.75, 0.6],
							"inflate": -0.075,
							"pivot": [1.95, 13.45, -1.85],
							"rotation": [14, 0, 0],
							"uv": {
								"north": {"uv": [87, 16], "uv_size": [-3, 4]},
								"east": {"uv": [87, 16], "uv_size": [-3, 4]},
								"south": {"uv": [87, 16], "uv_size": [-3, 4]},
								"west": {"uv": [87, 16], "uv_size": [-3, 4]},
								"up": {"uv": [84, 20], "uv_size": [3, -4]},
								"down": {"uv": [84, 20], "uv_size": [3, -4]}
							}
						},
						{
							"origin": [-4.6, 14.25, -2.225],
							"size": [0.65, 0.25, 0.9],
							"inflate": 0.025,
							"pivot": [1.95, 13.45, -2],
							"rotation": [11, 0, 0],
							"uv": {
								"north": {"uv": [76, 5], "uv_size": [-3, 2]},
								"east": {"uv": [76, 5], "uv_size": [-3, 2]},
								"south": {"uv": [76, 5], "uv_size": [-3, 2]},
								"west": {"uv": [76, 5], "uv_size": [-3, 2]},
								"up": {"uv": [73, 7], "uv_size": [3, -2]},
								"down": {"uv": [73, 7], "uv_size": [3, -2]}
							}
						}
					]
				},
				{
					"name": "bipedRightArm",
					"pivot": [-4, 22, 0]
				},
				{
					"name": "armorRightArm",
					"parent": "bipedRightArm",
					"pivot": [-4, 22, 0]
				},
				{
					"name": "rightArmtop",
					"parent": "armorRightArm",
					"pivot": [0, 24, 0],
					"cubes": [
						{"origin": [-8, 18, -2], "size": [4, 6, 4], "uv": [40, 16]},
						{
							"origin": [-7.6, 18.15, -2.25],
							"size": [3.3, 5.55, 4.4],
							"uv": {
								"north": {"uv": [47, 22], "uv_size": [-3, 4]},
								"east": {"uv": [48, 23], "uv_size": [-4, 2]},
								"south": {"uv": [48, 23], "uv_size": [-4, 2]},
								"west": {"uv": [48, 23], "uv_size": [-4, 2]},
								"up": {"uv": [44, 25], "uv_size": [4, -2]},
								"down": {"uv": [44, 25], "uv_size": [4, -2]}
							}
						},
						{
							"origin": [-8.2, 18.15, -1.85],
							"size": [3.3, 5.55, 3.6],
							"uv": {
								"north": {"uv": [48, 24], "uv_size": [-3, 3]},
								"east": {"uv": [48, 24], "uv_size": [-3, 3]},
								"south": {"uv": [48, 24], "uv_size": [-3, 3]},
								"west": {"uv": [48, 24], "uv_size": [-3, 3]},
								"up": {"uv": [48, 27], "uv_size": [-3, -3]},
								"down": {"uv": [45, 27], "uv_size": [3, -3]}
							}
						},
						{
							"origin": [-7.7, 18.65, -1.85],
							"size": [3.5, 5.55, 3.6],
							"uv": {
								"north": {"uv": [48, 24], "uv_size": [-3, 3]},
								"east": {"uv": [48, 24], "uv_size": [-3, 3]},
								"south": {"uv": [48, 24], "uv_size": [-3, 3]},
								"west": {"uv": [48, 24], "uv_size": [-3, 3]},
								"up": {"uv": [48, 27], "uv_size": [-3, -3]},
								"down": {"uv": [45, 27], "uv_size": [3, -3]}
							}
						}
					]
				},
				{
					"name": "rightArmBottom",
					"parent": "armorRightArm",
					"pivot": [-4, 22, 0],
					"cubes": [
						{
							"origin": [-8, 12, -2],
							"size": [4, 6, 4],
							"uv": {
								"north": {"uv": [44, 26], "uv_size": [4, 6]},
								"east": {"uv": [40, 26], "uv_size": [4, 6]},
								"south": {"uv": [52, 26], "uv_size": [4, 6]},
								"west": {"uv": [48, 26], "uv_size": [4, 6]},
								"up": {"uv": [44, 22], "uv_size": [4, 4]},
								"down": {"uv": [48, 20], "uv_size": [4, -4]}
							}
						},
						{
							"origin": [-8.1, 15.15, -2.025],
							"size": [4.2, 1, 4.05],
							"uv": {
								"north": {"uv": [87, 3], "uv_size": [-5, 2]},
								"east": {"uv": [87, 3], "uv_size": [-5, 2]},
								"south": {"uv": [87, 3], "uv_size": [-5, 2]},
								"west": {"uv": [87, 3], "uv_size": [-5, 2]},
								"up": {"uv": [82, 5], "uv_size": [5, -2]},
								"down": {"uv": [82, 5], "uv_size": [5, -2]}
							}
						},
						{
							"origin": [-8.1, 16.5, -2.025],
							"size": [4.2, 1, 4.05],
							"uv": {
								"north": {"uv": [87, 3], "uv_size": [-5, 2]},
								"east": {"uv": [87, 3], "uv_size": [-5, 2]},
								"south": {"uv": [87, 3], "uv_size": [-5, 2]},
								"west": {"uv": [87, 3], "uv_size": [-5, 2]},
								"up": {"uv": [82, 5], "uv_size": [5, -2]},
								"down": {"uv": [82, 5], "uv_size": [5, -2]}
							}
						},
						{
							"origin": [-8.2, 14.35, -2.35],
							"size": [2.55, 3.8, 4.675],
							"uv": {
								"north": {"uv": [95, 16], "uv_size": [-3, 4]},
								"east": {"uv": [92, 16], "uv_size": [3, 4]},
								"south": {"uv": [95, 16], "uv_size": [-3, 4]},
								"west": {"uv": [95, 16], "uv_size": [-3, 4]},
								"up": {"uv": [92, 20], "uv_size": [3, -4]},
								"down": {"uv": [92, 20], "uv_size": [3, -4]}
							}
						},
						{
							"origin": [-6.825, 14.175, -2.35],
							"size": [2.55, 2.05, 4.675],
							"inflate": -0.025,
							"pivot": [-4, 22, -0.2],
							"rotation": [0, 0, 10],
							"uv": {
								"north": {"uv": [95, 16], "uv_size": [-3, 4]},
								"east": {"uv": [92, 16], "uv_size": [3, 4]},
								"south": {"uv": [95, 16], "uv_size": [-3, 4]},
								"west": {"uv": [95, 16], "uv_size": [-3, 4]},
								"up": {"uv": [92, 20], "uv_size": [3, -4]},
								"down": {"uv": [92, 20], "uv_size": [3, -4]}
							}
						},
						{
							"origin": [-8.6, 16.55, -2.35],
							"size": [2.55, 2.05, 4.675],
							"inflate": -0.025,
							"pivot": [-4, 22, -0.2],
							"rotation": [0, 0, -8],
							"uv": {
								"north": {"uv": [95, 16], "uv_size": [-3, 4]},
								"east": {"uv": [92, 16], "uv_size": [3, 4]},
								"south": {"uv": [95, 16], "uv_size": [-3, 4]},
								"west": {"uv": [95, 16], "uv_size": [-3, 4]},
								"up": {"uv": [92, 20], "uv_size": [3, -4]},
								"down": {"uv": [92, 20], "uv_size": [3, -4]}
							}
						},
						{
							"origin": [-8.2, 15.1, -2.3],
							"size": [2.6, 3.3, 4.65],
							"uv": {
								"north": {"uv": [95, 16], "uv_size": [-3, 4]},
								"east": {"uv": [92, 16], "uv_size": [3, 4]},
								"south": {"uv": [95, 16], "uv_size": [-3, 4]},
								"west": {"uv": [95, 16], "uv_size": [-3, 4]},
								"up": {"uv": [92, 20], "uv_size": [3, -4]},
								"down": {"uv": [92, 20], "uv_size": [3, -4]}
							}
						},
						{
							"origin": [-8.1, 15.35, -2.15],
							"size": [1.7, 3.3, 4.3],
							"inflate": 0.25,
							"uv": {
								"north": {"uv": [95, 16], "uv_size": [-2, 4]},
								"east": {"uv": [92, 16], "uv_size": [3, 4]},
								"south": {"uv": [95, 16], "uv_size": [-3, 4]},
								"west": {"uv": [95, 16], "uv_size": [-3, 4]},
								"up": {"uv": [92, 20], "uv_size": [3, -4]},
								"down": {"uv": [92, 20], "uv_size": [3, -4]}
							}
						},
						{
							"origin": [-8.3, 16.6, -2.35],
							"size": [1.5, 2.8, 4.7],
							"uv": {
								"north": {"uv": [95, 16], "uv_size": [-2, 4]},
								"east": {"uv": [92, 16], "uv_size": [3, 4]},
								"south": {"uv": [95, 16], "uv_size": [-3, 4]},
								"west": {"uv": [95, 16], "uv_size": [-3, 4]},
								"up": {"uv": [92, 20], "uv_size": [3, -4]},
								"down": {"uv": [92, 20], "uv_size": [3, -4]}
							}
						},
						{
							"origin": [-7.8, 13.625, -1.15],
							"size": [1.5, 0.3, 2.3],
							"inflate": 0.25,
							"uv": {
								"north": {"uv": [34, 25], "uv_size": [-1, 1]},
								"east": {"uv": [32, 25], "uv_size": [2, 1]},
								"south": {"uv": [34, 25], "uv_size": [-2, 1]},
								"west": {"uv": [34, 25], "uv_size": [-2, 1]},
								"up": {"uv": [32, 26], "uv_size": [2, -1]},
								"down": {"uv": [32, 26], "uv_size": [2, -1]}
							}
						}
					]
				},
				{
					"name": "bipedLeftArm",
					"pivot": [4, 22, 0]
				},
				{
					"name": "armorLeftArm",
					"parent": "bipedLeftArm",
					"pivot": [4, 22, 0]
				},
				{
					"name": "leftArmTop",
					"parent": "armorLeftArm",
					"pivot": [4, 22, 0],
					"cubes": [
						{
							"origin": [4.3, 18.15, -2.25],
							"size": [3.3, 5.55, 4.4],
							"uv": {
								"north": {"uv": [44, 22], "uv_size": [3, 4]},
								"east": {"uv": [44, 23], "uv_size": [4, 2]},
								"south": {"uv": [44, 23], "uv_size": [4, 2]},
								"west": {"uv": [44, 23], "uv_size": [4, 2]},
								"up": {"uv": [48, 25], "uv_size": [-4, -2]},
								"down": {"uv": [48, 25], "uv_size": [-4, -2]}
							}
						},
						{
							"origin": [4.8, 19.2, -2.25],
							"size": [3.4, 5.05, 4.15],
							"inflate": 0.025,
							"uv": {
								"north": {"uv": [21, 66], "uv_size": [20, 30]},
								"east": {"uv": [2, 2], "uv_size": [4, 2]},
								"south": {"uv": [2, 2], "uv_size": [4, 2]},
								"west": {"uv": [41, 66], "uv_size": [23, 30]},
								"up": {"uv": [63, 48], "uv_size": [-19, 18]},
								"down": {"uv": [6, 4], "uv_size": [-4, -2]}
							}
						},
						{
							"origin": [4.9, 18.15, -1.85],
							"size": [3.3, 5.55, 3.6],
							"uv": {
								"north": {"uv": [45, 24], "uv_size": [3, 3]},
								"east": {"uv": [45, 24], "uv_size": [3, 3]},
								"south": {"uv": [45, 24], "uv_size": [3, 3]},
								"west": {"uv": [45, 24], "uv_size": [3, 3]},
								"up": {"uv": [45, 27], "uv_size": [3, -3]},
								"down": {"uv": [48, 27], "uv_size": [-3, -3]}
							}
						},
						{
							"origin": [4.2, 18.65, -1.85],
							"size": [3.5, 5.55, 3.6],
							"uv": {
								"north": {"uv": [45, 24], "uv_size": [3, 3]},
								"east": {"uv": [45, 24], "uv_size": [3, 3]},
								"south": {"uv": [45, 24], "uv_size": [3, 3]},
								"west": {"uv": [45, 24], "uv_size": [3, 3]},
								"up": {"uv": [45, 27], "uv_size": [3, -3]},
								"down": {"uv": [48, 27], "uv_size": [-3, -3]}
							}
						},
						{"origin": [4, 18, -2], "size": [4, 6, 4], "uv": [40, 16], "mirror": true}
					]
				},
				{
					"name": "leftArmBottom",
					"parent": "armorLeftArm",
					"pivot": [4, 22, 0],
					"cubes": [
						{
							"origin": [4, 12, -2],
							"size": [4, 6, 4],
							"uv": {
								"north": {"uv": [48, 26], "uv_size": [-4, 6]},
								"east": {"uv": [52, 26], "uv_size": [-4, 6]},
								"south": {"uv": [56, 26], "uv_size": [-4, 6]},
								"west": {"uv": [44, 26], "uv_size": [-4, 6]},
								"up": {"uv": [48, 22], "uv_size": [-4, 4]},
								"down": {"uv": [52, 20], "uv_size": [-4, -4]}
							}
						},
						{
							"origin": [3.9, 15.15, -2.025],
							"size": [4.2, 1, 4.05],
							"uv": {
								"north": {"uv": [82, 3], "uv_size": [5, 2]},
								"east": {"uv": [82, 3], "uv_size": [5, 2]},
								"south": {"uv": [82, 3], "uv_size": [5, 2]},
								"west": {"uv": [82, 3], "uv_size": [5, 2]},
								"up": {"uv": [87, 5], "uv_size": [-5, -2]},
								"down": {"uv": [87, 5], "uv_size": [-5, -2]}
							}
						},
						{
							"origin": [5.65, 14.35, -2.35],
							"size": [2.55, 3.8, 4.675],
							"uv": {
								"north": {"uv": [92, 16], "uv_size": [3, 4]},
								"east": {"uv": [92, 16], "uv_size": [3, 4]},
								"south": {"uv": [92, 16], "uv_size": [3, 4]},
								"west": {"uv": [95, 16], "uv_size": [-3, 4]},
								"up": {"uv": [95, 20], "uv_size": [-3, -4]},
								"down": {"uv": [95, 20], "uv_size": [-3, -4]}
							}
						},
						{
							"origin": [4.275, 14.175, -2.35],
							"size": [2.55, 2.05, 4.675],
							"inflate": -0.025,
							"pivot": [4, 22, -0.2],
							"rotation": [0, 0, -10],
							"uv": {
								"north": {"uv": [92, 16], "uv_size": [3, 4]},
								"east": {"uv": [92, 16], "uv_size": [3, 4]},
								"south": {"uv": [92, 16], "uv_size": [3, 4]},
								"west": {"uv": [95, 16], "uv_size": [-3, 4]},
								"up": {"uv": [95, 20], "uv_size": [-3, -4]},
								"down": {"uv": [95, 20], "uv_size": [-3, -4]}
							}
						},
						{
							"origin": [6.05, 16.55, -2.35],
							"size": [2.55, 2.05, 4.675],
							"inflate": -0.025,
							"pivot": [4, 22, -0.2],
							"rotation": [0, 0, 8],
							"uv": {
								"north": {"uv": [92, 16], "uv_size": [3, 4]},
								"east": {"uv": [92, 16], "uv_size": [3, 4]},
								"south": {"uv": [92, 16], "uv_size": [3, 4]},
								"west": {"uv": [95, 16], "uv_size": [-3, 4]},
								"up": {"uv": [95, 20], "uv_size": [-3, -4]},
								"down": {"uv": [95, 20], "uv_size": [-3, -4]}
							}
						},
						{
							"origin": [5.6, 15.1, -2.3],
							"size": [2.6, 3.3, 4.65],
							"uv": {
								"north": {"uv": [92, 16], "uv_size": [3, 4]},
								"east": {"uv": [92, 16], "uv_size": [3, 4]},
								"south": {"uv": [92, 16], "uv_size": [3, 4]},
								"west": {"uv": [95, 16], "uv_size": [-3, 4]},
								"up": {"uv": [95, 20], "uv_size": [-3, -4]},
								"down": {"uv": [95, 20], "uv_size": [-3, -4]}
							}
						},
						{
							"origin": [6.4, 15.35, -2.15],
							"size": [1.7, 3.3, 4.3],
							"inflate": 0.25,
							"uv": {
								"north": {"uv": [93, 16], "uv_size": [2, 4]},
								"east": {"uv": [92, 16], "uv_size": [3, 4]},
								"south": {"uv": [92, 16], "uv_size": [3, 4]},
								"west": {"uv": [95, 16], "uv_size": [-3, 4]},
								"up": {"uv": [95, 20], "uv_size": [-3, -4]},
								"down": {"uv": [95, 20], "uv_size": [-3, -4]}
							}
						},
						{
							"origin": [6.3, 13.625, -1.15],
							"size": [1.5, 0.3, 2.3],
							"inflate": 0.25,
							"uv": {
								"north": {"uv": [33, 25], "uv_size": [1, 1]},
								"east": {"uv": [32, 25], "uv_size": [2, 1]},
								"south": {"uv": [32, 25], "uv_size": [2, 1]},
								"west": {"uv": [34, 25], "uv_size": [-2, 1]},
								"up": {"uv": [34, 26], "uv_size": [-2, -1]},
								"down": {"uv": [34, 26], "uv_size": [-2, -1]}
							}
						},
						{
							"origin": [6.8, 16.6, -2.35],
							"size": [1.5, 2.8, 4.7],
							"uv": {
								"north": {"uv": [93, 16], "uv_size": [2, 4]},
								"east": {"uv": [92, 16], "uv_size": [3, 4]},
								"south": {"uv": [92, 16], "uv_size": [3, 4]},
								"west": {"uv": [95, 16], "uv_size": [-3, 4]},
								"up": {"uv": [95, 20], "uv_size": [-3, -4]},
								"down": {"uv": [95, 20], "uv_size": [-3, -4]}
							}
						},
						{
							"origin": [3.9, 16.5, -2.025],
							"size": [4.2, 1, 4.05],
							"uv": {
								"north": {"uv": [82, 3], "uv_size": [5, 2]},
								"east": {"uv": [82, 3], "uv_size": [5, 2]},
								"south": {"uv": [82, 3], "uv_size": [5, 2]},
								"west": {"uv": [82, 3], "uv_size": [5, 2]},
								"up": {"uv": [87, 5], "uv_size": [-5, -2]},
								"down": {"uv": [87, 5], "uv_size": [-5, -2]}
							}
						}
					]
				},
				{
					"name": "bipedLeftLeg",
					"pivot": [-2, 12, 0]
				},
				{
					"name": "armorLeftLeg",
					"parent": "bipedLeftLeg",
					"pivot": [-2, 12, 0],
					"cubes": [
						{"origin": [0, 6, -2], "size": [4, 6, 4], "uv": [0, 16], "mirror": true},
						{
							"origin": [2.2, 8, -1.5],
							"size": [2, 3.75, 3],
							"uv": {
								"north": {"uv": [83, 25], "uv_size": [6, 7]},
								"east": {"uv": [83, 25], "uv_size": [6, 7]},
								"south": {"uv": [83, 25], "uv_size": [6, 7]},
								"west": {"uv": [83, 25], "uv_size": [6, 7]},
								"up": {"uv": [89, 32], "uv_size": [-6, -7]},
								"down": {"uv": [89, 32], "uv_size": [-6, -7]}
							}
						},
						{
							"origin": [0.875, 6.35, -0.75],
							"size": [2.25, 1.75, 1.8],
							"inflate": -0.375,
							"pivot": [2, 14.8, -0.2],
							"rotation": [-15, 0, 0],
							"uv": {
								"north": {"uv": [87, 17], "uv_size": [-3, 2]},
								"east": {"uv": [87, 17], "uv_size": [-3, 2]},
								"south": {"uv": [87, 17], "uv_size": [-3, 2]},
								"west": {"uv": [87, 17], "uv_size": [-3, 2]},
								"up": {"uv": [84, 19], "uv_size": [3, -2]},
								"down": {"uv": [84, 19], "uv_size": [3, -2]}
							}
						},
						{
							"origin": [0.875, 5.525, 2.9],
							"size": [2.25, 1.75, 1.8],
							"inflate": -0.375,
							"pivot": [2, -14.8, -0.2],
							"rotation": [15, 0, 0],
							"uv": {
								"north": {"uv": [87, 19], "uv_size": [-3, -2]},
								"east": {"uv": [87, 19], "uv_size": [-3, -2]},
								"south": {"uv": [87, 19], "uv_size": [-3, -2]},
								"west": {"uv": [87, 19], "uv_size": [-3, -2]},
								"up": {"uv": [84, 17], "uv_size": [3, 2]},
								"down": {"uv": [84, 17], "uv_size": [3, 2]}
							}
						}
					]
				},
				{
					"name": "armorLeftBoot",
					"parent": "bipedLeftLeg",
					"pivot": [-2, 12, 0],
					"cubes": [
						{
							"origin": [0, 0, -2],
							"size": [4, 6, 4],
							"uv": {
								"north": {"uv": [8, 26], "uv_size": [-4, 6]},
								"east": {"uv": [12, 26], "uv_size": [-4, 6]},
								"south": {"uv": [16, 26], "uv_size": [-4, 6]},
								"west": {"uv": [4, 26], "uv_size": [-4, 6]},
								"up": {"uv": [8, 22], "uv_size": [-4, 4]},
								"down": {"uv": [12, 20], "uv_size": [-4, -4]}
							}
						},
						{
							"origin": [0.5, 1.5, -2.15],
							"size": [3, 3.75, 2],
							"uv": {
								"north": {"uv": [87, 17], "uv_size": [-3, 4]},
								"east": {"uv": [90, 19], "uv_size": [-2, 2]},
								"south": {"uv": [93, 19], "uv_size": [-3, 2]},
								"west": {"uv": [85, 19], "uv_size": [-2, 2]},
								"up": {"uv": [88, 17], "uv_size": [-3, 2]},
								"down": {"uv": [91, 19], "uv_size": [-3, -2]}
							}
						},
						{
							"origin": [0.575, 3.05, -2.15],
							"size": [2.85, 2.55, 2],
							"inflate": -0.1,
							"uv": {
								"north": {"uv": [87, 17], "uv_size": [-3, 4]},
								"east": {"uv": [90, 19], "uv_size": [-2, 2]},
								"south": {"uv": [93, 19], "uv_size": [-3, 2]},
								"west": {"uv": [85, 19], "uv_size": [-2, 2]},
								"up": {"uv": [88, 17], "uv_size": [-3, 2]},
								"down": {"uv": [91, 19], "uv_size": [-3, -2]}
							}
						},
						{
							"origin": [0.575, 6.15, -2.25],
							"size": [2.85, 1.85, 2],
							"inflate": -0.125,
							"uv": {
								"north": {"uv": [87, 17], "uv_size": [-3, 4]},
								"east": {"uv": [90, 19], "uv_size": [-2, 2]},
								"south": {"uv": [93, 19], "uv_size": [-3, 2]},
								"west": {"uv": [85, 19], "uv_size": [-2, 2]},
								"up": {"uv": [88, 17], "uv_size": [-3, 2]},
								"down": {"uv": [91, 19], "uv_size": [-3, -2]}
							}
						},
						{
							"origin": [-0.125, 6.325, -2.125],
							"size": [4.25, 1.4, 4.25],
							"inflate": -0.1,
							"uv": {
								"north": {"uv": [89, 4], "uv_size": [-3, 4]},
								"east": {"uv": [92, 6], "uv_size": [-2, 2]},
								"south": {"uv": [95, 6], "uv_size": [-3, 2]},
								"west": {"uv": [87, 6], "uv_size": [-2, 2]},
								"up": {"uv": [90, 4], "uv_size": [-3, 2]},
								"down": {"uv": [93, 6], "uv_size": [-3, -2]}
							}
						},
						{
							"origin": [0.875, 5.95, -2.35],
							"size": [2.25, 2.25, 1.8],
							"inflate": -0.125,
							"uv": {
								"north": {"uv": [87, 17], "uv_size": [-3, 4]},
								"east": {"uv": [90, 19], "uv_size": [-2, 2]},
								"south": {"uv": [93, 19], "uv_size": [-3, 2]},
								"west": {"uv": [85, 19], "uv_size": [-2, 2]},
								"up": {"uv": [88, 17], "uv_size": [-3, 2]},
								"down": {"uv": [91, 19], "uv_size": [-3, -2]}
							}
						},
						{
							"origin": [0.575, 6.15, -2.125],
							"size": [2.85, 1.85, 2],
							"inflate": -0.025,
							"uv": {
								"north": {"uv": [90, 2], "uv_size": [-3, 4]},
								"east": {"uv": [90, 2], "uv_size": [-3, 4]},
								"south": {"uv": [90, 2], "uv_size": [-3, 4]},
								"west": {"uv": [90, 2], "uv_size": [-3, 4]},
								"up": {"uv": [87, 6], "uv_size": [3, -4]},
								"down": {"uv": [87, 6], "uv_size": [3, -4]}
							}
						},
						{
							"origin": [0.875, 5.95, -2.125],
							"size": [2.25, 2.25, 1.7],
							"inflate": -0.025,
							"uv": {
								"north": {"uv": [90, 2], "uv_size": [-3, 4]},
								"east": {"uv": [90, 2], "uv_size": [-3, 4]},
								"south": {"uv": [90, 2], "uv_size": [-3, 4]},
								"west": {"uv": [90, 2], "uv_size": [-3, 4]},
								"up": {"uv": [87, 6], "uv_size": [3, -4]},
								"down": {"uv": [87, 6], "uv_size": [3, -4]}
							}
						},
						{
							"origin": [0.2, 1.8, -2.15],
							"size": [3.6, 3.1, 2],
							"inflate": -0.025,
							"uv": {
								"north": {"uv": [87, 17], "uv_size": [-3, 4]},
								"east": {"uv": [90, 19], "uv_size": [-2, 2]},
								"south": {"uv": [93, 19], "uv_size": [-3, 2]},
								"west": {"uv": [85, 19], "uv_size": [-2, 2]},
								"up": {"uv": [88, 17], "uv_size": [-3, 2]},
								"down": {"uv": [91, 19], "uv_size": [-3, -2]}
							}
						},
						{
							"origin": [0.2, 0.4, -2.15],
							"size": [3.6, 0.7, 2],
							"inflate": -0.025,
							"uv": {
								"north": {"uv": [87, 17], "uv_size": [-3, 2]},
								"east": {"uv": [90, 19], "uv_size": [-2, 0]},
								"south": {"uv": [93, 19], "uv_size": [-3, 0]},
								"west": {"uv": [85, 19], "uv_size": [-2, 0]},
								"up": {"uv": [88, 17], "uv_size": [-3, 0]},
								"down": {"uv": [91, 17], "uv_size": [-3, 0]}
							}
						},
						{
							"origin": [0.5, 0.3, -2.15],
							"size": [3, 0.95, 2],
							"uv": {
								"north": {"uv": [87, 17], "uv_size": [-3, 2]},
								"east": {"uv": [90, 19], "uv_size": [-2, 0]},
								"south": {"uv": [93, 19], "uv_size": [-3, 0]},
								"west": {"uv": [85, 19], "uv_size": [-2, 0]},
								"up": {"uv": [88, 17], "uv_size": [-3, 0]},
								"down": {"uv": [91, 17], "uv_size": [-3, 0]}
							}
						}
					]
				},
				{
					"name": "knife",
					"parent": "armorLeftBoot",
					"pivot": [-2.25, 5.75, 0],
					"cubes": [
						{
							"origin": [0.15, 0.825, -2.6],
							"size": [4.15, 0.55, 1.125],
							"inflate": -0.025,
							"pivot": [-2.25, 6, -0.175],
							"rotation": [22.5, 0, 0],
							"uv": {
								"north": {"uv": [89, 9], "uv_size": [4, 3]},
								"east": {"uv": [89, 9], "uv_size": [4, 3]},
								"south": {"uv": [89, 9], "uv_size": [4, 3]},
								"west": {"uv": [89, 9], "uv_size": [4, 3]},
								"up": {"uv": [93, 12], "uv_size": [-4, -3]},
								"down": {"uv": [93, 12], "uv_size": [-4, -3]}
							}
						},
						{
							"origin": [0.45, 0.475, -0.725],
							"size": [4.15, 4.625, 1.4],
							"inflate": -0.25,
							"uv": {
								"north": {"uv": [89, 9], "uv_size": [4, 6]},
								"east": {"uv": [89, 9], "uv_size": [4, 6]},
								"south": {"uv": [89, 9], "uv_size": [4, 6]},
								"west": {"uv": [91, 9], "uv_size": [2, 6]},
								"up": {"uv": [93, 15], "uv_size": [-4, -6]},
								"down": {"uv": [93, 15], "uv_size": [-4, -6]}
							}
						},
						{
							"origin": [0.15, 0.75, -0.625],
							"size": [4.15, 4.05, 1.2],
							"uv": {
								"north": {"uv": [89, 9], "uv_size": [4, 6]},
								"east": {"uv": [89, 9], "uv_size": [4, 6]},
								"south": {"uv": [89, 9], "uv_size": [4, 6]},
								"west": {"uv": [89, 9], "uv_size": [4, 6]},
								"up": {"uv": [93, 15], "uv_size": [-4, -6]},
								"down": {"uv": [93, 15], "uv_size": [-4, -6]}
							}
						},
						{
							"origin": [0.15, 4.45, -0.2],
							"size": [4.15, 2.35, 0.7],
							"inflate": -0.025,
							"pivot": [-2.25, 5.75, 0],
							"rotation": [-5.75, 0, 0],
							"uv": {
								"north": {"uv": [84, 16], "uv_size": [3, 4]},
								"east": {"uv": [84, 16], "uv_size": [3, 4]},
								"south": {"uv": [84, 16], "uv_size": [3, 4]},
								"west": {"uv": [84, 16], "uv_size": [3, 4]},
								"up": {"uv": [87, 20], "uv_size": [-3, -4]},
								"down": {"uv": [87, 20], "uv_size": [-3, -4]}
							}
						},
						{
							"origin": [0.15, 4.3, -0.375],
							"size": [4.15, 1.85, 0.7],
							"inflate": -0.05,
							"pivot": [-2.25, 5.75, 0.15],
							"rotation": [-4.5, 0, 0],
							"uv": {
								"north": {"uv": [84, 16], "uv_size": [3, 4]},
								"east": {"uv": [84, 16], "uv_size": [3, 4]},
								"south": {"uv": [84, 16], "uv_size": [3, 4]},
								"west": {"uv": [84, 16], "uv_size": [3, 4]},
								"up": {"uv": [87, 20], "uv_size": [-3, -4]},
								"down": {"uv": [87, 20], "uv_size": [-3, -4]}
							}
						},
						{
							"origin": [0.15, 5.075, -0.325],
							"size": [4.15, 1.75, 0.6],
							"inflate": -0.075,
							"pivot": [-2.25, 5.75, 0.15],
							"rotation": [14, 0, 0],
							"uv": {
								"north": {"uv": [84, 16], "uv_size": [3, 4]},
								"east": {"uv": [84, 16], "uv_size": [3, 4]},
								"south": {"uv": [84, 16], "uv_size": [3, 4]},
								"west": {"uv": [84, 16], "uv_size": [3, 4]},
								"up": {"uv": [87, 20], "uv_size": [-3, -4]},
								"down": {"uv": [87, 20], "uv_size": [-3, -4]}
							}
						},
						{
							"origin": [0.15, 6.55, -0.225],
							"size": [4.15, 0.25, 0.9],
							"inflate": 0.025,
							"pivot": [-2.25, 5.75, 0],
							"rotation": [11, 0, 0],
							"uv": {
								"north": {"uv": [73, 5], "uv_size": [3, 2]},
								"east": {"uv": [73, 5], "uv_size": [3, 2]},
								"south": {"uv": [73, 5], "uv_size": [3, 2]},
								"west": {"uv": [73, 5], "uv_size": [3, 2]},
								"up": {"uv": [76, 7], "uv_size": [-3, -2]},
								"down": {"uv": [76, 7], "uv_size": [-3, -2]}
							}
						}
					]
				},
				{
					"name": "bipedRightLeg",
					"pivot": [2, 12, 0]
				},
				{
					"name": "armorRightLeg",
					"parent": "bipedRightLeg",
					"pivot": [2, 12, 0],
					"cubes": [
						{"origin": [-4, 6, -2], "size": [4, 6, 4], "uv": [0, 16]},
						{
							"origin": [-4.2, 8, -1.5],
							"size": [2, 3.75, 3],
							"uv": {
								"north": {"uv": [89, 25], "uv_size": [-6, 7]},
								"east": {"uv": [89, 25], "uv_size": [-6, 7]},
								"south": {"uv": [89, 25], "uv_size": [-6, 7]},
								"west": {"uv": [89, 25], "uv_size": [-6, 7]},
								"up": {"uv": [83, 32], "uv_size": [6, -7]},
								"down": {"uv": [83, 32], "uv_size": [6, -7]}
							}
						}
					]
				},
				{
					"name": "armorRightBoot",
					"parent": "bipedRightLeg",
					"pivot": [2, 12, 0],
					"cubes": [
						{
							"origin": [-4, 0, -2],
							"size": [4, 6, 4],
							"uv": {
								"north": {"uv": [4, 26], "uv_size": [4, 6]},
								"east": {"uv": [0, 26], "uv_size": [4, 6]},
								"south": {"uv": [12, 26], "uv_size": [4, 6]},
								"west": {"uv": [8, 26], "uv_size": [4, 6]},
								"up": {"uv": [4, 22], "uv_size": [4, 4]},
								"down": {"uv": [8, 20], "uv_size": [4, -4]}
							}
						},
						{
							"origin": [-3.5, 1.5, -2.15],
							"size": [3, 3.75, 2],
							"uv": {
								"north": {"uv": [84, 17], "uv_size": [3, 4]},
								"east": {"uv": [83, 19], "uv_size": [2, 2]},
								"south": {"uv": [90, 19], "uv_size": [3, 2]},
								"west": {"uv": [88, 19], "uv_size": [2, 2]},
								"up": {"uv": [85, 17], "uv_size": [3, 2]},
								"down": {"uv": [88, 19], "uv_size": [3, -2]}
							}
						},
						{
							"origin": [-3.8, 1.8, -2.15],
							"size": [3.6, 3.1, 2],
							"inflate": -0.025,
							"uv": {
								"north": {"uv": [84, 17], "uv_size": [3, 4]},
								"east": {"uv": [83, 19], "uv_size": [2, 2]},
								"south": {"uv": [90, 19], "uv_size": [3, 2]},
								"west": {"uv": [88, 19], "uv_size": [2, 2]},
								"up": {"uv": [85, 17], "uv_size": [3, 2]},
								"down": {"uv": [88, 19], "uv_size": [3, -2]}
							}
						},
						{
							"origin": [-3.425, 3.05, -2.15],
							"size": [2.85, 2.55, 2],
							"inflate": -0.1,
							"uv": {
								"north": {"uv": [84, 17], "uv_size": [3, 4]},
								"east": {"uv": [83, 19], "uv_size": [2, 2]},
								"south": {"uv": [90, 19], "uv_size": [3, 2]},
								"west": {"uv": [88, 19], "uv_size": [2, 2]},
								"up": {"uv": [85, 17], "uv_size": [3, 2]},
								"down": {"uv": [88, 19], "uv_size": [3, -2]}
							}
						},
						{
							"origin": [-3.425, 6.15, -2.25],
							"size": [2.85, 1.85, 2],
							"inflate": -0.125,
							"uv": {
								"north": {"uv": [84, 17], "uv_size": [3, 4]},
								"east": {"uv": [83, 19], "uv_size": [2, 2]},
								"south": {"uv": [90, 19], "uv_size": [3, 2]},
								"west": {"uv": [88, 19], "uv_size": [2, 2]},
								"up": {"uv": [85, 17], "uv_size": [3, 2]},
								"down": {"uv": [88, 19], "uv_size": [3, -2]}
							}
						},
						{
							"origin": [-4.125, 6.325, -2.125],
							"size": [4.25, 1.4, 4.25],
							"inflate": -0.1,
							"uv": {
								"north": {"uv": [86, 4], "uv_size": [3, 4]},
								"east": {"uv": [85, 6], "uv_size": [2, 2]},
								"south": {"uv": [92, 6], "uv_size": [3, 2]},
								"west": {"uv": [90, 6], "uv_size": [2, 2]},
								"up": {"uv": [87, 4], "uv_size": [3, 2]},
								"down": {"uv": [90, 6], "uv_size": [3, -2]}
							}
						},
						{
							"origin": [-3.125, 5.95, -2.35],
							"size": [2.25, 2.25, 1.8],
							"inflate": -0.125,
							"uv": {
								"north": {"uv": [84, 17], "uv_size": [3, 4]},
								"east": {"uv": [83, 19], "uv_size": [2, 2]},
								"south": {"uv": [90, 19], "uv_size": [3, 2]},
								"west": {"uv": [88, 19], "uv_size": [2, 2]},
								"up": {"uv": [85, 17], "uv_size": [3, 2]},
								"down": {"uv": [88, 19], "uv_size": [3, -2]}
							}
						},
						{
							"origin": [-3.125, 6.35, -0.75],
							"size": [2.25, 1.75, 1.8],
							"inflate": -0.375,
							"pivot": [-2, 14.8, -0.2],
							"rotation": [-15, 0, 0],
							"uv": {
								"north": {"uv": [84, 17], "uv_size": [3, 2]},
								"east": {"uv": [84, 17], "uv_size": [3, 2]},
								"south": {"uv": [84, 17], "uv_size": [3, 2]},
								"west": {"uv": [84, 17], "uv_size": [3, 2]},
								"up": {"uv": [87, 19], "uv_size": [-3, -2]},
								"down": {"uv": [87, 19], "uv_size": [-3, -2]}
							}
						},
						{
							"origin": [-3.125, 5.525, 2.9],
							"size": [2.25, 1.75, 1.8],
							"inflate": -0.375,
							"pivot": [-2, -14.8, -0.2],
							"rotation": [15, 0, 0],
							"uv": {
								"north": {"uv": [84, 19], "uv_size": [3, -2]},
								"east": {"uv": [84, 19], "uv_size": [3, -2]},
								"south": {"uv": [84, 19], "uv_size": [3, -2]},
								"west": {"uv": [84, 19], "uv_size": [3, -2]},
								"up": {"uv": [87, 17], "uv_size": [-3, 2]},
								"down": {"uv": [87, 17], "uv_size": [-3, 2]}
							}
						},
						{
							"origin": [-3.125, 5.525, 2.9],
							"size": [2.25, 1.75, 1.8],
							"inflate": -0.375,
							"pivot": [-2, -14.8, -0.2],
							"rotation": [15, 0, 0],
							"uv": {
								"north": {"uv": [84, 19], "uv_size": [3, -2]},
								"east": {"uv": [84, 19], "uv_size": [3, -2]},
								"south": {"uv": [84, 19], "uv_size": [3, -2]},
								"west": {"uv": [84, 19], "uv_size": [3, -2]},
								"up": {"uv": [87, 17], "uv_size": [-3, 2]},
								"down": {"uv": [87, 17], "uv_size": [-3, 2]}
							}
						},
						{
							"origin": [-3.425, 6.15, -2.125],
							"size": [2.85, 1.85, 2],
							"inflate": -0.025,
							"uv": {
								"north": {"uv": [87, 2], "uv_size": [3, 4]},
								"east": {"uv": [87, 2], "uv_size": [3, 4]},
								"south": {"uv": [87, 2], "uv_size": [3, 4]},
								"west": {"uv": [87, 2], "uv_size": [3, 4]},
								"up": {"uv": [90, 6], "uv_size": [-3, -4]},
								"down": {"uv": [90, 6], "uv_size": [-3, -4]}
							}
						},
						{
							"origin": [-3.125, 5.95, -2.125],
							"size": [2.25, 2.25, 1.7],
							"inflate": -0.025,
							"uv": {
								"north": {"uv": [87, 2], "uv_size": [3, 4]},
								"east": {"uv": [87, 2], "uv_size": [3, 4]},
								"south": {"uv": [87, 2], "uv_size": [3, 4]},
								"west": {"uv": [87, 2], "uv_size": [3, 4]},
								"up": {"uv": [90, 6], "uv_size": [-3, -4]},
								"down": {"uv": [90, 6], "uv_size": [-3, -4]}
							}
						},
						{
							"origin": [-3.5, 0.3, -2.15],
							"size": [3, 0.95, 2],
							"uv": {
								"north": {"uv": [84, 17], "uv_size": [3, 2]},
								"east": {"uv": [83, 19], "uv_size": [2, 0]},
								"south": {"uv": [90, 19], "uv_size": [3, 0]},
								"west": {"uv": [88, 19], "uv_size": [2, 0]},
								"up": {"uv": [85, 17], "uv_size": [3, 0]},
								"down": {"uv": [88, 17], "uv_size": [3, 0]}
							}
						},
						{
							"origin": [-3.8, 0.4, -2.15],
							"size": [3.6, 0.7, 2],
							"inflate": -0.025,
							"uv": {
								"north": {"uv": [84, 17], "uv_size": [3, 2]},
								"east": {"uv": [83, 19], "uv_size": [2, 0]},
								"south": {"uv": [90, 19], "uv_size": [3, 0]},
								"west": {"uv": [88, 19], "uv_size": [2, 0]},
								"up": {"uv": [85, 17], "uv_size": [3, 0]},
								"down": {"uv": [88, 17], "uv_size": [3, 0]}
							}
						}
					]
				},
				{
					"name": "knife2",
					"parent": "armorRightBoot",
					"pivot": [2.25, 5.75, 0],
					"cubes": [
						{
							"origin": [-4.3, 0.825, -2.6],
							"size": [4.15, 0.55, 1.125],
							"inflate": -0.025,
							"pivot": [2.25, 6, -0.175],
							"rotation": [22.5, 0, 0],
							"uv": {
								"north": {"uv": [93, 9], "uv_size": [-4, 3]},
								"east": {"uv": [93, 9], "uv_size": [-4, 3]},
								"south": {"uv": [93, 9], "uv_size": [-4, 3]},
								"west": {"uv": [93, 9], "uv_size": [-4, 3]},
								"up": {"uv": [89, 12], "uv_size": [4, -3]},
								"down": {"uv": [89, 12], "uv_size": [4, -3]}
							}
						},
						{
							"origin": [-4.6, 0.475, -0.725],
							"size": [4.15, 4.625, 1.4],
							"inflate": -0.25,
							"uv": {
								"north": {"uv": [93, 9], "uv_size": [-4, 6]},
								"east": {"uv": [93, 9], "uv_size": [-2, 6]},
								"south": {"uv": [93, 9], "uv_size": [-4, 6]},
								"west": {"uv": [93, 9], "uv_size": [-4, 6]},
								"up": {"uv": [89, 15], "uv_size": [4, -6]},
								"down": {"uv": [89, 15], "uv_size": [4, -6]}
							}
						},
						{
							"origin": [-4.3, 0.75, -0.625],
							"size": [4.15, 4.05, 1.2],
							"uv": {
								"north": {"uv": [93, 9], "uv_size": [-4, 6]},
								"east": {"uv": [93, 9], "uv_size": [-4, 6]},
								"south": {"uv": [93, 9], "uv_size": [-4, 6]},
								"west": {"uv": [93, 9], "uv_size": [-4, 6]},
								"up": {"uv": [89, 15], "uv_size": [4, -6]},
								"down": {"uv": [89, 15], "uv_size": [4, -6]}
							}
						},
						{
							"origin": [-4.3, 4.45, -0.2],
							"size": [4.15, 2.35, 0.7],
							"inflate": -0.025,
							"pivot": [2.25, 5.75, 0],
							"rotation": [-5.75, 0, 0],
							"uv": {
								"north": {"uv": [87, 16], "uv_size": [-3, 4]},
								"east": {"uv": [87, 16], "uv_size": [-3, 4]},
								"south": {"uv": [87, 16], "uv_size": [-3, 4]},
								"west": {"uv": [87, 16], "uv_size": [-3, 4]},
								"up": {"uv": [84, 20], "uv_size": [3, -4]},
								"down": {"uv": [84, 20], "uv_size": [3, -4]}
							}
						},
						{
							"origin": [-4.3, 4.3, -0.375],
							"size": [4.15, 1.85, 0.7],
							"inflate": -0.05,
							"pivot": [2.25, 5.75, 0.15],
							"rotation": [-4.5, 0, 0],
							"uv": {
								"north": {"uv": [87, 16], "uv_size": [-3, 4]},
								"east": {"uv": [87, 16], "uv_size": [-3, 4]},
								"south": {"uv": [87, 16], "uv_size": [-3, 4]},
								"west": {"uv": [87, 16], "uv_size": [-3, 4]},
								"up": {"uv": [84, 20], "uv_size": [3, -4]},
								"down": {"uv": [84, 20], "uv_size": [3, -4]}
							}
						},
						{
							"origin": [-4.3, 5.075, -0.325],
							"size": [4.15, 1.75, 0.6],
							"inflate": -0.075,
							"pivot": [2.25, 5.75, 0.15],
							"rotation": [14, 0, 0],
							"uv": {
								"north": {"uv": [87, 16], "uv_size": [-3, 4]},
								"east": {"uv": [87, 16], "uv_size": [-3, 4]},
								"south": {"uv": [87, 16], "uv_size": [-3, 4]},
								"west": {"uv": [87, 16], "uv_size": [-3, 4]},
								"up": {"uv": [84, 20], "uv_size": [3, -4]},
								"down": {"uv": [84, 20], "uv_size": [3, -4]}
							}
						},
						{
							"origin": [-4.3, 6.55, -0.225],
							"size": [4.15, 0.25, 0.9],
							"inflate": 0.025,
							"pivot": [2.25, 5.75, 0],
							"rotation": [11, 0, 0],
							"uv": {
								"north": {"uv": [76, 5], "uv_size": [-3, 2]},
								"east": {"uv": [76, 5], "uv_size": [-3, 2]},
								"south": {"uv": [76, 5], "uv_size": [-3, 2]},
								"west": {"uv": [76, 5], "uv_size": [-3, 2]},
								"up": {"uv": [73, 7], "uv_size": [3, -2]},
								"down": {"uv": [73, 7], "uv_size": [3, -2]}
							}
						}
					]
				}
			]
		}
	]
}