{
	"format_version": "1.12.0",
	"minecraft:geometry": [
		{
			"description": {
				"identifier": "geometry.unknown",
				"texture_width": 128,
				"texture_height": 128,
				"visible_bounds_width": 5,
				"visible_bounds_height": 3.5,
				"visible_bounds_offset": [0, 1.25, 0]
			},
			"bones": [
				{
					"name": "bb_main",
					"pivot": [0, 0, 0]
				},
				{
					"name": "bipedHead",
					"pivot": [0, 24, 0]
				},
				{
					"name": "armorHead",
					"parent": "bipedHead",
					"pivot": [0, 24, 0],
					"cubes": [
						{"origin": [-4.875, 26.85, -4.45], "size": [3.275, 1.275, 1], "inflate": -0.25, "pivot": [0, 24, -0.025], "rotation": [0, 0, 22.5], "uv": [95, 62]},
						{"origin": [-5.5, 26.425, -4.525], "size": [3.625, 1.375, 1.1], "inflate": -0.25, "pivot": [0, 24, 0], "rotation": [0, 0, 37.5], "uv": [101, 57]},
						{"origin": [1.875, 26.4, -4.525], "size": [3.625, 1.375, 1.1], "inflate": -0.25, "pivot": [0, 24, 0], "rotation": [0, 0, -37.5], "uv": [102, 56]},
						{"origin": [-3.925, 25.75, -4.425], "size": [2.425, 1.85, 1], "inflate": -0.25, "pivot": [0, 24.5, 0], "rotation": [0, 0, 22.5], "uv": [104, 40]},
						{"origin": [-3, 27.15, -4.325], "size": [0.775, 1.05, 1], "inflate": -0.25, "pivot": [0, 24.5, 0], "rotation": [0, 0, -1.75], "uv": [104, 40]},
						{"origin": [2.175, 27.125, -4.325], "size": [0.8, 1.05, 1], "inflate": -0.25, "pivot": [0, 24.5, 0], "rotation": [0, 0, 1.75], "uv": [104, 40]},
						{"origin": [-4.175, 26.25, -4.325], "size": [2.425, 1.85, 1], "inflate": -0.25, "pivot": [0, 24.5, 0], "rotation": [0, 0, 22.5], "uv": [104, 40]},
						{"origin": [1.425, 25.75, -4.425], "size": [2.475, 1.85, 1], "inflate": -0.25, "pivot": [0, 24.5, 0], "rotation": [0, 0, -22.5], "uv": [104, 40]},
						{"origin": [1.725, 26.25, -4.325], "size": [2.425, 1.85, 1], "inflate": -0.25, "pivot": [0, 24.5, 0], "rotation": [0, 0, -22.5], "uv": [104, 40]},
						{"origin": [1.625, 26.9, -4.45], "size": [3.275, 1.2, 1], "inflate": -0.25, "pivot": [0, 24, -0.025], "rotation": [0, 0, -22.5], "uv": [103, 62]},
						{"origin": [-0.75, 25.675, -4.175], "size": [1.5, 0.425, 1], "inflate": -0.05, "uv": [94, 81]},
						{"origin": [-0.75, 23.675, -4.175], "size": [1.5, 0.925, 1.5], "inflate": -0.05, "uv": [94, 81]},
						{"origin": [1.25, 27.175, -4.25], "size": [0.75, 0.675, 1.5], "inflate": -0.025, "uv": [83, 2]},
						{"origin": [1.15, 27.225, -4.3], "size": [0.95, 0.575, 1.5], "inflate": -0.075, "uv": [83, 2]},
						{"origin": [-2.1, 27.225, -4.3], "size": [0.95, 0.575, 1.5], "inflate": -0.075, "uv": [83, 2]},
						{"origin": [-2, 27.175, -4.275], "size": [0.75, 0.675, 1.5], "inflate": -0.025, "uv": [84, 1]},
						{"origin": [-3.15, 23.875, -4.075], "size": [6.2, 0.525, 1.15], "inflate": -0.05, "uv": [94, 81]},
						{"origin": [-0.75, 24.8, -4.7], "size": [1.5, 1.675, 0], "inflate": 0.25, "pivot": [0, 24, 0], "rotation": [-16, 0, 0], "uv": [110, 60]},
						{"origin": [-0.75, 26.175, -4.85], "size": [1.5, 0.5, 0], "inflate": 0.25, "pivot": [0, 24, 0], "rotation": [-16, 0, 0], "uv": [109.75, 59.25]},
						{"origin": [0.625, 25.825, -4.175], "size": [1.5, 0.425, 1], "inflate": -0.05, "uv": [94, 81]},
						{"origin": [1.875, 25.925, -4.175], "size": [1.2, 0.425, 1], "inflate": -0.05, "uv": [94, 81]},
						{"origin": [2.925, 29.875, -4.175], "size": [1.2, 0.425, 1], "inflate": -0.05, "uv": [94, 81]},
						{"origin": [-4.125, 29.875, -4.175], "size": [1.2, 0.425, 1], "inflate": -0.05, "uv": [94, 81]},
						{"origin": [-3.125, 25.925, -4.175], "size": [1.2, 0.425, 1], "inflate": -0.05, "uv": [94, 81]},
						{"origin": [2.625, 24.875, -4.175], "size": [0.45, 1.225, 1], "inflate": -0.05, "uv": [94, 81]},
						{"origin": [-3.125, 24.875, -4.175], "size": [0.45, 1.225, 1], "inflate": -0.05, "uv": [94, 81]},
						{"origin": [2.875, 23.875, -4.175], "size": [0.45, 1.225, 1], "inflate": -0.05, "uv": [94, 81]},
						{"origin": [-3.375, 23.875, -4.175], "size": [0.45, 1.225, 1], "inflate": -0.05, "uv": [94, 81]},
						{"origin": [-2.125, 25.825, -4.175], "size": [1.5, 0.425, 1], "inflate": -0.05, "uv": [94, 81]},
						{"origin": [-4, 24, -4], "size": [8, 8, 8], "uv": [0, 0]},
						{"origin": [2.55, 22.5, -8.55], "size": [7.4, 6.325, 4], "inflate": -1.3, "pivot": [-0.9, 24, -2.8], "rotation": [32.73241, -32.79775, -49.87926], "uv": [3, 107], "mirror": true},
						{"origin": [-9.95, 22.5, -8.55], "size": [7.4, 6.325, 4], "inflate": -1.3, "pivot": [0.9, 24, -2.8], "rotation": [32.73241, 32.79775, 49.87926], "uv": [3, 107]}
					]
				},
				{
					"name": "pupilRight",
					"parent": "armorHead",
					"pivot": [0, 24, 0]
				},
				{
					"name": "pupilLeft",
					"parent": "armorHead",
					"pivot": [0, 24, 0]
				},
				{
					"name": "bipedBody",
					"pivot": [0, 24, 0]
				},
				{
					"name": "armorBody",
					"parent": "bipedBody",
					"pivot": [0, 24, 0]
				},
				{
					"name": "bodyTop",
					"parent": "armorBody",
					"pivot": [0, 18, 2],
					"cubes": [
						{"origin": [-4, 18, -2], "size": [8, 6, 4], "uv": [16, 16]},
						{"origin": [-3, 22.825, -2.425], "size": [2.25, 0.575, 1], "inflate": -0.05, "uv": [106, 91]},
						{"origin": [0.75, 22.825, -2.425], "size": [2.25, 0.575, 1], "inflate": -0.05, "uv": [101, 92]},
						{"origin": [-1.175, 22.95, -2.425], "size": [2.25, 0.575, 1], "inflate": -0.05, "uv": [105, 91]},
						{"origin": [-0.775, 20, -2.875], "size": [1.45, 1.575, 0.95], "inflate": -0.05, "uv": [104, 62]},
						{"origin": [-1.125, 19.7, -2.825], "size": [2.15, 2.175, 1], "inflate": -0.05, "uv": [107, 22]},
						{"origin": [-1.175, 19.65, -2.575], "size": [2.25, 2.275, 1], "inflate": 0.1, "uv": [103, 61]},
						{"origin": [2.75, 22.675, -2.25], "size": [1.25, 0.425, 1], "inflate": 0.05, "uv": [95, 91]},
						{"origin": [-4, 22.675, -2.25], "size": [1.25, 0.425, 1], "inflate": 0.05, "uv": [100, 91]},
						{"origin": [-3.6, 18.5, -2.525], "size": [7.3, 4, 1], "inflate": -0.05, "uv": [90, 21]},
						{"origin": [-3.05, 18.3, -2.625], "size": [6.2, 3.95, 0.8], "inflate": -0.05, "uv": [99, 54]},
						{"origin": [-3.6, 18.5, -2.075], "size": [7.3, 4, 1], "inflate": 0.1, "uv": [97, 35]},
						{"origin": [-0.225, 18.15, -2.75], "size": [0.4, 4.25, 0.95], "inflate": -0.1, "uv": [101, 59]}
					]
				},
				{
					"name": "brood",
					"parent": "bodyTop",
					"pivot": [0, 24, 0],
					"cubes": [
						{
							"origin": [-5, 2.75, 1.65],
							"size": [10, 21, 0.6],
							"pivot": [0, 24, 0],
							"rotation": [6, 0, 0],
							"uv": {
								"north": {"uv": [99, 100], "uv_size": [3, 22]},
								"east": {"uv": [99, 100], "uv_size": [3, 22]},
								"south": {"uv": [99, 100], "uv_size": [3, 22]},
								"west": {"uv": [99, 100], "uv_size": [3, 22]},
								"up": {"uv": [102, 122], "uv_size": [-3, -22]},
								"down": {"uv": [102, 122], "uv_size": [-3, -22]}
							}
						},
						{
							"origin": [-7.7, 4.05, 0.85],
							"size": [15.4, 17.5, 1.3],
							"inflate": -0.3,
							"pivot": [0, 24, 0],
							"rotation": [6, 0, 0],
							"uv": {
								"north": {"uv": [90, 79], "uv_size": [4, 18]},
								"east": {"uv": [90, 79], "uv_size": [4, 18]},
								"south": {"uv": [90, 79], "uv_size": [4, 18]},
								"west": {"uv": [90, 79], "uv_size": [4, 18]},
								"up": {"uv": [94, 97], "uv_size": [-4, -18]},
								"down": {"uv": [94, 97], "uv_size": [-4, -18]}
							}
						},
						{
							"origin": [-5.05, 2.55, 1.075],
							"size": [10.25, 2.125, 1.075],
							"inflate": -0.3,
							"pivot": [0, 24, 0],
							"rotation": [6, 0, 0],
							"uv": {
								"north": {"uv": [88, 95], "uv_size": [4, 3]},
								"east": {"uv": [88, 95], "uv_size": [4, 3]},
								"south": {"uv": [88, 95], "uv_size": [4, 3]},
								"west": {"uv": [88, 95], "uv_size": [4, 3]},
								"up": {"uv": [92, 98], "uv_size": [-4, -3]},
								"down": {"uv": [92, 98], "uv_size": [-4, -3]}
							}
						},
						{
							"origin": [5, 4, 1.25],
							"size": [3.25, 19.5, 0.75],
							"pivot": [0, 24, 0],
							"rotation": [6, 0, 0],
							"uv": {
								"north": {"uv": [109, 101], "uv_size": [3, 20]},
								"east": {"uv": [109, 101], "uv_size": [3, 20]},
								"south": {"uv": [109, 101], "uv_size": [3, 20]},
								"west": {"uv": [109, 101], "uv_size": [3, 20]},
								"up": {"uv": [112, 121], "uv_size": [-3, -20]},
								"down": {"uv": [112, 121], "uv_size": [-3, -20]}
							}
						},
						{
							"origin": [-13, 6, 1.75],
							"size": [1, 1, 0.3],
							"pivot": [0, 24, 0],
							"rotation": [4.2504, 4.23876, -44.84263],
							"uv": {
								"north": {"uv": [108, 106], "uv_size": [3, 2]},
								"east": {"uv": [108, 106], "uv_size": [3, 2]},
								"south": {"uv": [108, 106], "uv_size": [3, 2]},
								"west": {"uv": [108, 106], "uv_size": [3, 2]},
								"up": {"uv": [111, 108], "uv_size": [-3, -2]},
								"down": {"uv": [111, 108], "uv_size": [-3, -2]}
							}
						},
						{
							"origin": [-10.25, 5.25, 1.75],
							"size": [1, 1, 0.15],
							"pivot": [0, 24, 0],
							"rotation": [4.2504, 4.23876, -44.84263],
							"uv": {
								"north": {"uv": [108, 106], "uv_size": [3, 2]},
								"east": {"uv": [108, 106], "uv_size": [3, 2]},
								"south": {"uv": [108, 106], "uv_size": [3, 2]},
								"west": {"uv": [108, 106], "uv_size": [3, 2]},
								"up": {"uv": [111, 108], "uv_size": [-3, -2]},
								"down": {"uv": [111, 108], "uv_size": [-3, -2]}
							}
						},
						{
							"origin": [-9.5, 4.5, 1.75],
							"size": [1, 1, 0.15],
							"pivot": [0, 24, 0],
							"rotation": [4.2504, 4.23876, -44.84263],
							"uv": {
								"north": {"uv": [108, 106], "uv_size": [3, 2]},
								"east": {"uv": [108, 106], "uv_size": [3, 2]},
								"south": {"uv": [108, 106], "uv_size": [3, 2]},
								"west": {"uv": [108, 106], "uv_size": [3, 2]},
								"up": {"uv": [111, 108], "uv_size": [-3, -2]},
								"down": {"uv": [111, 108], "uv_size": [-3, -2]}
							}
						},
						{
							"origin": [-18.725, 13.8, 1.75],
							"size": [1, 1, 0.15],
							"pivot": [0, 24, 0],
							"rotation": [4.2504, 4.23876, -44.84263],
							"uv": {
								"north": {"uv": [116, 101], "uv_size": [3, 2]},
								"east": {"uv": [116, 101], "uv_size": [3, 2]},
								"south": {"uv": [116, 101], "uv_size": [3, 2]},
								"west": {"uv": [116, 101], "uv_size": [3, 2]},
								"up": {"uv": [119, 103], "uv_size": [-3, -2]},
								"down": {"uv": [119, 103], "uv_size": [-3, -2]}
							}
						},
						{
							"origin": [-19.475, 14.55, 1.75],
							"size": [1, 1, 0.15],
							"pivot": [0, 24, 0],
							"rotation": [4.2504, 4.23876, -44.84263],
							"uv": {
								"north": {"uv": [116, 101], "uv_size": [3, 2]},
								"east": {"uv": [116, 101], "uv_size": [3, 2]},
								"south": {"uv": [116, 101], "uv_size": [3, 2]},
								"west": {"uv": [116, 101], "uv_size": [3, 2]},
								"up": {"uv": [119, 103], "uv_size": [-3, -2]},
								"down": {"uv": [119, 103], "uv_size": [-3, -2]}
							}
						},
						{
							"origin": [-14.5, 7.5, 1.75],
							"size": [1, 1, 0.3],
							"pivot": [0, 24, 0],
							"rotation": [4.2504, 4.23876, -44.84263],
							"uv": {
								"north": {"uv": [106, 104], "uv_size": [3, 2]},
								"east": {"uv": [106, 104], "uv_size": [3, 2]},
								"south": {"uv": [106, 104], "uv_size": [3, 2]},
								"west": {"uv": [106, 104], "uv_size": [3, 2]},
								"up": {"uv": [109, 106], "uv_size": [-3, -2]},
								"down": {"uv": [109, 106], "uv_size": [-3, -2]}
							}
						},
						{
							"origin": [-13.75, 6.75, 1.75],
							"size": [1, 1, 0.3],
							"pivot": [0, 24, 0],
							"rotation": [4.2504, 4.23876, -44.84263],
							"uv": {
								"north": {"uv": [106, 104], "uv_size": [3, 2]},
								"east": {"uv": [106, 104], "uv_size": [3, 2]},
								"south": {"uv": [106, 104], "uv_size": [3, 2]},
								"west": {"uv": [106, 104], "uv_size": [3, 2]},
								"up": {"uv": [109, 106], "uv_size": [-3, -2]},
								"down": {"uv": [109, 106], "uv_size": [-3, -2]}
							}
						},
						{
							"origin": [-15.6, 8.5, 1.75],
							"size": [1, 1, 0.3],
							"pivot": [0, 24, 0],
							"rotation": [4.2504, 4.23876, -44.84263],
							"uv": {
								"north": {"uv": [106, 104], "uv_size": [3, 2]},
								"east": {"uv": [106, 104], "uv_size": [3, 2]},
								"south": {"uv": [106, 104], "uv_size": [3, 2]},
								"west": {"uv": [106, 104], "uv_size": [3, 2]},
								"up": {"uv": [109, 106], "uv_size": [-3, -2]},
								"down": {"uv": [109, 106], "uv_size": [-3, -2]}
							}
						},
						{
							"origin": [-16.5, 9.5, 1.75],
							"size": [1, 1, 0.3],
							"pivot": [0, 24, 0],
							"rotation": [4.2504, 4.23876, -44.84263],
							"uv": {
								"north": {"uv": [109, 104], "uv_size": [3, 2]},
								"east": {"uv": [109, 104], "uv_size": [3, 2]},
								"south": {"uv": [109, 104], "uv_size": [3, 2]},
								"west": {"uv": [109, 104], "uv_size": [3, 2]},
								"up": {"uv": [112, 106], "uv_size": [-3, -2]},
								"down": {"uv": [112, 106], "uv_size": [-3, -2]}
							}
						},
						{
							"origin": [-17.25, 10.25, 1.75],
							"size": [1, 1, 0.3],
							"pivot": [0, 24, 0],
							"rotation": [4.2504, 4.23876, -44.84263],
							"uv": {
								"north": {"uv": [109, 104], "uv_size": [3, 2]},
								"east": {"uv": [109, 104], "uv_size": [3, 2]},
								"south": {"uv": [109, 104], "uv_size": [3, 2]},
								"west": {"uv": [109, 104], "uv_size": [3, 2]},
								"up": {"uv": [112, 106], "uv_size": [-3, -2]},
								"down": {"uv": [112, 106], "uv_size": [-3, -2]}
							}
						},
						{
							"origin": [-18, 11, 1.75],
							"size": [1, 1, 0.3],
							"pivot": [0, 24, 0],
							"rotation": [4.2504, 4.23876, -44.84263],
							"uv": {
								"north": {"uv": [109, 104], "uv_size": [3, 2]},
								"east": {"uv": [109, 104], "uv_size": [3, 2]},
								"south": {"uv": [109, 104], "uv_size": [3, 2]},
								"west": {"uv": [109, 104], "uv_size": [3, 2]},
								"up": {"uv": [112, 106], "uv_size": [-3, -2]},
								"down": {"uv": [112, 106], "uv_size": [-3, -2]}
							}
						},
						{
							"origin": [-18.25, 12.75, 1.75],
							"size": [1, 1.25, 0.375],
							"pivot": [0, 24, 0],
							"rotation": [4.2504, 4.23876, -44.84263],
							"uv": {
								"north": {"uv": [112, 104], "uv_size": [3, 2]},
								"east": {"uv": [112, 104], "uv_size": [3, 2]},
								"south": {"uv": [112, 104], "uv_size": [3, 2]},
								"west": {"uv": [112, 104], "uv_size": [3, 2]},
								"up": {"uv": [115, 106], "uv_size": [-3, -2]},
								"down": {"uv": [115, 106], "uv_size": [-3, -2]}
							}
						},
						{
							"origin": [17.25, 12.75, 1.75],
							"size": [1, 1.25, 0.375],
							"pivot": [0, 24, 0],
							"rotation": [4.2504, -4.23876, 44.84263],
							"uv": {
								"north": {"uv": [106, 104], "uv_size": [3, 2]},
								"east": {"uv": [106, 104], "uv_size": [3, 2]},
								"south": {"uv": [106, 104], "uv_size": [3, 2]},
								"west": {"uv": [106, 104], "uv_size": [3, 2]},
								"up": {"uv": [109, 106], "uv_size": [-3, -2]},
								"down": {"uv": [109, 106], "uv_size": [-3, -2]}
							}
						},
						{
							"origin": [-8, 6, 1.75],
							"size": [3, 17.5, 0.25],
							"pivot": [0, 24, 0],
							"rotation": [6, 0, 0],
							"uv": {
								"north": {"uv": [117, 100], "uv_size": [3, 18]},
								"east": {"uv": [117, 100], "uv_size": [3, 18]},
								"south": {"uv": [117, 100], "uv_size": [3, 18]},
								"west": {"uv": [117, 100], "uv_size": [3, 18]},
								"up": {"uv": [120, 118], "uv_size": [-3, -18]},
								"down": {"uv": [120, 118], "uv_size": [-3, -18]}
							}
						},
						{
							"origin": [-8.25, 4, 1.25],
							"size": [3.25, 19.5, 0.75],
							"pivot": [0, 24, 0],
							"rotation": [6, 0, 0],
							"uv": {
								"north": {"uv": [117, 100], "uv_size": [3, 20]},
								"east": {"uv": [117, 100], "uv_size": [3, 20]},
								"south": {"uv": [117, 100], "uv_size": [3, 20]},
								"west": {"uv": [117, 100], "uv_size": [3, 20]},
								"up": {"uv": [120, 120], "uv_size": [-3, -20]},
								"down": {"uv": [120, 120], "uv_size": [-3, -20]}
							}
						},
						{
							"origin": [-8.725, 6.6, -3.6],
							"size": [0.675, 17.2, 5.65],
							"pivot": [0, 24, 0],
							"rotation": [6, 0, 0],
							"uv": {
								"north": {"uv": [128, 106], "uv_size": [-8, 18]},
								"east": {"uv": [128, 106], "uv_size": [-8, 18]},
								"south": {"uv": [128, 106], "uv_size": [-8, 18]},
								"west": {"uv": [128, 106], "uv_size": [-8, 18]},
								"up": {"uv": [120, 124], "uv_size": [8, -18]},
								"down": {"uv": [120, 124], "uv_size": [8, -18]}
							}
						},
						{
							"origin": [3.725, 21.125, -3.35],
							"size": [4.925, 4.3, 5.4],
							"inflate": -0.1,
							"pivot": [0, 24, 0],
							"rotation": [5.93457, -0.88527, 8.45411],
							"uv": {
								"north": {"uv": [110, 107], "uv_size": [8, 5]},
								"east": {"uv": [110, 107], "uv_size": [8, 5]},
								"south": {"uv": [110, 107], "uv_size": [8, 5]},
								"west": {"uv": [110, 107], "uv_size": [8, 5]},
								"up": {"uv": [118, 112], "uv_size": [-8, -5]},
								"down": {"uv": [118, 112], "uv_size": [-8, -5]}
							}
						},
						{
							"origin": [-0.525, 9.625, -3.35],
							"size": [3.925, 13.85, 1.15],
							"inflate": -0.1,
							"pivot": [0, 24, 0],
							"rotation": [0, 0, -22.5],
							"uv": {
								"north": {"uv": [110, 103], "uv_size": [4, 14]},
								"east": {"uv": [110, 103], "uv_size": [4, 14]},
								"south": {"uv": [110, 103], "uv_size": [4, 14]},
								"west": {"uv": [110, 103], "uv_size": [4, 14]},
								"up": {"uv": [114, 117], "uv_size": [-4, -14]},
								"down": {"uv": [114, 117], "uv_size": [-4, -14]}
							}
						},
						{
							"origin": [-5.025, 8.425, -3.15],
							"size": [3.425, 2.25, 1.15],
							"inflate": -0.15,
							"pivot": [0, 24, 0],
							"rotation": [0, 0, -40.5],
							"uv": {
								"north": {"uv": [110, 106], "uv_size": [4, 3]},
								"east": {"uv": [110, 106], "uv_size": [4, 3]},
								"south": {"uv": [110, 106], "uv_size": [4, 3]},
								"west": {"uv": [110, 106], "uv_size": [4, 3]},
								"up": {"uv": [114, 109], "uv_size": [-4, -3]},
								"down": {"uv": [114, 109], "uv_size": [-4, -3]}
							}
						},
						{
							"origin": [-10.525, 10.175, -3.15],
							"size": [3.175, 1.75, 1.15],
							"inflate": -0.225,
							"pivot": [0, 24, 0],
							"rotation": [0, 0, -63],
							"uv": {
								"north": {"uv": [110, 106], "uv_size": [4, 2]},
								"east": {"uv": [110, 106], "uv_size": [4, 2]},
								"south": {"uv": [110, 106], "uv_size": [4, 2]},
								"west": {"uv": [110, 106], "uv_size": [4, 2]},
								"up": {"uv": [114, 108], "uv_size": [-4, -2]},
								"down": {"uv": [114, 108], "uv_size": [-4, -2]}
							}
						},
						{
							"origin": [-8.825, 8.425, -3.15],
							"size": [1.675, 2.55, 1.15],
							"inflate": -0.275,
							"uv": {
								"north": {"uv": [110, 106], "uv_size": [4, 3]},
								"east": {"uv": [110, 106], "uv_size": [4, 3]},
								"south": {"uv": [110, 106], "uv_size": [4, 3]},
								"west": {"uv": [110, 106], "uv_size": [4, 3]},
								"up": {"uv": [114, 109], "uv_size": [-4, -3]},
								"down": {"uv": [114, 109], "uv_size": [-4, -3]}
							}
						},
						{
							"origin": [7.175, 8.425, -3.15],
							"size": [1.675, 2.55, 1.15],
							"inflate": -0.275,
							"uv": {
								"north": {"uv": [110, 106], "uv_size": [4, 3]},
								"east": {"uv": [110, 106], "uv_size": [4, 3]},
								"south": {"uv": [110, 106], "uv_size": [4, 3]},
								"west": {"uv": [110, 106], "uv_size": [4, 3]},
								"up": {"uv": [114, 109], "uv_size": [-4, -3]},
								"down": {"uv": [114, 109], "uv_size": [-4, -3]}
							}
						},
						{
							"origin": [7.325, 10.175, -3.15],
							"size": [3.175, 1.75, 1.15],
							"inflate": -0.225,
							"pivot": [0, 24, 0],
							"rotation": [0, 0, 63],
							"uv": {
								"north": {"uv": [110, 106], "uv_size": [4, 2]},
								"east": {"uv": [110, 106], "uv_size": [4, 2]},
								"south": {"uv": [110, 106], "uv_size": [4, 2]},
								"west": {"uv": [110, 106], "uv_size": [4, 2]},
								"up": {"uv": [114, 108], "uv_size": [-4, -2]},
								"down": {"uv": [114, 108], "uv_size": [-4, -2]}
							}
						},
						{
							"origin": [1.625, 8.525, -3.15],
							"size": [3.325, 2.15, 1.15],
							"inflate": -0.15,
							"pivot": [0, 24, 0],
							"rotation": [0, 0, 40.5],
							"uv": {
								"north": {"uv": [109, 106], "uv_size": [4, 3]},
								"east": {"uv": [109, 106], "uv_size": [4, 3]},
								"south": {"uv": [109, 106], "uv_size": [4, 3]},
								"west": {"uv": [109, 106], "uv_size": [4, 3]},
								"up": {"uv": [113, 109], "uv_size": [-4, -3]},
								"down": {"uv": [113, 109], "uv_size": [-4, -3]}
							}
						},
						{
							"origin": [-3.375, 9.625, -3.35],
							"size": [3.925, 13.85, 1.15],
							"inflate": -0.1,
							"pivot": [0, 24, 0],
							"rotation": [0, 0, 22.5],
							"uv": {
								"north": {"uv": [110, 103], "uv_size": [4, 14]},
								"east": {"uv": [110, 103], "uv_size": [4, 14]},
								"south": {"uv": [110, 103], "uv_size": [4, 14]},
								"west": {"uv": [110, 103], "uv_size": [4, 14]},
								"up": {"uv": [114, 117], "uv_size": [-4, -14]},
								"down": {"uv": [114, 117], "uv_size": [-4, -14]}
							}
						},
						{
							"origin": [-5.875, 15.625, -3.35],
							"size": [2.925, 5.85, 1.15],
							"inflate": -0.15,
							"pivot": [0, 24, 0],
							"rotation": [0, 0, 22.5],
							"uv": {
								"north": {"uv": [117, 103], "uv_size": [-4, 6]},
								"east": {"uv": [117, 103], "uv_size": [-4, 6]},
								"south": {"uv": [117, 103], "uv_size": [-4, 6]},
								"west": {"uv": [117, 103], "uv_size": [-4, 6]},
								"up": {"uv": [113, 109], "uv_size": [4, -6]},
								"down": {"uv": [113, 109], "uv_size": [4, -6]}
							}
						},
						{
							"origin": [3.125, 15.625, -3.35],
							"size": [2.925, 5.85, 1.15],
							"inflate": -0.15,
							"pivot": [0, 24, 0],
							"rotation": [0, 0, -22.5],
							"uv": {
								"north": {"uv": [110, 103], "uv_size": [4, 6]},
								"east": {"uv": [110, 103], "uv_size": [4, 6]},
								"south": {"uv": [110, 103], "uv_size": [4, 6]},
								"west": {"uv": [110, 103], "uv_size": [4, 6]},
								"up": {"uv": [114, 109], "uv_size": [-4, -6]},
								"down": {"uv": [114, 109], "uv_size": [-4, -6]}
							}
						},
						{
							"origin": [5.225, 11.65, -3.35],
							"size": [2.325, 6.25, 1.15],
							"inflate": -0.175,
							"pivot": [0, 24, 0],
							"rotation": [0, 0, -6],
							"uv": {
								"north": {"uv": [109, 103], "uv_size": [4, 7]},
								"east": {"uv": [109, 103], "uv_size": [4, 7]},
								"south": {"uv": [109, 103], "uv_size": [4, 7]},
								"west": {"uv": [109, 103], "uv_size": [4, 7]},
								"up": {"uv": [113, 110], "uv_size": [-4, -7]},
								"down": {"uv": [113, 110], "uv_size": [-4, -7]}
							}
						},
						{
							"origin": [-7.525, 11.65, -3.35],
							"size": [2.325, 6.25, 1.15],
							"inflate": -0.175,
							"pivot": [0, 24, 0],
							"rotation": [0, 0, 6],
							"uv": {
								"north": {"uv": [116, 103], "uv_size": [-4, 7]},
								"east": {"uv": [116, 103], "uv_size": [-4, 7]},
								"south": {"uv": [116, 103], "uv_size": [-4, 7]},
								"west": {"uv": [116, 103], "uv_size": [-4, 7]},
								"up": {"uv": [112, 110], "uv_size": [4, -7]},
								"down": {"uv": [112, 110], "uv_size": [4, -7]}
							}
						},
						{
							"origin": [-0.425, 23.075, -3.35],
							"size": [4.925, 2.3, 5.4],
							"inflate": -0.2,
							"pivot": [0, 24, 0],
							"rotation": [5.93457, -0.88527, 8.45411],
							"uv": {
								"north": {"uv": [110, 107], "uv_size": [8, 3]},
								"east": {"uv": [110, 107], "uv_size": [8, 3]},
								"south": {"uv": [110, 107], "uv_size": [8, 3]},
								"west": {"uv": [110, 107], "uv_size": [8, 3]},
								"up": {"uv": [118, 110], "uv_size": [-8, -3]},
								"down": {"uv": [118, 110], "uv_size": [-8, -3]}
							}
						},
						{
							"origin": [-8.675, 21.2, -3.35],
							"size": [4.925, 4.3, 5.4],
							"inflate": -0.1,
							"pivot": [0, 24, 0],
							"rotation": [5.92666, 0.93693, -8.9515],
							"uv": {
								"north": {"uv": [110, 107], "uv_size": [8, 5]},
								"east": {"uv": [110, 107], "uv_size": [8, 5]},
								"south": {"uv": [110, 107], "uv_size": [8, 5]},
								"west": {"uv": [110, 107], "uv_size": [8, 5]},
								"up": {"uv": [118, 112], "uv_size": [-8, -5]},
								"down": {"uv": [118, 112], "uv_size": [-8, -5]}
							}
						},
						{
							"origin": [-4.425, 22.95, -3.35],
							"size": [4.925, 2.55, 5.4],
							"inflate": -0.3,
							"pivot": [0, 24, 0],
							"rotation": [5.92666, 0.93693, -8.9515],
							"uv": {
								"north": {"uv": [110, 107], "uv_size": [8, 3]},
								"east": {"uv": [110, 107], "uv_size": [8, 3]},
								"south": {"uv": [110, 107], "uv_size": [8, 3]},
								"west": {"uv": [110, 107], "uv_size": [8, 3]},
								"up": {"uv": [118, 110], "uv_size": [-8, -3]},
								"down": {"uv": [118, 110], "uv_size": [-8, -3]}
							}
						},
						{
							"origin": [-4.2, 22.975, -3.35],
							"size": [4.275, 1.325, 5.4],
							"inflate": -0.1,
							"pivot": [0, 24, 0],
							"rotation": [5.64056, 2.04881, -19.89906],
							"uv": {
								"north": {"uv": [110, 107], "uv_size": [8, 2]},
								"east": {"uv": [110, 107], "uv_size": [8, 2]},
								"south": {"uv": [110, 107], "uv_size": [8, 2]},
								"west": {"uv": [110, 107], "uv_size": [8, 2]},
								"up": {"uv": [118, 109], "uv_size": [-8, -2]},
								"down": {"uv": [118, 109], "uv_size": [-8, -2]}
							}
						},
						{
							"origin": [-0.3, 22.75, -3.35],
							"size": [4.425, 1.3, 5.4],
							"inflate": -0.1,
							"pivot": [0, 24, 0],
							"rotation": [5.77628, -1.62589, 15.66797],
							"uv": {
								"north": {"uv": [110, 107], "uv_size": [8, 2]},
								"east": {"uv": [110, 107], "uv_size": [8, 2]},
								"south": {"uv": [110, 107], "uv_size": [8, 2]},
								"west": {"uv": [110, 107], "uv_size": [8, 2]},
								"up": {"uv": [118, 109], "uv_size": [-8, -2]},
								"down": {"uv": [118, 109], "uv_size": [-8, -2]}
							}
						},
						{
							"origin": [8.025, 6.6, -3.6],
							"size": [0.675, 17.2, 5.65],
							"pivot": [0, 24, 0],
							"rotation": [6, 0, 0],
							"uv": {
								"north": {"uv": [110, 106], "uv_size": [8, 18]},
								"east": {"uv": [110, 106], "uv_size": [8, 18]},
								"south": {"uv": [110, 106], "uv_size": [8, 18]},
								"west": {"uv": [110, 106], "uv_size": [8, 18]},
								"up": {"uv": [118, 124], "uv_size": [-8, -18]},
								"down": {"uv": [118, 124], "uv_size": [-8, -18]}
							}
						},
						{
							"origin": [-8.725, 6.65, 3.55],
							"size": [0.675, 2.1, 5.05],
							"inflate": -0.05,
							"pivot": [0, 24, 0],
							"rotation": [-16.5, 0, 0],
							"uv": {
								"north": {"uv": [117, 100], "uv_size": [8, 3]},
								"east": {"uv": [117, 100], "uv_size": [8, 3]},
								"south": {"uv": [117, 100], "uv_size": [8, 3]},
								"west": {"uv": [117, 100], "uv_size": [8, 3]},
								"up": {"uv": [125, 103], "uv_size": [-8, -3]},
								"down": {"uv": [125, 103], "uv_size": [-8, -3]}
							}
						},
						{
							"origin": [8.025, 6.65, 3.55],
							"size": [0.675, 2.1, 5.05],
							"inflate": -0.05,
							"pivot": [0, 24, 0],
							"rotation": [-16.5, 0, 0],
							"uv": {
								"north": {"uv": [110, 107], "uv_size": [8, 3]},
								"east": {"uv": [110, 107], "uv_size": [8, 3]},
								"south": {"uv": [110, 107], "uv_size": [8, 3]},
								"west": {"uv": [110, 107], "uv_size": [8, 3]},
								"up": {"uv": [118, 110], "uv_size": [-8, -3]},
								"down": {"uv": [118, 110], "uv_size": [-8, -3]}
							}
						}
					]
				},
				{
					"name": "bodyBottom",
					"parent": "armorBody",
					"pivot": [0, 11, 0],
					"cubes": [
						{"origin": [-4, 12, -2], "size": [8, 6, 4], "uv": [16, 22]},
						{"origin": [-4.225, 9.375, -6.1], "size": [8.4, 8.575, 7.475], "inflate": -3.35, "uv": [93, 49]},
						{"origin": [-2.25, 14.525, -2.4], "size": [4.5, 5.075, 1], "uv": [92, 19]},
						{"origin": [2.25, 16.15, -2.275], "size": [0.7, 3.45, 1], "uv": [92, 19]},
						{"origin": [-2.95, 16.15, -2.25], "size": [0.7, 3.45, 1], "uv": [92, 19]},
						{"origin": [-6.75, 10.375, -5.05], "size": [13.5, 6.575, 6.975], "inflate": -2.5, "uv": [90, 50]},
						{"origin": [-6.75, 10.375, -3.075], "size": [13.5, 6.575, 6], "inflate": -2.5, "uv": [90, 50]},
						{"origin": [-6.75, 10.375, -2.075], "size": [13.5, 6.575, 6.975], "inflate": -2.5, "uv": [90, 51]},
						{"origin": [-6.8, 9.375, -5.95], "size": [8.4, 8.575, 7.475], "inflate": -3.2, "uv": [94, 48]},
						{"origin": [-1.55, 9.375, -5.95], "size": [8.4, 8.575, 7.45], "inflate": -3.2, "uv": [93, 47]},
						{"origin": [-1.55, 9.375, -2.2], "size": [8.4, 8.575, 7.975], "inflate": -3.2, "uv": [97, 48]},
						{"origin": [-6.875, 9.375, -2.2], "size": [8.4, 8.575, 7.975], "inflate": -3.2, "uv": [96, 48], "mirror": true},
						{"origin": [-4.225, 9.375, -1.95], "size": [8.4, 8.575, 7.725], "inflate": -3.2, "uv": [97, 48], "mirror": true},
						{"origin": [-1.975, 17.15, -2.6], "size": [2.3, 1.05, 0.95], "inflate": -0.1, "pivot": [0, 24, 0], "rotation": [0, 0, 3], "uv": [99, 63], "mirror": true},
						{"origin": [-1.975, 16, -2.6], "size": [2.3, 1.05, 0.95], "inflate": -0.1, "pivot": [0, 24, 0], "rotation": [0, 0, 3], "uv": [98, 62], "mirror": true},
						{"origin": [-1.975, 14.85, -2.6], "size": [2.3, 1.05, 0.95], "inflate": -0.1, "pivot": [0, 24, 0], "rotation": [0, 0, 3], "uv": [98, 62], "mirror": true},
						{"origin": [-0.35, 17.15, -2.6], "size": [2.3, 1.05, 0.95], "inflate": -0.1, "pivot": [0, 24, 0], "rotation": [0, 0, -3], "uv": [101, 62]},
						{"origin": [-0.35, 16, -2.6], "size": [2.3, 1.05, 0.95], "inflate": -0.1, "pivot": [0, 24, 0], "rotation": [0, 0, -3], "uv": [98, 62]},
						{"origin": [-0.35, 14.85, -2.6], "size": [2.3, 1.05, 0.95], "inflate": -0.1, "pivot": [0, 24, 0], "rotation": [0, 0, -3], "uv": [98, 62]},
						{"origin": [-2.55, 14.35, -2.475], "size": [5.05, 4.5, 1], "inflate": -0.05, "uv": [99, 54]}
					]
				},
				{
					"name": "bipedRightArm",
					"pivot": [-4, 22, 0]
				},
				{
					"name": "armorRightArm",
					"parent": "bipedRightArm",
					"pivot": [-4, 22, 0]
				},
				{
					"name": "rightArmTop",
					"parent": "armorRightArm",
					"pivot": [-4, 22, 0],
					"cubes": [
						{"origin": [-9.4, 16.95, -3.025], "size": [5.8, 5, 6], "inflate": -1.2, "uv": [106, 36]},
						{"origin": [-8.9, 17.05, -3.375], "size": [5.8, 4.9, 6.75], "inflate": -1.1, "uv": [106, 37]},
						{"origin": [-2.975, 28.725, -2.25], "size": [2.15, 0.475, 1.65], "inflate": 0.05, "pivot": [4, 22.75, -2.25], "rotation": [0, 0, -51], "uv": [103, 89]},
						{"origin": [-8.125, 21.05, -2.25], "size": [3.1, 0.425, 4.4], "inflate": 0.05, "uv": [104, 88]},
						{"origin": [-8, 18, -2], "size": [4, 6, 4], "uv": [40, 16]}
					]
				},
				{
					"name": "rightArmBottom",
					"parent": "armorRightArm",
					"pivot": [-6, 18, 2],
					"cubes": [
						{"origin": [-8, 12, -2], "size": [4, 6, 4], "uv": [15, 77]},
						{"origin": [-8.08868, 16.88705, -2.25], "size": [2.225, 1.1, 4.5], "uv": [111, 55], "mirror": true},
						{"origin": [-4.58868, 25.98705, -2.25], "size": [1.075, 2.375, 4.5], "pivot": [2.25, 21.5, -2.75], "rotation": [0, 0, -73], "uv": [116, 79]},
						{"origin": [-7.48882, 19.97691, 0.25], "size": [1, 2.75, 0], "inflate": 0.15, "pivot": [8.75, 16.75, 0], "rotation": [0, 0, -24], "uv": [102, 62]},
						{"origin": [-6.68882, 21.52691, 0.25], "size": [1, 2.75, 0], "inflate": 0.15, "pivot": [8.75, 16.75, 0], "rotation": [0, 0, -24], "uv": [101, 60]}
					]
				},
				{
					"name": "bipedLeftArm",
					"pivot": [4, 22, 0]
				},
				{
					"name": "armorLeftArm",
					"parent": "bipedLeftArm",
					"pivot": [4, 22, 0]
				},
				{
					"name": "leftArmTop",
					"parent": "armorLeftArm",
					"pivot": [4, 22, 0],
					"cubes": [
						{"origin": [4, 18, -2], "size": [4, 6, 4], "uv": [32, 48]},
						{"origin": [3.6, 16.95, -3.025], "size": [5.8, 5, 6], "inflate": -1.2, "uv": [106, 36], "mirror": true},
						{"origin": [3.1, 17.05, -3.375], "size": [5.8, 4.9, 6.75], "inflate": -1.1, "uv": [106, 36], "mirror": true},
						{"origin": [3.775, 22.55, -2.25], "size": [2.15, 0.475, 1.65], "inflate": 0.05, "pivot": [4, 22.75, -2.25], "rotation": [0, 0, 51], "uv": [103, 89]},
						{"origin": [5.125, 21.05, -2.25], "size": [3.1, 0.425, 4.4], "inflate": 0.05, "uv": [104, 88]}
					]
				},
				{
					"name": "leftArmBottom",
					"parent": "armorLeftArm",
					"pivot": [6, 18, 2],
					"cubes": [
						{"origin": [6.71132, 21.76205, -2.25], "size": [1.075, 2.375, 4.5], "pivot": [2.25, 21.5, -2.75], "rotation": [0, 0, 73], "uv": [117, 79]},
						{"origin": [4, 12, -2], "size": [4, 6, 4], "uv": [15, 66]},
						{"origin": [7.26118, 14.42691, 0], "size": [1, 2.75, 0.25], "inflate": 0.15, "pivot": [8.75, 16.75, 0], "rotation": [0, 0, 24], "uv": [89, 82]},
						{"origin": [8.01118, 12.92691, 0], "size": [1, 2.75, 0.25], "inflate": 0.15, "pivot": [8.75, 16.75, 0], "rotation": [0, 0, 24], "uv": [90, 82]},
						{"origin": [6.01132, 16.88705, -2.25], "size": [2.225, 1.1, 4.5], "uv": [115, 80]}
					]
				},
				{
					"name": "bipedLeftLeg",
					"pivot": [2, 12, 0]
				},
				{
					"name": "armorLeftLeg",
					"parent": "bipedLeftLeg",
					"pivot": [2, 12, 0],
					"cubes": [
						{"origin": [0, 6, -2], "size": [4, 6, 4], "uv": [16, 48]},
						{"origin": [-0.5, 8.2, -3.375], "size": [5.3, 4.85, 6.75], "inflate": -1.1, "uv": [101, 52], "mirror": true},
						{"origin": [0.3, 5.4, -3.375], "size": [4, 3.85, 6.75], "inflate": -1.1, "uv": [101, 52], "mirror": true},
						{"origin": [0.45, 7.35, -3.375], "size": [4.1, 3.05, 6.75], "inflate": -1.1, "uv": [99, 43], "mirror": true},
						{"origin": [0, 7.8, -3.275], "size": [5, 4.25, 3.45], "inflate": -1.1, "uv": [104, 53], "mirror": true},
						{"origin": [2.225, 5.45, -2.875], "size": [3.05, 6.85, 5.75], "inflate": -1.1, "uv": [100, 34], "mirror": true}
					]
				},
				{
					"name": "armorLeftBoot",
					"parent": "bipedLeftLeg",
					"pivot": [-2, 12, 0],
					"cubes": [
						{"origin": [0.525, 0.5, -2.25], "size": [2.95, 5.075, 4.5], "inflate": 0.15, "uv": [89, 85], "mirror": true},
						{"origin": [2.1, 0.5, -1.5], "size": [1.95, 5.075, 3], "inflate": 0.15, "uv": [89, 76], "mirror": true},
						{"origin": [0, 0, -2], "size": [4, 6, 4], "uv": [38, 66]}
					]
				},
				{
					"name": "bipedRightLeg",
					"pivot": [-2, 12, 0]
				},
				{
					"name": "armorRightLeg",
					"parent": "bipedRightLeg",
					"pivot": [-2, 12, 0],
					"cubes": [
						{"origin": [-4.8, 8.175, -3.375], "size": [5.3, 4.85, 6.75], "inflate": -1.1, "uv": [103, 52], "mirror": true},
						{"origin": [-4.3, 5.375, -3.375], "size": [4, 3.85, 6.75], "inflate": -1.1, "uv": [103, 52], "mirror": true},
						{"origin": [-5.25, 5.45, -2.875], "size": [3.05, 6.85, 5.75], "inflate": -1.1, "uv": [100, 34]},
						{"origin": [-4, 6, -2], "size": [4, 6, 4], "uv": [0, 16]},
						{"origin": [-4.55, 7.35, -3.375], "size": [4.1, 3.05, 6.75], "inflate": -1.1, "uv": [99, 43]},
						{"origin": [-5, 7.8, -3.275], "size": [5, 4.25, 3.45], "inflate": -1.1, "uv": [100, 53], "mirror": true}
					]
				},
				{
					"name": "armorRightBoot",
					"parent": "bipedRightLeg",
					"pivot": [-2, 12, 0],
					"cubes": [
						{"origin": [-4.05, 0.5, -1.5], "size": [1.95, 5.075, 3], "inflate": 0.15, "uv": [89, 76]},
						{"origin": [-3.475, 0.5, -2.25], "size": [2.95, 5.075, 4.5], "inflate": 0.15, "uv": [89, 85]},
						{"origin": [-4, 0, -2], "size": [4, 6, 4], "uv": [38, 77]}
					]
				}
			]
		}
	]
}