{
  "format_version": "1.12.0",
  "minecraft:geometry": [
    {
      "description": {
        "identifier": "geometry.unknown",
        "texture_width": 128,
        "texture_height": 128,
        "visible_bounds_width": 3,
        "visible_bounds_height": 3.5,
        "visible_bounds_offset": [
          0,
          1.25,
          0
        ]
      },
      "bones": [
        {
          "name": "bipedHead",
          "pivot": [
            0,
            24,
            0
          ]
        },
        {
          "name": "armorHead",
          "parent": "bipedHead",
          "pivot": [
            0,
            24,
            0
          ],
          "cubes": [
            {
              "origin": [
                -4,
                24,
                -4
              ],
              "size": [
                8,
                8,
                8
              ],
              "uv": [
                0,
                0
              ]
            },
            {
              "origin": [
                -4.8,
                28.95,
                -4.975
              ],
              "size": [
                4.95,
                1.2,
                5.45
              ],
              "inflate": -0.2,
              "pivot": [
                0,
                24,
                0
              ],
              "rotation": [
                0,
                -45,
                0
              ],
              "uv": [
                87,
                57
              ]
            },
            {
              "origin": [
                -4.3,
                29.65,
                -4.25
              ],
              "size": [
                3.85,
                4.075,
                3.85
              ],
              "inflate": -0.2,
              "pivot": [
                0,
                24,
                0
              ],
              "rotation": [
                0,
                -45,
                0
              ],
              "uv": [
                101,
                46
              ]
            },
            {
              "origin": [
                -2.85,
                29.825,
                -4.375
              ],
              "size": [
                5.6,
                3.975,
                9.075
              ],
              "inflate": -0.2,
              "uv": [
                93,
                39
              ],
              "mirror": true
            },
            {
              "origin": [
                -1.95,
                29.625,
                -3.975
              ],
              "size": [
                3.8,
                3.175,
                9.075
              ],
              "inflate": -0.2,
              "uv": [
                93,
                39
              ],
              "mirror": true
            },
            {
              "origin": [
                -1.95,
                29.625,
                -3.975
              ],
              "size": [
                3.8,
                1.075,
                9.075
              ],
              "uv": [
                92,
                82
              ],
              "mirror": true
            },
            {
              "origin": [
                -4,
                29.825,
                -3.625
              ],
              "size": [
                7.85,
                3.475,
                7.725
              ],
              "inflate": -0.2,
              "uv": [
                91,
                42
              ],
              "mirror": true
            },
            {
              "origin": [
                -4.3,
                29.65,
                -4.25
              ],
              "size": [
                5.85,
                1.225,
                6.1
              ],
              "inflate": -0.075,
              "pivot": [
                0,
                24,
                0
              ],
              "rotation": [
                0,
                -45,
                0
              ],
              "uv": [
                92,
                85
              ]
            },
            {
              "origin": [
                -4.45,
                29.25,
                -4.35
              ],
              "size": [
                8.85,
                3.075,
                8.85
              ],
              "inflate": -0.2,
              "uv": [
                90,
                42
              ]
            },
            {
              "origin": [
                -4.45,
                29.05,
                -5.6
              ],
              "size": [
                8.85,
                1.025,
                11.6
              ],
              "inflate": -0.2,
              "uv": [
                82,
                47
              ]
            },
            {
              "origin": [
                -5.3,
                28.95,
                -3.9
              ],
              "size": [
                10.3,
                0.925,
                7.825
              ],
              "inflate": -0.2,
              "uv": [
                82,
                47
              ]
            },
            {
              "origin": [
                4.35,
                29.05,
                -3.65
              ],
              "size": [
                1.55,
                1.175,
                7.325
              ],
              "inflate": -0.2,
              "uv": [
                82,
                47
              ]
            },
            {
              "origin": [
                -6.05,
                29.05,
                -3.65
              ],
              "size": [
                1.55,
                1.175,
                7.325
              ],
              "inflate": -0.2,
              "uv": [
                82,
                47
              ]
            },
            {
              "origin": [
                -4.45,
                29.825,
                -4.35
              ],
              "size": [
                8.85,
                0.9,
                9.05
              ],
              "inflate": 0.025,
              "uv": [
                88,
                79
              ]
            }
          ]
        },
        {
          "name": "bipedBody",
          "pivot": [
            0,
            24,
            0
          ]
        },
        {
          "name": "armorBody",
          "parent": "bipedBody",
          "pivot": [
            0,
            24,
            0
          ],
          "cubes": [
            {
              "origin": [
                -4,
                12,
                -2
              ],
              "size": [
                8,
                12,
                4
              ],
              "uv": [
                16,
                16
              ]
            },
            {
              "origin": [
                -0.775,
                22.125,
                -2.175
              ],
              "size": [
                1.525,
                1.175,
                1
              ],
              "pivot": [
                0,
                24,
                0
              ],
              "rotation": [
                0,
                0,
                45
              ],
              "uv": [
                100,
                13
              ]
            },
            {
              "origin": [
                -0.75,
                22.125,
                -2.175
              ],
              "size": [
                1.525,
                1.175,
                1
              ],
              "pivot": [
                0,
                24,
                0
              ],
              "rotation": [
                0,
                0,
                -45
              ],
              "uv": [
                99,
                12
              ]
            },
            {
              "origin": [
                -2.55,
                22.25,
                -2.15
              ],
              "size": [
                0.65,
                1.85,
                1.15
              ],
              "uv": [
                123.75,
                18.25
              ]
            },
            {
              "origin": [
                1.95,
                22.25,
                -2.15
              ],
              "size": [
                0.65,
                1.85,
                1.15
              ],
              "uv": [
                123.75,
                18.25
              ]
            },
            {
              "origin": [
                -1.05,
                14.1,
                0.975
              ],
              "size": [
                2.15,
                0.75,
                1.2
              ],
              "uv": [
                119.5,
                28.75
              ]
            },
            {
              "origin": [
                -3.3,
                14.1,
                0.975
              ],
              "size": [
                1.4,
                0.75,
                1.2
              ],
              "uv": [
                119.5,
                28.75
              ]
            },
            {
              "origin": [
                1.95,
                14.1,
                0.975
              ],
              "size": [
                1.4,
                0.75,
                1.2
              ],
              "uv": [
                119.5,
                28.75
              ]
            },
            {
              "origin": [
                1.95,
                19.1,
                -2.275
              ],
              "size": [
                0.65,
                3.1,
                1.275
              ],
              "uv": [
                120.5,
                24.75
              ]
            },
            {
              "origin": [
                -2.55,
                19.1,
                -2.275
              ],
              "size": [
                0.65,
                3.1,
                1.275
              ],
              "uv": [
                120.5,
                24.75
              ]
            },
            {
              "origin": [
                -2.55,
                17.1,
                -2.275
              ],
              "size": [
                0.65,
                2,
                1.275
              ],
              "uv": [
                120.5,
                24.75
              ]
            },
            {
              "origin": [
                1.95,
                17.1,
                -2.275
              ],
              "size": [
                0.65,
                2,
                1.275
              ],
              "uv": [
                120.5,
                24.75
              ]
            },
            {
              "origin": [
                1.95,
                16.1,
                -2.275
              ],
              "size": [
                0.4,
                1,
                1.275
              ],
              "uv": [
                120.5,
                24.75
              ]
            },
            {
              "origin": [
                -2.3,
                16.1,
                -2.275
              ],
              "size": [
                0.4,
                1,
                1.275
              ],
              "uv": [
                120.5,
                24.75
              ]
            },
            {
              "origin": [
                2.15,
                21.25,
                -2.25
              ],
              "size": [
                1.25,
                2.75,
                3.5
              ],
              "pivot": [
                4,
                22,
                0
              ],
              "rotation": [
                0,
                0,
                27
              ],
              "uv": [
                118,
                22
              ],
              "mirror": true
            },
            {
              "origin": [
                2.75,
                18.875,
                -2.2
              ],
              "size": [
                0.75,
                3.375,
                3.35
              ],
              "pivot": [
                4,
                22,
                0
              ],
              "rotation": [
                0,
                0,
                4.5
              ],
              "uv": [
                118,
                28
              ],
              "mirror": true
            },
            {
              "origin": [
                -3.5,
                19.525,
                -2.15
              ],
              "size": [
                0.75,
                3.375,
                2.05
              ],
              "pivot": [
                4,
                22,
                0
              ],
              "rotation": [
                0,
                0,
                -4.5
              ],
              "uv": [
                118,
                28
              ],
              "mirror": true
            },
            {
              "origin": [
                2.5,
                15.525,
                -2.2
              ],
              "size": [
                0.75,
                3.375,
                2
              ],
              "pivot": [
                4,
                22,
                0
              ],
              "rotation": [
                0,
                0,
                4.5
              ],
              "uv": [
                118,
                28
              ],
              "mirror": true
            },
            {
              "origin": [
                -3.225,
                16.175,
                -2.125
              ],
              "size": [
                0.75,
                3.375,
                2
              ],
              "pivot": [
                4,
                22,
                0
              ],
              "rotation": [
                0,
                0,
                -4.5
              ],
              "uv": [
                118,
                28
              ],
              "mirror": true
            },
            {
              "origin": [
                -2.5,
                24.925,
                -2.25
              ],
              "size": [
                1.25,
                2.75,
                3.5
              ],
              "pivot": [
                4,
                22,
                0
              ],
              "rotation": [
                0,
                0,
                -27
              ],
              "uv": [
                118,
                22
              ],
              "mirror": true
            },
            {
              "origin": [
                2.975,
                14.075,
                -2.1
              ],
              "size": [
                1.05,
                7.75,
                4.25
              ],
              "uv": [
                106,
                18
              ],
              "mirror": true
            },
            {
              "origin": [
                -4.05,
                14.075,
                -2.1
              ],
              "size": [
                1.05,
                7.75,
                4.25
              ],
              "uv": [
                106,
                18
              ],
              "mirror": true
            },
            {
              "origin": [
                3.175,
                19.15,
                -2.525
              ],
              "size": [
                1.775,
                4.525,
                4
              ],
              "inflate": -0.4,
              "pivot": [
                0,
                24,
                0
              ],
              "rotation": [
                0,
                0,
                45
              ],
              "uv": [
                118,
                0
              ],
              "mirror": true
            },
            {
              "origin": [
                -4.875,
                19.05,
                -2.525
              ],
              "size": [
                1.775,
                4.525,
                4
              ],
              "inflate": -0.4,
              "pivot": [
                0,
                24,
                0
              ],
              "rotation": [
                0,
                0,
                -45
              ],
              "uv": [
                118,
                0
              ],
              "mirror": true
            }
          ]
        },
        {
          "name": "bipedRightArm",
          "pivot": [
            -4,
            22,
            0
          ]
        },
        {
          "name": "armorRightArm",
          "parent": "bipedRightArm",
          "pivot": [
            -4,
            22,
            0
          ],
          "cubes": [
            {
              "origin": [
                -8,
                12,
                -2
              ],
              "size": [
                4,
                12,
                4
              ],
              "uv": [
                40,
                16
              ]
            },
            {
              "origin": [
                -8.25,
                21.75,
                -1.5
              ],
              "size": [
                4,
                2.5,
                3
              ],
              "uv": [
                29,
                21
              ]
            },
            {
              "origin": [
                -7.75,
                16.25,
                -2.25
              ],
              "size": [
                3.5,
                7.5,
                4.5
              ],
              "uv": [
                98,
                17
              ]
            },
            {
              "origin": [
                -8.25,
                14.45,
                -2.25
              ],
              "size": [
                4.35,
                1.05,
                4.5
              ],
              "uv": [
                81,
                54
              ]
            }
          ]
        },
        {
          "name": "bipedLeftArm",
          "pivot": [
            4,
            22,
            0
          ]
        },
        {
          "name": "armorLeftArm",
          "parent": "bipedLeftArm",
          "pivot": [
            4,
            22,
            0
          ],
          "cubes": [
            {
              "origin": [
                4,
                12,
                -2
              ],
              "size": [
                4,
                12,
                4
              ],
              "uv": [
                32,
                48
              ]
            },
            {
              "origin": [
                4.25,
                21.75,
                -1.5
              ],
              "size": [
                4,
                2.5,
                3
              ],
              "uv": [
                29,
                21
              ],
              "mirror": true
            },
            {
              "origin": [
                4.25,
                16.25,
                -2.25
              ],
              "size": [
                3.5,
                7.5,
                4.5
              ],
              "uv": [
                98,
                17
              ],
              "mirror": true
            },
            {
              "origin": [
                3.85,
                14.45,
                -2.25
              ],
              "size": [
                4.35,
                1.05,
                4.5
              ],
              "uv": [
                81,
                54
              ]
            }
          ]
        },
        {
          "name": "bipedLeftLeg",
          "pivot": [
            -2,
            12,
            0
          ]
        },
        {
          "name": "armorLeftLeg",
          "parent": "bipedLeftLeg",
          "pivot": [
            -2,
            12,
            0
          ],
          "cubes": [
            {
              "origin": [
                0,
                0,
                -2
              ],
              "size": [
                4,
                12,
                4
              ],
              "uv": [
                16,
                48
              ]
            },
            {
              "origin": [
                1.05,
                7.15,
                -2.1
              ],
              "size": [
                1.05,
                3.075,
                2
              ],
              "pivot": [
                4,
                22,
                0
              ],
              "rotation": [
                0,
                0,
                -4.5
              ],
              "uv": [
                118,
                28
              ],
              "mirror": true
            },
            {
              "origin": [
                2.075,
                6,
                -1.6
              ],
              "size": [
                1.3,
                1.25,
                3.75
              ],
              "pivot": [
                3,
                22,
                0
              ],
              "rotation": [
                0,
                0,
                -4.5
              ],
              "uv": [
                100,
                20
              ],
              "mirror": true
            },
            {
              "origin": [
                2.075,
                7.25,
                -2.175
              ],
              "size": [
                1.3,
                6.825,
                4.25
              ],
              "pivot": [
                3,
                22,
                0
              ],
              "rotation": [
                0,
                0,
                -4.5
              ],
              "uv": [
                100,
                17
              ],
              "mirror": true
            },
            {
              "origin": [
                -0.925,
                5,
                1.15
              ],
              "size": [
                3.05,
                7.825,
                1
              ],
              "pivot": [
                3,
                22,
                0
              ],
              "rotation": [
                0,
                0,
                -4.5
              ],
              "uv": [
                100,
                17
              ],
              "mirror": true
            }
          ]
        },
        {
          "name": "armorLeftBoot",
          "parent": "bipedLeftLeg",
          "pivot": [
            -2,
            12,
            0
          ]
        },
        {
          "name": "bipedRightLeg",
          "pivot": [
            2,
            12,
            0
          ]
        },
        {
          "name": "armorRightLeg",
          "parent": "bipedRightLeg",
          "pivot": [
            2,
            12,
            0
          ],
          "cubes": [
            {
              "origin": [
                -2.075,
                6.5,
                -2.1
              ],
              "size": [
                1.05,
                3.075,
                2
              ],
              "pivot": [
                4,
                22,
                0
              ],
              "rotation": [
                0,
                0,
                4.5
              ],
              "uv": [
                118,
                28
              ],
              "mirror": true
            },
            {
              "origin": [
                -3.375,
                6.75,
                -2.25
              ],
              "size": [
                1.3,
                6.825,
                4.35
              ],
              "pivot": [
                3,
                22,
                0
              ],
              "rotation": [
                0,
                0,
                4.5
              ],
              "uv": [
                100,
                17
              ],
              "mirror": true
            },
            {
              "origin": [
                -3.425,
                5.5,
                -1.6
              ],
              "size": [
                1.3,
                1.25,
                3.75
              ],
              "pivot": [
                3,
                22,
                0
              ],
              "rotation": [
                0,
                0,
                4.5
              ],
              "uv": [
                100,
                20
              ],
              "mirror": true
            },
            {
              "origin": [
                -4,
                0,
                -2
              ],
              "size": [
                4,
                12,
                4
              ],
              "uv": [
                0,
                16
              ]
            },
            {
              "origin": [
                -2.175,
                4.5,
                1.15
              ],
              "size": [
                3.05,
                7.825,
                1
              ],
              "pivot": [
                3,
                22,
                0
              ],
              "rotation": [
                0,
                0,
                4.5
              ],
              "uv": [
                100,
                17
              ],
              "mirror": true
            }
          ]
        },
        {
          "name": "armorRightBoot",
          "parent": "bipedRightLeg",
          "pivot": [
            2,
            12,
            0
          ]
        }
      ]
    }
  ]
}