{
	"format_version": "1.12.0",
	"minecraft:geometry": [
		{
			"description": {
				"identifier": "geometry.unknown",
				"texture_width": 128,
				"texture_height": 128,
				"visible_bounds_width": 3,
				"visible_bounds_height": 3.5,
				"visible_bounds_offset": [0, 1.25, 0]
			},
			"bones": [
				{
					"name": "bipedHead",
					"pivot": [0, 24, 0]
				},
				{
					"name": "armorHead",
					"parent": "bipedHead",
					"pivot": [0, 24, 0],
					"cubes": [
						{"origin": [-4, 24, -4], "size": [8, 8, 8], "uv": [0, 0]},
						{
							"origin": [-4.35, 26.25, -6],
							"size": [8.7, 7.625, 5],
							"inflate": -1.7,
							"uv": {
								"north": {"uv": [90, 6], "uv_size": [8, 7]},
								"east": {"uv": [85, 6], "uv_size": [5, 7]},
								"south": {"uv": [103, 6], "uv_size": [8, 7]},
								"west": {"uv": [98, 6], "uv_size": [5, 7]},
								"up": {"uv": [90, 1], "uv_size": [8, 5]},
								"down": {"uv": [98, 6], "uv_size": [8, -5]}
							}
						},
						{"origin": [1.65, 25.75, -5.5], "size": [4.2, 7.625, 11], "inflate": -1.7, "uv": [74, 21]},
						{"origin": [1.65, 22.55, -5.5], "size": [4.2, 6.625, 11], "inflate": -1.7, "pivot": [4.15, 27.4, -3.75], "rotation": [0, 0, 2.25], "uv": [74, 21]},
						{"origin": [-5.85, 22.85, -5.5], "size": [4.2, 6.625, 11], "inflate": -1.7, "pivot": [4.15, 27.4, -3.75], "rotation": [0, 0, -2.25], "uv": [74, 21], "mirror": true},
						{"origin": [-5.85, 25.75, -5.5], "size": [4.2, 7.625, 11], "inflate": -1.7, "uv": [74, 21], "mirror": true},
						{"origin": [-5.25, 26.75, -5.6], "size": [10.4, 7.25, 11.5], "inflate": -1.7, "uv": [78, 15]},
						{"origin": [-2.75, 25.225, -5.925], "size": [5.5, 4.425, 4.925], "inflate": -1.7, "uv": [87, 0]},
						{"origin": [-5.45, 24.475, -5.825], "size": [5.5, 3.875, 4.825], "inflate": -1.7, "uv": [85, 3]},
						{"origin": [-0.35, 24.475, -5.85], "size": [5.5, 3.875, 4.85], "inflate": -1.7, "uv": [84, 4]},
						{"origin": [-0.55, 25.925, -5.9], "size": [5.7, 3.925, 4.9], "inflate": -1.7, "pivot": [0, 24, 0], "rotation": [0, 0, -5], "uv": [84, 5]},
						{"origin": [-0.55, 24.625, -5.9], "size": [5.7, 3.925, 4.9], "inflate": -1.7, "pivot": [0, 24, 0], "rotation": [0, 0, -5], "uv": [84, 5], "mirror": true},
						{"origin": [-5.15, 25.925, -5.9], "size": [5.7, 3.925, 4.9], "inflate": -1.7, "pivot": [0, 24, 0], "rotation": [0, 0, 5], "uv": [84, 5]},
						{"origin": [-5.15, 24.625, -5.9], "size": [5.7, 3.925, 4.9], "inflate": -1.7, "pivot": [0, 24, 0], "rotation": [0, 0, 5], "uv": [84, 5]},
						{"origin": [-4.25, 22.1, -6], "size": [8.5, 6.55, 5], "inflate": -1.7, "uv": [85, 15]},
						{"origin": [-3.25, 21.9, -5.9], "size": [6.5, 6.75, 5], "inflate": -1.7, "uv": [93, 23]},
						{"origin": [1.3, 22.4, -6], "size": [4.3, 9.6, 5], "inflate": -1.7, "uv": [85, 0]},
						{"origin": [-5.6, 22.4, -6], "size": [4.3, 9.6, 5], "inflate": -1.7, "uv": [85, 0], "mirror": true},
						{"origin": [-5.5, 28.55, -5.9], "size": [4.3, 5.2, 4.9], "inflate": -1.7, "uv": [85, 0], "mirror": true},
						{"origin": [1.2, 28.55, -5.9], "size": [4.3, 5.2, 4.9], "inflate": -1.7, "uv": [85, 0]},
						{"origin": [1.1, 22.25, -5.9], "size": [4.3, 4.7, 4.9], "inflate": -1.7, "uv": [85, 0]},
						{"origin": [-5.4, 22.25, -5.9], "size": [4.3, 4.7, 4.9], "inflate": -1.7, "uv": [85, 0], "mirror": true},
						{
							"origin": [-4.5, 23.7, 0],
							"size": [9.05, 2.3, 4.3],
							"uv": {
								"north": {"uv": [108, 7], "uv_size": [10, 4]},
								"east": {"uv": [108, 7], "uv_size": [5, 4]},
								"south": {"uv": [120, 8], "uv_size": [-10, 4]},
								"west": {"uv": [108, 7], "uv_size": [5, 4]},
								"up": {"uv": [118, 11], "uv_size": [-10, -4]},
								"down": {"uv": [118, 11], "uv_size": [-10, -4]}
							}
						},
						{
							"origin": [2.75, 25.475, -1.8],
							"size": [1.2, 1.825, 6],
							"pivot": [0, 24, 0],
							"rotation": [0, 0, 22.5],
							"uv": {
								"north": {"uv": [107, 9], "uv_size": [8, 4]},
								"east": {"uv": [115, 9], "uv_size": [-8, 4]},
								"south": {"uv": [115, 9], "uv_size": [-8, 4]},
								"west": {"uv": [115, 9], "uv_size": [-8, 4]},
								"up": {"uv": [107, 13], "uv_size": [5, -3]},
								"down": {"uv": [107, 13], "uv_size": [8, -4]}
							}
						},
						{
							"origin": [-3.9, 25.475, -1.8],
							"size": [1.2, 1.825, 6],
							"pivot": [0, 24, 0],
							"rotation": [0, 0, -22.5],
							"uv": {
								"north": {"uv": [115, 9], "uv_size": [-8, 4]},
								"east": {"uv": [107, 9], "uv_size": [8, 4]},
								"south": {"uv": [107, 9], "uv_size": [8, 4]},
								"west": {"uv": [107, 9], "uv_size": [8, 4]},
								"up": {"uv": [112, 13], "uv_size": [-5, -4]},
								"down": {"uv": [115, 13], "uv_size": [-8, -4]}
							}
						}
					]
				},
				{
					"name": "bipedBody",
					"pivot": [0, 24, 0]
				},
				{
					"name": "armorBody",
					"parent": "bipedBody",
					"pivot": [0, 24, 0]
				},
				{
					"name": "bodyTop",
					"parent": "armorBody",
					"pivot": [0, 24, 0],
					"cubes": [
						{"origin": [-4, 18, -2], "size": [8, 6, 4], "uv": [16, 16]},
						{"origin": [0.2, 16.6, -3.5], "size": [3.15, 8.5, 3], "inflate": -1.1, "uv": [106, 3]},
						{"origin": [-4.75, 16.85, 0.75], "size": [9.6, 7.25, 2.75], "inflate": -1.1, "uv": [99, 66]},
						{"origin": [-5, 21.6, 1], "size": [10.1, 3.5, 2.75], "inflate": -1.1, "uv": [68, 69]},
						{"origin": [0.15, 20.85, -3.6], "size": [3.35, 4.45, 3], "inflate": -1.1, "uv": [107, 5]},
						{"origin": [-3.85, 21.45, -4.15], "size": [3.35, 4.25, 3], "inflate": -1.275, "pivot": [0, 24, 0], "rotation": [13, 0, 0], "uv": [107, 5], "mirror": true},
						{"origin": [0.5, 21.45, -4.15], "size": [3.35, 4.25, 3], "inflate": -1.275, "pivot": [0, 24, 0], "rotation": [13, 0, 0], "uv": [107, 5]},
						{"origin": [4.15, 15.35, -3.2], "size": [4.1, 2.75, 2.6], "inflate": -1.1, "pivot": [0, 24, 0], "rotation": [0, 0, 22.5], "uv": [106, 10]},
						{"origin": [-8.2, 15.35, -3.2], "size": [4.1, 2.75, 2.6], "inflate": -1.1, "pivot": [0, 24, 0], "rotation": [0, 0, -22.5], "uv": [106, 10], "mirror": true},
						{"origin": [-3.45, 20.85, -3.6], "size": [3.35, 4.45, 3], "inflate": -1.1, "uv": [107, 5]},
						{"origin": [-2.9, 22.05, -3.4], "size": [3.35, 2.65, 3], "inflate": -1.1, "uv": [107, 7]},
						{"origin": [-1.95, 21.85, -3.4], "size": [2.525, 2.75, 3], "inflate": -1.15, "uv": [97, 48]},
						{"origin": [-0.525, 21.85, -3.4], "size": [2.525, 2.75, 3], "inflate": -1.15, "uv": [97, 48]},
						{"origin": [-0.4, 22.05, -3.4], "size": [3.35, 2.65, 3], "inflate": -1.1, "uv": [107, 7]},
						{"origin": [-3.3, 16.6, -3.5], "size": [3.15, 8.5, 3], "inflate": -1.1, "uv": [106, 3], "mirror": true},
						{
							"origin": [0.65, 16.86998, -2.90398],
							"size": [1.5, 6, 1.025],
							"inflate": -0.5,
							"pivot": [2.35, 16.225, 5.625],
							"rotation": [0, 0, 4],
							"uv": {
								"north": {"uv": [60, 81], "uv_size": [5, 45]},
								"east": {"uv": [5, 114], "uv_size": [1, 7]},
								"south": {"uv": [5, 112], "uv_size": [1, 7]},
								"west": {"uv": [5, 112], "uv_size": [1, 7]},
								"up": {"uv": [5, 114], "uv_size": [1, 1]},
								"down": {"uv": [5, 115], "uv_size": [1, -1]}
							}
						},
						{
							"origin": [-2.1, 17.11998, -2.92898],
							"size": [1.5, 6, 1.025],
							"inflate": -0.5,
							"pivot": [2.35, 16.225, 5.625],
							"rotation": [0, 0, -4],
							"uv": {
								"north": {"uv": [60, 93], "uv_size": [5, 33]},
								"east": {"uv": [5, 114], "uv_size": [1, 7]},
								"south": {"uv": [5, 112], "uv_size": [1, 7]},
								"west": {"uv": [5, 112], "uv_size": [1, 7]},
								"up": {"uv": [5, 114], "uv_size": [1, 1]},
								"down": {"uv": [5, 115], "uv_size": [1, -1]}
							}
						}
					]
				},
				{
					"name": "bodyTopEmblem",
					"parent": "bodyTop",
					"pivot": [0, 18, 2.6],
					"cubes": [
						{"origin": [1.91132, 17.81205, -2.525], "size": [0.925, 0.925, 1.05], "inflate": -0.35, "pivot": [2.25, 21.5, -2.15], "rotation": [0, 0, 45], "uv": [81, 24], "mirror": true},
						{
							"origin": [-0.61368, 19.46205, -2.45],
							"size": [1.325, 2.35, 1],
							"inflate": -0.2,
							"uv": {
								"north": {"uv": [90, 20], "uv_size": [-3, 4]},
								"east": {"uv": [90, 20], "uv_size": [-3, 4]},
								"south": {"uv": [90, 20], "uv_size": [-3, 4]},
								"west": {"uv": [90, 20], "uv_size": [-3, 4]},
								"up": {"uv": [87, 24], "uv_size": [3, -4]},
								"down": {"uv": [87, 24], "uv_size": [3, -4]}
							}
						},
						{"origin": [-1.6, 18.3, -2.15], "size": [3.3, 4.5, 1], "inflate": -0.05, "uv": [117, 53]},
						{"origin": [0.05, 16.5, -2.15], "size": [1.55, 1.05, 1], "inflate": -0.05, "uv": [121, 54]},
						{"origin": [-2.05, 12.7, -2.125], "size": [4.25, 1.05, 1], "inflate": -0.05, "uv": [40, 30]},
						{"origin": [-3.65, 11.45, 1.375], "size": [7.35, 1.05, 0.8], "inflate": -0.05, "uv": [109, 0]},
						{"origin": [-2.3, 11.2, -3.575], "size": [4.6, 4.05, 3.125], "inflate": -1.425, "uv": [95, 47]},
						{"origin": [-1.65, 16.5, -2.15], "size": [1.55, 1.05, 1], "inflate": -0.05, "uv": [121, 54]},
						{"origin": [0.05, 15.45, -2.15], "size": [1.55, 1.05, 1], "inflate": -0.05, "uv": [121, 55]},
						{"origin": [-1.65, 15.45, -2.15], "size": [1.55, 1.05, 1], "inflate": -0.05, "uv": [121, 54]},
						{"origin": [0.05, 14.4, -2.15], "size": [1.55, 1.05, 1], "inflate": -0.05, "uv": [121, 53]},
						{"origin": [-1.65, 14.4, -2.15], "size": [1.55, 1.05, 1], "inflate": -0.05, "uv": [121, 54]},
						{"origin": [2.78632, 22.73705, -2.2], "size": [0.55, 1.85, 1], "pivot": [2.25, 21.5, -2.15], "rotation": [0, 0, -149], "uv": [81, 24], "mirror": true},
						{"origin": [4.93632, 20.46205, -2.175], "size": [0.55, 1.85, 1], "pivot": [2.25, 21.5, -2.15], "rotation": [0, 0, 149], "uv": [81, 24], "mirror": true},
						{"origin": [-0.01368, 23.83705, -2.2], "size": [0.55, 1.425, 1], "pivot": [2.25, 21.5, -2.15], "rotation": [0, 0, -73], "uv": [87, 23], "mirror": true},
						{"origin": [1.63632, 19.91205, -2.2], "size": [0.55, 1.175, 1], "pivot": [2.25, 21.5, -2.15], "rotation": [0, 0, 73], "uv": [81, 25]},
						{
							"origin": [0.68632, 20.71205, -2.25],
							"size": [1.05, 0.975, 1],
							"uv": {
								"north": {"uv": [84, 20], "uv_size": [2, 2]},
								"east": {"uv": [84, 20], "uv_size": [2, 2]},
								"south": {"uv": [84, 20], "uv_size": [2, 2]},
								"west": {"uv": [84, 20], "uv_size": [2, 2]},
								"up": {"uv": [86, 22], "uv_size": [-2, -2]},
								"down": {"uv": [86, 22], "uv_size": [-2, -2]}
							}
						},
						{"origin": [2.63632, 19.58705, -2.2], "size": [0.55, 1.5, 1], "pivot": [2.25, 21.5, -2.15], "rotation": [0, 0, 73], "uv": [81, 26]},
						{"origin": [1.83632, 19.28705, -2.475], "size": [1, 1, 1], "inflate": -0.35, "pivot": [2.25, 21.5, -2.15], "rotation": [0, 0, 45], "uv": [81, 24], "mirror": true},
						{"origin": [2.33632, 20.23705, -2.475], "size": [0.75, 1, 1], "inflate": -0.35, "pivot": [2.25, 21.5, -2.15], "rotation": [0, 0, 45], "uv": [81, 24], "mirror": true},
						{"origin": [-2.13868, 20.61205, -2.25], "size": [1.525, 1.075, 1], "uv": [84, 23], "mirror": true},
						{"origin": [1.03632, 24.13705, -2.2], "size": [0.55, 1.425, 1], "pivot": [2.25, 21.5, -2.15], "rotation": [0, 0, -73], "uv": [82, 25], "mirror": true},
						{"origin": [0.58632, 19.81205, -2.25], "size": [0.45, 0.825, 1], "inflate": -0.025, "pivot": [2.25, 21.5, -2.15], "rotation": [0, 0, 45], "uv": [82, 24], "mirror": true},
						{"origin": [0.36132, 22.93705, -2.25], "size": [0.45, 0.825, 1], "inflate": -0.025, "pivot": [2.25, 21.5, -2.15], "rotation": [0, 0, -45], "uv": [82, 24], "mirror": true},
						{
							"origin": [-0.61368, 20.13705, -2.225],
							"size": [1.325, 1.575, 1],
							"inflate": 0.05,
							"uv": {
								"north": {"uv": [89, 20], "uv_size": [-4, 5]},
								"east": {"uv": [89, 20], "uv_size": [-4, 5]},
								"south": {"uv": [89, 20], "uv_size": [-4, 5]},
								"west": {"uv": [89, 20], "uv_size": [-4, 5]},
								"up": {"uv": [85, 25], "uv_size": [4, -5]},
								"down": {"uv": [85, 25], "uv_size": [4, -5]}
							}
						},
						{"origin": [-0.66368, 17.71205, -2.475], "size": [1, 0.5, 1], "inflate": -0.35, "pivot": [2.25, 21.5, -2.15], "rotation": [0, 0, 45], "uv": [81, 24], "mirror": true},
						{"origin": [0.33632, 17.73705, -2.475], "size": [1, 1, 1], "inflate": -0.35, "pivot": [2.25, 21.5, -2.15], "rotation": [0, 0, 45], "uv": [81, 24], "mirror": true}
					]
				},
				{
					"name": "bodyBottom",
					"parent": "armorBody",
					"pivot": [0, 24, 0],
					"cubes": [
						{"origin": [-4, 12, -2], "size": [8, 6, 4], "uv": [16, 22]},
						{
							"origin": [-0.05, 12.35, -3.4],
							"size": [3.25, 6.85, 2.8],
							"inflate": -1.1,
							"uv": {
								"north": {"uv": [121, 3], "uv_size": [5, 7]},
								"east": {"uv": [118, 6], "uv_size": [2, 6]},
								"south": {"uv": [125, 6], "uv_size": [3, 6]},
								"west": {"uv": [123, 6], "uv_size": [2, 6]},
								"up": {"uv": [120, 4], "uv_size": [3, 2]},
								"down": {"uv": [123, 6], "uv_size": [3, -2]}
							}
						},
						{
							"origin": [-3.2, 12.35, -3.4],
							"size": [3.25, 6.85, 2.8],
							"inflate": -1.1,
							"uv": {
								"north": {"uv": [126, 3], "uv_size": [-5, 7]},
								"east": {"uv": [125, 6], "uv_size": [-2, 6]},
								"south": {"uv": [128, 6], "uv_size": [-3, 6]},
								"west": {"uv": [120, 6], "uv_size": [-2, 6]},
								"up": {"uv": [123, 4], "uv_size": [-3, 2]},
								"down": {"uv": [126, 6], "uv_size": [-3, -2]}
							}
						},
						{"origin": [-0.29827, 9.99622, -3.25], "size": [3.075, 4.65, 2.7], "inflate": -1.1, "pivot": [1, 13.75, 0], "rotation": [0, 0, -53.25], "uv": [118, 8]},
						{"origin": [-1.97327, 8.37122, -3.25], "size": [3.075, 4.65, 2.7], "inflate": -1.1, "pivot": [1, 13.75, 0], "rotation": [0, 0, 53.25], "uv": [118, 8]},
						{"origin": [-3.75, 10.85, 0.75], "size": [7.6, 8.25, 2.65], "inflate": -1.1, "uv": [104, 61], "mirror": true},
						{
							"origin": [-2.25, 12.86998, -2.80398],
							"size": [1.5, 5.2, 1.025],
							"inflate": -0.5,
							"pivot": [2.35, 16.225, 5.625],
							"rotation": [0, 0, 3],
							"uv": {
								"north": {"uv": [60, 94], "uv_size": [5, 32]},
								"east": {"uv": [5, 114], "uv_size": [1, 7]},
								"south": {"uv": [5, 112], "uv_size": [1, 7]},
								"west": {"uv": [5, 112], "uv_size": [1, 7]},
								"up": {"uv": [5, 114], "uv_size": [1, 1]},
								"down": {"uv": [5, 115], "uv_size": [1, -1]}
							}
						},
						{
							"origin": [0.8, 12.86998, -2.85398],
							"size": [1.5, 5.2, 1.025],
							"inflate": -0.5,
							"pivot": [2.35, 16.225, 5.625],
							"rotation": [0, 0, -3],
							"uv": {
								"north": {"uv": [60, 94], "uv_size": [5, 32]},
								"east": {"uv": [5, 114], "uv_size": [1, 7]},
								"south": {"uv": [5, 112], "uv_size": [1, 7]},
								"west": {"uv": [5, 112], "uv_size": [1, 7]},
								"up": {"uv": [5, 114], "uv_size": [1, 1]},
								"down": {"uv": [5, 115], "uv_size": [1, -1]}
							}
						}
					]
				},
				{
					"name": "bipedRightArm",
					"pivot": [-4, 22, 0]
				},
				{
					"name": "armorRightArm",
					"parent": "bipedRightArm",
					"pivot": [-4, 22, 0],
					"cubes": [
						{
							"origin": [-7.75, 18.25, -2.25],
							"size": [3.35, 5.4, 4.5],
							"uv": {
								"north": {"uv": [49, 21], "uv_size": [-3, 5]},
								"east": {"uv": [53, 21], "uv_size": [-4, 5]},
								"south": {"uv": [56, 21], "uv_size": [-3, 5]},
								"west": {"uv": [46, 21], "uv_size": [-4, 5]},
								"up": {"uv": [49, 17], "uv_size": [-3, 4]},
								"down": {"uv": [53, 27], "uv_size": [-3, -4]}
							}
						}
					]
				},
				{
					"name": "rightArmtop",
					"parent": "armorRightArm",
					"pivot": [0, 24, 0],
					"cubes": [
						{"origin": [-8, 18, -2], "size": [4, 6, 4], "uv": [40, 16]},
						{"origin": [-8.15, 22, -1.5], "size": [3.9, 2.25, 3], "uv": [56, 2], "mirror": true}
					]
				},
				{
					"name": "rightArmBottom",
					"parent": "armorRightArm",
					"pivot": [-4, 22, 0],
					"cubes": [
						{
							"origin": [-8, 12, -2],
							"size": [4, 6, 4],
							"uv": {
								"north": {"uv": [19, 81], "uv_size": [4, 6]},
								"east": {"uv": [15, 81], "uv_size": [4, 6]},
								"south": {"uv": [27, 81], "uv_size": [4, 6]},
								"west": {"uv": [23, 81], "uv_size": [4, 6]},
								"up": {"uv": [19, 77], "uv_size": [4, 4]},
								"down": {"uv": [20, 87], "uv_size": [-4, -3]}
							}
						},
						{"origin": [-8, 16.25, -2], "size": [4, 1.05, 4], "inflate": 0.25, "uv": [51, 3], "mirror": true},
						{"origin": [-7.9, 14.55, -1.9], "size": [3.8, 0.55, 3.8], "inflate": 0.25, "uv": [111, 49], "mirror": true}
					]
				},
				{
					"name": "bipedLeftArm",
					"pivot": [4, 22, 0]
				},
				{
					"name": "armorLeftArm",
					"parent": "bipedLeftArm",
					"pivot": [4, 22, 0]
				},
				{
					"name": "leftArmTop",
					"parent": "armorLeftArm",
					"pivot": [4, 22, 0],
					"cubes": [
						{"origin": [4, 18, -2], "size": [4, 6, 4], "uv": [32, 48]},
						{"origin": [4.25, 22, -1.5], "size": [3.9, 2.25, 3], "uv": [56, 2]},
						{
							"origin": [4.25, 18.25, -2.25],
							"size": [3.35, 5.4, 4.5],
							"uv": {
								"north": {"uv": [46, 21], "uv_size": [3, 5]},
								"east": {"uv": [42, 21], "uv_size": [4, 5]},
								"south": {"uv": [53, 21], "uv_size": [3, 5]},
								"west": {"uv": [49, 21], "uv_size": [4, 5]},
								"up": {"uv": [46, 17], "uv_size": [3, 4]},
								"down": {"uv": [50, 27], "uv_size": [3, -4]}
							}
						}
					]
				},
				{
					"name": "leftArmBottom",
					"parent": "armorLeftArm",
					"pivot": [4, 22, 0],
					"cubes": [
						{
							"origin": [4, 12, -2],
							"size": [4, 6, 4],
							"uv": {
								"north": {"uv": [19, 70], "uv_size": [4, 6]},
								"east": {"uv": [15, 70], "uv_size": [4, 6]},
								"south": {"uv": [27, 70], "uv_size": [4, 6]},
								"west": {"uv": [23, 70], "uv_size": [4, 6]},
								"up": {"uv": [19, 66], "uv_size": [4, 4]},
								"down": {"uv": [26, 76], "uv_size": [-4, -3]}
							}
						},
						{"origin": [4, 16.25, -2], "size": [4, 1.05, 4], "inflate": 0.25, "uv": [50, 3]},
						{"origin": [4.1, 14.55, -1.9], "size": [3.8, 0.55, 3.8], "inflate": 0.25, "uv": [111, 49]}
					]
				},
				{
					"name": "bipedLeftLeg",
					"pivot": [-2, 12, 0]
				},
				{
					"name": "armorLeftLeg",
					"parent": "bipedLeftLeg",
					"pivot": [-2, 12, 0],
					"cubes": [
						{"origin": [0, 6, -2], "size": [4, 6, 4], "uv": [16, 48]},
						{"origin": [-0.2, 9.45, -2.125], "size": [4.4, 1.05, 4.3], "inflate": -0.025, "uv": [110, 51], "mirror": true},
						{"origin": [3.95, 8.45, 5.375], "size": [1.15, 3.975, 1.55], "inflate": -0.025, "pivot": [0, 24, 0], "rotation": [-22.5, 0, 0], "uv": [110, 51], "mirror": true},
						{"origin": [-0.2, 6, -2.125], "size": [4.4, 0.95, 4.3], "inflate": -0.025, "uv": [110, 49], "mirror": true},
						{"origin": [-0.2, 4.8, -3.375], "size": [4.4, 3.35, 3.55], "inflate": -1.025, "uv": [95, 46], "mirror": true},
						{"origin": [-0.2, 4.75, -3], "size": [4.4, 3.45, 3.55], "inflate": -0.85, "uv": [111, 46], "mirror": true},
						{"origin": [0.05, 4.45, -3.275], "size": [3.9, 4.05, 3.45], "inflate": -1.025, "uv": [95, 46], "mirror": true},
						{"origin": [4.05, 6.9, -1.125], "size": [0.925, 4.5, 1.8], "inflate": -0.025, "uv": [110, 51], "mirror": true},
						{"origin": [-0.2, 7.95, -2.125], "size": [4.4, 1.05, 4.3], "inflate": -0.025, "uv": [110, 49], "mirror": true}
					]
				},
				{
					"name": "bipedLeftLegPistol",
					"parent": "armorLeftLeg",
					"pivot": [-2.2, 3, 0.75],
					"cubes": [
						{"origin": [1.075, 7.25, -3.525], "size": [6.6, 8.1, 6.675], "inflate": -2.8, "uv": [74, 113]},
						{"origin": [0.95, 7.25, -2.55], "size": [6.525, 7.8, 6.1], "inflate": -2.8, "uv": [74, 113]},
						{"origin": [1.1, 7.925, -5.425], "size": [6.525, 6.25, 6.8], "inflate": -2.8, "pivot": [6.375, 1.25, 6.75], "rotation": [-10.5, 0, 0], "uv": [74, 113]},
						{"origin": [1, 8.15, -5.425], "size": [6.525, 6.25, 6.8], "inflate": -2.9, "pivot": [6.375, 1.25, 6.75], "rotation": [-10.5, 0, 0], "uv": [74, 113]},
						{"origin": [1.775, 6.5, -3.525], "size": [5, 8, 7.075], "inflate": -2.9, "uv": [98, 107]},
						{"origin": [1.275, 5.75, -3.525], "size": [6, 8, 7.275], "inflate": -3.2, "uv": [98, 107]},
						{"origin": [0.85, 5.5, -3.525], "size": [7, 8, 7.275], "inflate": -3.3, "uv": [95, 110]},
						{"origin": [0.95, 11.2, 2.525], "size": [6.8, 7.425, 6.925], "inflate": -3.3, "pivot": [4.975, 3, 6.5], "rotation": [35.25, 0, 0], "uv": [79, 113]},
						{"origin": [1.375, 6.25, -4.125], "size": [6, 8, 7.275], "inflate": -3.35, "uv": [97, 111]},
						{"origin": [0.775, 8.25, -4.025], "size": [7.1, 7.4, 7.275], "inflate": -3.15, "uv": [97, 111]},
						{"origin": [0.575, 5.25, -7.2], "size": [7.5, 7.1, 7.75], "inflate": -3.35, "pivot": [4.975, 3, 7.25], "rotation": [-23, 0, 0], "uv": [74, 113]},
						{"origin": [0.575, 6.875, -5.875], "size": [7.4, 7.1, 9.35], "inflate": -3.35, "pivot": [4.975, 2.75, 9], "rotation": [-12.25, 0, 0], "uv": [100, 75]},
						{"origin": [0.575, 6.375, -5.4], "size": [7.4, 7.1, 9.35], "inflate": -3.35, "pivot": [4.975, 2.75, 9], "rotation": [-12.25, 0, 0], "uv": [100, 75]},
						{"origin": [1.275, 6.2, -4.75], "size": [6, 7.15, 7.6], "inflate": -3.35, "pivot": [4.975, 2.75, 9], "rotation": [-12.25, 0, 0], "uv": [74, 114], "mirror": true},
						{"origin": [1.275, 7.75, -1.875], "size": [6, 7, 6.025], "inflate": -2.9, "uv": [74, 115]},
						{"origin": [1.075, 8.325, -2.25], "size": [6.3, 5.95, 6.05], "inflate": -2.9, "uv": [101, 110]},
						{"origin": [1.575, 7.75, -2.925], "size": [5, 6, 7.025], "inflate": -2.9, "uv": [101, 110]},
						{"origin": [0.725, 8.5, -2.825], "size": [7.1, 6.95, 8.275], "inflate": -3.1, "uv": [101, 76]},
						{"origin": [0.775, 8.05, -1], "size": [7, 7.575, 6.65], "inflate": -3.2, "uv": [86, 96]}
					]
				},
				{
					"name": "bipedRightLegHolsterStrap3",
					"parent": "bipedLeftLegPistol",
					"pivot": [-2.2, 10, -0.41],
					"rotation": [24.99815, 0, 0]
				},
				{
					"name": "bipedRightLegHolsterStrap4",
					"parent": "bipedLeftLegPistol",
					"pivot": [-1.525, 16.15, -4.085],
					"rotation": [-3.00185, 0, -84.75]
				},
				{
					"name": "armorLeftBoot",
					"parent": "bipedLeftLeg",
					"pivot": [-2, 12, 0],
					"cubes": [
						{"origin": [0, 0, -2], "size": [4, 6, 4], "uv": [38, 66]},
						{"origin": [-0.2, 1.95, -2.125], "size": [4.4, 1.05, 4.3], "inflate": -0.025, "uv": [111, 53]}
					]
				},
				{
					"name": "bipedRightLeg",
					"pivot": [2, 12, 0]
				},
				{
					"name": "armorRightLeg",
					"parent": "bipedRightLeg",
					"pivot": [2, 12, 0],
					"cubes": [
						{"origin": [-4, 6, -2], "size": [4, 6, 4], "uv": [0, 16]},
						{"origin": [-4.2, 9.45, -2.125], "size": [4.4, 1.05, 4.3], "inflate": -0.025, "uv": [110, 51]},
						{"origin": [-4.2, 7.95, -2.125], "size": [4.4, 1.05, 4.3], "inflate": -0.025, "uv": [110, 49]},
						{"origin": [-4.2, 4.8, -3.375], "size": [4.4, 3.35, 3.55], "inflate": -1.025, "uv": [95, 46]},
						{"origin": [-4.2, 6, -2.125], "size": [4.4, 0.95, 4.3], "inflate": -0.025, "uv": [110, 49]},
						{"origin": [-3.95, 4.45, -3.275], "size": [3.9, 4.05, 3.45], "inflate": -1.025, "uv": [95, 46], "mirror": true},
						{"origin": [-4.2, 4.75, -3], "size": [4.4, 3.45, 3.55], "inflate": -0.85, "uv": [111, 46], "mirror": true},
						{"origin": [-4.95, 6.9, -1.125], "size": [0.925, 4.5, 1.8], "inflate": -0.025, "uv": [110, 51], "mirror": true},
						{"origin": [-5.05, 8.45, 5.375], "size": [1.15, 3.975, 1.3], "inflate": -0.025, "pivot": [0, 24, 0], "rotation": [-22.5, 0, 0], "uv": [110, 51], "mirror": true}
					]
				},
				{
					"name": "bipedRightLegPistol",
					"parent": "armorRightLeg",
					"pivot": [-10.75, 3, 0.75],
					"cubes": [
						{"origin": [-7.675, 7.25, -3.525], "size": [6.6, 8.1, 6.675], "inflate": -2.8, "uv": [74, 113]},
						{"origin": [-7.6, 7.25, -2.55], "size": [6.525, 7.8, 6.1], "inflate": -2.8, "uv": [74, 113]},
						{"origin": [-7.55, 7.925, -5.425], "size": [6.525, 6.25, 6.8], "inflate": -2.8, "pivot": [-2.175, 1.25, 6.75], "rotation": [-10.5, 0, 0], "uv": [74, 113]},
						{"origin": [-7.55, 8.15, -5.425], "size": [6.525, 6.25, 6.8], "inflate": -2.9, "pivot": [-2.175, 1.25, 6.75], "rotation": [-10.5, 0, 0], "uv": [74, 113]},
						{"origin": [-6.775, 6.5, -3.525], "size": [5, 8, 7.075], "inflate": -2.9, "uv": [98, 107]},
						{"origin": [-7.275, 5.75, -3.525], "size": [6, 8, 7.275], "inflate": -3.2, "uv": [98, 107]},
						{"origin": [-7.7, 5.5, -3.525], "size": [7, 8, 7.275], "inflate": -3.3, "uv": [95, 110]},
						{"origin": [-7.7, 11.2, 2.525], "size": [6.8, 7.425, 6.925], "inflate": -3.3, "pivot": [-3.575, 3, 6.5], "rotation": [35.25, 0, 0], "uv": [79, 113]},
						{"origin": [-7.175, 6.25, -4.125], "size": [6, 8, 7.275], "inflate": -3.35, "uv": [97, 111]},
						{"origin": [-7.775, 8.25, -4.025], "size": [7.1, 7.4, 7.275], "inflate": -3.15, "uv": [97, 111]},
						{"origin": [-7.975, 5.25, -7.2], "size": [7.5, 7.1, 7.75], "inflate": -3.35, "pivot": [-3.575, 3, 7.25], "rotation": [-23, 0, 0], "uv": [74, 113]},
						{"origin": [-7.875, 6.875, -5.875], "size": [7.4, 7.1, 9.35], "inflate": -3.35, "pivot": [-3.575, 2.75, 9], "rotation": [-12.25, 0, 0], "uv": [100, 75]},
						{"origin": [-7.875, 6.375, -5.4], "size": [7.4, 7.1, 9.35], "inflate": -3.35, "pivot": [-3.575, 2.75, 9], "rotation": [-12.25, 0, 0], "uv": [100, 75]},
						{"origin": [-7.175, 6.2, -4.75], "size": [6, 7.15, 7.6], "inflate": -3.35, "pivot": [-3.575, 2.75, 9], "rotation": [-12.25, 0, 0], "uv": [74, 114], "mirror": true},
						{"origin": [-7.375, 7.75, -1.875], "size": [6, 7, 6.025], "inflate": -2.9, "uv": [74, 115]},
						{"origin": [-7.675, 8.325, -2.25], "size": [6.3, 5.95, 6.05], "inflate": -2.9, "uv": [101, 110]},
						{"origin": [-6.775, 7.75, -2.925], "size": [5, 6, 7.025], "inflate": -2.9, "uv": [101, 110]},
						{"origin": [-7.725, 8.5, -2.825], "size": [7.1, 6.95, 8.275], "inflate": -3.1, "uv": [101, 76]},
						{"origin": [-7.675, 8.05, -1], "size": [7, 7.575, 6.65], "inflate": -3.2, "uv": [86, 96]}
					]
				},
				{
					"name": "bipedRightLegHolsterStrap",
					"parent": "bipedRightLegPistol",
					"pivot": [-10.75, 10, -0.41],
					"rotation": [24.99815, 0, 0]
				},
				{
					"name": "bipedRightLegHolsterStrap2",
					"parent": "bipedRightLegPistol",
					"pivot": [-10.075, 16.15, -4.085],
					"rotation": [-3.00185, 0, -84.75]
				},
				{
					"name": "armorRightBoot",
					"parent": "bipedRightLeg",
					"pivot": [2, 12, 0],
					"cubes": [
						{"origin": [-4, 0, -2], "size": [4, 6, 4], "uv": [38, 77]},
						{"origin": [-4.2, 1.95, -2.125], "size": [4.4, 1.05, 4.3], "inflate": -0.025, "uv": [111, 53], "mirror": true}
					]
				}
			]
		}
	]
}