{
	"format_version": "1.12.0",
	"minecraft:geometry": [
		{
			"description": {
				"identifier": "geometry.unknown",
				"texture_width": 120,
				"texture_height": 120,
				"visible_bounds_width": 3,
				"visible_bounds_height": 3.5,
				"visible_bounds_offset": [0, 1.25, 0]
			},
			"bones": [
				{
					"name": "bb_main",
					"pivot": [0, 0, 0]
				},
				{
					"name": "bipedHead",
					"pivot": [0, 24, 0]
				},
				{
					"name": "armorHead",
					"parent": "bipedHead",
					"pivot": [0, 24, 0],
					"cubes": [
						{"origin": [-4, 24, -4], "size": [8, 8, 8], "uv": [0, 0]}
					]
				},
				{
					"name": "cowl",
					"parent": "armorHead",
					"pivot": [0, 24, 0],
					"cubes": [
						{"origin": [-0.75, 24.95, -4.475], "size": [1.5, 1.675, 0], "inflate": 0.25, "pivot": [0, 24, 0], "rotation": [-16, 0, 0], "uv": [93, 81]},
						{"origin": [0.625, 25.825, -4.175], "size": [1.5, 0.425, 1], "inflate": -0.05, "uv": [94, 81]},
						{"origin": [1.875, 25.925, -4.175], "size": [1.2, 0.425, 1], "inflate": -0.05, "uv": [94, 81]},
						{"origin": [-3.125, 25.925, -4.175], "size": [1.2, 0.425, 1], "inflate": -0.05, "uv": [94, 81]},
						{"origin": [2.625, 24.875, -4.175], "size": [0.45, 1.225, 1], "inflate": -0.05, "uv": [94, 81]},
						{"origin": [-3.125, 24.875, -4.175], "size": [0.45, 1.225, 1], "inflate": -0.05, "uv": [94, 81]},
						{"origin": [2.875, 23.875, -4.175], "size": [0.45, 1.225, 1], "inflate": -0.05, "uv": [94, 81]},
						{"origin": [-3.375, 23.875, -4.175], "size": [0.45, 1.225, 1], "inflate": -0.05, "uv": [94, 81]},
						{"origin": [-2.125, 25.825, -4.175], "size": [1.5, 0.425, 1], "inflate": -0.05, "uv": [94, 81]},
						{"origin": [1.1, 24.025, -4.475], "size": [1.3, 1.925, 1.975], "inflate": -0.4, "pivot": [0, 24, 0], "rotation": [0, 0, -74.25], "uv": [0, 11]},
						{"origin": [0.9, 26.8, -4.1], "size": [2.375, 1.2, 1], "inflate": -0.075, "uv": [82, 2]},
						{"origin": [-3.35, 26.8, -4.1], "size": [2.475, 1.2, 1], "inflate": -0.075, "uv": [82, 2]},
						{"origin": [-2.65, 24.025, -4.45], "size": [1.55, 1.9, 2], "inflate": -0.4, "pivot": [0, 24, 0], "rotation": [0, 0, 74.25], "uv": [0, 11], "mirror": true}
					]
				},
				{
					"name": "earLeft",
					"parent": "cowl",
					"pivot": [0.5, 1.25, 3],
					"cubes": [
						{"origin": [-4, 31.15, -0.3], "size": [0.85, 3.4, 0.45], "inflate": 0.025, "pivot": [0.5, 25.25, 3], "rotation": [0, 0, 3], "uv": [14, 5]},
						{"origin": [-3, 31.575, -0.35], "size": [0.85, 3.4, 0.5], "inflate": 0.025, "pivot": [0.5, 25.25, 3], "rotation": [0, 0, -3], "uv": [14, 5]},
						{"origin": [4.425, 34.275, -0.3], "size": [0.625, 0.55, 0.375], "inflate": 0.025, "pivot": [0.5, 25.25, 3], "rotation": [0, 0, -45], "uv": [14, 6]}
					]
				},
				{
					"name": "earRight",
					"parent": "cowl",
					"pivot": [-0.5, 25.25, 3],
					"cubes": [
						{"origin": [3.095, 31.15, -0.325], "size": [0.85, 3.4, 0.45], "inflate": 0.025, "pivot": [-0.5, 25.25, 3], "rotation": [0, 0, -3], "uv": [15, 6]},
						{"origin": [2.1, 31.575, -0.35], "size": [0.85, 3.4, 0.5], "inflate": 0.025, "pivot": [-0.5, 25.25, 3], "rotation": [0, 0, 3], "uv": [15, 5]},
						{"origin": [-5.075, 34.25, -0.3], "size": [0.6, 0.55, 0.375], "inflate": 0.025, "pivot": [-0.5, 25.25, 3], "rotation": [0, 0, 45], "uv": [14, 5]}
					]
				},
				{
					"name": "pupilRight",
					"parent": "cowl",
					"pivot": [0, 24, 0]
				},
				{
					"name": "pupilLeft",
					"parent": "cowl",
					"pivot": [0, 24, 0]
				},
				{
					"name": "bone2",
					"parent": "cowl",
					"pivot": [0, 24, 0],
					"cubes": [
						{"origin": [-2.26293, 28.78137, -4.45], "size": [1.45, 2.45, 1.95], "inflate": -0.4, "pivot": [-1.5, 26.075, -3.875], "rotation": [0, 0, 78.5], "uv": [87, 77]},
						{"origin": [-4.31293, 26.98137, -4.475], "size": [1.3, 1.975, 2], "inflate": -0.4, "pivot": [-1.5, 26.075, -3.875], "rotation": [0, 0, 121.75], "uv": [86, 77]},
						{"origin": [0.475, 27.575, -4.45], "size": [1.325, 1.85, 1.95], "inflate": -0.4, "pivot": [0, 24, 0], "rotation": [0, 0, 30.5], "uv": [87, 77]},
						{"origin": [0.63707, 27.15637, -4.5], "size": [3.15, 1.4, 2], "inflate": -0.4, "pivot": [-1.5, 26.075, -3.875], "rotation": [0, 0, -5], "uv": [87, 77], "mirror": true},
						{"origin": [4.225, 24.825, -4.45], "size": [1.25, 1.875, 1.95], "inflate": -0.4, "pivot": [0, 24, 0], "rotation": [0, 0, -30.5], "uv": [87, 77]},
						{"origin": [-1.58793, 24.43137, -4.475], "size": [1.3, 1.975, 2], "inflate": -0.4, "pivot": [-1.5, 26.075, -3.875], "rotation": [0, 0, -121.75], "uv": [86, 77]},
						{"origin": [-1.61293, 25.83137, -4.45], "size": [1.425, 2.425, 1.95], "inflate": -0.4, "pivot": [-1.5, 26.075, -3.875], "rotation": [0, 0, -78.5], "uv": [87, 77]},
						{"origin": [-5.4, 24.8, -4.45], "size": [1.25, 1.875, 1.95], "inflate": -0.4, "pivot": [0, 24, 0], "rotation": [0, 0, 30.5], "uv": [87, 77]},
						{"origin": [-1.775, 27.55, -4.45], "size": [1.3, 1.8, 1.95], "inflate": -0.4, "pivot": [0, 24, 0], "rotation": [0, 0, -30.5], "uv": [87, 77]},
						{"origin": [-3.73793, 27.38137, -4.5], "size": [3.15, 1.4, 2], "inflate": -0.4, "pivot": [-1.5, 26.075, -3.875], "rotation": [0, 0, 5], "uv": [87, 77]}
					]
				},
				{
					"name": "bipedBody",
					"pivot": [0, 24, 0]
				},
				{
					"name": "armorBody",
					"parent": "bipedBody",
					"pivot": [0, 24, 0],
					"cubes": [
						{"origin": [-3.5, 19.475, -2.125], "size": [6.975, 4, 0.825], "inflate": -0.025, "uv": [99, 19]},
						{"origin": [-12.975, 12.675, -2.85], "size": [4.125, 2.5, 3], "inflate": -0.6, "pivot": [0, 0, 0], "rotation": [0, 0, 45], "uv": [96, 26], "mirror": true},
						{"origin": [8.85, 12.675, -2.85], "size": [4.125, 2.5, 3], "inflate": -0.6, "pivot": [0, 0, 0], "rotation": [0, 0, -45], "uv": [96, 26]},
						{"origin": [-17, 11.05, -3.35], "size": [6, 5.85, 3.25], "inflate": -1.15, "pivot": [0, 0, 0], "rotation": [0, 0, 45], "uv": [98, 24]},
						{"origin": [-3.5, 17.775, -2.925], "size": [7, 5.2, 1.75], "inflate": -0.75, "uv": [100, 26], "mirror": true},
						{"origin": [1.625, 14.45, -2.825], "size": [2.5, 5.825, 1.65], "inflate": -0.75, "uv": [97, 27], "mirror": true},
						{"origin": [-4.125, 14.45, -2.825], "size": [2.5, 5.825, 1.65], "inflate": -0.75, "uv": [97, 27]},
						{"origin": [2.375, 16.25, -2.9], "size": [2, 5.825, 1.725], "inflate": -0.75, "uv": [97, 25], "mirror": true},
						{"origin": [-4.375, 16.25, -2.9], "size": [2, 5.825, 1.725], "inflate": -0.75, "uv": [97, 25]},
						{"origin": [-2, 13.575, -2.925], "size": [4, 5.7, 1.75], "inflate": -0.75, "uv": [98, 26], "mirror": true},
						{"origin": [-11.775, 8.5, -2.875], "size": [3.275, 3.275, 2], "inflate": -0.775, "pivot": [0, 0, 0], "rotation": [0, 0, 45], "uv": [98, 26], "mirror": true},
						{"origin": [-10.325, 11.225, -3.375], "size": [3.175, 3.15, 3.25], "inflate": -1.225, "pivot": [0, 0, 0], "rotation": [0, 0, 45], "uv": [94, 31], "mirror": true},
						{"origin": [-9, 7.975, -3.425], "size": [3.15, 3.175, 3.3], "inflate": -1.225, "pivot": [0, 0, 0], "rotation": [0, 0, 45], "uv": [94, 31], "mirror": true},
						{"origin": [-11.15, 5.825, -3.425], "size": [3.15, 3.175, 3.3], "inflate": -1.225, "pivot": [0, 0, 0], "rotation": [0, 0, 45], "uv": [94, 31], "mirror": true},
						{"origin": [-9.7, 8.675, -3.375], "size": [3.15, 3.875, 3.25], "inflate": -1.225, "pivot": [0, 0, 0], "rotation": [0, 0, 45], "uv": [108, 0]},
						{"origin": [-14.375, 7.15, -3.375], "size": [3.175, 3.15, 3.25], "inflate": -1.225, "pivot": [0, 0, 0], "rotation": [0, 0, 45], "uv": [94, 31], "mirror": true},
						{"origin": [-12.525, 6.55, -3.375], "size": [3.85, 3.15, 3.25], "inflate": -1.225, "pivot": [0, 0, 0], "rotation": [0, 0, 45], "uv": [108, 0], "mirror": true},
						{"origin": [-3.5, 20.225, -1.85], "size": [6.975, 2.5, 1.05], "inflate": 0.4, "uv": [98, 20]},
						{"origin": [-1.525, 19.375, -3.275], "size": [3.05, 1.6, 3], "inflate": -0.6, "uv": [19, 60]},
						{"origin": [-3.6, 18.3, -3.025], "size": [7.25, 2.125, 2.925], "inflate": -0.6, "uv": [98.25, 20.25]},
						{"origin": [-1.85, 22.7, -2.9], "size": [3.75, 1.6, 3], "inflate": -0.6, "uv": [98, 31]},
						{"origin": [-1.85, 22.7, -0.15], "size": [3.75, 1.6, 2.25], "inflate": -0.6, "uv": [99, 30]},
						{"origin": [-2.275, 13.725, -2.9], "size": [3.05, 2.1, 3], "inflate": -0.625, "pivot": [0, 24, 0], "rotation": [0, 0, 2.5], "uv": [84.5, 65], "mirror": true},
						{"origin": [-2.275, 14.725, -2.9], "size": [3.05, 2.1, 3], "inflate": -0.625, "pivot": [0, 24, 0], "rotation": [0, 0, 2.5], "uv": [84.5, 65], "mirror": true},
						{"origin": [-2.275, 15.725, -2.9], "size": [3.05, 2.1, 3], "inflate": -0.625, "pivot": [0, 24, 0], "rotation": [0, 0, 2.5], "uv": [84.5, 65], "mirror": true},
						{"origin": [-0.775, 13.725, -2.9], "size": [3.05, 2.1, 3], "inflate": -0.625, "pivot": [0, 24, 0], "rotation": [0, 0, -2.5], "uv": [84.5, 65]},
						{"origin": [-0.775, 14.725, -2.9], "size": [3.05, 2.1, 3], "inflate": -0.625, "pivot": [0, 24, 0], "rotation": [0, 0, -2.5], "uv": [84.5, 65]},
						{"origin": [-0.775, 15.725, -2.9], "size": [3.05, 2.1, 3], "inflate": -0.625, "pivot": [0, 24, 0], "rotation": [0, 0, -2.5], "uv": [84.5, 65]},
						{"origin": [-1.525, 21.95, -3.25], "size": [3.05, 1.6, 3], "inflate": -0.6, "uv": [19, 60]},
						{"origin": [-4, 12, -2], "size": [8, 12, 4], "uv": [16, 16]}
					]
				},
				{
					"name": "armorBody2",
					"parent": "armorBody",
					"pivot": [0, 24, -0.15],
					"cubes": [
						{"origin": [-2.075, 19.375, -3.55], "size": [4.025, 4.1, 3], "inflate": -1.025, "uv": [99, 49]},
						{"origin": [-2.15, 21.475, -3.725], "size": [4.275, 2.1, 3], "inflate": -1.275, "uv": [99, 53]},
						{"origin": [0.35, 19.625, -3.25], "size": [1.525, 3.6, 3], "inflate": -0.6, "uv": [104, 2]},
						{"origin": [-1.975, 19.625, -3.225], "size": [1.525, 3.6, 3], "inflate": -0.6, "uv": [104, 2]},
						{"origin": [0.25, 21.875, -3.225], "size": [1.525, 1.6, 3], "inflate": -0.6, "uv": [104, 2]},
						{"origin": [0.2, 19.5, -3.25], "size": [1.525, 1.6, 3], "inflate": -0.6, "uv": [104, 2]},
						{"origin": [-1.75, 19.5, -3.25], "size": [1.525, 1.6, 3], "inflate": -0.6, "uv": [104, 2]},
						{"origin": [-1.8, 21.875, -3.225], "size": [1.525, 1.6, 3], "inflate": -0.6, "uv": [104, 2]},
						{"origin": [-15.625, 5.875, -17.225], "size": [31.125, 31.2, 31.25], "inflate": -14.65, "uv": [0, 52.25]}
					]
				},
				{
					"name": "bipedRightArm",
					"pivot": [-4, 22, 0]
				},
				{
					"name": "armorRightArm",
					"parent": "bipedRightArm",
					"pivot": [-4, 22, 0],
					"cubes": [
						{"origin": [-8.05, 22.05, -2.25], "size": [3.75, 1.5, 4.4], "inflate": 0.15, "uv": [104, 1.5], "mirror": true},
						{"origin": [-7.6, 17.75, -2.25], "size": [3.25, 4.075, 1.4], "uv": [98, 52.5], "mirror": true},
						{"origin": [-7.6, 17.75, 1], "size": [3.25, 4.075, 1.4], "uv": [45, 21.5], "mirror": true},
						{"origin": [-8.125, 22, -1.75], "size": [4.25, 2.25, 3.4], "uv": [87, 76.5], "mirror": true},
						{"origin": [-8.125, 17.25, -1.6], "size": [3.25, 4.075, 3.15], "uv": [42, 19.5]},
						{"origin": [-7.925, 23.225, -2.25], "size": [3.75, 0.5, 4.4], "inflate": 0.15, "pivot": [4, 22, 0], "rotation": [0, 0, -9.25], "uv": [104, 2.5], "mirror": true},
						{"origin": [-8.35, 13.75, -1.85], "size": [3.25, 4.575, 3.65], "uv": [99, 29.5], "mirror": true},
						{"origin": [-8.2, 14.25, -2.475], "size": [2.75, 3.825, 5.025], "uv": [99, 26.5], "mirror": true},
						{"origin": [-8, 12, -2], "size": [4, 12, 4], "uv": [40, 16]},
						{"origin": [-8, 23.3, -2.25], "size": [4.5, 1, 4.4], "inflate": 0.25, "pivot": [4, 22, 0], "rotation": [0, 0, -2], "uv": [95, 67.5]}
					]
				},
				{
					"name": "fin2",
					"parent": "armorRightArm",
					"pivot": [-8.65, 16.75, 0],
					"rotation": [0, 180, 0],
					"cubes": [
						{"origin": [-9.13882, 13.92691, -0.5], "size": [1, 3, 1], "inflate": 0.15, "pivot": [-8.15, 17.75, 0], "rotation": [0, 0, 24], "uv": [82, 63]},
						{"origin": [-8.43882, 13.67691, -0.5], "size": [1, 1.75, 1], "inflate": 0.15, "pivot": [-8.15, 17.75, 0], "rotation": [0, 0, 24], "uv": [82, 63]},
						{"origin": [-9.63882, 15.42691, -0.5], "size": [1, 2.75, 1], "inflate": 0.15, "pivot": [-8.15, 17.75, 0], "rotation": [0, 0, 24], "uv": [81, 63]}
					]
				},
				{
					"name": "bipedLeftArm",
					"pivot": [4, 22, 0]
				},
				{
					"name": "armorLeftArm",
					"parent": "bipedLeftArm",
					"pivot": [4, 22, 0],
					"cubes": [
						{"origin": [4.4, 17.75, -2.25], "size": [3.25, 4.075, 1.4], "uv": [99, 51.5]},
						{"origin": [4.4, 17.75, 1], "size": [3.25, 4.075, 1.4], "uv": [45, 21.5]},
						{"origin": [5.2, 13.75, -1.85], "size": [3.25, 4.575, 3.65], "uv": [99, 29.5], "mirror": true},
						{"origin": [4.95, 17.25, -1.6], "size": [3.25, 4.075, 3.15], "uv": [42, 19.5], "mirror": true},
						{"origin": [3.9, 22, -1.75], "size": [4.25, 2.25, 3.4], "uv": [92, 66.5]},
						{"origin": [4.35, 22.05, -2.25], "size": [3.75, 1.5, 4.4], "inflate": 0.15, "uv": [104, 1.5]},
						{"origin": [3.6, 23.05, -2.25], "size": [4.5, 1, 4.4], "inflate": 0.25, "pivot": [4, 22, 0], "rotation": [0, 0, 2], "uv": [95, 67.5]},
						{"origin": [4.325, 21.975, -2.25], "size": [3.75, 0.5, 4.4], "inflate": 0.15, "pivot": [4, 22, 0], "rotation": [0, 0, 9.25], "uv": [104, 2.5]},
						{"origin": [5.4, 14.25, -2.475], "size": [2.75, 3.825, 5.025], "uv": [99, 26.5], "mirror": true},
						{"origin": [4, 12, -2], "size": [4, 12, 4], "uv": [32, 48]}
					]
				},
				{
					"name": "fin",
					"parent": "armorLeftArm",
					"pivot": [8.75, 16.75, 0],
					"cubes": [
						{"origin": [8.26118, 13.92691, -0.5], "size": [1, 3, 1], "inflate": 0.15, "pivot": [9.25, 17.75, 0], "rotation": [0, 0, 24], "uv": [80, 62]},
						{"origin": [8.96118, 13.67691, -0.5], "size": [1, 1.75, 1], "inflate": 0.15, "pivot": [9.25, 17.75, 0], "rotation": [0, 0, 24], "uv": [80, 62]},
						{"origin": [7.76118, 15.42691, -0.5], "size": [1, 2.75, 1], "inflate": 0.15, "pivot": [9.25, 17.75, 0], "rotation": [0, 0, 24], "uv": [79, 62]}
					]
				},
				{
					"name": "bipedLeftLeg",
					"pivot": [-2, 12, 0]
				},
				{
					"name": "armorLeftLeg",
					"parent": "bipedLeftLeg",
					"pivot": [-2, 12, 0],
					"cubes": [
						{"origin": [3.25, 7, -1.5], "size": [1, 4.75, 3], "uv": [104, 49]},
						{"origin": [0.75, 7, -2.025], "size": [2.75, 4.75, 4.05], "inflate": 0.1, "uv": [96, 64], "mirror": true},
						{"origin": [0, 0, -2], "size": [4, 12, 4], "uv": [16, 48]}
					]
				},
				{
					"name": "armorLeftBoot",
					"parent": "bipedLeftLeg",
					"pivot": [-2, 12, 0],
					"cubes": [
						{"origin": [-1.04089, 2.93269, -2.9], "size": [5.8, 2.325, 5.75], "inflate": -0.625, "pivot": [-4.25, 5.5, 0], "rotation": [0, 0, -14.5], "uv": [89, 30]},
						{"origin": [0.5, 0, -2.25], "size": [3, 5.6, 1], "uv": [0, 26], "mirror": true},
						{"origin": [3.475, 0, -1.65], "size": [0.75, 5.8, 3.25], "uv": [108, 29], "mirror": true},
						{"origin": [0.5, 0, 1.25], "size": [3, 5, 1], "uv": [88, 31], "mirror": true}
					]
				},
				{
					"name": "bipedRightLeg",
					"pivot": [2, 12, 0]
				},
				{
					"name": "armorRightLeg",
					"parent": "bipedRightLeg",
					"pivot": [2, 12, 0],
					"cubes": [
						{"origin": [-3.5, 7, -2], "size": [2.75, 4.75, 4.1], "inflate": 0.1, "uv": [95, 63]},
						{"origin": [-4.25, 7, -1.5], "size": [1, 4.75, 3], "uv": [104, 49], "mirror": true},
						{"origin": [-4, 0, -2], "size": [4, 12, 4], "uv": [0, 16]}
					]
				},
				{
					"name": "armorRightBoot",
					"parent": "bipedRightLeg",
					"pivot": [2, 12, 0],
					"cubes": [
						{"origin": [-5.25643, 4.02687, -2.9], "size": [5.8, 2.325, 5.75], "inflate": -0.625, "pivot": [-0.25, 4.25, 0], "rotation": [0, 0, 14.5], "uv": [89, 30]},
						{"origin": [-3.5, 0, -2.25], "size": [3, 5.6, 1], "uv": [0, 26]},
						{"origin": [-3.5, 0, 1.25], "size": [3, 5, 1], "uv": [88, 30]},
						{"origin": [-4.275, 0, -1.65], "size": [0.75, 5.8, 3.25], "uv": [108, 29], "mirror": true}
					]
				}
			]
		}
	]
}