{
	"format_version": "1.12.0",
	"minecraft:geometry": [
		{
			"description": {
				"identifier": "geometry.unknown",
				"texture_width": 120,
				"texture_height": 120,
				"visible_bounds_width": 3,
				"visible_bounds_height": 3.5,
				"visible_bounds_offset": [0, 1.25, 0]
			},
			"bones": [
				{
					"name": "bb_main",
					"pivot": [0, 0, 0]
				},
				{
					"name": "bipedHead",
					"pivot": [0, 24, 0]
				},
				{
					"name": "armorHead",
					"parent": "bipedHead",
					"pivot": [0, 24, 0],
					"cubes": [
						{"origin": [1.3, 28.125, -4.1], "size": [2.5, 0.5, 1], "pivot": [0, 24, 0], "rotation": [0, 0, -7.25], "uv": [9, 8], "mirror": true},
						{"origin": [-2.275, 27.25, -4.1], "size": [1.3, 0.875, 1], "inflate": -0.075, "uv": [107, 28], "mirror": true},
						{"origin": [2.375, 26.55, -5.1], "size": [0.85, 1.875, 1.25], "inflate": 0.025, "pivot": [-0.2, 24, -0.1], "rotation": [-42.7342, 15.6999, 16.3249], "uv": [19, 3], "mirror": true},
						{"origin": [4.4, 22.7, -5.1], "size": [0.85, 1.875, 1.25], "pivot": [-0.2, 24, -0.1], "rotation": [-35.9562, -29.12651, -33.86241], "uv": [19, 3], "mirror": true},
						{"origin": [-3.225, 26.55, -5.1], "size": [0.85, 1.875, 1.25], "inflate": 0.025, "pivot": [0.2, 24, -0.1], "rotation": [-42.7342, -15.6999, -16.3249], "uv": [19, 3]},
						{"origin": [-5.25, 22.7, -5.1], "size": [0.85, 1.875, 1.25], "pivot": [0.2, 24, -0.1], "rotation": [-35.9562, 29.12651, 33.86241], "uv": [19, 3]},
						{"origin": [-2.075, 27.25, -4.1], "size": [0.9, 0.875, 1], "inflate": 0.025, "uv": [107, 28], "mirror": true},
						{"origin": [0.975, 27.25, -4.1], "size": [1.3, 0.875, 1], "inflate": -0.075, "uv": [107, 28]},
						{"origin": [1.175, 27.25, -4.1], "size": [0.9, 0.875, 1], "inflate": 0.025, "uv": [107, 28]},
						{"origin": [-6.325, 27.25, -4.875], "size": [3.325, 3.325, 1.425], "inflate": -0.375, "pivot": [0, 24.25, 0], "rotation": [0, 0, 45], "uv": [7, 5], "mirror": true},
						{"origin": [-5.975, 26.175, -4.65], "size": [1.475, 3.8, 1], "inflate": -0.3, "pivot": [0, 24.25, 0], "rotation": [0, 0, 69], "uv": [10, 6], "mirror": true},
						{"origin": [4.475, 26.2, -4.65], "size": [1.475, 3.8, 1], "inflate": -0.3, "pivot": [0, 24.25, 0], "rotation": [0, 0, -69], "uv": [10, 6], "mirror": true},
						{"origin": [-4.15, 27.675, -4.25], "size": [0.75, 1.825, 1], "uv": [6, 8], "mirror": true},
						{"origin": [3.35, 27.675, -4.25], "size": [0.75, 1.825, 1], "uv": [6, 9], "mirror": true},
						{"origin": [-3.4, 31.625, -4.05], "size": [6.75, 0.875, 7.3], "inflate": 0.175, "uv": [2.05, 1.2], "mirror": true},
						{
							"origin": [-3.4, 30.725, -4.375],
							"size": [6.75, 1.85, 0.65],
							"uv": {
								"north": {"uv": [15.05, 7.2], "uv_size": [-6, 2]},
								"east": {"uv": [15.05, 7.2], "uv_size": [-6, 2]},
								"south": {"uv": [15.05, 7.2], "uv_size": [-6, 2]},
								"west": {"uv": [15.05, 7.2], "uv_size": [-6, 2]},
								"up": {"uv": [9.05, 9.2], "uv_size": [6, -2]},
								"down": {"uv": [9.05, 9.2], "uv_size": [6, -2]}
							}
						},
						{"origin": [-3.775, 28.125, -4.1], "size": [2.5, 0.5, 1], "pivot": [0, 24, 0], "rotation": [0, 0, 7.25], "uv": [9, 8]},
						{"origin": [-0.375, 26.275, -4.075], "size": [1.75, 0.35, 0.825], "pivot": [0, 24.1, 0], "rotation": [0, 0, 9.25], "uv": [96, 56]},
						{"origin": [-1.375, 26.275, -4.075], "size": [1.75, 0.35, 0.825], "pivot": [0, 24.1, 0], "rotation": [0, 0, -9.25], "uv": [96, 56], "mirror": true},
						{"origin": [-1.15, 26.425, -4.075], "size": [1.75, 0.35, 0.825], "inflate": -0.025, "pivot": [0, 24.1, 0], "rotation": [0, 0, -14.25], "uv": [96, 56], "mirror": true},
						{"origin": [-0.6, 26.425, -4.075], "size": [1.75, 0.35, 0.825], "inflate": -0.025, "pivot": [0, 24.1, 0], "rotation": [0, 0, 14.25], "uv": [96, 56]},
						{"origin": [-4, 24, -4], "size": [8, 8.5, 8], "uv": [0, 0]}
					]
				},
				{
					"name": "bipedBody",
					"pivot": [0, 24, 0]
				},
				{
					"name": "armorBody",
					"parent": "bipedBody",
					"pivot": [0, 24, 0],
					"cubes": [
						{
							"origin": [-3.5, 19.475, -2.125],
							"size": [6.975, 4, 0.825],
							"inflate": -0.025,
							"uv": {
								"north": {"uv": [21, 20], "uv_size": [6, 3]},
								"east": {"uv": [21, 20], "uv_size": [6, 3]},
								"south": {"uv": [21, 20], "uv_size": [6, 3]},
								"west": {"uv": [21, 20], "uv_size": [6, 3]},
								"up": {"uv": [27, 23], "uv_size": [-6, -3]},
								"down": {"uv": [27, 23], "uv_size": [-6, -3]}
							}
						},
						{"origin": [-6.925, 16.325, -2.65], "size": [3.625, 2.5, 3], "inflate": -0.6, "pivot": [0, 0, 0], "rotation": [0, 0, 22.5], "uv": [100, 20], "mirror": true},
						{"origin": [3.3, 16.325, -2.65], "size": [3.625, 2.5, 3], "inflate": -0.6, "pivot": [0, 0, 0], "rotation": [0, 0, -22.5], "uv": [100, 20]},
						{"origin": [-3.5, 19.475, 1.475], "size": [6.975, 4, 1], "inflate": -0.025, "uv": [99, 28]},
						{"origin": [-16.7, 11.05, 1.175], "size": [5.75, 5.6, 2], "inflate": -1.15, "pivot": [0, 0, 0], "rotation": [0, 0, 45], "uv": [100, 27]},
						{"origin": [-17, 11.05, -3.35], "size": [6, 5.85, 3.25], "inflate": -1.15, "pivot": [0, 0, 0], "rotation": [0, 0, 45], "uv": [100, 21]},
						{"origin": [-3.5, 17.775, -2.925], "size": [7, 5.2, 1.75], "inflate": -0.75, "uv": [100, 26], "mirror": true},
						{"origin": [-4.875, 14.95, -2.825], "size": [2.5, 2.825, 1.65], "inflate": -0.75, "pivot": [-0.75, 0.5, 0], "rotation": [0, 0, 22.5], "uv": [97, 27]},
						{"origin": [-1.7, 16.1, -2.9], "size": [2.5, 5.075, 1.725], "inflate": -0.75, "pivot": [0, 0, 0], "rotation": [0, 0, 11.25], "uv": [97, 25], "mirror": true},
						{"origin": [-2, 13.575, -2.925], "size": [4, 5.7, 1.75], "inflate": -0.75, "uv": [98, 26], "mirror": true},
						{"origin": [-11.775, 8.5, -2.875], "size": [3.275, 3.275, 2], "inflate": -0.775, "pivot": [0, 0, 0], "rotation": [0, 0, 45], "uv": [98, 26], "mirror": true},
						{"origin": [6.4, 11.725, -3.375], "size": [3.175, 3.15, 3.25], "inflate": -1.225, "pivot": [-0.75, 0.5, 0], "rotation": [0, 0, -22.5], "uv": [92, 21]},
						{"origin": [-9.575, 11.725, -3.375], "size": [3.175, 3.15, 3.25], "inflate": -1.225, "pivot": [0.75, 0.5, 0], "rotation": [0, 0, 22.5], "uv": [92, 21], "mirror": true},
						{"origin": [2.375, 14.95, -2.825], "size": [2.5, 2.825, 1.65], "inflate": -0.75, "pivot": [0.75, 0.5, 0], "rotation": [0, 0, -22.5], "uv": [97, 27], "mirror": true},
						{"origin": [-0.8, 16.1, -2.9], "size": [2.5, 5.075, 1.725], "inflate": -0.75, "pivot": [0, 0, 0], "rotation": [0, 0, -11.25], "uv": [97, 25]},
						{"origin": [-9, 7.975, -3.425], "size": [3.15, 3.175, 3.3], "inflate": -1.225, "pivot": [0, 0, 0], "rotation": [0, 0, 45], "uv": [94, 31], "mirror": true},
						{"origin": [-11.15, 5.825, -3.425], "size": [3.15, 3.175, 3.3], "inflate": -1.225, "pivot": [0, 0, 0], "rotation": [0, 0, 45], "uv": [94, 31], "mirror": true},
						{"origin": [-9.7, 8.675, -3.375], "size": [3.15, 3.875, 3.25], "inflate": -1.225, "pivot": [0, 0, 0], "rotation": [0, 0, 45], "uv": [108, 0]},
						{"origin": [-12.525, 6.55, -3.375], "size": [3.85, 3.15, 3.25], "inflate": -1.225, "pivot": [0, 0, 0], "rotation": [0, 0, 45], "uv": [108, 0], "mirror": true},
						{
							"origin": [-3.5, 20.225, -1.85],
							"size": [6.975, 2.5, 1.05],
							"inflate": 0.4,
							"uv": {
								"north": {"uv": [20, 19], "uv_size": [8, 3]},
								"east": {"uv": [97, 21], "uv_size": [1, 2]},
								"south": {"uv": [105, 21], "uv_size": [6, 2]},
								"west": {"uv": [104, 21], "uv_size": [1, 2]},
								"up": {"uv": [98, 20], "uv_size": [6, 1]},
								"down": {"uv": [104, 21], "uv_size": [6, -1]}
							}
						},
						{"origin": [-1.525, 19.375, -3.275], "size": [3.05, 1.6, 3], "inflate": -0.6, "uv": [19, 60]},
						{
							"origin": [-3.6, 18.3, -3.025],
							"size": [7.25, 2.125, 2.925],
							"inflate": -0.6,
							"uv": {
								"north": {"uv": [21, 21], "uv_size": [6, -2]},
								"east": {"uv": [100, 26], "uv_size": [2, 2]},
								"south": {"uv": [111, 26], "uv_size": [7, 2]},
								"west": {"uv": [109, 26], "uv_size": [2, 2]},
								"up": {"uv": [102, 24], "uv_size": [7, 2]},
								"down": {"uv": [109, 26], "uv_size": [7, -2]}
							}
						},
						{"origin": [-1.85, 22.7, -2.9], "size": [3.75, 1.6, 3], "inflate": -0.6, "uv": [99, 23]},
						{"origin": [-1.85, 22.7, -0.15], "size": [3.75, 1.6, 3], "inflate": -0.6, "uv": [98, 29]},
						{"origin": [-2.275, 13.725, -2.9], "size": [3.05, 2.1, 3], "inflate": -0.625, "pivot": [0, 24, 0], "rotation": [0, 0, 2.5], "uv": [84.5, 65], "mirror": true},
						{"origin": [-2.275, 14.725, -2.9], "size": [3.05, 2.1, 3], "inflate": -0.625, "pivot": [0, 24, 0], "rotation": [0, 0, 2.5], "uv": [84.5, 65], "mirror": true},
						{"origin": [-2.275, 15.725, -2.9], "size": [3.05, 2.1, 3], "inflate": -0.625, "pivot": [0, 24, 0], "rotation": [0, 0, 2.5], "uv": [84.5, 65], "mirror": true},
						{"origin": [-0.775, 13.725, -2.9], "size": [3.05, 2.1, 3], "inflate": -0.625, "pivot": [0, 24, 0], "rotation": [0, 0, -2.5], "uv": [84.5, 65]},
						{"origin": [-0.775, 14.725, -2.9], "size": [3.05, 2.1, 3], "inflate": -0.625, "pivot": [0, 24, 0], "rotation": [0, 0, -2.5], "uv": [84.5, 65]},
						{"origin": [-0.775, 15.725, -2.9], "size": [3.05, 2.1, 3], "inflate": -0.625, "pivot": [0, 24, 0], "rotation": [0, 0, -2.5], "uv": [84.5, 65]},
						{"origin": [-1.525, 21.95, -3.25], "size": [3.05, 1.6, 3], "inflate": -0.6, "uv": [19, 60]},
						{"origin": [-4, 12, -2], "size": [8, 12, 4], "uv": [16, 16]}
					]
				},
				{
					"name": "armorBody2",
					"parent": "armorBody",
					"pivot": [0, 24, -0.15],
					"cubes": [
						{"origin": [-2.075, 19.375, -3.55], "size": [4.025, 4.1, 3], "inflate": -1.025, "uv": [99, 49]},
						{"origin": [-2.15, 21.475, -3.725], "size": [4.275, 2.1, 3], "inflate": -1.275, "uv": [99, 53]},
						{"origin": [0.35, 19.625, -3.25], "size": [1.525, 3.6, 3], "inflate": -0.6, "uv": [104, 2]},
						{"origin": [-1.975, 19.625, -3.225], "size": [1.525, 3.6, 3], "inflate": -0.6, "uv": [104, 2]},
						{"origin": [0.25, 21.875, -3.225], "size": [1.525, 1.6, 3], "inflate": -0.6, "uv": [104, 2]},
						{"origin": [0.2, 19.5, -3.25], "size": [1.525, 1.6, 3], "inflate": -0.6, "uv": [104, 2]},
						{"origin": [-1.75, 19.5, -3.25], "size": [1.525, 1.6, 3], "inflate": -0.6, "uv": [104, 2]},
						{"origin": [-1.8, 21.875, -3.225], "size": [1.525, 1.6, 3], "inflate": -0.6, "uv": [104, 2]},
						{"origin": [-15.625, 5.875, -17.225], "size": [31.125, 31.2, 31.25], "inflate": -14.65, "uv": [0, 52.25]}
					]
				},
				{
					"name": "bipedRightArm",
					"pivot": [-4, 22, 0]
				},
				{
					"name": "armorRightArm",
					"parent": "bipedRightArm",
					"pivot": [-4, 22, 0],
					"cubes": [
						{"origin": [-8.05, 22.05, -2.25], "size": [3.75, 1.5, 4.4], "inflate": 0.15, "uv": [104, 1.5], "mirror": true},
						{"origin": [-7.6, 17.75, -2.25], "size": [3.25, 4.075, 1.4], "uv": [98, 52.5], "mirror": true},
						{"origin": [-7.6, 17.75, 1], "size": [3.25, 4.075, 1.4], "uv": [45, 21.5], "mirror": true},
						{"origin": [-8.125, 22, -1.75], "size": [4.25, 2.25, 3.4], "uv": [105, 2.5], "mirror": true},
						{"origin": [-8.125, 17.25, -1.6], "size": [3.25, 4.075, 3.15], "uv": [42, 19.5]},
						{"origin": [-7.925, 23.225, -2.25], "size": [3.75, 0.5, 4.4], "inflate": 0.15, "pivot": [4, 22, 0], "rotation": [0, 0, -9.25], "uv": [104, 2.5], "mirror": true},
						{"origin": [-8.35, 13.75, -1.85], "size": [3.25, 4.575, 3.65], "uv": [90, 27], "mirror": true},
						{"origin": [-8.275, 14.25, -2.475], "size": [2.825, 3.85, 5.025], "uv": [89, 24], "mirror": true},
						{"origin": [-6.9, 15, -2.475], "size": [2.75, 0.825, 5.025], "inflate": -0.05, "pivot": [4, 22, 0], "rotation": [0, 0, 15], "uv": [89, 24], "mirror": true},
						{"origin": [1.475, 15.425, -2.475], "size": [2.75, 0.825, 5.025], "inflate": -0.05, "pivot": [4, -22, 0], "rotation": [0, 0, -15], "uv": [89, 24], "mirror": true},
						{"origin": [3.175, 15.725, -2.175], "size": [2.7, 0.825, 4.325], "inflate": -0.05, "pivot": [4, -22, 0], "rotation": [0, 0, -15], "uv": [96, 27], "mirror": true},
						{"origin": [-8, 12, -2], "size": [4, 12, 4], "uv": [40, 16]}
					]
				},
				{
					"name": "bipedLeftArm",
					"pivot": [4, 22, 0]
				},
				{
					"name": "armorLeftArm",
					"parent": "bipedLeftArm",
					"pivot": [4, 22, 0],
					"cubes": [
						{"origin": [4.4, 17.75, -2.25], "size": [3.25, 4.075, 1.4], "uv": [99, 51.5]},
						{"origin": [4.4, 17.75, 1], "size": [3.25, 4.075, 1.4], "uv": [45, 21.5]},
						{"origin": [4.95, 17.25, -1.6], "size": [3.25, 4.075, 3.15], "uv": [42, 19.5], "mirror": true},
						{"origin": [3.9, 22, -1.75], "size": [4.25, 2.25, 3.4], "uv": [105, 2.5]},
						{"origin": [4.35, 22.05, -2.25], "size": [3.75, 1.5, 4.4], "inflate": 0.15, "uv": [104, 1.5]},
						{"origin": [4.325, 21.975, -2.25], "size": [3.75, 0.5, 4.4], "inflate": 0.15, "pivot": [4, 22, 0], "rotation": [0, 0, 9.25], "uv": [104, 2.5]},
						{"origin": [4, 12, -2], "size": [4, 12, 4], "uv": [40, 16], "mirror": true},
						{"origin": [5.45, 14.25, -2.475], "size": [2.825, 3.85, 5.025], "uv": [89, 24]},
						{"origin": [-4.225, 15.425, -2.475], "size": [2.75, 0.825, 5.025], "inflate": -0.05, "pivot": [-4, -22, 0], "rotation": [0, 0, 15], "uv": [89, 24]},
						{"origin": [4.15, 15, -2.475], "size": [2.75, 0.825, 5.025], "inflate": -0.05, "pivot": [-4, 22, 0], "rotation": [0, 0, -15], "uv": [89, 24]},
						{"origin": [-5.875, 15.725, -2.175], "size": [2.7, 0.825, 4.325], "inflate": -0.05, "pivot": [-4, -22, 0], "rotation": [0, 0, 15], "uv": [96, 27]},
						{"origin": [5.1, 13.75, -1.85], "size": [3.25, 4.575, 3.65], "uv": [90, 27]}
					]
				},
				{
					"name": "bipedLeftLeg",
					"pivot": [-2, 12, 0]
				},
				{
					"name": "armorLeftLeg",
					"parent": "bipedLeftLeg",
					"pivot": [-2, 12, 0],
					"cubes": [
						{"origin": [3.25, 7, -1.5], "size": [1, 4.75, 3], "uv": [104, 49]},
						{"origin": [0.75, 7, -2.025], "size": [2.75, 4.75, 4.05], "inflate": 0.1, "uv": [96, 64], "mirror": true},
						{"origin": [0, 0, -2], "size": [4, 12, 4], "uv": [16, 48]}
					]
				},
				{
					"name": "armorLeftBoot",
					"parent": "bipedLeftLeg",
					"pivot": [-2, 12, 0],
					"cubes": [
						{"origin": [-1.04089, 2.93269, -2.9], "size": [5.8, 2.325, 5.75], "inflate": -0.625, "pivot": [-4.25, 5.5, 0], "rotation": [0, 0, -14.5], "uv": [89, 30]},
						{"origin": [0.5, 0, -2.25], "size": [3, 5.6, 1], "uv": [0, 26], "mirror": true},
						{"origin": [3.475, 0, -1.65], "size": [0.75, 5.8, 3.25], "uv": [108, 29], "mirror": true},
						{"origin": [0.5, 0, 1.25], "size": [3, 5, 1], "uv": [88, 31], "mirror": true}
					]
				},
				{
					"name": "bipedRightLeg",
					"pivot": [2, 12, 0]
				},
				{
					"name": "armorRightLeg",
					"parent": "bipedRightLeg",
					"pivot": [2, 12, 0],
					"cubes": [
						{"origin": [-3.5, 7, -2], "size": [2.75, 4.75, 4.1], "inflate": 0.1, "uv": [95, 63]},
						{"origin": [-4.25, 7, -1.5], "size": [1, 4.75, 3], "uv": [104, 49], "mirror": true},
						{"origin": [-4, 0, -2], "size": [4, 12, 4], "uv": [0, 16]}
					]
				},
				{
					"name": "armorRightBoot",
					"parent": "bipedRightLeg",
					"pivot": [2, 12, 0],
					"cubes": [
						{"origin": [-5.25643, 4.02687, -2.9], "size": [5.8, 2.325, 5.75], "inflate": -0.625, "pivot": [-0.25, 4.25, 0], "rotation": [0, 0, 14.5], "uv": [89, 30]},
						{"origin": [-3.5, 0, -2.25], "size": [3, 5.6, 1], "uv": [0, 26]},
						{"origin": [-3.5, 0, 1.25], "size": [3, 5, 1], "uv": [88, 30]},
						{"origin": [-4.275, 0, -1.65], "size": [0.75, 5.8, 3.25], "uv": [108, 29], "mirror": true}
					]
				}
			]
		}
	]
}