{
	"format_version": "1.12.0",
	"minecraft:geometry": [
		{
			"description": {
				"identifier": "geometry.unknown",
				"texture_width": 128,
				"texture_height": 128,
				"visible_bounds_width": 3,
				"visible_bounds_height": 3.5,
				"visible_bounds_offset": [0, 1.25, 0]
			},
			"bones": [
				{
					"name": "bipedHead",
					"pivot": [0, 24, 0]
				},
				{
					"name": "armorHead",
					"parent": "bipedHead",
					"pivot": [0, 24, 0],
					"cubes": [
						{
							"origin": [-4, 24, -4],
							"size": [8, 8, 8],
							"uv": {
								"north": {"uv": [8, 8], "uv_size": [8, 8]},
								"east": {"uv": [0, 8], "uv_size": [8, 8]},
								"south": {"uv": [24, 8], "uv_size": [8, 8]},
								"west": {"uv": [16, 8], "uv_size": [8, 8]},
								"up": {"uv": [8, 0], "uv_size": [8, 8]},
								"down": {"uv": [16, 8], "uv_size": [8, -8]}
							}
						},
						{
							"origin": [-4.45, 17.75, -3.85],
							"size": [2.75, 7.25, 2],
							"inflate": 0,
							"uv": {
								"north": {"uv": [72, 2], "uv_size": [5, 12]},
								"east": {"uv": [0, 0], "uv_size": [2, 2]},
								"south": {"uv": [0, 0], "uv_size": [2, 2]},
								"west": {"uv": [0, 0], "uv_size": [2, 2]},
								"up": {"uv": [2, 2], "uv_size": [-2, -2]},
								"down": {"uv": [2, 2], "uv_size": [-2, -2]}
							}
						},
						{
							"origin": [2.55, 18.75, -3.85],
							"size": [2.75, 5.25, 2],
							"inflate": 0,
							"uv": {
								"north": {"uv": [78, 3], "uv_size": [5, 7]},
								"east": {"uv": [0, 0], "uv_size": [2, 2]},
								"south": {"uv": [0, 0], "uv_size": [2, 2]},
								"west": {"uv": [0, 0], "uv_size": [2, 2]},
								"up": {"uv": [2, 2], "uv_size": [-2, -2]},
								"down": {"uv": [2, 2], "uv_size": [-2, -2]}
							}
						},
						{
							"origin": [-3.3, 14.75, 3.65],
							"size": [6.75, 10.25, 0],
							"inflate": 0.2,
							"uv": {
								"north": {"uv": [93, 5], "uv_size": [-8, 10]},
								"east": {"uv": [0, 0], "uv_size": [2, 2]},
								"south": {"uv": [85, 5], "uv_size": [8, 10]},
								"west": {"uv": [0, 0], "uv_size": [2, 2]},
								"up": {"uv": [2, 2], "uv_size": [-2, -2]},
								"down": {"uv": [2, 2], "uv_size": [-2, -2]}
							}
						},
						{
							"origin": [3.05, 23.75, -4.35],
							"size": [1.25, 7.25, 2],
							"inflate": 0,
							"uv": {
								"north": {"uv": [114, 0], "uv_size": [4, 7]},
								"east": {"uv": [114, 0], "uv_size": [4, 8]},
								"south": {"uv": [114, 0], "uv_size": [4, 8]},
								"west": {"uv": [114, 0], "uv_size": [4, 8]},
								"up": {"uv": [118, 8], "uv_size": [-4, -8]},
								"down": {"uv": [118, 8], "uv_size": [-4, -8]}
							}
						},
						{
							"origin": [-3.95, 23.75, -4.45],
							"size": [1.25, 7.25, 2],
							"inflate": 0,
							"uv": {
								"north": {"uv": [114, 0], "uv_size": [4, 7]},
								"east": {"uv": [114, 0], "uv_size": [4, 8]},
								"south": {"uv": [114, 0], "uv_size": [4, 8]},
								"west": {"uv": [114, 0], "uv_size": [4, 8]},
								"up": {"uv": [118, 8], "uv_size": [-4, -8]},
								"down": {"uv": [118, 8], "uv_size": [-4, -8]}
							}
						},
						{
							"origin": [-3.95, 28.75, -4.7],
							"size": [5.25, 2.25, 2],
							"inflate": 0,
							"uv": {
								"north": {"uv": [114, 0], "uv_size": [4, 4]},
								"east": {"uv": [114, 0], "uv_size": [4, 5]},
								"south": {"uv": [114, 0], "uv_size": [4, 5]},
								"west": {"uv": [114, 0], "uv_size": [4, 5]},
								"up": {"uv": [118, 5], "uv_size": [-4, -5]},
								"down": {"uv": [118, 5], "uv_size": [-4, -5]}
							}
						},
						{
							"origin": [-3.45, 29.75, -4.95],
							"size": [4.5, 2.5, 2.5],
							"inflate": 0,
							"uv": {
								"north": {"uv": [114, 0], "uv_size": [4, 4]},
								"east": {"uv": [114, 0], "uv_size": [4, 5]},
								"south": {"uv": [114, 0], "uv_size": [4, 5]},
								"west": {"uv": [114, 0], "uv_size": [4, 5]},
								"up": {"uv": [118, 5], "uv_size": [-4, -5]},
								"down": {"uv": [116, 5], "uv_size": [-2, -5]}
							}
						},
						{
							"origin": [-3.55, 28.925, -4.2],
							"size": [6, 2.825, 2],
							"inflate": 0,
							"uv": {
								"north": {"uv": [114, 0], "uv_size": [4, 4]},
								"east": {"uv": [114, 0], "uv_size": [4, 5]},
								"south": {"uv": [114, 0], "uv_size": [4, 5]},
								"west": {"uv": [114, 0], "uv_size": [4, 5]},
								"up": {"uv": [118, 5], "uv_size": [-4, -5]},
								"down": {"uv": [118, 5], "uv_size": [-4, -5]}
							}
						},
						{
							"origin": [-4.3, 23.75, -4.25],
							"size": [1.25, 7.25, 2],
							"inflate": 0,
							"uv": {
								"north": {"uv": [114, 0], "uv_size": [4, 7]},
								"east": {"uv": [114, 0], "uv_size": [4, 8]},
								"south": {"uv": [114, 0], "uv_size": [4, 8]},
								"west": {"uv": [114, 0], "uv_size": [4, 8]},
								"up": {"uv": [118, 8], "uv_size": [-4, -8]},
								"down": {"uv": [118, 8], "uv_size": [-4, -8]}
							}
						},
						{
							"origin": [-3.375, 24.775, -4.25],
							"size": [1.25, 1.75, 2],
							"inflate": 0,
							"pivot": [0, 24, 0],
							"rotation": [0, 0, -21.5],
							"uv": {
								"north": {"uv": [114, 0], "uv_size": [4, 7]},
								"east": {"uv": [114, 0], "uv_size": [4, 8]},
								"south": {"uv": [114, 0], "uv_size": [4, 8]},
								"west": {"uv": [114, 0], "uv_size": [4, 8]},
								"up": {"uv": [118, 8], "uv_size": [-4, -8]},
								"down": {"uv": [118, 8], "uv_size": [-4, -8]}
							}
						},
						{
							"origin": [0.85, 28.25, -4.075],
							"size": [2.25, 0.85, 2],
							"uv": {
								"north": {"uv": [44, 19], "uv_size": [4, 3]},
								"east": {"uv": [44, 19], "uv_size": [4, 3]},
								"south": {"uv": [44, 19], "uv_size": [4, 3]},
								"west": {"uv": [44, 19], "uv_size": [4, 3]},
								"up": {"uv": [48, 22], "uv_size": [-4, -3]},
								"down": {"uv": [48, 22], "uv_size": [-4, -3]}
							}
						},
						{
							"origin": [1.1, 28.25, -4.275],
							"size": [2.25, 0.35, 2],
							"pivot": [0, 24, 0],
							"rotation": [0, 0, -4.25],
							"uv": {
								"north": {"uv": [117, 6], "uv_size": [4, 3]},
								"east": {"uv": [117, 6], "uv_size": [4, 3]},
								"south": {"uv": [117, 6], "uv_size": [4, 3]},
								"west": {"uv": [117, 6], "uv_size": [4, 3]},
								"up": {"uv": [121, 9], "uv_size": [-4, -3]},
								"down": {"uv": [121, 9], "uv_size": [-4, -3]}
							}
						},
						{
							"origin": [-3.4, 28.25, -4.275],
							"size": [2.25, 0.35, 2],
							"pivot": [0, 24, 0],
							"rotation": [0, 0, 4.25],
							"uv": {
								"north": {"uv": [117, 6], "uv_size": [4, 3]},
								"east": {"uv": [117, 6], "uv_size": [4, 3]},
								"south": {"uv": [117, 6], "uv_size": [4, 3]},
								"west": {"uv": [117, 6], "uv_size": [4, 3]},
								"up": {"uv": [121, 9], "uv_size": [-4, -3]},
								"down": {"uv": [121, 9], "uv_size": [-4, -3]}
							}
						},
						{
							"origin": [-3.15, 28.25, -4.1],
							"size": [2.25, 0.85, 2],
							"uv": {
								"north": {"uv": [44, 19], "uv_size": [4, 3]},
								"east": {"uv": [44, 19], "uv_size": [4, 3]},
								"south": {"uv": [44, 19], "uv_size": [4, 3]},
								"west": {"uv": [44, 19], "uv_size": [4, 3]},
								"up": {"uv": [48, 22], "uv_size": [-4, -3]},
								"down": {"uv": [48, 22], "uv_size": [-4, -3]}
							}
						}
					]
				},
				{
					"name": "bipedBody",
					"pivot": [0, 24, 0]
				},
				{
					"name": "armorBody",
					"parent": "bipedBody",
					"pivot": [0, 24, 0]
				},
				{
					"name": "bodyTop",
					"parent": "armorBody",
					"pivot": [0, 24, 0],
					"cubes": [
						{
							"origin": [-4, 18, -2],
							"size": [8, 6, 4],
							"uv": {
								"north": {"uv": [20, 20], "uv_size": [8, 6]},
								"east": {"uv": [16, 20], "uv_size": [4, 6]},
								"south": {"uv": [32, 20], "uv_size": [8, 6]},
								"west": {"uv": [28, 20], "uv_size": [4, 6]},
								"up": {"uv": [20, 16], "uv_size": [8, 4]},
								"down": {"uv": [28, 20], "uv_size": [8, -4]}
							}
						},
						{
							"origin": [-1, 19.65, -3.05],
							"size": [2, 2, 2],
							"inflate": -0.3,
							"uv": {
								"north": {"uv": [112, 16], "uv_size": [16, 16]},
								"east": {"uv": [112, 16], "uv_size": [16, 16]},
								"south": {"uv": [112, 16], "uv_size": [16, 16]},
								"west": {"uv": [112, 16], "uv_size": [16, 16]},
								"up": {"uv": [128, 32], "uv_size": [-16, -16]},
								"down": {"uv": [128, 32], "uv_size": [-16, -16]}
							}
						},
						{
							"origin": [-1.05, 19.85, -3.15],
							"size": [1.5, 0.85, 2],
							"inflate": -0.3,
							"pivot": [0, 24, 0],
							"rotation": [0, 0, -4],
							"uv": {
								"north": {"uv": [114, 0], "uv_size": [14, 15]},
								"east": {"uv": [114, 0], "uv_size": [14, 15]},
								"south": {"uv": [114, 0], "uv_size": [14, 15]},
								"west": {"uv": [114, 0], "uv_size": [14, 15]},
								"up": {"uv": [128, 15], "uv_size": [-14, -15]},
								"down": {"uv": [128, 15], "uv_size": [-14, -15]}
							}
						},
						{
							"origin": [-0.9, 20.6, -3.15],
							"size": [1.5, 0.85, 2],
							"inflate": -0.3,
							"pivot": [0, 24, 0],
							"rotation": [0, 0, -4],
							"uv": {
								"north": {"uv": [114, 0], "uv_size": [14, 15]},
								"east": {"uv": [114, 0], "uv_size": [14, 15]},
								"south": {"uv": [114, 0], "uv_size": [14, 15]},
								"west": {"uv": [114, 0], "uv_size": [14, 15]},
								"up": {"uv": [128, 15], "uv_size": [-14, -15]},
								"down": {"uv": [128, 15], "uv_size": [-14, -15]}
							}
						},
						{
							"origin": [-1, 20.2, -3.15],
							"size": [1.5, 0.85, 2],
							"inflate": -0.3,
							"pivot": [0, 24, 0],
							"rotation": [0, 0, -4],
							"uv": {
								"north": {"uv": [114, 1], "uv_size": [14, 15]},
								"east": {"uv": [114, 1], "uv_size": [14, 15]},
								"south": {"uv": [114, 1], "uv_size": [14, 15]},
								"west": {"uv": [114, 1], "uv_size": [14, 15]},
								"up": {"uv": [128, 16], "uv_size": [-14, -15]},
								"down": {"uv": [128, 16], "uv_size": [-14, -15]}
							}
						},
						{
							"origin": [-0.25, 20, -3.125],
							"size": [0.85, 1.05, 2],
							"inflate": -0.3,
							"pivot": [0, 24, 0],
							"rotation": [0, 0, -4],
							"uv": {
								"north": {"uv": [113, 1], "uv_size": [14, 15]},
								"east": {"uv": [113, 1], "uv_size": [14, 15]},
								"south": {"uv": [113, 1], "uv_size": [14, 15]},
								"west": {"uv": [113, 1], "uv_size": [14, 15]},
								"up": {"uv": [127, 16], "uv_size": [-14, -15]},
								"down": {"uv": [127, 16], "uv_size": [-14, -15]}
							}
						},
						{
							"origin": [-1.05, 20.325, -3.125],
							"size": [0.85, 1.05, 2],
							"inflate": -0.3,
							"pivot": [0, 24, 0],
							"rotation": [0, 0, -4],
							"uv": {
								"north": {"uv": [114, 1], "uv_size": [14, 15]},
								"east": {"uv": [114, 1], "uv_size": [14, 15]},
								"south": {"uv": [114, 1], "uv_size": [14, 15]},
								"west": {"uv": [114, 1], "uv_size": [14, 15]},
								"up": {"uv": [128, 16], "uv_size": [-14, -15]},
								"down": {"uv": [128, 16], "uv_size": [-14, -15]}
							}
						},
						{
							"origin": [-1.2, 19.75, -2.95],
							"size": [2.4, 1.8, 2],
							"inflate": -0.3,
							"uv": {
								"north": {"uv": [112, 16], "uv_size": [16, 16]},
								"east": {"uv": [112, 16], "uv_size": [16, 16]},
								"south": {"uv": [112, 16], "uv_size": [16, 16]},
								"west": {"uv": [112, 16], "uv_size": [16, 16]},
								"up": {"uv": [128, 32], "uv_size": [-16, -16]},
								"down": {"uv": [128, 32], "uv_size": [-16, -16]}
							}
						},
						{
							"origin": [-3.25, 18, -2.25],
							"size": [6.5, 3, 2],
							"uv": {
								"north": {"uv": [18, 22], "uv_size": [12, 6.75]},
								"east": {"uv": [33, 22], "uv_size": [6, 9.75]},
								"south": {"uv": [33, 22], "uv_size": [6, 9.75]},
								"west": {"uv": [33, 22], "uv_size": [6, 9.75]},
								"up": {"uv": [30, 24], "uv_size": [-13, -6]},
								"down": {"uv": [39, 29], "uv_size": [-6, -7]}
							}
						},
						{
							"origin": [-3.5, 18.1, -1],
							"size": [3, 3, 1.5],
							"pivot": [0, 24, 0],
							"rotation": [-22.5, 0, 0],
							"uv": {
								"north": {"uv": [18, 22], "uv_size": [5, 5.75]},
								"east": {"uv": [33, 22], "uv_size": [6, 9.75]},
								"south": {"uv": [33, 22], "uv_size": [6, 9.75]},
								"west": {"uv": [33, 20], "uv_size": [6, 11.75]},
								"up": {"uv": [32, 19], "uv_size": [-7, -3]},
								"down": {"uv": [39, 29], "uv_size": [-6, -7]}
							}
						},
						{
							"origin": [0.5, 18.1, -1],
							"size": [3, 3, 1.5],
							"pivot": [0, 24, 0],
							"rotation": [-22.5, 0, 0],
							"uv": {
								"north": {"uv": [23, 22], "uv_size": [-5, 5.75]},
								"east": {"uv": [33, 21], "uv_size": [6, 5.75]},
								"south": {"uv": [33, 22], "uv_size": [6, 9.75]},
								"west": {"uv": [33, 24], "uv_size": [6, 7.75]},
								"up": {"uv": [25, 19], "uv_size": [7, -3]},
								"down": {"uv": [39, 29], "uv_size": [-6, -7]}
							}
						},
						{
							"origin": [-0.75, 21.75, -2.3],
							"size": [5, 0.75, 2],
							"pivot": [4.25, 21.5, -2.5],
							"rotation": [0, 0, -14.25],
							"uv": {
								"north": {"uv": [109, 34], "uv_size": [12, 10]},
								"east": {"uv": [109, 34], "uv_size": [12, 10]},
								"south": {"uv": [109, 34], "uv_size": [12, 10]},
								"west": {"uv": [109, 34], "uv_size": [12, 10]},
								"up": {"uv": [121, 45], "uv_size": [-12, -11]},
								"down": {"uv": [121, 45], "uv_size": [-12, -11]}
							}
						},
						{
							"origin": [-4, 19.7, -2.3],
							"size": [5, 0.75, 2],
							"pivot": [4.25, 21.5, -2.5],
							"rotation": [0, 0, 14.25],
							"uv": {
								"north": {"uv": [109, 34], "uv_size": [12, 10]},
								"east": {"uv": [109, 34], "uv_size": [12, 10]},
								"south": {"uv": [109, 34], "uv_size": [12, 10]},
								"west": {"uv": [109, 34], "uv_size": [12, 10]},
								"up": {"uv": [121, 45], "uv_size": [-12, -11]},
								"down": {"uv": [121, 45], "uv_size": [-12, -11]}
							}
						}
					]
				},
				{
					"name": "bodyBottom",
					"parent": "armorBody",
					"pivot": [0, 24, 0],
					"cubes": [
						{
							"origin": [-4, 12, -2],
							"size": [8, 6, 4],
							"uv": {
								"north": {"uv": [20, 26], "uv_size": [8, 6]},
								"east": {"uv": [16, 26], "uv_size": [4, 6]},
								"south": {"uv": [32, 26], "uv_size": [8, 6]},
								"west": {"uv": [28, 26], "uv_size": [4, 6]},
								"up": {"uv": [20, 22], "uv_size": [8, 4]},
								"down": {"uv": [28, 26], "uv_size": [8, -4]}
							}
						},
						{
							"origin": [-1.45, 13.1, -2.15],
							"size": [3, 5, 2],
							"uv": {
								"north": {"uv": [33, 22], "uv_size": [6, 9.75]},
								"east": {"uv": [33, 22], "uv_size": [6, 9.75]},
								"south": {"uv": [33, 22], "uv_size": [6, 9.75]},
								"west": {"uv": [33, 22], "uv_size": [6, 9.75]},
								"up": {"uv": [39, 29], "uv_size": [-6, -7]},
								"down": {"uv": [39, 29], "uv_size": [-6, -7]}
							}
						},
						{
							"origin": [2.325, 14.75, -2.075],
							"size": [3, 5, 2],
							"pivot": [0, 24, 0],
							"rotation": [0, 0, 22.5],
							"uv": {
								"north": {"uv": [4, 26], "uv_size": [6, 4.75]},
								"east": {"uv": [4, 26], "uv_size": [6, 4.75]},
								"south": {"uv": [4, 26], "uv_size": [6, 4.75]},
								"west": {"uv": [4, 26], "uv_size": [6, 4.75]},
								"up": {"uv": [10, 28], "uv_size": [-6, -2]},
								"down": {"uv": [10, 28], "uv_size": [-6, -2]}
							}
						},
						{
							"origin": [-5.275, 14.75, -2.075],
							"size": [3, 5, 2],
							"pivot": [0, 24, 0],
							"rotation": [0, 0, -22.5],
							"uv": {
								"north": {"uv": [10, 26], "uv_size": [-6, 4.75]},
								"east": {"uv": [4, 26], "uv_size": [6, 4.75]},
								"south": {"uv": [4, 26], "uv_size": [6, 4.75]},
								"west": {"uv": [4, 26], "uv_size": [6, 4.75]},
								"up": {"uv": [10, 28], "uv_size": [-6, -2]},
								"down": {"uv": [10, 28], "uv_size": [-6, -2]}
							}
						}
					]
				},
				{
					"name": "bipedRightArm",
					"pivot": [-4, 22, 0]
				},
				{
					"name": "armorRightArm",
					"parent": "bipedRightArm",
					"pivot": [-4, 22, 0]
				},
				{
					"name": "rightArmtop",
					"parent": "armorRightArm",
					"pivot": [0, 24, 0],
					"cubes": [
						{
							"origin": [-7.5, 18, -2],
							"size": [3.5, 6, 4],
							"uv": {
								"north": {"uv": [44, 20], "uv_size": [4, 6]},
								"east": {"uv": [40, 20], "uv_size": [4, 6]},
								"south": {"uv": [52, 20], "uv_size": [4, 6]},
								"west": {"uv": [48, 20], "uv_size": [4, 6]},
								"up": {"uv": [44, 16], "uv_size": [4, 4]},
								"down": {"uv": [48, 20], "uv_size": [4, -4]}
							}
						},
						{
							"origin": [-7.8, 20.5, -2.15],
							"size": [2.35, 1, 4.3],
							"uv": {
								"north": {"uv": [20, 54], "uv_size": [6.85, -2]},
								"east": {"uv": [20, 54], "uv_size": [8.3, -2]},
								"south": {"uv": [20, 54], "uv_size": [6.85, -2]},
								"west": {"uv": [20, 54], "uv_size": [8.3, -2]},
								"up": {"uv": [26.85, 55.3], "uv_size": [-6.85, -1.3]},
								"down": {"uv": [26.85, 55.3], "uv_size": [-6.85, -1.3]}
							}
						},
						{
							"origin": [-7.425, 18.45, -2.2],
							"size": [4, 0.75, 4.3],
							"pivot": [4.25, 21.5, -2.5],
							"rotation": [0, 0, 14.25],
							"uv": {
								"north": {"uv": [109, 34], "uv_size": [12, 10]},
								"east": {"uv": [109, 34], "uv_size": [12, 10]},
								"south": {"uv": [109, 34], "uv_size": [12, 10]},
								"west": {"uv": [109, 34], "uv_size": [12, 10]},
								"up": {"uv": [121, 45], "uv_size": [-12, -11]},
								"down": {"uv": [121, 45], "uv_size": [-12, -11]}
							}
						}
					]
				},
				{
					"name": "rightArmBottom",
					"parent": "armorRightArm",
					"pivot": [-4, 22, 0],
					"cubes": [
						{
							"origin": [-7.5, 12, -2],
							"size": [3.5, 6, 4],
							"uv": {
								"north": {"uv": [19, 81], "uv_size": [4, 6]},
								"east": {"uv": [15, 81], "uv_size": [4, 6]},
								"south": {"uv": [27, 81], "uv_size": [4, 6]},
								"west": {"uv": [23, 81], "uv_size": [4, 6]},
								"up": {"uv": [19, 77], "uv_size": [4, 4]},
								"down": {"uv": [23, 81], "uv_size": [4, -4]}
							}
						},
						{
							"origin": [-6.5, 14.55, -2.2],
							"size": [4, 1, 4.3],
							"pivot": [4.25, 21.5, -2.5],
							"rotation": [0, 0, 14.25],
							"uv": {
								"north": {"uv": [1, 31], "uv_size": [5, -2]},
								"east": {"uv": [1, 25], "uv_size": [5, 4]},
								"south": {"uv": [1, 25], "uv_size": [5, 4]},
								"west": {"uv": [1, 25], "uv_size": [5, 4]},
								"up": {"uv": [6, 30], "uv_size": [-5, -5]},
								"down": {"uv": [6, 30], "uv_size": [-5, -5]}
							}
						}
					]
				},
				{
					"name": "bipedLeftArm",
					"pivot": [4, 22, 0]
				},
				{
					"name": "armorLeftArm",
					"parent": "bipedLeftArm",
					"pivot": [4, 22, 0]
				},
				{
					"name": "leftArmTop",
					"parent": "armorLeftArm",
					"pivot": [4, 22, 0],
					"cubes": [
						{
							"origin": [4, 18, -2],
							"size": [3.5, 6, 4],
							"uv": {
								"north": {"uv": [36, 52], "uv_size": [4, 6]},
								"east": {"uv": [32, 52], "uv_size": [4, 6]},
								"south": {"uv": [44, 52], "uv_size": [4, 6]},
								"west": {"uv": [40, 52], "uv_size": [4, 6]},
								"up": {"uv": [36, 48], "uv_size": [4, 4]},
								"down": {"uv": [40, 52], "uv_size": [4, -4]}
							}
						},
						{
							"origin": [5.4, 20.5, -2.15],
							"size": [2.35, 1, 4.3],
							"uv": {
								"north": {"uv": [20, 54], "uv_size": [6.85, -2]},
								"east": {"uv": [20, 54], "uv_size": [8.3, -2]},
								"south": {"uv": [20, 54], "uv_size": [6.85, -2]},
								"west": {"uv": [20, 54], "uv_size": [8.3, -2]},
								"up": {"uv": [26.85, 55.3], "uv_size": [-6.85, -1.3]},
								"down": {"uv": [26.85, 55.3], "uv_size": [-6.85, -1.3]}
							}
						},
						{
							"origin": [3.65, 20.5, -2.2],
							"size": [4, 0.75, 4.3],
							"pivot": [4.25, 21.5, -2.5],
							"rotation": [0, 0, -14.25],
							"uv": {
								"north": {"uv": [109, 34], "uv_size": [12, 10]},
								"east": {"uv": [109, 34], "uv_size": [12, 10]},
								"south": {"uv": [109, 34], "uv_size": [12, 10]},
								"west": {"uv": [109, 34], "uv_size": [12, 10]},
								"up": {"uv": [121, 45], "uv_size": [-12, -11]},
								"down": {"uv": [121, 45], "uv_size": [-12, -11]}
							}
						}
					]
				},
				{
					"name": "leftArmBottom",
					"parent": "armorLeftArm",
					"pivot": [4, 22, 0],
					"cubes": [
						{
							"origin": [4, 12, -2],
							"size": [3.5, 6, 4],
							"uv": {
								"north": {"uv": [19, 70], "uv_size": [4, 6]},
								"east": {"uv": [15, 70], "uv_size": [4, 6]},
								"south": {"uv": [27, 70], "uv_size": [4, 6]},
								"west": {"uv": [23, 70], "uv_size": [4, 6]},
								"up": {"uv": [19, 66], "uv_size": [4, 4]},
								"down": {"uv": [23, 70], "uv_size": [4, -4]}
							}
						},
						{
							"origin": [2.75, 16.75, -2.2],
							"size": [4, 1, 4.3],
							"pivot": [4.25, 21.5, -2.5],
							"rotation": [0, 0, -14.25],
							"uv": {
								"north": {"uv": [1, 31], "uv_size": [5, -2]},
								"east": {"uv": [1, 25], "uv_size": [5, 4]},
								"south": {"uv": [1, 25], "uv_size": [5, 4]},
								"west": {"uv": [1, 25], "uv_size": [5, 4]},
								"up": {"uv": [6, 30], "uv_size": [-5, -5]},
								"down": {"uv": [6, 30], "uv_size": [-5, -5]}
							}
						}
					]
				},
				{
					"name": "bipedLeftLeg",
					"pivot": [-2, 12, 0]
				},
				{
					"name": "armorLeftLeg",
					"parent": "bipedLeftLeg",
					"pivot": [-2, 12, 0],
					"cubes": [
						{
							"origin": [0, 6, -2],
							"size": [4, 6, 4],
							"uv": {
								"north": {"uv": [20, 52], "uv_size": [4, 6]},
								"east": {"uv": [16, 52], "uv_size": [4, 6]},
								"south": {"uv": [28, 52], "uv_size": [4, 6]},
								"west": {"uv": [24, 52], "uv_size": [4, 6]},
								"up": {"uv": [20, 48], "uv_size": [4, 4]},
								"down": {"uv": [24, 52], "uv_size": [4, -4]}
							}
						},
						{
							"origin": [-3.45, 8.35, -2.2],
							"size": [4.5, 1, 4.3],
							"pivot": [4.25, 21.5, -2.5],
							"rotation": [0, 0, -14.25],
							"uv": {
								"north": {"uv": [1, 31], "uv_size": [5, -2]},
								"east": {"uv": [1, 25], "uv_size": [5, 4]},
								"south": {"uv": [1, 25], "uv_size": [5, 4]},
								"west": {"uv": [1, 25], "uv_size": [5, 4]},
								"up": {"uv": [6, 30], "uv_size": [-5, -5]},
								"down": {"uv": [6, 30], "uv_size": [-5, -5]}
							}
						}
					]
				},
				{
					"name": "armorLeftBoot",
					"parent": "bipedLeftLeg",
					"pivot": [-2, 12, 0],
					"cubes": [
						{
							"origin": [0, 0, -2],
							"size": [4, 6, 4],
							"uv": {
								"north": {"uv": [20, 58], "uv_size": [4, 6]},
								"east": {"uv": [16, 58], "uv_size": [4, 6]},
								"south": {"uv": [28, 58], "uv_size": [4, 6]},
								"west": {"uv": [24, 58], "uv_size": [4, 6]},
								"up": {"uv": [16, 71], "uv_size": [4, 4]},
								"down": {"uv": [23, 75], "uv_size": [4, -4]}
							}
						}
					]
				},
				{
					"name": "bipedRightLeg",
					"pivot": [2, 12, 0]
				},
				{
					"name": "armorRightLeg",
					"parent": "bipedRightLeg",
					"pivot": [2, 12, 0],
					"cubes": [
						{
							"origin": [-4, 6, -2],
							"size": [4, 6, 4],
							"uv": {
								"north": {"uv": [4, 20], "uv_size": [4, 6]},
								"east": {"uv": [0, 20], "uv_size": [4, 6]},
								"south": {"uv": [12, 20], "uv_size": [4, 6]},
								"west": {"uv": [8, 20], "uv_size": [4, 6]},
								"up": {"uv": [4, 16], "uv_size": [4, 4]},
								"down": {"uv": [8, 20], "uv_size": [4, -4]}
							}
						},
						{
							"origin": [-0.75, 6.25, -2.2],
							"size": [4.5, 1, 4.3],
							"pivot": [4.25, 21.5, -2.5],
							"rotation": [0, 0, 14.25],
							"uv": {
								"north": {"uv": [6, 31], "uv_size": [-5, -2]},
								"east": {"uv": [1, 25], "uv_size": [5, 4]},
								"south": {"uv": [1, 25], "uv_size": [5, 4]},
								"west": {"uv": [1, 25], "uv_size": [5, 4]},
								"up": {"uv": [6, 30], "uv_size": [-5, -5]},
								"down": {"uv": [6, 30], "uv_size": [-5, -5]}
							}
						}
					]
				},
				{
					"name": "armorRightBoot",
					"parent": "bipedRightLeg",
					"pivot": [2, 12, 0],
					"cubes": [
						{
							"origin": [-4, 0, -2],
							"size": [4, 6, 4],
							"uv": {
								"north": {"uv": [4, 26], "uv_size": [4, 6]},
								"east": {"uv": [0, 26], "uv_size": [4, 6]},
								"south": {"uv": [12, 26], "uv_size": [4, 6]},
								"west": {"uv": [8, 26], "uv_size": [4, 6]},
								"up": {"uv": [21, 58], "uv_size": [4, 4]},
								"down": {"uv": [41, 31], "uv_size": [4, -4]}
							}
						}
					]
				}
			]
		}
	]
}