{
	"format_version": "1.12.0",
	"minecraft:geometry": [
		{
			"description": {
				"identifier": "geometry.unknown",
				"texture_width": 128,
				"texture_height": 128,
				"visible_bounds_width": 3,
				"visible_bounds_height": 3.5,
				"visible_bounds_offset": [0, 1.25, 0]
			},
			"bones": [
				{
					"name": "bb_main",
					"pivot": [0, 0, 0]
				},
				{
					"name": "bipedHead",
					"pivot": [0, 24, 0]
				},
				{
					"name": "armorHead",
					"parent": "bipedHead",
					"pivot": [0, 24, 0],
					"cubes": [
						{"origin": [0.875, 28, -4.25], "size": [2.25, 0.75, 1], "uv": [8, 2]},
						{"origin": [0.75, 28.05, -4.15], "size": [2.5, 0.5, 1], "pivot": [1, 28, -4.5], "rotation": [0, 0, -2.75], "uv": [8, 2]},
						{"origin": [0.75, 28.05, -4.15], "size": [2.5, 0.5, 1], "pivot": [1, 28, -4.5], "rotation": [0, 0, -2.75], "uv": [8, 2]},
						{"origin": [-3.15, 28, -4.25], "size": [2.25, 0.75, 1], "uv": [8, 2]},
						{"origin": [-3.15, 28, -4.25], "size": [2.25, 0.75, 1], "uv": [8, 2]},
						{"origin": [-3.45, 28, -4.125], "size": [2.45, 0.5, 0.875], "pivot": [0, 24, 0], "rotation": [0, 0, 2.75], "uv": [10, 2]},
						{"origin": [-2.025, 29.375, -4.325], "size": [5.275, 2.975, 2.325], "uv": [18, 8]},
						{"origin": [-2.025, 29.375, -4.325], "size": [5.275, 2.975, 2.325], "uv": [18, 8]},
						{"origin": [-1.75, 29.375, -5.075], "size": [5, 2.975, 2.325], "inflate": -0.3, "uv": [18, 8]},
						{"origin": [-3.575, 29.575, -4.325], "size": [1.55, 2.575, 1.725], "uv": [20, 8]},
						{"origin": [0.475, 28.725, -4.275], "size": [0.575, 0.8, 0.125], "uv": [21, 10]},
						{"origin": [0, 26, -5.2], "size": [3.075, 3.05, 2.625], "inflate": -1.05, "uv": [118, 5]},
						{"origin": [-3.075, 26, -5.2], "size": [3.075, 3.05, 2.625], "inflate": -1.05, "uv": [118, 5], "mirror": true},
						{"origin": [3.575, 28.35, -4.275], "size": [0.575, 2.875, 0.55], "uv": [21, 10]},
						{"origin": [-4.175, 28.35, -4.275], "size": [0.575, 2.875, 0.55], "uv": [21, 10]},
						{"origin": [0.25, 28.425, -4.25], "size": [0.45, 0.6, 0.1], "uv": [22, 9]},
						{"origin": [-0.25, 24.175, -4.05], "size": [0.45, 0.6, 0.1], "uv": [20, 7]},
						{"origin": [-4, 24, -4], "size": [8, 8, 8], "uv": [0, 0]}
					]
				},
				{
					"name": "bipedBody",
					"pivot": [0, 24, 0]
				},
				{
					"name": "armorBody",
					"parent": "bipedBody",
					"pivot": [0, 24, 0],
					"cubes": [
						{"origin": [-4.75, 13.45, 1.175], "size": [9.5, 11.05, 1], "inflate": -1, "uv": [67, 115]},
						{"origin": [-4.75, 17.45, -3.35], "size": [9.5, 7.05, 2.75], "inflate": -1, "uv": [63, 101]},
						{"origin": [-2.375, 16.925, -3.35], "size": [4.725, 2.55, 2.25], "inflate": -1, "uv": [86, 123], "mirror": true},
						{"origin": [0.25, 22.25, -3.45], "size": [4.825, 2.75, 2.4], "inflate": -1, "uv": [106, 21]},
						{"origin": [-0.475, 22, -3.6], "size": [3.625, 2.75, 2.8], "inflate": -1.1, "uv": [104, 21]},
						{"origin": [-0.2, 21.75, -3.525], "size": [2.875, 2.5, 2.8], "inflate": -1.1, "uv": [104, 21]},
						{"origin": [-2.65, 21.75, -3.525], "size": [2.875, 2.5, 2.55], "inflate": -1.1, "uv": [104, 21], "mirror": true},
						{"origin": [-3.15, 22, -3.6], "size": [3.625, 2.75, 2.8], "inflate": -1.1, "uv": [104, 21], "mirror": true},
						{"origin": [-3.25, 21, -3.6], "size": [6.625, 2.775, 2.25], "inflate": -1.025, "uv": [105, 17]},
						{
							"origin": [-15.525, 5.2, -15.625],
							"size": [31.125, 30.45, 27.75],
							"inflate": -13.1,
							"uv": {
								"north": {"uv": [33, 98], "uv_size": [31, 30]},
								"east": {"uv": [7, 107], "uv_size": [18, 19]},
								"south": {"uv": [7, 107], "uv_size": [18, 19]},
								"west": {"uv": [7, 107], "uv_size": [18, 19]},
								"up": {"uv": [25, 126], "uv_size": [-18, -19]},
								"down": {"uv": [25, 126], "uv_size": [-18, -19]}
							}
						},
						{"origin": [-2.925, 18, -2.725], "size": [0.8, 4.85, 3.175], "inflate": -0.3, "uv": [38, 91], "mirror": true},
						{"origin": [-5.15, 23.825, -3.6], "size": [4.15, 2.75, 2.25], "inflate": -1, "pivot": [0, 24, 0], "rotation": [0, 0, -67.5], "uv": [105, 20], "mirror": true},
						{"origin": [-5.125, 18.45, -3.6], "size": [6.15, 2.75, 2.25], "inflate": -1, "pivot": [0, 24, 0], "rotation": [0, 0, -44.25], "uv": [104, 21]},
						{"origin": [-5.125, 19.2, -2.375], "size": [6.15, 3.75, 1], "inflate": -1, "pivot": [0, 24, 0], "rotation": [0, 0, -44.25], "uv": [74, 68]},
						{"origin": [-5.125, 20.95, -2.375], "size": [4.15, 3.85, 1], "inflate": -1, "pivot": [0, 24, 0], "rotation": [0, 0, -44.25], "uv": [80, 62]},
						{"origin": [-2.975, 20.95, -2.375], "size": [3.325, 2.85, 1], "inflate": -1, "pivot": [0, 24, 0], "rotation": [0, 0, -44.25], "uv": [80, 62]},
						{"origin": [-2.975, 21.7, -2.35], "size": [2.325, 2.85, 1], "inflate": -1, "pivot": [0, 24, 0], "rotation": [0, 0, -44.25], "uv": [80, 62]},
						{"origin": [2.775, 18.575, -3.6], "size": [2.75, 2.75, 2.5], "inflate": -1.025, "pivot": [0, 24, 0], "rotation": [0, 0, 45], "uv": [101, 23]},
						{"origin": [1.05, 23.95, -3.6], "size": [4.15, 2.75, 2.5], "inflate": -1, "pivot": [0, 24, 0], "rotation": [0, 0, 67.5], "uv": [106, 19]},
						{"origin": [-0.9, 18.55, -3.6], "size": [6.15, 2.75, 2.25], "inflate": -1, "pivot": [0, 24, 0], "rotation": [0, 0, 44.25], "uv": [104, 21], "mirror": true},
						{
							"origin": [-5, 11.125, -3.125],
							"size": [9.95, 2.775, 6.175],
							"inflate": -0.8,
							"uv": {
								"north": {"uv": [104, 21], "uv_size": [9, 4]},
								"east": {"uv": [113, 21], "uv_size": [-9, 2]},
								"south": {"uv": [104, 21], "uv_size": [9, 2]},
								"west": {"uv": [113, 21], "uv_size": [-9, 2]},
								"up": {"uv": [113, 23], "uv_size": [-9, -2]},
								"down": {"uv": [113, 23], "uv_size": [-9, -2]}
							}
						},
						{"origin": [2.25, 12.2, -3.1], "size": [2.45, 2.6, 6.275], "inflate": -0.8, "uv": [108, 28]},
						{"origin": [-2.75, 12.2, -3.1], "size": [2.45, 2.6, 6.3], "inflate": -0.8, "uv": [100, 29]},
						{"origin": [-2.9, 16.05, -3.125], "size": [3.6, 2.45, 3.6], "inflate": -0.8, "uv": [67, 122]},
						{"origin": [-2.9, 14.925, -3.125], "size": [3.6, 2.45, 3.6], "inflate": -0.8, "uv": [67, 122]},
						{"origin": [-2.9, 13.8, -3.125], "size": [3.6, 2.45, 3.6], "inflate": -0.8, "uv": [67, 122]},
						{"origin": [-0.7, 13.8, -3.125], "size": [3.6, 2.45, 3.6], "inflate": -0.8, "uv": [67, 122], "mirror": true},
						{"origin": [-0.7, 14.925, -3.125], "size": [3.6, 2.45, 3.6], "inflate": -0.8, "uv": [67, 122], "mirror": true},
						{"origin": [-0.7, 16.05, -3.125], "size": [3.6, 2.45, 3.6], "inflate": -0.8, "uv": [67, 122], "mirror": true},
						{"origin": [0.25, 12.2, -3.1], "size": [2.45, 2.6, 6.3], "inflate": -0.8, "uv": [108, 28]},
						{"origin": [-5, 12.3, -3.025], "size": [9.95, 2.3, 6.075], "inflate": -0.8, "uv": [98, 68]},
						{
							"origin": [-1.5, 12.25, -3.1],
							"size": [2.95, 2.4, 2.975],
							"inflate": -0.675,
							"uv": {
								"north": {"uv": [108, 76], "uv_size": [7, 4]},
								"east": {"uv": [105, 76], "uv_size": [8, 4]},
								"south": {"uv": [113, 76], "uv_size": [7, 4]},
								"west": {"uv": [110, 76], "uv_size": [8, 4]},
								"up": {"uv": [111, 75], "uv_size": [2, 3]},
								"down": {"uv": [113, 78], "uv_size": [2, -3]}
							}
						},
						{"origin": [-4.75, 12.2, -3.1], "size": [2.45, 2.6, 6.3], "inflate": -0.8, "uv": [100, 19]},
						{
							"origin": [-3.675, 10.275, -3.05],
							"size": [7.3, 2.525, 6],
							"inflate": -0.8,
							"uv": {
								"north": {"uv": [105, 22], "uv_size": [8, 3]},
								"east": {"uv": [105, 22], "uv_size": [8, 3]},
								"south": {"uv": [105, 22], "uv_size": [8, 3]},
								"west": {"uv": [105, 22], "uv_size": [8, 3]},
								"up": {"uv": [113, 25], "uv_size": [-8, -3]},
								"down": {"uv": [113, 25], "uv_size": [-8, -3]}
							}
						},
						{
							"origin": [-5.6231, 10.27072, -3.075],
							"size": [3.3, 2.55, 6],
							"inflate": -0.85,
							"pivot": [-0.8981, 23.72072, -0.025],
							"rotation": [0, 0, -33.5],
							"uv": {
								"north": {"uv": [108, 22], "uv_size": [3, 3]},
								"east": {"uv": [108, 22], "uv_size": [3, 3]},
								"south": {"uv": [102, 22], "uv_size": [2, 3]},
								"west": {"uv": [108, 22], "uv_size": [3, 3]},
								"up": {"uv": [111, 25], "uv_size": [-3, -3]},
								"down": {"uv": [111, 25], "uv_size": [-3, -3]}
							}
						},
						{
							"origin": [2.3231, 10.27072, -3.075],
							"size": [3.3, 2.55, 6],
							"inflate": -0.85,
							"pivot": [0.8981, 23.72072, -0.025],
							"rotation": [0, 0, 33.5],
							"uv": {
								"north": {"uv": [106, 22], "uv_size": [-3, 3]},
								"east": {"uv": [111, 22], "uv_size": [-3, 3]},
								"south": {"uv": [111, 22], "uv_size": [-3, 3]},
								"west": {"uv": [111, 22], "uv_size": [-3, 3]},
								"up": {"uv": [108, 25], "uv_size": [3, -3]},
								"down": {"uv": [108, 25], "uv_size": [3, -3]}
							}
						},
						{"origin": [-4.75, 22, 1.2], "size": [9.125, 3.275, 1], "inflate": -1, "uv": [104, 24]},
						{"origin": [-1.075, 21.05, 1.025], "size": [8.45, 3.3, 2.4], "inflate": -1, "uv": [97, 22]},
						{"origin": [-7.125, 21.05, 0.95], "size": [8.15, 3.35, 2.475], "inflate": -1, "uv": [97, 22], "mirror": true},
						{"origin": [-5.1, 22.25, -3.4], "size": [4.825, 2.75, 2.35], "inflate": -1, "uv": [106, 21], "mirror": true},
						{"origin": [-4.325, 12.8, -3.25], "size": [8.7, 6.475, 3], "inflate": -1, "uv": [68, 119], "mirror": true},
						{"origin": [-4, 12, -2], "size": [8, 12, 4], "uv": [16, 16]}
					]
				},
				{
					"name": "bipedRightArm",
					"pivot": [-4, 22, 0]
				},
				{
					"name": "armorRightArm",
					"parent": "bipedRightArm",
					"pivot": [-4, 22, 0],
					"cubes": [
						{"origin": [-8.75, 18.425, -3.15], "size": [5.725, 6.325, 2.5], "inflate": -1, "uv": [67, 115], "mirror": true},
						{"origin": [-8.75, 15.25, 0.675], "size": [5.225, 9.5, 2.5], "inflate": -1, "uv": [67, 116]},
						{"origin": [-9.25, 14.5, -2.75], "size": [5.725, 6.75, 5.5], "inflate": -1, "uv": [66, 116], "mirror": true},
						{
							"origin": [-9.25, 19.4, -2.75],
							"size": [5.725, 5.35, 5.5],
							"inflate": -1,
							"uv": {
								"north": {"uv": [70, 117], "uv_size": [5, 5]},
								"east": {"uv": [81, 117], "uv_size": [-5, 5]},
								"south": {"uv": [80, 117], "uv_size": [5, 5]},
								"west": {"uv": [75, 122], "uv_size": [5, -5]},
								"up": {"uv": [70, 112], "uv_size": [5, 5]},
								"down": {"uv": [75, 117], "uv_size": [5, -5]}
							}
						},
						{"origin": [-8.75, 14.25, -3.15], "size": [5.225, 6, 2.5], "inflate": -1, "uv": [67, 118], "mirror": true},
						{"origin": [-6.8, 22.725, -3.425], "size": [5, 3.55, 6.75], "inflate": -1.1, "pivot": [0, 24, 0], "rotation": [0, 0, -9.5], "uv": [99, 15]},
						{"origin": [-7.3, 23.225, -3.425], "size": [2.75, 3.05, 6.75], "inflate": -1.1, "pivot": [0, 24, 0], "rotation": [0, 0, -9.5], "uv": [99, 15]},
						{"origin": [-8, 12, -2], "size": [4, 12, 4], "uv": [40, 16]},
						{"origin": [-5.925, 22.1, -3.275], "size": [3.925, 3.175, 6.25], "inflate": -0.9, "uv": [99, 15]},
						{"origin": [-8.725, 18.725, -2.825], "size": [5.725, 6.35, 5.65], "inflate": -1, "uv": [60, 115], "mirror": true}
					]
				},
				{
					"name": "bipedLeftArm",
					"pivot": [4, 22, 0]
				},
				{
					"name": "armorLeftArm",
					"parent": "bipedLeftArm",
					"pivot": [4, 22, 0],
					"cubes": [
						{"origin": [3, 18.425, -3.15], "size": [5.725, 6.325, 2.5], "inflate": -1, "uv": [67, 115]},
						{"origin": [3, 18.725, -2.825], "size": [5.725, 6.35, 5.65], "inflate": -1, "uv": [60, 115]},
						{"origin": [3.5, 15.25, 0.875], "size": [5.225, 9.5, 2.225], "inflate": -1, "uv": [67, 116], "mirror": true},
						{"origin": [2.075, 22.1, -3.325], "size": [3.8, 3.175, 6.3], "inflate": -0.9, "uv": [100, 15], "mirror": true},
						{"origin": [3.5, 14.25, -3.15], "size": [5.225, 6, 2.5], "inflate": -1, "uv": [67, 118]},
						{"origin": [1.95, 22.725, -3.425], "size": [5, 3.55, 6.75], "inflate": -1.1, "pivot": [0, 24, 0], "rotation": [0, 0, 9.5], "uv": [99, 15], "mirror": true},
						{"origin": [4.7, 23.225, -3.425], "size": [2.75, 3.05, 6.75], "inflate": -1.1, "pivot": [0, 24, 0], "rotation": [0, 0, 9.5], "uv": [99, 15], "mirror": true},
						{"origin": [4, 12, -2], "size": [4, 12, 4], "uv": [32, 48]},
						{
							"origin": [3.5, 19.4, -2.75],
							"size": [5.725, 5.35, 5.5],
							"inflate": -1,
							"uv": {
								"north": {"uv": [70, 121], "uv_size": [5, 5]},
								"east": {"uv": [65, 121], "uv_size": [5, 5]},
								"south": {"uv": [80, 121], "uv_size": [5, 5]},
								"west": {"uv": [75, 126], "uv_size": [5, -5]},
								"up": {"uv": [70, 116], "uv_size": [5, 5]},
								"down": {"uv": [75, 121], "uv_size": [5, -5]}
							}
						},
						{"origin": [3.5, 14.5, -2.75], "size": [5.725, 6.75, 5.5], "inflate": -1, "uv": [65, 117]}
					]
				},
				{
					"name": "bipedLeftLeg",
					"pivot": [-2, 12, 0]
				},
				{
					"name": "armorLeftLeg",
					"parent": "bipedLeftLeg",
					"pivot": [-2, 12, 0],
					"cubes": [
						{"origin": [-0.75, 5, -3.175], "size": [5.475, 6.75, 2.5], "inflate": -1, "uv": [67, 120], "mirror": true},
						{"origin": [-0.75, 5, 0.675], "size": [5.475, 6.5, 2.5], "inflate": -1, "uv": [67, 118]},
						{"origin": [1.5, 4.925, -2.825], "size": [3.725, 7.825, 5.5], "inflate": -1, "uv": [69, 115]},
						{"origin": [-0.75, 4.25, -3.175], "size": [5.225, 2.75, 2.5], "inflate": -1, "uv": [66, 123], "mirror": true},
						{"origin": [-0.75, 9.75, -3.175], "size": [5.225, 2.75, 2.5], "inflate": -1, "uv": [66, 123], "mirror": true},
						{"origin": [0, 0, -2], "size": [4, 12, 4], "uv": [16, 48]}
					]
				},
				{
					"name": "armorLeftBoot",
					"parent": "bipedLeftLeg",
					"pivot": [-2, 12, 0],
					"cubes": [
						{"origin": [0.25, 0.5, -2.25], "size": [3.5, 4.5, 1], "uv": [112, 22], "mirror": true},
						{"origin": [3.75, 0.25, -1.75], "size": [0.4, 4.75, 3.5], "uv": [103, 15]},
						{"origin": [0.25, 0.5, 0.175], "size": [3.5, 4.5, 1.9], "uv": [111, 20]},
						{
							"origin": [-1.1, 4.175, -2.35],
							"size": [4.25, 0.65, 4.5],
							"pivot": [-2, 12, 0],
							"rotation": [0, 0, -8],
							"uv": {
								"north": {"uv": [109, 23], "uv_size": [-5, 2]},
								"east": {"uv": [109, 23], "uv_size": [-5, 2]},
								"south": {"uv": [109, 23], "uv_size": [-5, 2]},
								"west": {"uv": [104, 23], "uv_size": [5, 2]},
								"up": {"uv": [109, 25], "uv_size": [-5, -2]},
								"down": {"uv": [109, 25], "uv_size": [-5, -2]}
							}
						}
					]
				},
				{
					"name": "bipedRightLeg",
					"pivot": [2, 12, 0]
				},
				{
					"name": "armorRightLeg",
					"parent": "bipedRightLeg",
					"pivot": [2, 12, 0],
					"cubes": [
						{"origin": [-5.25, 4.925, -2.825], "size": [3.725, 7.825, 5.5], "inflate": -1, "uv": [69, 115], "mirror": true},
						{"origin": [-4.5, 4.25, -3.175], "size": [5.225, 2.75, 2.25], "inflate": -1, "uv": [66, 123]},
						{"origin": [-4.5, 9.75, -3.175], "size": [5.225, 2.75, 2.25], "inflate": -1, "uv": [66, 123]},
						{"origin": [-4, 0, -2], "size": [4, 12, 4], "uv": [0, 16]},
						{"origin": [-4.15, 0.25, -1.75], "size": [0.4, 4.75, 3.5], "uv": [103, 15], "mirror": true},
						{"origin": [-4.75, 5, 0.675], "size": [5.475, 6.5, 2.5], "inflate": -1, "uv": [67, 118], "mirror": true},
						{"origin": [-4.75, 5, -3.175], "size": [5.475, 6.75, 2.5], "inflate": -1, "uv": [67, 120]}
					]
				},
				{
					"name": "armorRightBoot",
					"parent": "bipedRightLeg",
					"pivot": [2, 12, 0],
					"cubes": [
						{
							"origin": [-3.15, 4.175, -2.35],
							"size": [4.25, 0.65, 4.5],
							"pivot": [2, 12, 0],
							"rotation": [0, 0, 8],
							"uv": {
								"north": {"uv": [104, 23], "uv_size": [5, 2]},
								"east": {"uv": [109, 23], "uv_size": [-5, 2]},
								"south": {"uv": [104, 23], "uv_size": [5, 2]},
								"west": {"uv": [104, 23], "uv_size": [5, 2]},
								"up": {"uv": [104, 25], "uv_size": [5, -2]},
								"down": {"uv": [104, 25], "uv_size": [5, -2]}
							}
						},
						{"origin": [-3.75, 0.5, 1.075], "size": [3.5, 4.5, 1], "uv": [111, 20], "mirror": true},
						{"origin": [-3.75, 0.5, -2.25], "size": [3.5, 4.5, 1], "uv": [112, 22]}
					]
				}
			]
		}
	]
}