{
	"format_version": "1.12.0",
	"minecraft:geometry": [
		{
			"description": {
				"identifier": "geometry.unknown",
				"texture_width": 128,
				"texture_height": 128,
				"visible_bounds_width": 3,
				"visible_bounds_height": 3.5,
				"visible_bounds_offset": [0, 1.25, 0]
			},
			"bones": [
				{
					"name": "bb_main",
					"pivot": [0, 0, 0]
				},
				{
					"name": "bipedHead",
					"pivot": [0, 24, 0]
				},
				{
					"name": "armorHead",
					"parent": "bipedHead",
					"pivot": [0, 24, 0],
					"cubes": [
						{"origin": [-3.25, 28.1, -4.25], "size": [2.5, 0.5, 1], "uv": [91, 3]},
						{"origin": [0.75, 28.1, -4.25], "size": [2.5, 0.5, 1], "uv": [91, 3]},
						{"origin": [1, 26.575, -4.1], "size": [1.75, 0.425, 1], "uv": [122, 18]},
						{"origin": [-2.75, 26.575, -4.1], "size": [1.75, 0.425, 1], "uv": [122, 18]},
						{"origin": [-0.75, 26.75, -4.125], "size": [1.5, 0.5, 1.025], "uv": [119, 11]},
						{"origin": [-1.25, 23.75, -3.6], "size": [2.5, 0.525, 1], "uv": [119, 11]},
						{"origin": [-0.375, 25.625, -5.475], "size": [3.75, 3.75, 3], "inflate": -1.4, "uv": [110, 15]},
						{"origin": [-3.375, 25.625, -5.475], "size": [3.75, 3.75, 3], "inflate": -1.4, "uv": [110, 15], "mirror": true},
						{"origin": [-4.25, 27.25, -1.5], "size": [8.5, 2, 2], "uv": [90, 15]},
						{"origin": [3.25, 25.75, 3.25], "size": [1, 1, 2.5], "pivot": [0, 24, 0], "rotation": [45, 22.5, 0], "uv": [90, 15]},
						{"origin": [-4.25, 25.75, 3.25], "size": [1, 1, 2.5], "pivot": [0, 24, 0], "rotation": [45, -22.5, 0], "uv": [90, 15]},
						{"origin": [3.25, 26.25, 4.75], "size": [1, 1, 2.5], "inflate": -0.1, "pivot": [0, 24, 0], "rotation": [45, 22.5, 0], "uv": [90, 15]},
						{"origin": [-4.25, 26.25, 4.75], "size": [1, 1, 2.5], "inflate": -0.1, "pivot": [0, 24, 0], "rotation": [45, -22.5, 0], "uv": [90, 15]},
						{"origin": [-4, 31.25, -4], "size": [8, 1.5, 8], "inflate": -0.5, "uv": [0, 0]},
						{"origin": [-4, 24, -4], "size": [8, 8, 8], "uv": [0, 0]}
					]
				},
				{
					"name": "bone",
					"parent": "armorHead",
					"pivot": [0, 24, 0],
					"cubes": [
						{"origin": [-4.125, 25.2, -4.125], "size": [1.5, 0.5, 1.025], "pivot": [0, 24, 0], "rotation": [0, 0, 22.5], "uv": [119, 11]},
						{"origin": [-1, 26.7, -4.125], "size": [1.5, 0.5, 1.025], "pivot": [0, 24, 0], "rotation": [0, 0, -22.5], "uv": [119, 11]},
						{"origin": [-0.5, 26.7, -4.125], "size": [1.5, 0.5, 1.025], "pivot": [0, 24, 0], "rotation": [0, 0, 22.5], "uv": [119, 11]},
						{"origin": [2.625, 25.2, -4.125], "size": [1.5, 0.5, 1.025], "pivot": [0, 24, 0], "rotation": [0, 0, -22.5], "uv": [119, 11]},
						{"origin": [-3, 24.525, -4.05], "size": [0.5, 2.1, 1.5], "pivot": [0, 24, 0], "rotation": [0, 0, -12.25], "uv": [91, 3]},
						{"origin": [2.525, 24.475, -4.05], "size": [0.5, 2.1, 1.5], "pivot": [0, 24, 0], "rotation": [0, 0, 12.25], "uv": [91, 3]},
						{"origin": [-0.85, 26.65, -4.125], "size": [1.7, 1.9, 1.025], "uv": [119, 11]}
					]
				},
				{
					"name": "bipedBody",
					"pivot": [0, 24, 0]
				},
				{
					"name": "armorBody",
					"parent": "bipedBody",
					"pivot": [0, 24, 0],
					"cubes": [
						{"origin": [-3.75, 19, -2.25], "size": [3.7, 4.25, 1], "uv": [119, 2]},
						{"origin": [0.05, 19, -2.25], "size": [3.7, 4.25, 1], "uv": [119, 2], "mirror": true},
						{"origin": [-3.325, 14.25, 1.25], "size": [6.7, 9, 1], "uv": [102, 0], "mirror": true},
						{"origin": [0.3, 17.25, -2.25], "size": [2.2, 1, 1], "uv": [109, 4]},
						{"origin": [-1.7, 22.65, -2.5], "size": [3.45, 0.25, 1], "uv": [90, 1]},
						{"origin": [1.625, 19.55, -2.5], "size": [0.3, 3.25, 1], "uv": [90, 1]},
						{"origin": [-1.9, 19.55, -2.5], "size": [0.3, 3.25, 1], "uv": [90, 1]},
						{"origin": [-1.7, 19.35, -2.5], "size": [3.45, 0.25, 1], "uv": [90, 1]},
						{"origin": [-3.625, 21.5, -2.575], "size": [1.45, 0.5, 0.25], "pivot": [0, 24, 0], "rotation": [0, 0, -45], "uv": [91, 15]},
						{"origin": [-2.7, 21.75, -2.6], "size": [1.45, 0.5, 0.25], "pivot": [0, 24, 0], "rotation": [0, 0, -45], "uv": [91, 15]},
						{"origin": [-1.95, 22, -2.6], "size": [1.45, 0.5, 0.25], "pivot": [0, 24, 0], "rotation": [0, 0, -45], "uv": [91, 15]},
						{"origin": [0.3, 16, -2.25], "size": [2.2, 1, 1], "uv": [109, 4]},
						{"origin": [0.3, 14.75, -2.25], "size": [2.2, 1, 1], "uv": [109, 4]},
						{"origin": [-2.45, 17.25, -2.25], "size": [2.2, 1, 1], "uv": [109, 4], "mirror": true},
						{"origin": [-2.45, 16, -2.25], "size": [2.2, 1, 1], "uv": [109, 4], "mirror": true},
						{"origin": [-2.45, 14.75, -2.25], "size": [2.2, 1, 1], "uv": [109, 4], "mirror": true},
						{"origin": [-1.7, 19.5, -2.5], "size": [3.45, 3.25, 1], "inflate": -0.1, "uv": [90, 8], "mirror": true},
						{"origin": [-0.425, 11, -2.25], "size": [3.5, 1, 4.5], "pivot": [4, 22, 0], "rotation": [0, 0, 22.5], "uv": [90, 15]},
						{"origin": [3.425, 11.75, -2.25], "size": [1.65, 1, 4.5], "pivot": [4, 22, 0], "rotation": [0, 0, 22.5], "uv": [90, 15]},
						{"origin": [-2.5, 14, -2.25], "size": [3.5, 1, 4.5], "pivot": [4, 22, 0], "rotation": [0, 0, -22.5], "uv": [90, 15]},
						{"origin": [-4.425, 14.875, -2.25], "size": [1.475, 1, 4.5], "pivot": [4, 22, 0], "rotation": [0, 0, -22.5], "uv": [90, 15]},
						{"origin": [-4, 12, -2], "size": [8, 12, 4], "uv": [16, 16]}
					]
				},
				{
					"name": "bipedRightArm",
					"pivot": [-4, 22, 0]
				},
				{
					"name": "armorRightArm",
					"parent": "bipedRightArm",
					"pivot": [-4, 22, 0],
					"cubes": [
						{"origin": [-7.75, 18.75, -2.25], "size": [3.5, 5, 1], "uv": [109, 2], "mirror": true},
						{"origin": [-7.75, 22, -1.75], "size": [3.5, 2.25, 3.5], "uv": [107, 1], "mirror": true},
						{"origin": [-7.75, 18.75, 1.25], "size": [3.5, 5, 1], "uv": [108, 2], "mirror": true},
						{"origin": [-8.25, 18.75, -1.75], "size": [3.5, 5, 3.5], "uv": [106, 0], "mirror": true},
						{"origin": [-3.4, 12.5, -2.25], "size": [2.5, 1, 4.5], "pivot": [4, 22, 0], "rotation": [0, 0, 22.5], "uv": [90, 15]},
						{"origin": [-5.175, 12, -2.25], "size": [2.25, 1, 4.5], "pivot": [4, 22, 0], "rotation": [0, 0, 22.5], "uv": [90, 15]},
						{"origin": [-8, 12, -2], "size": [4, 12, 4], "uv": [40, 16]}
					]
				},
				{
					"name": "bipedLeftArm",
					"pivot": [4, 22, 0]
				},
				{
					"name": "armorLeftArm",
					"parent": "bipedLeftArm",
					"pivot": [4, 22, 0],
					"cubes": [
						{"origin": [4.25, 18.75, -2.25], "size": [3.5, 5, 1], "uv": [109, 2]},
						{"origin": [4.75, 18.75, -1.75], "size": [3.5, 5, 3.5], "uv": [106, 0]},
						{"origin": [4.25, 18.75, 1.25], "size": [3.5, 5, 1], "uv": [108, 2]},
						{"origin": [4.25, 22, -1.75], "size": [3.5, 2.25, 3.5], "uv": [107, 1], "mirror": true},
						{"origin": [1.5, 15.5, -2.25], "size": [2.5, 1, 4.5], "pivot": [4, 22, 0], "rotation": [0, 0, -22.5], "uv": [90, 15]},
						{"origin": [3.5, 15, -2.25], "size": [2.25, 1, 4.5], "pivot": [4, 22, 0], "rotation": [0, 0, -22.5], "uv": [90, 15]},
						{"origin": [4, 12, -2], "size": [4, 12, 4], "uv": [40, 16], "mirror": true}
					]
				},
				{
					"name": "bipedLeftLeg",
					"pivot": [-2, 12, 0]
				},
				{
					"name": "armorLeftLeg",
					"parent": "bipedLeftLeg",
					"pivot": [-2, 12, 0],
					"cubes": [
						{"origin": [-3.7, 5.625, -2.25], "size": [2.45, 1.025, 4.5], "pivot": [4, 22, 0], "rotation": [0, 0, -18.75], "uv": [90, 15]},
						{"origin": [5.425, 4.3, -2.25], "size": [2.425, 1.025, 4.5], "pivot": [4, 22, 0], "rotation": [0, 0, 18.75], "uv": [90, 15], "mirror": true},
						{"origin": [0.5, 7, -2.25], "size": [3.25, 4.25, 1], "uv": [108, 5], "mirror": true},
						{"origin": [0.5, 6, -2.25], "size": [2.5, 1, 1], "uv": [108, 5], "mirror": true},
						{"origin": [0.5, 7, 1.25], "size": [3.25, 4.25, 1], "uv": [108, 5], "mirror": true},
						{"origin": [1, 8, -1.75], "size": [3.25, 3.75, 3.5], "uv": [111, 6]},
						{"origin": [0, 0, -2], "size": [4, 12, 4], "uv": [0, 16], "mirror": true}
					]
				},
				{
					"name": "armorLeftBoot",
					"parent": "bipedLeftLeg",
					"pivot": [-2, 12, 0]
				},
				{
					"name": "bipedRightLeg",
					"pivot": [2, 12, 0]
				},
				{
					"name": "armorRightLeg",
					"parent": "bipedRightLeg",
					"pivot": [2, 12, 0],
					"cubes": [
						{"origin": [1.675, 3, -2.25], "size": [2.475, 1.025, 4.5], "pivot": [4, 22, 0], "rotation": [0, 0, 18.75], "uv": [90, 15], "mirror": true},
						{"origin": [-7.475, 6.875, -2.25], "size": [2.475, 1.025, 4.5], "pivot": [4, 22, 0], "rotation": [0, 0, -18.75], "uv": [90, 15]},
						{"origin": [-3.75, 7, -2.25], "size": [3.25, 4.25, 1], "uv": [108, 5]},
						{"origin": [-4.25, 8, -1.75], "size": [3.25, 3.75, 3.5], "uv": [111, 6], "mirror": true},
						{"origin": [-3.75, 7, 1.25], "size": [3.25, 4.25, 1], "uv": [108, 5]},
						{"origin": [-3, 6, -2.25], "size": [2.5, 1, 1], "uv": [108, 5]},
						{"origin": [-4, 0, -2], "size": [4, 12, 4], "uv": [0, 16]}
					]
				},
				{
					"name": "armorRightBoot",
					"parent": "bipedRightLeg",
					"pivot": [2, 12, 0]
				}
			]
		}
	]
}