{
	"format_version": "1.12.0",
	"minecraft:geometry": [
		{
			"description": {
				"identifier": "geometry.unknown",
				"texture_width": 128,
				"texture_height": 128,
				"visible_bounds_width": 3,
				"visible_bounds_height": 3.5,
				"visible_bounds_offset": [0, 1.25, 0]
			},
			"bones": [
				{
					"name": "bipedHead",
					"pivot": [0, 24, 0]
				},
				{
					"name": "armorHead",
					"parent": "bipedHead",
					"pivot": [0, 24, 0],
					"cubes": [
						{"origin": [-4, 24, -4], "size": [8, 8, 8], "uv": [0, 0]},
						{"origin": [0, 25.925, -5.2], "size": [3.375, 3.25, 2.625], "inflate": -1.125, "uv": [118, 5]},
						{"origin": [-3.375, 25.95, -5.2], "size": [3.375, 3.25, 2.625], "inflate": -1.125, "uv": [118, 5]},
						{"origin": [-3.45, 27.825, -4.25], "size": [2.35, 0.75, 1], "pivot": [0, 24, 0], "rotation": [0, 0, 4], "uv": [8, 2]},
						{"origin": [0.775, 27.9, -4.25], "size": [2.35, 0.75, 1], "pivot": [1, 28, -4.5], "rotation": [0, 0, -4], "uv": [8, 2]},
						{"origin": [0.675, 28.05, -4.15], "size": [2.55, 0.475, 0.9], "pivot": [1, 28, -4.5], "rotation": [0, 0, -3], "uv": [8, 2]},
						{"origin": [-3.25, 27.95, -4.15], "size": [2.55, 0.475, 0.9], "pivot": [1, 28, -4.5], "rotation": [0, 0, 3], "uv": [8, 2]},
						{"origin": [-0.2, 24.175, -4.05], "size": [0.45, 0.6, 0.1], "uv": [20, 7]},
						{"origin": [1.55, 24.575, -4.05], "size": [0.35, 1.5, 0.1], "pivot": [0, 24, 0], "rotation": [0, 0, -7], "uv": [20, 7]},
						{"origin": [-1.85, 24.575, -4.05], "size": [0.35, 1.5, 0.1], "pivot": [0, 24, 0], "rotation": [0, 0, 7], "uv": [20, 7]},
						{"origin": [-4.175, 28.35, -4.275], "size": [0.575, 2.875, 0.55], "uv": [21, 10]},
						{"origin": [3.575, 28.35, -4.275], "size": [0.575, 2.875, 0.55], "uv": [21, 10]},
						{
							"origin": [-1.625, 29.975, -4.325],
							"size": [3.775, 2.775, 2.325],
							"pivot": [-1.2, 24.4, 0],
							"rotation": [0, 0, 7],
							"uv": {
								"north": {"uv": [8, 2], "uv_size": [4, 3]},
								"east": {"uv": [18, 10], "uv_size": [2, 2]},
								"south": {"uv": [25, 10], "uv_size": [3, 2]},
								"west": {"uv": [23, 10], "uv_size": [2, 2]},
								"up": {"uv": [20, 8], "uv_size": [3, 2]},
								"down": {"uv": [23, 10], "uv_size": [3, -2]}
							}
						},
						{"origin": [0.975, 30.175, -4.225], "size": [2.375, 2.425, 2.225], "uv": [8, 3]},
						{
							"origin": [-2.375, 29.625, -4.225],
							"size": [3.475, 2.875, 2.225],
							"pivot": [-1.2, 24.4, 0],
							"rotation": [0, 0, -11.5],
							"uv": {
								"north": {"uv": [8, 2], "uv_size": [4, 3]},
								"east": {"uv": [18, 10], "uv_size": [2, 2]},
								"south": {"uv": [25, 10], "uv_size": [3, 2]},
								"west": {"uv": [23, 10], "uv_size": [2, 2]},
								"up": {"uv": [20, 8], "uv_size": [3, 2]},
								"down": {"uv": [23, 10], "uv_size": [3, -2]}
							}
						},
						{
							"origin": [-0.925, 29.225, -4.425],
							"size": [3.375, 2.875, 2.225],
							"pivot": [-1.2, 24.4, 0],
							"rotation": [0, 0, -6.75],
							"uv": {
								"north": {"uv": [8, 2], "uv_size": [4, 3]},
								"east": {"uv": [18, 10], "uv_size": [2, 2]},
								"south": {"uv": [25, 10], "uv_size": [3, 2]},
								"west": {"uv": [23, 10], "uv_size": [2, 2]},
								"up": {"uv": [20, 8], "uv_size": [3, 2]},
								"down": {"uv": [23, 10], "uv_size": [3, -2]}
							}
						},
						{"origin": [-3.625, 30.175, -4.125], "size": [7.275, 1.975, 2.325], "uv": [18, 8]},
						{"origin": [0.175, 28.95, -4.275], "size": [0.575, 0.8, 0.125], "pivot": [0, 24.125, 0], "rotation": [0, 0, -5], "uv": [21, 10]},
						{"origin": [1.6, 28.225, -4.25], "size": [0.45, 0.6, 0.1], "pivot": [0.4, 24.125, 0], "rotation": [0, 0, -21.75], "uv": [22, 9]}
					]
				},
				{
					"name": "bipedBody",
					"pivot": [0, 24, 0]
				},
				{
					"name": "armorBody",
					"parent": "bipedBody",
					"pivot": [0, 24, 0]
				},
				{
					"name": "bodyTop",
					"parent": "armorBody",
					"pivot": [0, 24, 0],
					"cubes": [
						{"origin": [-4, 18, -2], "size": [8, 6, 4], "uv": [16, 16]},
						{"origin": [-1.75, 18.5, -2.35], "size": [3.5, 3.75, 1.75], "uv": [119, 76]},
						{"origin": [-1.25, 18.9, -2.45], "size": [2.5, 0.6, 1.75], "uv": [108, 17]},
						{"origin": [-2, 18.25, -2.3], "size": [3.975, 0.25, 1.7], "uv": [111, 37]},
						{"origin": [-1.75, 22.25, -2.325], "size": [3.475, 0.25, 1.725], "uv": [111, 37]},
						{"origin": [2.25, 19.6, -2.25], "size": [1.5, 3.45, 1.75], "pivot": [0, 24, 0], "rotation": [0, 0, 22.5], "uv": [119, 76]},
						{"origin": [2.15, 23.05, -2.35], "size": [1.85, 0.225, 1.85], "pivot": [0, 24, 0], "rotation": [0, 0, 22.5], "uv": [117, 37]},
						{"origin": [-4, 23.05, -2.35], "size": [1.8, 0.225, 1.85], "pivot": [0, 24, 0], "rotation": [0, 0, -22.5], "uv": [117, 37]},
						{"origin": [3.725, 19.6, -2.35], "size": [0.25, 3.45, 1.75], "pivot": [0, 24, 0], "rotation": [0, 0, 22.5], "uv": [123, 52]},
						{"origin": [2.5, 19.775, -2.475], "size": [0.6, 2.25, 1.75], "pivot": [0, 24, 0], "rotation": [0, 0, 22.5], "uv": [123, 52]},
						{"origin": [-3.1, 19.775, -2.475], "size": [0.6, 2.25, 1.75], "pivot": [0, 24, 0], "rotation": [0, 0, -22.5], "uv": [123, 52]},
						{"origin": [-3.05, 21.125, -2.35], "size": [0.6, 1.1, 1.625], "pivot": [0, 24, 0], "rotation": [0, 0, -92.75], "uv": [123, 52]},
						{"origin": [2.5, 21.1, -2.35], "size": [0.6, 1.15, 1.625], "pivot": [0, 24, 0], "rotation": [0, 0, 92.75], "uv": [123, 52]},
						{"origin": [-1.125, 20.4, -2.375], "size": [0.525, 0.625, 1.65], "pivot": [0, 24, 0], "rotation": [0, 0, -49.75], "uv": [123, 52]},
						{"origin": [0.625, 20.4, -2.375], "size": [0.525, 0.625, 1.65], "pivot": [0, 24, 0], "rotation": [0, 0, 49.75], "uv": [123, 52]},
						{"origin": [-4, 19.6, -2.35], "size": [0.25, 3.45, 1.75], "pivot": [0, 24, 0], "rotation": [0, 0, -22.5], "uv": [123, 52]},
						{"origin": [-3.75, 19.6, -2.25], "size": [1.5, 3.45, 1.75], "pivot": [0, 24, 0], "rotation": [0, 0, -22.5], "uv": [119, 76]},
						{"origin": [-5.55, 16.1, -4.125], "size": [11.1, 8.7, 8.275], "inflate": -2, "uv": [44, 93]},
						{"origin": [0.25, 22.25, -3.55], "size": [4.125, 2.75, 2.25], "inflate": -1, "uv": [106, 24]},
						{"origin": [-4.4, 22.25, -3.55], "size": [4.125, 2.75, 2.25], "inflate": -1, "uv": [108, 24]}
					]
				},
				{
					"name": "bodyBottom",
					"parent": "armorBody",
					"pivot": [0, 24, 0],
					"cubes": [
						{"origin": [-4, 12, -2], "size": [8, 6, 4], "uv": [16, 22]},
						{"origin": [-2.25, 12.5, -2.3], "size": [4.5, 1.5, 4.5], "uv": [103, 21]},
						{"origin": [-4.15, 13.1, -2.3], "size": [1, 1.5, 4.5], "uv": [103, 21]},
						{"origin": [3.15, 13.1, -2.3], "size": [1, 1.5, 4.5], "uv": [103, 21]},
						{"origin": [0.525, 12.5, -2.2], "size": [1.8, 1.5, 4.3], "pivot": [0, 24, 0], "rotation": [0, 0, 22.5], "uv": [103, 21]},
						{"origin": [-2.35, 12.5, -2.2], "size": [1.8, 1.5, 4.3], "pivot": [0, 24, 0], "rotation": [0, 0, -22.5], "uv": [103, 21]},
						{"origin": [-4.55, 11.4, -4.125], "size": [9.1, 8.7, 8.275], "inflate": -2, "uv": [44, 93]},
						{"origin": [-4.55, 20.8, -4.075], "size": [9.1, 4.65, 8.425], "inflate": -2, "uv": [43, 92]},
						{"origin": [-5.45, 20.5, -1.275], "size": [10.9, 5.45, 5.675], "inflate": -2, "uv": [98, 50]},
						{"origin": [-5.05, 15.6, -4.075], "size": [10.1, 4.5, 8.225], "inflate": -2, "uv": [44, 93]},
						{"origin": [0.2, 16.6, -2.25], "size": [1.95, 0.9, 1.75], "uv": [71, 109]},
						{"origin": [0.2, 15.5, -2.25], "size": [1.95, 0.9, 1.75], "uv": [71, 109]},
						{"origin": [-2.15, 16.6, -2.25], "size": [1.95, 0.9, 1.75], "uv": [71, 109]},
						{"origin": [-2.15, 15.5, -2.25], "size": [1.95, 0.9, 1.75], "uv": [71, 109]},
						{"origin": [0.2, 14.45, -2.25], "size": [1.95, 0.9, 1.75], "uv": [71, 109]},
						{"origin": [-2.15, 14.45, -2.25], "size": [1.95, 0.9, 1.75], "uv": [71, 109]},
						{"origin": [-1.1, 12.6, -2.35], "size": [2.2, 1.3, 1.75], "uv": [119, 76]}
					]
				},
				{
					"name": "bipedRightArm",
					"pivot": [-4, 22, 0]
				},
				{
					"name": "armorRightArm",
					"parent": "bipedRightArm",
					"pivot": [-4, 22, 0]
				},
				{
					"name": "rightArmtop",
					"parent": "armorRightArm",
					"pivot": [0, 24, 0],
					"cubes": [
						{"origin": [-8, 18, -2], "size": [4, 6, 4], "uv": [40, 16]},
						{
							"origin": [-8.75, 17.375, -3.325],
							"size": [5.475, 7.375, 6.45],
							"inflate": -1,
							"uv": {
								"north": {"uv": [70, 108], "uv_size": [5, 7]},
								"east": {"uv": [68, 108], "uv_size": [2, 7]},
								"south": {"uv": [77, 108], "uv_size": [5, 7]},
								"west": {"uv": [75, 108], "uv_size": [2, 7]},
								"up": {"uv": [70, 106], "uv_size": [5, 2]},
								"down": {"uv": [75, 108], "uv_size": [5, -2]}
							}
						},
						{"origin": [-9.25, 17.55, -2.75], "size": [5.725, 7.2, 5.5], "inflate": -1, "uv": [64, 101]},
						{"origin": [-9.25, 14.3, -2.75], "size": [5.725, 4.95, 5.5], "inflate": -1, "uv": [63, 99]},
						{"origin": [-6.8, 22.725, -3.675], "size": [5, 3.45, 7], "inflate": -1.1, "pivot": [0, 24, 0], "rotation": [0, 0, -9.5], "uv": [99, 18]},
						{"origin": [-5.925, 22.1, -3.275], "size": [3.925, 3.175, 6.25], "inflate": -0.9, "uv": [105, 18], "mirror": true},
						{"origin": [-7.3, 23.225, -3.675], "size": [2.75, 2.95, 7], "inflate": -1.1, "pivot": [0, 24, 0], "rotation": [0, 0, -9.5], "uv": [99, 18]}
					]
				},
				{
					"name": "rightArmBottom",
					"parent": "armorRightArm",
					"pivot": [-4, 22, 0],
					"cubes": [
						{"origin": [-8, 12, -2], "size": [4, 6, 4], "uv": [28, 76]},
						{"origin": [-9.1, 13.6, -3.1], "size": [6.225, 2.5, 6.175], "inflate": -1, "uv": [99, 17], "mirror": true},
						{
							"origin": [-8.7, 14.25, -3.325],
							"size": [5.225, 5, 6.45],
							"inflate": -1,
							"uv": {
								"north": {"uv": [70, 108], "uv_size": [5, 5]},
								"east": {"uv": [68, 108], "uv_size": [2, 5]},
								"south": {"uv": [77, 108], "uv_size": [5, 5]},
								"west": {"uv": [75, 108], "uv_size": [2, 5]},
								"up": {"uv": [70, 106], "uv_size": [5, 2]},
								"down": {"uv": [75, 108], "uv_size": [5, -2]}
							}
						}
					]
				},
				{
					"name": "bipedLeftArm",
					"pivot": [4, 22, 0]
				},
				{
					"name": "armorLeftArm",
					"parent": "bipedLeftArm",
					"pivot": [4, 22, 0]
				},
				{
					"name": "leftArmTop",
					"parent": "armorLeftArm",
					"pivot": [4, 22, 0],
					"cubes": [
						{"origin": [4, 18, -2], "size": [4, 6, 4], "uv": [32, 48]},
						{
							"origin": [3.25, 17.475, -3.325],
							"size": [5.475, 7.275, 6.45],
							"inflate": -1,
							"uv": {
								"north": {"uv": [75, 108], "uv_size": [-5, 7]},
								"east": {"uv": [77, 108], "uv_size": [-2, 7]},
								"south": {"uv": [82, 108], "uv_size": [-5, 7]},
								"west": {"uv": [70, 108], "uv_size": [-2, 7]},
								"up": {"uv": [75, 106], "uv_size": [-5, 2]},
								"down": {"uv": [80, 108], "uv_size": [-5, -2]}
							}
						},
						{"origin": [1.95, 22.725, -3.675], "size": [5, 3.45, 7], "inflate": -1.1, "pivot": [0, 24, 0], "rotation": [0, 0, 9.5], "uv": [99, 18], "mirror": true},
						{"origin": [2.075, 22.1, -3.275], "size": [3.8, 3.175, 6.25], "inflate": -0.9, "uv": [103, 18], "mirror": true},
						{"origin": [4.7, 23.225, -3.675], "size": [2.75, 2.95, 7], "inflate": -1.1, "pivot": [0, 24, 0], "rotation": [0, 0, 9.5], "uv": [99, 18], "mirror": true},
						{"origin": [3.5, 17.55, -2.75], "size": [5.725, 7.2, 5.5], "inflate": -1, "uv": [64, 101]}
					]
				},
				{
					"name": "leftArmBottom",
					"parent": "armorLeftArm",
					"pivot": [4, 22, 0],
					"cubes": [
						{"origin": [4, 12, -2], "size": [4, 6, 4], "uv": [28, 66]},
						{
							"origin": [3.5, 14.25, -3.325],
							"size": [5.225, 5, 6.45],
							"inflate": -1,
							"uv": {
								"north": {"uv": [75, 108], "uv_size": [-5, 5]},
								"east": {"uv": [77, 108], "uv_size": [-2, 5]},
								"south": {"uv": [82, 108], "uv_size": [-5, 5]},
								"west": {"uv": [70, 108], "uv_size": [-2, 5]},
								"up": {"uv": [75, 106], "uv_size": [-5, 2]},
								"down": {"uv": [80, 108], "uv_size": [-5, -2]}
							}
						},
						{"origin": [2.9, 13.6, -3.1], "size": [6.225, 2.5, 6.175], "inflate": -1, "uv": [99, 17], "mirror": true},
						{"origin": [3.5, 14.3, -2.75], "size": [5.725, 4.95, 5.5], "inflate": -1, "uv": [63, 99]}
					]
				},
				{
					"name": "bipedLeftLeg",
					"pivot": [-2, 12, 0]
				},
				{
					"name": "armorLeftLeg",
					"parent": "bipedLeftLeg",
					"pivot": [-2, 12, 0],
					"cubes": [
						{"origin": [0, 6, -2], "size": [4, 6, 4], "uv": [16, 48]},
						{"origin": [-0.75, 5.475, -3.325], "size": [5.475, 7.275, 6.475], "inflate": -1, "uv": [59, 99], "mirror": true},
						{"origin": [2.5, 5.55, -2.75], "size": [2.725, 7.2, 5.5], "inflate": -1, "uv": [64, 105]}
					]
				},
				{
					"name": "armorLeftBoot",
					"parent": "bipedLeftLeg",
					"pivot": [-2, 12, 0],
					"cubes": [
						{"origin": [0, 0, -2], "size": [4, 6, 4], "uv": [7, 65]},
						{"origin": [-0.5, -1.025, -3.325], "size": [4.975, 7.775, 2.5], "inflate": -1, "uv": [105, 18], "mirror": true},
						{"origin": [-0.5, -1.025, 0.775], "size": [4.975, 7.275, 2.5], "inflate": -1, "uv": [105, 18], "mirror": true},
						{"origin": [2.5, -0.95, -2.75], "size": [2.725, 6.95, 5.5], "inflate": -1, "uv": [109, 14]}
					]
				},
				{
					"name": "bipedRightLeg",
					"pivot": [2, 12, 0]
				},
				{
					"name": "armorRightLeg",
					"parent": "bipedRightLeg",
					"pivot": [2, 12, 0],
					"cubes": [
						{"origin": [-4, 6, -2], "size": [4, 6, 4], "uv": [0, 16]},
						{"origin": [-4.75, 5.475, -3.325], "size": [5.475, 7.275, 6.475], "inflate": -1, "uv": [59, 99]},
						{"origin": [-5.2, 5.55, -2.75], "size": [2.725, 7.2, 5.5], "inflate": -1, "uv": [64, 105]}
					]
				},
				{
					"name": "armorRightBoot",
					"parent": "bipedRightLeg",
					"pivot": [2, 12, 0],
					"cubes": [
						{"origin": [-4, 0, -2], "size": [4, 6, 4], "uv": [7, 76]},
						{"origin": [-4.5, -1.025, -3.325], "size": [4.975, 7.775, 2.5], "inflate": -1, "uv": [105, 18], "mirror": true},
						{"origin": [-4.5, -1.025, 0.775], "size": [4.975, 7.275, 2.5], "inflate": -1, "uv": [105, 18], "mirror": true},
						{"origin": [-5.25, -0.95, -2.75], "size": [2.725, 6.95, 5.5], "inflate": -1, "uv": [109, 14], "mirror": true}
					]
				}
			]
		}
	]
}