{
	"format_version": "1.12.0",
	"minecraft:geometry": [
		{
			"description": {
				"identifier": "geometry.unknown",
				"texture_width": 128,
				"texture_height": 128,
				"visible_bounds_width": 3,
				"visible_bounds_height": 2,
				"visible_bounds_offset": [0, 0, 0]
			},
			"bones": [
				{
					"name": "WW_shield",
					"pivot": [0, 0, 0],
					"cubes": [
						{"origin": [-5, 0, -6], "size": [10, 0, 12], "uv": [0, 0]}
					]
				},
				{
					"name": "shield",
					"parent": "WW_shield",
					"pivot": [0, 0, 0],
					"cubes": [
						{"origin": [-1, 1.9, -0.5], "size": [2, 1, 1], "uv": [14, 60]}
					]
				},
				{
					"name": "bone18",
					"parent": "shield",
					"pivot": [0.95589, 2.37892, -0.83332],
					"cubes": [
						{"origin": [-1, 1.82523, -1.42047], "size": [1, 1, 1], "pivot": [-0.5, 2.32523, -0.92047], "rotation": [-75, 0, 0], "uv": [65, 113]},
						{"origin": [-1.67985, 1.93315, -0.05254], "size": [1, 1, 1], "pivot": [-1.17985, 2.43315, 0.44746], "rotation": [80, -82.5, -2.5], "uv": [70, 113]},
						{"origin": [0, 1.82523, -1.42047], "size": [1, 1, 1], "pivot": [0.5, 2.32523, -0.92047], "rotation": [-75, 0, 0], "uv": [60, 113]},
						{"origin": [-1, 1.82523, 0.42047], "size": [1, 1, 1], "pivot": [-0.5, 2.32523, 0.92047], "rotation": [75, 0, 0], "uv": [50, 113]},
						{"origin": [0, 1.82523, 0.42047], "size": [1, 1, 1], "pivot": [0.5, 2.32523, 0.92047], "rotation": [75, 0, 0], "uv": [55, 113]},
						{"origin": [-1.67985, 1.93315, -0.94746], "size": [1, 1, 1], "pivot": [-1.17985, 2.43315, -0.44746], "rotation": [-80, 82.5, -2.5], "uv": [0, 116]},
						{"origin": [-1.45589, 1.87892, -1.33332], "size": [1, 1, 1], "pivot": [-0.95589, 2.37892, -0.83332], "rotation": [-80, 37.5, -2.5], "uv": [5, 116]},
						{"origin": [-1.45589, 1.87892, 0.33332], "size": [1, 1, 1], "pivot": [-0.95589, 2.37892, 0.83332], "rotation": [80, -37.5, -2.5], "uv": [45, 113]},
						{"origin": [0.45589, 1.87892, 0.33332], "size": [1, 1, 1], "pivot": [0.95589, 2.37892, 0.83332], "rotation": [80, 37.5, 2.5], "uv": [25, 113]},
						{"origin": [0.67985, 1.93315, -0.05254], "size": [1, 1, 1], "pivot": [1.17985, 2.43315, 0.44746], "rotation": [80, 82.5, 2.5], "uv": [30, 113]},
						{"origin": [0.67985, 1.93315, -0.94746], "size": [1, 1, 1], "pivot": [1.17985, 2.43315, -0.44746], "rotation": [-80, -82.5, 2.5], "uv": [35, 113]},
						{"origin": [0.45589, 1.87892, -1.33332], "size": [1, 1, 1], "pivot": [0.95589, 2.37892, -0.83332], "rotation": [-80, -37.5, 2.5], "uv": [40, 113]}
					]
				},
				{
					"name": "bone11",
					"parent": "shield",
					"pivot": [0, 0, 0]
				},
				{
					"name": "bone8",
					"parent": "bone11",
					"pivot": [0, 0, 0]
				},
				{
					"name": "bone9",
					"parent": "bone8",
					"pivot": [-0.0153, 2.03476, 0],
					"rotation": [0, 45, 0],
					"cubes": [
						{"origin": [-0.38084, 2.22876, 0.47575], "size": [1, 1, 2], "pivot": [0, 2.75, 0.3], "rotation": [-15, 10, 45], "uv": [49, 56]},
						{"origin": [-0.59514, 2.10445, 2.33531], "size": [1, 1, 3], "pivot": [-0.09514, 2.60445, 1.33531], "rotation": [-23, 23, 45], "uv": [45, 46]}
					]
				},
				{
					"name": "bone10",
					"parent": "bone8",
					"pivot": [-0.0153, 2.03476, 0],
					"rotation": [0, -45, 0],
					"cubes": [
						{"origin": [-0.38084, 2.22876, -2.47575], "size": [1, 1, 2], "pivot": [0, 2.75, -0.3], "rotation": [15, -10, 45], "uv": [42, 56]},
						{"origin": [-0.59514, 2.10445, -5.33531], "size": [1, 1, 3], "pivot": [-0.09514, 2.60445, -1.33531], "rotation": [23, -23, 45], "uv": [36, 46]}
					]
				},
				{
					"name": "bone12",
					"parent": "bone11",
					"pivot": [0, 0, 0],
					"rotation": [0, -22.5, 0]
				},
				{
					"name": "bone14",
					"parent": "bone12",
					"pivot": [-0.0153, 2.03476, 0],
					"rotation": [0, -45, 0],
					"cubes": [
						{"origin": [-0.38084, 2.22876, -2.47575], "size": [1, 1, 2], "pivot": [0, 2.75, -0.3], "rotation": [15, -10, 45], "uv": [35, 56]},
						{"origin": [-0.59081, 2.03137, -5.34137], "size": [1, 1, 3], "pivot": [-0.09081, 2.53137, -1.34137], "rotation": [20.5, -20.5, 45], "uv": [27, 46]}
					]
				},
				{
					"name": "bone13",
					"parent": "bone12",
					"pivot": [-0.0153, 2.03476, 0],
					"rotation": [0, -90, 0],
					"cubes": [
						{"origin": [-0.38084, 2.22876, -2.47575], "size": [1, 1, 2], "pivot": [0, 2.75, -0.3], "rotation": [15, -10, 45], "uv": [28, 56]},
						{"origin": [-0.59081, 2.03137, -5.34137], "size": [1, 1, 3], "pivot": [-0.09081, 2.53137, -1.34137], "rotation": [20.5, -20.5, 45], "uv": [18, 46]}
					]
				},
				{
					"name": "bone15",
					"parent": "bone11",
					"pivot": [0, 0, 0],
					"rotation": [0, 22.5, 0]
				},
				{
					"name": "bone16",
					"parent": "bone15",
					"pivot": [0.0153, 2.03476, 0],
					"rotation": [0, 45, 0],
					"cubes": [
						{"origin": [-0.61916, 2.22876, -2.47575], "size": [1, 1, 2], "pivot": [0, 2.75, -0.3], "rotation": [15, 10, -45], "uv": [21, 56]},
						{"origin": [-0.40919, 2.03137, -5.34137], "size": [1, 1, 3], "pivot": [0.09081, 2.53137, -1.34137], "rotation": [20.5, 20.5, -45], "uv": [9, 46]}
					]
				},
				{
					"name": "bone17",
					"parent": "bone15",
					"pivot": [0.0153, 2.03476, 0],
					"rotation": [0, 90, 0],
					"cubes": [
						{"origin": [-0.61916, 2.22876, -2.47575], "size": [1, 1, 2], "pivot": [0, 2.75, -0.3], "rotation": [15, 10, -45], "uv": [14, 56]},
						{"origin": [-0.40919, 2.03137, -5.34137], "size": [1, 1, 3], "pivot": [0.09081, 2.53137, -1.34137], "rotation": [20.5, 20.5, -45], "uv": [0, 46]}
					]
				},
				{
					"name": "bone7",
					"parent": "bone11",
					"pivot": [0, 0, 0]
				},
				{
					"name": "bone6",
					"parent": "bone7",
					"pivot": [0.0153, 2.03476, 0],
					"rotation": [0, -45, 0],
					"cubes": [
						{"origin": [-0.61916, 2.22876, 0.47575], "size": [1, 1, 2], "pivot": [0, 2.75, 0.3], "rotation": [-15, -10, -45], "uv": [56, 56]},
						{"origin": [-0.40486, 2.10445, 2.33531], "size": [1, 1, 3], "pivot": [0.09514, 2.60445, 1.33531], "rotation": [-23, -23, -45], "uv": [54, 46]}
					]
				},
				{
					"name": "bone5",
					"parent": "bone7",
					"pivot": [0.0153, 2.03476, 0],
					"rotation": [0, 45, 0],
					"cubes": [
						{"origin": [-0.61916, 2.22876, -2.47575], "size": [1, 1, 2], "pivot": [0, 2.75, -0.3], "rotation": [15, 10, -45], "uv": [63, 56]},
						{"origin": [-0.40486, 2.10445, -5.33531], "size": [1, 1, 3], "pivot": [0.09514, 2.60445, -1.33531], "rotation": [23, 23, -45], "uv": [63, 46]}
					]
				},
				{
					"name": "bone4",
					"parent": "bone11",
					"pivot": [0.0153, 1.78476, 0],
					"cubes": [
						{"origin": [1.71263, 1.8625, -0.8839], "size": [4, 1, 1], "pivot": [1.82428, 2.7464, 0], "rotation": [45, 0, 30.5], "uv": [29, 51]},
						{"origin": [0.82643, 1.95756, -1.04722], "size": [1, 1, 1], "pivot": [1.8424, 3.00479, 0], "rotation": [45, 0, 15], "uv": [20, 113]},
						{"origin": [-5.71263, 1.8625, -0.8839], "size": [4, 1, 1], "pivot": [-1.82428, 2.7464, 0], "rotation": [45, 0, -30.5], "uv": [18, 51]},
						{"origin": [-1.82643, 1.95756, -1.04722], "size": [1, 1, 1], "pivot": [-1.8424, 3.00479, 0], "rotation": [45, 0, -15], "uv": [15, 113]},
						{"origin": [-0.5, 2, -2.3], "size": [1, 1, 2], "pivot": [0, 2.5, -0.3], "rotation": [12.5, 12.5, -45], "uv": [7, 60]},
						{"origin": [-0.48163, 1.92948, -5.20371], "size": [1, 1, 3], "pivot": [0.01837, 2.42948, -1.20371], "rotation": [20.5, 20.5, -45], "uv": [9, 51]},
						{"origin": [-0.48163, 1.92948, 2.20371], "size": [1, 1, 3], "pivot": [0.01837, 2.42948, 1.20371], "rotation": [-20.5, -20.5, -45], "uv": [0, 51]},
						{"origin": [-0.5, 2, 0.3], "size": [1, 1, 2], "pivot": [0, 2.5, 0.3], "rotation": [-12.5, -12.5, -45], "uv": [0, 60]},
						{"origin": [0.01894, 1.62969, 2.21976], "size": [1, 1, 1], "pivot": [1.08463, 2.51959, 2.26371], "rotation": [-35, -7.5, -45], "uv": [10, 113]},
						{"origin": [0.01894, 1.62969, -3.21976], "size": [1, 1, 1], "pivot": [1.08463, 2.51959, -2.26371], "rotation": [35, 7.5, -45], "uv": [0, 113]},
						{"origin": [-1.01894, 1.62969, -3.21976], "size": [1, 1, 1], "pivot": [-1.08463, 2.51959, -2.26371], "rotation": [35, -7.5, 45], "uv": [70, 110]},
						{"origin": [-1.01894, 1.62969, 2.21976], "size": [1, 1, 1], "pivot": [-1.08463, 2.51959, 2.26371], "rotation": [-35, 7.5, 45], "uv": [5, 113]},
						{"origin": [-0.3, 2.1, 0.3], "size": [1, 1, 2], "pivot": [0.2, 2.6, 0.3], "rotation": [-30, 0, -45], "uv": [7, 56]},
						{"origin": [-0.3, 2.1, -2.3], "size": [1, 1, 2], "pivot": [0.2, 2.6, -0.3], "rotation": [30, 0, -45], "uv": [74, 51]},
						{"origin": [-0.7, 2.1, -2.3], "size": [1, 1, 2], "pivot": [-0.2, 2.6, -0.3], "rotation": [30, 0, 45], "uv": [67, 51]},
						{"origin": [-0.7, 2.1, 0.3], "size": [1, 1, 2], "pivot": [-0.2, 2.6, 0.3], "rotation": [-30, 0, 45], "uv": [0, 56]}
					]
				},
				{
					"name": "bone3",
					"parent": "shield",
					"pivot": [0.5, 0, 8],
					"cubes": [
						{"origin": [-1, 4, -8], "size": [1, 3, 1], "pivot": [-0.5, 0, -8], "rotation": [-67.5, 0, 0], "uv": [50, 80]},
						{"origin": [0, 4, -8], "size": [1, 3, 1], "pivot": [0.5, 0, -8], "rotation": [-67.5, 0, 0], "uv": [45, 80]},
						{"origin": [-1.99572, 4, -7.93474], "size": [1, 3, 1], "pivot": [-1.49572, 0, -7.93474], "rotation": [-67.5, 7.5, -2.5], "uv": [40, 80]},
						{"origin": [-2.97394, 3.97838, -7.74006], "size": [1, 3, 1], "pivot": [-2.47394, -0.02162, -7.74006], "rotation": [-67.5, 15, 0], "uv": [35, 80]},
						{"origin": [-3.9184, 3.95823, -7.41931], "size": [1, 3, 1], "pivot": [-3.4184, -0.04177, -7.41931], "rotation": [-67.5, 22.5, -2.5], "uv": [30, 80]},
						{"origin": [-4.81291, 3.93808, -6.97797], "size": [1, 3, 1], "pivot": [-4.31291, -0.06192, -6.97797], "rotation": [-67.5, 30, 0], "uv": [25, 80]},
						{"origin": [-5.64222, 3.92078, -6.42359], "size": [1, 3, 1], "pivot": [-5.14222, -0.07922, -6.42359], "rotation": [-67.5, 37.5, -2.5], "uv": [21, 60]},
						{"origin": [-6.39208, 3.90347, -5.76566], "size": [1, 3, 1], "pivot": [-5.89208, -0.09653, -5.76566], "rotation": [-67.5, 45, 0], "uv": [20, 80]},
						{"origin": [-7.04972, 3.8902, -5.01543], "size": [1, 3, 1], "pivot": [-6.54972, -0.1098, -5.01543], "rotation": [-67.5, 52.5, -2.5], "uv": [15, 80]},
						{"origin": [-7.60381, 3.87692, -4.18574], "size": [1, 3, 1], "pivot": [-7.10381, -0.12308, -4.18574], "rotation": [-67.5, 60, 0], "uv": [10, 80]},
						{"origin": [-8.04497, 3.86857, -3.29078], "size": [1, 3, 1], "pivot": [-7.54497, -0.13143, -3.29078], "rotation": [-67.5, 67.5, -2.5], "uv": [5, 80]},
						{"origin": [-8.36554, 3.86023, -2.34588], "size": [1, 3, 1], "pivot": [-7.86554, -0.13977, -2.34588], "rotation": [-67.5, 75, 0], "uv": [0, 80]},
						{"origin": [-8.56015, 3.85738, -1.3672], "size": [1, 3, 1], "pivot": [-8.06015, -0.14262, -1.3672], "rotation": [-67.5, 82.5, -2.5], "uv": [31, 60]},
						{"origin": [-1.99572, 4, 6.93474], "size": [1, 3, 1], "pivot": [-1.49572, 0, 7.93474], "rotation": [67.5, -7.5, -2.5], "uv": [50, 75]},
						{"origin": [-8.56015, 3.85738, 0.3672], "size": [1, 3, 1], "pivot": [-8.06015, -0.14262, 1.3672], "rotation": [67.5, -82.5, -2.5], "uv": [26, 60]},
						{"origin": [-8.36554, 3.86023, 1.34588], "size": [1, 3, 1], "pivot": [-7.86554, -0.13977, 2.34588], "rotation": [67.5, -75, 0], "uv": [45, 75]},
						{"origin": [-8.04497, 3.86857, 2.29078], "size": [1, 3, 1], "pivot": [-7.54497, -0.13143, 3.29078], "rotation": [67.5, -67.5, -2.5], "uv": [40, 75]},
						{"origin": [-7.60381, 3.87692, 3.18574], "size": [1, 3, 1], "pivot": [-7.10381, -0.12308, 4.18574], "rotation": [67.5, -60, 0], "uv": [35, 75]},
						{"origin": [-7.04972, 3.8902, 4.01543], "size": [1, 3, 1], "pivot": [-6.54972, -0.1098, 5.01543], "rotation": [67.5, -52.5, -2.5], "uv": [30, 75]},
						{"origin": [-6.39208, 3.90347, 4.76566], "size": [1, 3, 1], "pivot": [-5.89208, -0.09653, 5.76566], "rotation": [67.5, -45, 0], "uv": [25, 75]},
						{"origin": [-5.64222, 3.92078, 5.42359], "size": [1, 3, 1], "pivot": [-5.14222, -0.07922, 6.42359], "rotation": [67.5, -37.5, -2.5], "uv": [20, 75]},
						{"origin": [-4.81291, 3.93808, 5.97797], "size": [1, 3, 1], "pivot": [-4.31291, -0.06192, 6.97797], "rotation": [67.5, -30, 0], "uv": [15, 75]},
						{"origin": [-3.9184, 3.95823, 6.41931], "size": [1, 3, 1], "pivot": [-3.4184, -0.04177, 7.41931], "rotation": [67.5, -22.5, -2.5], "uv": [10, 75]},
						{"origin": [-2.97394, 3.97838, 6.74006], "size": [1, 3, 1], "pivot": [-2.47394, -0.02162, 7.74006], "rotation": [67.5, -15, 0], "uv": [5, 75]},
						{"origin": [-8.62535, 3.85453, -0.37147], "size": [1, 3, 1], "pivot": [-8.12535, -0.14547, -0.37147], "rotation": [-67.5, 90, 0], "uv": [36, 60]},
						{"origin": [-8.62535, 3.85453, -0.62853], "size": [1, 3, 1], "pivot": [-8.12535, -0.14547, 0.37147], "rotation": [67.5, -90, 0], "uv": [0, 75]},
						{"origin": [0.99572, 4, -7.93474], "size": [1, 3, 1], "pivot": [1.49572, 0, -7.93474], "rotation": [-67.5, -7.5, 2.5], "uv": [50, 70]},
						{"origin": [1.97394, 3.97838, -7.74006], "size": [1, 3, 1], "pivot": [2.47394, -0.02162, -7.74006], "rotation": [-67.5, -15, 0], "uv": [45, 70]},
						{"origin": [2.9184, 3.95823, -7.41931], "size": [1, 3, 1], "pivot": [3.4184, -0.04177, -7.41931], "rotation": [-67.5, -22.5, 2.5], "uv": [40, 70]},
						{"origin": [3.81291, 3.93808, -6.97797], "size": [1, 3, 1], "pivot": [4.31291, -0.06192, -6.97797], "rotation": [-67.5, -30, 0], "uv": [35, 70]},
						{"origin": [4.64222, 3.92078, -6.42359], "size": [1, 3, 1], "pivot": [5.14222, -0.07922, -6.42359], "rotation": [-67.5, -37.5, 2.5], "uv": [30, 70]},
						{"origin": [5.39208, 3.90347, -5.76566], "size": [1, 3, 1], "pivot": [5.89208, -0.09653, -5.76566], "rotation": [-67.5, -45, 0], "uv": [25, 70]},
						{"origin": [6.04972, 3.8902, -5.01543], "size": [1, 3, 1], "pivot": [6.54972, -0.1098, -5.01543], "rotation": [-67.5, -52.5, 2.5], "uv": [20, 70]},
						{"origin": [6.60381, 3.87692, -4.18574], "size": [1, 3, 1], "pivot": [7.10381, -0.12308, -4.18574], "rotation": [-67.5, -60, 0], "uv": [15, 70]},
						{"origin": [7.04497, 3.86857, -3.29078], "size": [1, 3, 1], "pivot": [7.54497, -0.13143, -3.29078], "rotation": [-67.5, -67.5, 2.5], "uv": [10, 70]},
						{"origin": [7.36554, 3.86023, -2.34588], "size": [1, 3, 1], "pivot": [7.86554, -0.13977, -2.34588], "rotation": [-67.5, -75, 0], "uv": [5, 70]},
						{"origin": [7.56015, 3.85738, -1.3672], "size": [1, 3, 1], "pivot": [8.06015, -0.14262, -1.3672], "rotation": [-67.5, -82.5, 2.5], "uv": [0, 70]},
						{"origin": [0.99572, 4, 6.93474], "size": [1, 3, 1], "pivot": [1.49572, 0, 7.93474], "rotation": [67.5, 7.5, 2.5], "uv": [50, 65]},
						{"origin": [7.56015, 3.85738, 0.3672], "size": [1, 3, 1], "pivot": [8.06015, -0.14262, 1.3672], "rotation": [67.5, 82.5, 2.5], "uv": [45, 65]},
						{"origin": [7.36554, 3.86023, 1.34588], "size": [1, 3, 1], "pivot": [7.86554, -0.13977, 2.34588], "rotation": [67.5, 75, 0], "uv": [40, 65]},
						{"origin": [7.04497, 3.86857, 2.29078], "size": [1, 3, 1], "pivot": [7.54497, -0.13143, 3.29078], "rotation": [67.5, 67.5, 2.5], "uv": [35, 65]},
						{"origin": [6.60381, 3.87692, 3.18574], "size": [1, 3, 1], "pivot": [7.10381, -0.12308, 4.18574], "rotation": [67.5, 60, 0], "uv": [30, 65]},
						{"origin": [6.04972, 3.8902, 4.01543], "size": [1, 3, 1], "pivot": [6.54972, -0.1098, 5.01543], "rotation": [67.5, 52.5, 2.5], "uv": [25, 65]},
						{"origin": [5.39208, 3.90347, 4.76566], "size": [1, 3, 1], "pivot": [5.89208, -0.09653, 5.76566], "rotation": [67.5, 45, 0], "uv": [20, 65]},
						{"origin": [4.64222, 3.92078, 5.42359], "size": [1, 3, 1], "pivot": [5.14222, -0.07922, 6.42359], "rotation": [67.5, 37.5, 2.5], "uv": [15, 65]},
						{"origin": [3.81291, 3.93808, 5.97797], "size": [1, 3, 1], "pivot": [4.31291, -0.06192, 6.97797], "rotation": [67.5, 30, 0], "uv": [10, 65]},
						{"origin": [2.9184, 3.95823, 6.41931], "size": [1, 3, 1], "pivot": [3.4184, -0.04177, 7.41931], "rotation": [67.5, 22.5, 2.5], "uv": [5, 65]},
						{"origin": [1.97394, 3.97838, 6.74006], "size": [1, 3, 1], "pivot": [2.47394, -0.02162, 7.74006], "rotation": [67.5, 15, 0], "uv": [0, 65]},
						{"origin": [7.62535, 3.85453, -0.37147], "size": [1, 3, 1], "pivot": [8.12535, -0.14547, -0.37147], "rotation": [-67.5, -90, 0], "uv": [56, 60]},
						{"origin": [7.62535, 3.85453, -0.62853], "size": [1, 3, 1], "pivot": [8.12535, -0.14547, 0.37147], "rotation": [67.5, 90, 0], "uv": [51, 60]},
						{"origin": [-1, 4, 7], "size": [1, 3, 1], "pivot": [-0.5, 0, 8], "rotation": [67.5, 0, 0], "uv": [46, 60]},
						{"origin": [0, 4, 7], "size": [1, 3, 1], "pivot": [0.5, 0, 8], "rotation": [67.5, 0, 0], "uv": [41, 60]}
					]
				},
				{
					"name": "bone2",
					"parent": "shield",
					"pivot": [0.5, 0, 8],
					"cubes": [
						{"origin": [-1, 3, -8], "size": [1, 1, 1], "pivot": [-0.5, 0, -8], "rotation": [-67.5, 0, 0], "uv": [40, 125]},
						{"origin": [0, 3, -8], "size": [1, 1, 1], "pivot": [0.5, 0, -8], "rotation": [-67.5, 0, 0], "uv": [35, 125]},
						{"origin": [-1.99572, 3, -7.93474], "size": [1, 1, 1], "pivot": [-1.49572, 0, -7.93474], "rotation": [-67.5, 7.5, -2.5], "uv": [30, 125]},
						{"origin": [-2.97394, 2.97838, -7.74006], "size": [1, 1, 1], "pivot": [-2.47394, -0.02162, -7.74006], "rotation": [-67.5, 15, 0], "uv": [25, 125]},
						{"origin": [-3.9184, 2.95823, -7.41931], "size": [1, 1, 1], "pivot": [-3.4184, -0.04177, -7.41931], "rotation": [-67.5, 22.5, -2.5], "uv": [20, 125]},
						{"origin": [-4.81291, 2.93808, -6.97797], "size": [1, 1, 1], "pivot": [-4.31291, -0.06192, -6.97797], "rotation": [-67.5, 30, 0], "uv": [15, 125]},
						{"origin": [-5.64222, 2.92078, -6.42359], "size": [1, 1, 1], "pivot": [-5.14222, -0.07922, -6.42359], "rotation": [-67.5, 37.5, -2.5], "uv": [10, 125]},
						{"origin": [-6.39208, 2.90347, -5.76566], "size": [1, 1, 1], "pivot": [-5.89208, -0.09653, -5.76566], "rotation": [-67.5, 45, 0], "uv": [5, 125]},
						{"origin": [-7.04972, 2.8902, -5.01543], "size": [1, 1, 1], "pivot": [-6.54972, -0.1098, -5.01543], "rotation": [-67.5, 52.5, -2.5], "uv": [0, 125]},
						{"origin": [-7.60381, 2.87692, -4.18574], "size": [1, 1, 1], "pivot": [-7.10381, -0.12308, -4.18574], "rotation": [-67.5, 60, 0], "uv": [70, 122]},
						{"origin": [-8.04497, 2.86857, -3.29078], "size": [1, 1, 1], "pivot": [-7.54497, -0.13143, -3.29078], "rotation": [-67.5, 67.5, -2.5], "uv": [65, 122]},
						{"origin": [-8.36554, 2.86023, -2.34588], "size": [1, 1, 1], "pivot": [-7.86554, -0.13977, -2.34588], "rotation": [-67.5, 75, 0], "uv": [60, 122]},
						{"origin": [-8.56015, 2.85738, -1.3672], "size": [1, 1, 1], "pivot": [-8.06015, -0.14262, -1.3672], "rotation": [-67.5, 82.5, -2.5], "uv": [55, 122]},
						{"origin": [-1.99572, 3, 6.93474], "size": [1, 1, 1], "pivot": [-1.49572, 0, 7.93474], "rotation": [67.5, -7.5, -2.5], "uv": [50, 122]},
						{"origin": [-8.56015, 2.85738, 0.3672], "size": [1, 1, 1], "pivot": [-8.06015, -0.14262, 1.3672], "rotation": [67.5, -82.5, -2.5], "uv": [45, 122]},
						{"origin": [-8.36554, 2.86023, 1.34588], "size": [1, 1, 1], "pivot": [-7.86554, -0.13977, 2.34588], "rotation": [67.5, -75, 0], "uv": [40, 122]},
						{"origin": [-8.04497, 2.86857, 2.29078], "size": [1, 1, 1], "pivot": [-7.54497, -0.13143, 3.29078], "rotation": [67.5, -67.5, -2.5], "uv": [35, 122]},
						{"origin": [-7.60381, 2.87692, 3.18574], "size": [1, 1, 1], "pivot": [-7.10381, -0.12308, 4.18574], "rotation": [67.5, -60, 0], "uv": [30, 122]},
						{"origin": [-7.04972, 2.8902, 4.01543], "size": [1, 1, 1], "pivot": [-6.54972, -0.1098, 5.01543], "rotation": [67.5, -52.5, -2.5], "uv": [25, 122]},
						{"origin": [-6.39208, 2.90347, 4.76566], "size": [1, 1, 1], "pivot": [-5.89208, -0.09653, 5.76566], "rotation": [67.5, -45, 0], "uv": [20, 122]},
						{"origin": [-5.64222, 2.92078, 5.42359], "size": [1, 1, 1], "pivot": [-5.14222, -0.07922, 6.42359], "rotation": [67.5, -37.5, -2.5], "uv": [15, 122]},
						{"origin": [-4.81291, 2.93808, 5.97797], "size": [1, 1, 1], "pivot": [-4.31291, -0.06192, 6.97797], "rotation": [67.5, -30, 0], "uv": [10, 122]},
						{"origin": [-3.9184, 2.95823, 6.41931], "size": [1, 1, 1], "pivot": [-3.4184, -0.04177, 7.41931], "rotation": [67.5, -22.5, -2.5], "uv": [5, 122]},
						{"origin": [-2.97394, 2.97838, 6.74006], "size": [1, 1, 1], "pivot": [-2.47394, -0.02162, 7.74006], "rotation": [67.5, -15, 0], "uv": [0, 122]},
						{"origin": [-8.62535, 2.85453, -0.37147], "size": [1, 1, 1], "pivot": [-8.12535, -0.14547, -0.37147], "rotation": [-67.5, 90, 0], "uv": [70, 119]},
						{"origin": [-8.62535, 2.85453, -0.62853], "size": [1, 1, 1], "pivot": [-8.12535, -0.14547, 0.37147], "rotation": [67.5, -90, 0], "uv": [65, 119]},
						{"origin": [0.99572, 3, -7.93474], "size": [1, 1, 1], "pivot": [1.49572, 0, -7.93474], "rotation": [-67.5, -7.5, 2.5], "uv": [60, 119]},
						{"origin": [1.97394, 2.97838, -7.74006], "size": [1, 1, 1], "pivot": [2.47394, -0.02162, -7.74006], "rotation": [-67.5, -15, 0], "uv": [55, 119]},
						{"origin": [2.9184, 2.95823, -7.41931], "size": [1, 1, 1], "pivot": [3.4184, -0.04177, -7.41931], "rotation": [-67.5, -22.5, 2.5], "uv": [50, 119]},
						{"origin": [3.81291, 2.93808, -6.97797], "size": [1, 1, 1], "pivot": [4.31291, -0.06192, -6.97797], "rotation": [-67.5, -30, 0], "uv": [45, 119]},
						{"origin": [4.64222, 2.92078, -6.42359], "size": [1, 1, 1], "pivot": [5.14222, -0.07922, -6.42359], "rotation": [-67.5, -37.5, 2.5], "uv": [40, 119]},
						{"origin": [5.39208, 2.90347, -5.76566], "size": [1, 1, 1], "pivot": [5.89208, -0.09653, -5.76566], "rotation": [-67.5, -45, 0], "uv": [35, 119]},
						{"origin": [6.04972, 2.8902, -5.01543], "size": [1, 1, 1], "pivot": [6.54972, -0.1098, -5.01543], "rotation": [-67.5, -52.5, 2.5], "uv": [30, 119]},
						{"origin": [6.60381, 2.87692, -4.18574], "size": [1, 1, 1], "pivot": [7.10381, -0.12308, -4.18574], "rotation": [-67.5, -60, 0], "uv": [25, 119]},
						{"origin": [7.04497, 2.86857, -3.29078], "size": [1, 1, 1], "pivot": [7.54497, -0.13143, -3.29078], "rotation": [-67.5, -67.5, 2.5], "uv": [20, 119]},
						{"origin": [7.36554, 2.86023, -2.34588], "size": [1, 1, 1], "pivot": [7.86554, -0.13977, -2.34588], "rotation": [-67.5, -75, 0], "uv": [15, 119]},
						{"origin": [7.56015, 2.85738, -1.3672], "size": [1, 1, 1], "pivot": [8.06015, -0.14262, -1.3672], "rotation": [-67.5, -82.5, 2.5], "uv": [10, 119]},
						{"origin": [0.99572, 3, 6.93474], "size": [1, 1, 1], "pivot": [1.49572, 0, 7.93474], "rotation": [67.5, 7.5, 2.5], "uv": [5, 119]},
						{"origin": [7.56015, 2.85738, 0.3672], "size": [1, 1, 1], "pivot": [8.06015, -0.14262, 1.3672], "rotation": [67.5, 82.5, 2.5], "uv": [0, 119]},
						{"origin": [7.36554, 2.86023, 1.34588], "size": [1, 1, 1], "pivot": [7.86554, -0.13977, 2.34588], "rotation": [67.5, 75, 0], "uv": [70, 116]},
						{"origin": [7.04497, 2.86857, 2.29078], "size": [1, 1, 1], "pivot": [7.54497, -0.13143, 3.29078], "rotation": [67.5, 67.5, 2.5], "uv": [65, 116]},
						{"origin": [6.60381, 2.87692, 3.18574], "size": [1, 1, 1], "pivot": [7.10381, -0.12308, 4.18574], "rotation": [67.5, 60, 0], "uv": [60, 116]},
						{"origin": [6.04972, 2.8902, 4.01543], "size": [1, 1, 1], "pivot": [6.54972, -0.1098, 5.01543], "rotation": [67.5, 52.5, 2.5], "uv": [55, 116]},
						{"origin": [5.39208, 2.90347, 4.76566], "size": [1, 1, 1], "pivot": [5.89208, -0.09653, 5.76566], "rotation": [67.5, 45, 0], "uv": [50, 116]},
						{"origin": [4.64222, 2.92078, 5.42359], "size": [1, 1, 1], "pivot": [5.14222, -0.07922, 6.42359], "rotation": [67.5, 37.5, 2.5], "uv": [45, 116]},
						{"origin": [3.81291, 2.93808, 5.97797], "size": [1, 1, 1], "pivot": [4.31291, -0.06192, 6.97797], "rotation": [67.5, 30, 0], "uv": [40, 116]},
						{"origin": [2.9184, 2.95823, 6.41931], "size": [1, 1, 1], "pivot": [3.4184, -0.04177, 7.41931], "rotation": [67.5, 22.5, 2.5], "uv": [35, 116]},
						{"origin": [1.97394, 2.97838, 6.74006], "size": [1, 1, 1], "pivot": [2.47394, -0.02162, 7.74006], "rotation": [67.5, 15, 0], "uv": [30, 116]},
						{"origin": [7.62535, 2.85453, -0.37147], "size": [1, 1, 1], "pivot": [8.12535, -0.14547, -0.37147], "rotation": [-67.5, -90, 0], "uv": [25, 116]},
						{"origin": [7.62535, 2.85453, -0.62853], "size": [1, 1, 1], "pivot": [8.12535, -0.14547, 0.37147], "rotation": [67.5, 90, 0], "uv": [20, 116]},
						{"origin": [-1, 3, 7], "size": [1, 1, 1], "pivot": [-0.5, 0, 8], "rotation": [67.5, 0, 0], "uv": [15, 116]},
						{"origin": [0, 3, 7], "size": [1, 1, 1], "pivot": [0.5, 0, 8], "rotation": [67.5, 0, 0], "uv": [10, 116]}
					]
				},
				{
					"name": "bone",
					"parent": "shield",
					"pivot": [0.5, 0, 8],
					"cubes": [
						{"origin": [-1, 0, -8], "size": [1, 3, 1], "pivot": [-0.5, 0, -8], "rotation": [-67.5, 0, 0], "uv": [35, 105]},
						{"origin": [0, 0, -8], "size": [1, 3, 1], "pivot": [0.5, 0, -8], "rotation": [-67.5, 0, 0], "uv": [5, 85]},
						{"origin": [-1.99572, 0, -7.93474], "size": [1, 3, 1], "pivot": [-1.49572, 0, -7.93474], "rotation": [-67.5, 7.5, -2.5], "uv": [25, 105]},
						{"origin": [-2.97394, -0.02162, -7.74006], "size": [1, 3, 1], "pivot": [-2.47394, -0.02162, -7.74006], "rotation": [-67.5, 15, 0], "uv": [20, 105]},
						{"origin": [-3.9184, -0.04177, -7.41931], "size": [1, 3, 1], "pivot": [-3.4184, -0.04177, -7.41931], "rotation": [-67.5, 22.5, -2.5], "uv": [15, 105]},
						{"origin": [-4.81291, -0.06192, -6.97797], "size": [1, 3, 1], "pivot": [-4.31291, -0.06192, -6.97797], "rotation": [-67.5, 30, 0], "uv": [10, 105]},
						{"origin": [-5.64222, -0.07922, -6.42359], "size": [1, 3, 1], "pivot": [-5.14222, -0.07922, -6.42359], "rotation": [-67.5, 37.5, -2.5], "uv": [5, 105]},
						{"origin": [-6.39208, -0.09653, -5.76566], "size": [1, 3, 1], "pivot": [-5.89208, -0.09653, -5.76566], "rotation": [-67.5, 45, 0], "uv": [0, 105]},
						{"origin": [-7.04972, -0.1098, -5.01543], "size": [1, 3, 1], "pivot": [-6.54972, -0.1098, -5.01543], "rotation": [-67.5, 52.5, -2.5], "uv": [50, 100]},
						{"origin": [-7.60381, -0.12308, -4.18574], "size": [1, 3, 1], "pivot": [-7.10381, -0.12308, -4.18574], "rotation": [-67.5, 60, 0], "uv": [45, 100]},
						{"origin": [-8.04497, -0.13143, -3.29078], "size": [1, 3, 1], "pivot": [-7.54497, -0.13143, -3.29078], "rotation": [-67.5, 67.5, -2.5], "uv": [40, 100]},
						{"origin": [-8.36554, -0.13977, -2.34588], "size": [1, 3, 1], "pivot": [-7.86554, -0.13977, -2.34588], "rotation": [-67.5, 75, 0], "uv": [35, 100]},
						{"origin": [-8.56015, -0.14262, -1.3672], "size": [1, 3, 1], "pivot": [-8.06015, -0.14262, -1.3672], "rotation": [-67.5, 82.5, -2.5], "uv": [30, 100]},
						{"origin": [-1.99572, 0, 6.93474], "size": [1, 3, 1], "pivot": [-1.49572, 0, 7.93474], "rotation": [67.5, -7.5, -2.5], "uv": [25, 95]},
						{"origin": [-8.56015, -0.14262, 0.3672], "size": [1, 3, 1], "pivot": [-8.06015, -0.14262, 1.3672], "rotation": [67.5, -82.5, -2.5], "uv": [30, 95]},
						{"origin": [-8.36554, -0.13977, 1.34588], "size": [1, 3, 1], "pivot": [-7.86554, -0.13977, 2.34588], "rotation": [67.5, -75, 0], "uv": [35, 95]},
						{"origin": [-8.04497, -0.13143, 2.29078], "size": [1, 3, 1], "pivot": [-7.54497, -0.13143, 3.29078], "rotation": [67.5, -67.5, -2.5], "uv": [40, 95]},
						{"origin": [-7.60381, -0.12308, 3.18574], "size": [1, 3, 1], "pivot": [-7.10381, -0.12308, 4.18574], "rotation": [67.5, -60, 0], "uv": [45, 95]},
						{"origin": [-7.04972, -0.1098, 4.01543], "size": [1, 3, 1], "pivot": [-6.54972, -0.1098, 5.01543], "rotation": [67.5, -52.5, -2.5], "uv": [50, 95]},
						{"origin": [-6.39208, -0.09653, 4.76566], "size": [1, 3, 1], "pivot": [-5.89208, -0.09653, 5.76566], "rotation": [67.5, -45, 0], "uv": [0, 100]},
						{"origin": [-5.64222, -0.07922, 5.42359], "size": [1, 3, 1], "pivot": [-5.14222, -0.07922, 6.42359], "rotation": [67.5, -37.5, -2.5], "uv": [5, 100]},
						{"origin": [-4.81291, -0.06192, 5.97797], "size": [1, 3, 1], "pivot": [-4.31291, -0.06192, 6.97797], "rotation": [67.5, -30, 0], "uv": [10, 100]},
						{"origin": [-3.9184, -0.04177, 6.41931], "size": [1, 3, 1], "pivot": [-3.4184, -0.04177, 7.41931], "rotation": [67.5, -22.5, -2.5], "uv": [15, 100]},
						{"origin": [-2.97394, -0.02162, 6.74006], "size": [1, 3, 1], "pivot": [-2.47394, -0.02162, 7.74006], "rotation": [67.5, -15, 0], "uv": [20, 100]},
						{"origin": [-8.62535, -0.14547, -0.37147], "size": [1, 3, 1], "pivot": [-8.12535, -0.14547, -0.37147], "rotation": [-67.5, 90, 0], "uv": [25, 100]},
						{"origin": [-8.62535, -0.14547, -0.62853], "size": [1, 3, 1], "pivot": [-8.12535, -0.14547, 0.37147], "rotation": [67.5, -90, 0], "uv": [20, 95]},
						{"origin": [0.99572, 0, -7.93474], "size": [1, 3, 1], "pivot": [1.49572, 0, -7.93474], "rotation": [-67.5, -7.5, 2.5], "uv": [10, 85]},
						{"origin": [1.97394, -0.02162, -7.74006], "size": [1, 3, 1], "pivot": [2.47394, -0.02162, -7.74006], "rotation": [-67.5, -15, 0], "uv": [15, 85]},
						{"origin": [2.9184, -0.04177, -7.41931], "size": [1, 3, 1], "pivot": [3.4184, -0.04177, -7.41931], "rotation": [-67.5, -22.5, 2.5], "uv": [20, 85]},
						{"origin": [3.81291, -0.06192, -6.97797], "size": [1, 3, 1], "pivot": [4.31291, -0.06192, -6.97797], "rotation": [-67.5, -30, 0], "uv": [25, 85]},
						{"origin": [4.64222, -0.07922, -6.42359], "size": [1, 3, 1], "pivot": [5.14222, -0.07922, -6.42359], "rotation": [-67.5, -37.5, 2.5], "uv": [30, 85]},
						{"origin": [5.39208, -0.09653, -5.76566], "size": [1, 3, 1], "pivot": [5.89208, -0.09653, -5.76566], "rotation": [-67.5, -45, 0], "uv": [35, 85]},
						{"origin": [6.04972, -0.1098, -5.01543], "size": [1, 3, 1], "pivot": [6.54972, -0.1098, -5.01543], "rotation": [-67.5, -52.5, 2.5], "uv": [40, 85]},
						{"origin": [6.60381, -0.12308, -4.18574], "size": [1, 3, 1], "pivot": [7.10381, -0.12308, -4.18574], "rotation": [-67.5, -60, 0], "uv": [45, 85]},
						{"origin": [7.04497, -0.13143, -3.29078], "size": [1, 3, 1], "pivot": [7.54497, -0.13143, -3.29078], "rotation": [-67.5, -67.5, 2.5], "uv": [50, 85]},
						{"origin": [7.36554, -0.13977, -2.34588], "size": [1, 3, 1], "pivot": [7.86554, -0.13977, -2.34588], "rotation": [-67.5, -75, 0], "uv": [0, 90]},
						{"origin": [7.56015, -0.14262, -1.3672], "size": [1, 3, 1], "pivot": [8.06015, -0.14262, -1.3672], "rotation": [-67.5, -82.5, 2.5], "uv": [5, 90]},
						{"origin": [0.99572, 0, 6.93474], "size": [1, 3, 1], "pivot": [1.49572, 0, 7.93474], "rotation": [67.5, 7.5, 2.5], "uv": [10, 90]},
						{"origin": [7.56015, -0.14262, 0.3672], "size": [1, 3, 1], "pivot": [8.06015, -0.14262, 1.3672], "rotation": [67.5, 82.5, 2.5], "uv": [15, 90]},
						{"origin": [7.36554, -0.13977, 1.34588], "size": [1, 3, 1], "pivot": [7.86554, -0.13977, 2.34588], "rotation": [67.5, 75, 0], "uv": [20, 90]},
						{"origin": [7.04497, -0.13143, 2.29078], "size": [1, 3, 1], "pivot": [7.54497, -0.13143, 3.29078], "rotation": [67.5, 67.5, 2.5], "uv": [25, 90]},
						{"origin": [6.60381, -0.12308, 3.18574], "size": [1, 3, 1], "pivot": [7.10381, -0.12308, 4.18574], "rotation": [67.5, 60, 0], "uv": [30, 90]},
						{"origin": [6.04972, -0.1098, 4.01543], "size": [1, 3, 1], "pivot": [6.54972, -0.1098, 5.01543], "rotation": [67.5, 52.5, 2.5], "uv": [35, 90]},
						{"origin": [5.39208, -0.09653, 4.76566], "size": [1, 3, 1], "pivot": [5.89208, -0.09653, 5.76566], "rotation": [67.5, 45, 0], "uv": [40, 90]},
						{"origin": [4.64222, -0.07922, 5.42359], "size": [1, 3, 1], "pivot": [5.14222, -0.07922, 6.42359], "rotation": [67.5, 37.5, 2.5], "uv": [45, 90]},
						{"origin": [3.81291, -0.06192, 5.97797], "size": [1, 3, 1], "pivot": [4.31291, -0.06192, 6.97797], "rotation": [67.5, 30, 0], "uv": [50, 90]},
						{"origin": [2.9184, -0.04177, 6.41931], "size": [1, 3, 1], "pivot": [3.4184, -0.04177, 7.41931], "rotation": [67.5, 22.5, 2.5], "uv": [0, 95]},
						{"origin": [1.97394, -0.02162, 6.74006], "size": [1, 3, 1], "pivot": [2.47394, -0.02162, 7.74006], "rotation": [67.5, 15, 0], "uv": [5, 95]},
						{"origin": [7.62535, -0.14547, -0.37147], "size": [1, 3, 1], "pivot": [8.12535, -0.14547, -0.37147], "rotation": [-67.5, -90, 0], "uv": [10, 95]},
						{"origin": [7.62535, -0.14547, -0.62853], "size": [1, 3, 1], "pivot": [8.12535, -0.14547, 0.37147], "rotation": [67.5, 90, 0], "uv": [15, 95]},
						{"origin": [-1, 0, 7], "size": [1, 3, 1], "pivot": [-0.5, 0, 8], "rotation": [67.5, 0, 0], "uv": [30, 105]},
						{"origin": [0, 0, 7], "size": [1, 3, 1], "pivot": [0.5, 0, 8], "rotation": [67.5, 0, 0], "uv": [0, 85]}
					]
				}
			]
		}
	]
}