{
  "format_version": "1.12.0",
  "minecraft:geometry": [
    {
      "description": {
        "identifier": "geometry.unknown",
        "texture_width": 128,
        "texture_height": 128,
        "visible_bounds_width": 3,
        "visible_bounds_height": 3.5,
        "visible_bounds_offset": [
          0,
          1.25,
          0
        ]
      },
      "bones": [
        {
          "name": "bb_main",
          "pivot": [
            0,
            0,
            0
          ]
        },
        {
          "name": "bipedHead",
          "pivot": [
            0,
            24,
            0
          ]
        },
        {
          "name": "armorHead",
          "parent": "bipedHead",
          "pivot": [
            0,
            24,
            0
          ],
          "cubes": [
            {
              "origin": [
                0.875,
                28,
                -4.25
              ],
              "size": [
                2.25,
                0.75,
                1
              ],
              "pivot": [
                1,
                28,
                -4.5
              ],
              "rotation": [
                0,
                0,
                -12.25
              ],
              "uv": [
                8,
                2
              ]
            },
            {
              "origin": [
                -1.05,
                25.075,
                -4.05
              ],
              "size": [
                2.375,
                0.275,
                0.925
              ],
              "pivot": [
                1,
                28,
                -4.5
              ],
              "rotation": [
                0,
                0,
                3.25
              ],
              "uv": [
                25,
                11
              ]
            },
            {
              "origin": [
                -0.95,
                25.325,
                -4.125
              ],
              "size": [
                2.125,
                0.275,
                1
              ],
              "pivot": [
                1,
                28,
                -4.5
              ],
              "rotation": [
                0,
                0,
                3.25
              ],
              "uv": [
                86,
                56
              ]
            },
            {
              "origin": [
                -1.05,
                25.6,
                -4.125
              ],
              "size": [
                2.375,
                0.25,
                1
              ],
              "pivot": [
                1,
                28,
                -4.5
              ],
              "rotation": [
                0,
                0,
                3.25
              ],
              "uv": [
                100,
                6
              ]
            },
            {
              "origin": [
                -0.95,
                24.6,
                -4.125
              ],
              "size": [
                2.175,
                0.225,
                1
              ],
              "pivot": [
                1,
                28,
                -4.5
              ],
              "rotation": [
                0,
                0,
                3.25
              ],
              "uv": [
                100,
                6
              ]
            },
            {
              "origin": [
                -0.95,
                24.825,
                -4.125
              ],
              "size": [
                2.125,
                0.25,
                1
              ],
              "pivot": [
                1,
                28,
                -4.5
              ],
              "rotation": [
                0,
                0,
                3.25
              ],
              "uv": [
                85,
                57
              ]
            },
            {
              "origin": [
                -1.725,
                24.575,
                -4.125
              ],
              "size": [
                0.5,
                1.5,
                1
              ],
              "pivot": [
                1,
                28,
                -4.5
              ],
              "rotation": [
                0,
                0,
                3.25
              ],
              "uv": [
                34,
                61
              ]
            },
            {
              "origin": [
                -1.125,
                24.65,
                -4.125
              ],
              "size": [
                0.175,
                1.175,
                1
              ],
              "pivot": [
                1,
                28,
                -4.5
              ],
              "rotation": [
                0,
                0,
                3.25
              ],
              "uv": [
                34,
                61
              ]
            },
            {
              "origin": [
                1.175,
                24.725,
                -4.125
              ],
              "size": [
                0.2,
                1,
                1
              ],
              "pivot": [
                1,
                28,
                -4.5
              ],
              "rotation": [
                0,
                0,
                3.25
              ],
              "uv": [
                34,
                61
              ]
            },
            {
              "origin": [
                0.95,
                24.575,
                -4.125
              ],
              "size": [
                0.5,
                1.5,
                1
              ],
              "pivot": [
                1,
                28,
                -4.5
              ],
              "rotation": [
                0,
                0,
                -9.75
              ],
              "uv": [
                34,
                61
              ]
            },
            {
              "origin": [
                0.75,
                28.05,
                -4.15
              ],
              "size": [
                2.5,
                0.5,
                1
              ],
              "pivot": [
                1,
                28,
                -4.5
              ],
              "rotation": [
                0,
                0,
                -15.75
              ],
              "uv": [
                8,
                2
              ]
            },
            {
              "origin": [
                -3.95,
                27.75,
                -4.25
              ],
              "size": [
                2.25,
                0.75,
                1
              ],
              "pivot": [
                0,
                24,
                0
              ],
              "rotation": [
                0,
                0,
                10.25
              ],
              "uv": [
                8,
                2
              ]
            },
            {
              "origin": [
                -4.025,
                27.85,
                -4.125
              ],
              "size": [
                2.45,
                0.5,
                0.875
              ],
              "pivot": [
                0,
                24,
                0
              ],
              "rotation": [
                0,
                0,
                10.25
              ],
              "uv": [
                8,
                2
              ]
            },
            {
              "origin": [
                -2.425,
                29.375,
                -4.325
              ],
              "size": [
                5.275,
                2.975,
                2.325
              ],
              "pivot": [
                0,
                24,
                0
              ],
              "rotation": [
                0,
                0,
                5.25
              ],
              "uv": [
                18,
                8
              ]
            },
            {
              "origin": [
                -1.75,
                29.375,
                -5.075
              ],
              "size": [
                5,
                2.975,
                2.325
              ],
              "inflate": -0.3,
              "uv": [
                18,
                8
              ]
            },
            {
              "origin": [
                -3.575,
                29.575,
                -4.325
              ],
              "size": [
                1.55,
                2.575,
                1.725
              ],
              "uv": [
                20,
                8
              ]
            },
            {
              "origin": [
                0.775,
                28.175,
                -4.275
              ],
              "size": [
                0.575,
                1.375,
                0.125
              ],
              "pivot": [
                0,
                24,
                0
              ],
              "rotation": [
                0,
                0,
                -10
              ],
              "uv": [
                21,
                10
              ]
            },
            {
              "origin": [
                2.975,
                28.375,
                -4.275
              ],
              "size": [
                0.575,
                0.8,
                0.125
              ],
              "pivot": [
                0,
                24,
                0
              ],
              "rotation": [
                0,
                0,
                -10
              ],
              "uv": [
                21,
                10
              ]
            },
            {
              "origin": [
                1.975,
                28.275,
                -4.275
              ],
              "size": [
                0.575,
                0.9,
                0.125
              ],
              "pivot": [
                0,
                24,
                0
              ],
              "rotation": [
                0,
                0,
                -10
              ],
              "uv": [
                21,
                10
              ]
            },
            {
              "origin": [
                0,
                25.95,
                -5.2
              ],
              "size": [
                3.075,
                3.05,
                2.625
              ],
              "inflate": -1.15,
              "uv": [
                118,
                4
              ]
            },
            {
              "origin": [
                0,
                25.65,
                -5.2
              ],
              "size": [
                4.075,
                2.4,
                2.625
              ],
              "inflate": -1.05,
              "uv": [
                98,
                4
              ]
            },
            {
              "origin": [
                -4,
                25.65,
                -5.2
              ],
              "size": [
                4.075,
                2.4,
                2.625
              ],
              "inflate": -1.05,
              "uv": [
                98,
                4
              ]
            },
            {
              "origin": [
                -3.075,
                25.95,
                -5.2
              ],
              "size": [
                3.075,
                3.05,
                2.625
              ],
              "inflate": -1.15,
              "uv": [
                118,
                5
              ]
            },
            {
              "origin": [
                3.575,
                28.35,
                -4.275
              ],
              "size": [
                0.575,
                2.875,
                0.55
              ],
              "uv": [
                21,
                10
              ]
            },
            {
              "origin": [
                -4.175,
                28.35,
                -4.275
              ],
              "size": [
                0.575,
                2.875,
                0.55
              ],
              "uv": [
                21,
                10
              ]
            },
            {
              "origin": [
                0.7,
                28.85,
                -4.25
              ],
              "size": [
                0.45,
                0.6,
                0.1
              ],
              "pivot": [
                0,
                24,
                0
              ],
              "rotation": [
                0,
                0,
                -4.75
              ],
              "uv": [
                22,
                9
              ]
            },
            {
              "origin": [
                -1,
                23.675,
                -4.075
              ],
              "size": [
                2.1,
                1.1,
                1.1
              ],
              "uv": [
                20,
                4
              ]
            },
            {
              "origin": [
                3.25,
                26.425,
                -4.075
              ],
              "size": [
                0.45,
                0.6,
                0.1
              ],
              "uv": [
                20,
                7
              ]
            },
            {
              "origin": [
                -3.25,
                25.175,
                -4.075
              ],
              "size": [
                0.45,
                0.6,
                0.1
              ],
              "inflate": 0.05,
              "uv": [
                20,
                7
              ]
            },
            {
              "origin": [
                -4,
                24,
                -4
              ],
              "size": [
                8,
                8,
                8
              ],
              "uv": [
                0,
                0
              ]
            }
          ]
        },
        {
          "name": "bipedBody",
          "pivot": [
            0,
            24,
            0
          ]
        },
        {
          "name": "armorBody",
          "parent": "bipedBody",
          "pivot": [
            0,
            24,
            0
          ],
          "cubes": [
            {
              "origin": [
                -4.75,
                13.45,
                1.175
              ],
              "size": [
                9.5,
                11.05,
                1
              ],
              "inflate": -1,
              "uv": [
                37,
                82
              ]
            },
            {
              "origin": [
                -4.75,
                17.45,
                -3.35
              ],
              "size": [
                9.5,
                7.05,
                2.75
              ],
              "inflate": -1,
              "uv": [
                63,
                101
              ]
            },
            {
              "origin": [
                -2.375,
                16.925,
                -3.35
              ],
              "size": [
                4.725,
                2.55,
                2.25
              ],
              "inflate": -1,
              "uv": [
                86,
                123
              ],
              "mirror": true
            },
            {
              "origin": [
                0.25,
                22.25,
                -3.55
              ],
              "size": [
                4.125,
                2.75,
                2.25
              ],
              "inflate": -1,
              "uv": [
                106,
                24
              ]
            },
            {
              "origin": [
                -0.475,
                22,
                -3.8
              ],
              "size": [
                3.625,
                2.75,
                2.75
              ],
              "inflate": -1.1,
              "uv": [
                104,
                24
              ]
            },
            {
              "origin": [
                -0.2,
                21.75,
                -3.725
              ],
              "size": [
                2.875,
                2.5,
                2.75
              ],
              "inflate": -1.1,
              "uv": [
                104,
                24
              ]
            },
            {
              "origin": [
                -2.65,
                21.75,
                -3.725
              ],
              "size": [
                2.875,
                2.5,
                2.5
              ],
              "inflate": -1.1,
              "uv": [
                104,
                24
              ]
            },
            {
              "origin": [
                -3.15,
                22,
                -3.8
              ],
              "size": [
                3.625,
                2.75,
                2.75
              ],
              "inflate": -1.1,
              "uv": [
                104,
                24
              ]
            },
            {
              "origin": [
                -3.25,
                21,
                -3.6
              ],
              "size": [
                6.625,
                2.75,
                2.25
              ],
              "inflate": -1,
              "uv": [
                97,
                25
              ]
            },
            {
              "origin": [
                -15.525,
                5.2,
                -15.625
              ],
              "size": [
                31.125,
                30.45,
                27.75
              ],
              "inflate": -13.1,
              "uv": [
                6,
                71
              ],
              "mirror": true
            },
            {
              "origin": [
                -2.925,
                18,
                -2.725
              ],
              "size": [
                0.8,
                4.85,
                3.175
              ],
              "inflate": -0.3,
              "uv": [
                38,
                91
              ],
              "mirror": true
            },
            {
              "origin": [
                -5.15,
                23.825,
                -3.6
              ],
              "size": [
                4.15,
                2.75,
                2.25
              ],
              "inflate": -1,
              "pivot": [
                0,
                24,
                0
              ],
              "rotation": [
                0,
                0,
                -67.5
              ],
              "uv": [
                99,
                23
              ]
            },
            {
              "origin": [
                -5.125,
                18.45,
                -3.6
              ],
              "size": [
                6.15,
                2.75,
                2.25
              ],
              "inflate": -1,
              "pivot": [
                0,
                24,
                0
              ],
              "rotation": [
                0,
                0,
                -44.25
              ],
              "uv": [
                98,
                26
              ]
            },
            {
              "origin": [
                -5.125,
                19.2,
                -2.375
              ],
              "size": [
                6.15,
                3.75,
                1
              ],
              "inflate": -1,
              "pivot": [
                0,
                24,
                0
              ],
              "rotation": [
                0,
                0,
                -44.25
              ],
              "uv": [
                74,
                68
              ]
            },
            {
              "origin": [
                -5.125,
                20.95,
                -2.375
              ],
              "size": [
                4.15,
                3.85,
                1
              ],
              "inflate": -1,
              "pivot": [
                0,
                24,
                0
              ],
              "rotation": [
                0,
                0,
                -44.25
              ],
              "uv": [
                80,
                62
              ]
            },
            {
              "origin": [
                -2.975,
                20.95,
                -2.375
              ],
              "size": [
                3.325,
                2.85,
                1
              ],
              "inflate": -1,
              "pivot": [
                0,
                24,
                0
              ],
              "rotation": [
                0,
                0,
                -44.25
              ],
              "uv": [
                80,
                62
              ]
            },
            {
              "origin": [
                -2.975,
                21.7,
                -2.35
              ],
              "size": [
                2.325,
                2.85,
                1
              ],
              "inflate": -1,
              "pivot": [
                0,
                24,
                0
              ],
              "rotation": [
                0,
                0,
                -44.25
              ],
              "uv": [
                80,
                62
              ]
            },
            {
              "origin": [
                2.75,
                18.6,
                -3.6
              ],
              "size": [
                2.75,
                2.75,
                2.5
              ],
              "inflate": -1,
              "pivot": [
                0,
                24,
                0
              ],
              "rotation": [
                0,
                0,
                45
              ],
              "uv": [
                98,
                24
              ]
            },
            {
              "origin": [
                1.05,
                23.95,
                -3.6
              ],
              "size": [
                4.15,
                2.75,
                2.5
              ],
              "inflate": -1,
              "pivot": [
                0,
                24,
                0
              ],
              "rotation": [
                0,
                0,
                67.5
              ],
              "uv": [
                97,
                25
              ]
            },
            {
              "origin": [
                -0.9,
                18.55,
                -3.6
              ],
              "size": [
                6.15,
                2.75,
                2.25
              ],
              "inflate": -1,
              "pivot": [
                0,
                24,
                0
              ],
              "rotation": [
                0,
                0,
                44.25
              ],
              "uv": [
                98,
                26
              ]
            },
            {
              "origin": [
                -5,
                11.125,
                -3.125
              ],
              "size": [
                9.95,
                2.775,
                6.175
              ],
              "inflate": -0.8,
              "uv": [
                97,
                18
              ]
            },
            {
              "origin": [
                2.25,
                12.3,
                -3.125
              ],
              "size": [
                2.45,
                2.85,
                6.3
              ],
              "inflate": -0.8,
              "uv": [
                106,
                17
              ]
            },
            {
              "origin": [
                -2.75,
                12.3,
                -3.125
              ],
              "size": [
                2.45,
                2.85,
                6.325
              ],
              "inflate": -0.8,
              "uv": [
                98,
                18
              ]
            },
            {
              "origin": [
                -3.15,
                16.05,
                -3.125
              ],
              "size": [
                3.6,
                2.45,
                3.6
              ],
              "inflate": -0.8,
              "uv": [
                93,
                88
              ]
            },
            {
              "origin": [
                -0.4,
                16.05,
                -3.125
              ],
              "size": [
                3.6,
                2.45,
                3.6
              ],
              "inflate": -0.8,
              "uv": [
                93,
                86
              ],
              "mirror": true
            },
            {
              "origin": [
                -0.4,
                14.9,
                -3.125
              ],
              "size": [
                3.6,
                2.45,
                3.6
              ],
              "inflate": -0.8,
              "uv": [
                93,
                88
              ],
              "mirror": true
            },
            {
              "origin": [
                -0.4,
                13.8,
                -3.125
              ],
              "size": [
                3.6,
                2.45,
                3.6
              ],
              "inflate": -0.8,
              "uv": [
                94,
                88
              ],
              "mirror": true
            },
            {
              "origin": [
                -3.15,
                14.925,
                -3.125
              ],
              "size": [
                3.6,
                2.45,
                3.6
              ],
              "inflate": -0.8,
              "uv": [
                92,
                87
              ]
            },
            {
              "origin": [
                -3.15,
                13.8,
                -3.125
              ],
              "size": [
                3.6,
                2.45,
                3.6
              ],
              "inflate": -0.8,
              "uv": [
                93,
                87
              ]
            },
            {
              "origin": [
                0.25,
                12.3,
                -3.125
              ],
              "size": [
                2.45,
                2.85,
                6.325
              ],
              "inflate": -0.8,
              "uv": [
                106,
                17
              ]
            },
            {
              "origin": [
                -5,
                12.3,
                -3.025
              ],
              "size": [
                9.95,
                2.6,
                6.075
              ],
              "inflate": -0.8,
              "uv": [
                98,
                68
              ]
            },
            {
              "origin": [
                -1.5,
                12.3,
                -3.2
              ],
              "size": [
                2.95,
                2.6,
                3.075
              ],
              "inflate": -0.675,
              "uv": [
                98,
                68
              ]
            },
            {
              "origin": [
                -4.75,
                12.3,
                -3.125
              ],
              "size": [
                2.45,
                2.85,
                6.325
              ],
              "inflate": -0.8,
              "uv": [
                97,
                20
              ]
            },
            {
              "origin": [
                -3.675,
                10.025,
                -3.05
              ],
              "size": [
                7.3,
                2.775,
                6
              ],
              "inflate": -0.8,
              "uv": [
                100,
                18
              ]
            },
            {
              "origin": [
                -4.75,
                22,
                1.2
              ],
              "size": [
                9.125,
                3.275,
                1
              ],
              "inflate": -1,
              "uv": [
                104,
                24
              ]
            },
            {
              "origin": [
                -1.075,
                19.75,
                1.025
              ],
              "size": [
                7.95,
                4.6,
                2.4
              ],
              "inflate": -1,
              "uv": [
                98,
                21
              ]
            },
            {
              "origin": [
                -6.625,
                19.75,
                0.95
              ],
              "size": [
                7.65,
                4.65,
                2.475
              ],
              "inflate": -1,
              "uv": [
                98,
                21
              ]
            },
            {
              "origin": [
                -4.4,
                22.25,
                -3.55
              ],
              "size": [
                4.125,
                2.75,
                2.25
              ],
              "inflate": -1,
              "uv": [
                108,
                24
              ]
            },
            {
              "origin": [
                -4.325,
                12.8,
                -3.25
              ],
              "size": [
                8.7,
                6.475,
                2.25
              ],
              "inflate": -1,
              "uv": [
                74,
                113
              ],
              "mirror": true
            },
            {
              "origin": [
                -4,
                12,
                -2
              ],
              "size": [
                8,
                12,
                4
              ],
              "uv": [
                16,
                16
              ]
            }
          ]
        },
        {
          "name": "armorBodyCape",
          "parent": "armorBody",
          "pivot": [
            0,
            23.925,
            0.225
          ],
          "cubes": [
            {
              "origin": [
                -5,
                3.15,
                2.225
              ],
              "size": [
                10,
                21,
                0.5
              ],
              "pivot": [
                0,
                23.925,
                0.225
              ],
              "rotation": [
                6,
                0,
                0
              ],
              "uv": [
                104.75,
                40
              ]
            },
            {
              "origin": [
                -6.45,
                3.975,
                1.5
              ],
              "size": [
                12.9,
                17.5,
                0.875
              ],
              "inflate": -0.3,
              "pivot": [
                0,
                23.925,
                0.225
              ],
              "rotation": [
                6,
                0,
                0
              ],
              "uv": [
                104,
                21
              ]
            },
            {
              "origin": [
                -5.475,
                2.775,
                1.45
              ],
              "size": [
                10.675,
                1.825,
                0.925
              ],
              "inflate": -0.3,
              "pivot": [
                0,
                23.925,
                0.225
              ],
              "rotation": [
                6,
                0,
                0
              ],
              "uv": [
                97.75,
                27
              ]
            },
            {
              "origin": [
                5,
                3.925,
                2.175
              ],
              "size": [
                1.75,
                19.5,
                0.25
              ],
              "pivot": [
                0,
                23.925,
                0.225
              ],
              "rotation": [
                6,
                0,
                0
              ],
              "uv": [
                121,
                42
              ]
            },
            {
              "origin": [
                -18.25,
                12.675,
                1.975
              ],
              "size": [
                1,
                1.25,
                0.375
              ],
              "pivot": [
                0,
                23.925,
                0.225
              ],
              "rotation": [
                4.2504,
                4.23876,
                -44.84263
              ],
              "uv": [
                121,
                37
              ]
            },
            {
              "origin": [
                17.25,
                12.675,
                1.975
              ],
              "size": [
                1,
                1.25,
                0.375
              ],
              "pivot": [
                0,
                23.925,
                0.225
              ],
              "rotation": [
                4.2504,
                -4.23876,
                44.84263
              ],
              "uv": [
                115,
                37
              ]
            },
            {
              "origin": [
                -6.75,
                5.925,
                2.175
              ],
              "size": [
                1.75,
                17.5,
                0.25
              ],
              "pivot": [
                0,
                23.925,
                0.225
              ],
              "rotation": [
                6,
                0,
                0
              ],
              "uv": [
                122,
                42
              ]
            },
            {
              "origin": [
                -6.75,
                3.925,
                1.975
              ],
              "size": [
                1.75,
                19.5,
                0.25
              ],
              "pivot": [
                0,
                23.925,
                0.225
              ],
              "rotation": [
                6,
                0,
                0
              ],
              "uv": [
                113,
                12
              ]
            }
          ]
        },
        {
          "name": "bipedRightArm",
          "pivot": [
            -4,
            22,
            0
          ]
        },
        {
          "name": "armorRightArm",
          "parent": "bipedRightArm",
          "pivot": [
            -4,
            22,
            0
          ],
          "cubes": [
            {
              "origin": [
                -8.75,
                18.425,
                -3.325
              ],
              "size": [
                5.725,
                6.325,
                2.5
              ],
              "inflate": -1,
              "uv": [
                70,
                103
              ]
            },
            {
              "origin": [
                -8.75,
                15.25,
                0.675
              ],
              "size": [
                5.225,
                9.5,
                2.5
              ],
              "inflate": -1,
              "uv": [
                64,
                103
              ]
            },
            {
              "origin": [
                -9.25,
                14.5,
                -2.75
              ],
              "size": [
                5.725,
                6.75,
                5.5
              ],
              "inflate": -1,
              "uv": [
                64,
                98
              ],
              "mirror": true
            },
            {
              "origin": [
                -9.25,
                19.5,
                -2.75
              ],
              "size": [
                5.725,
                5.25,
                5.5
              ],
              "inflate": -1,
              "uv": [
                64,
                97
              ],
              "mirror": true
            },
            {
              "origin": [
                -8.75,
                14.25,
                -3.325
              ],
              "size": [
                5.225,
                6,
                2.5
              ],
              "inflate": -1,
              "uv": [
                70,
                106
              ]
            },
            {
              "origin": [
                -6.8,
                22.725,
                -3.675
              ],
              "size": [
                5,
                3.45,
                7
              ],
              "inflate": -1.1,
              "pivot": [
                0,
                24,
                0
              ],
              "rotation": [
                0,
                0,
                -9.5
              ],
              "uv": [
                99,
                18
              ]
            },
            {
              "origin": [
                -7.3,
                23.225,
                -3.675
              ],
              "size": [
                2.75,
                2.95,
                7
              ],
              "inflate": -1.1,
              "pivot": [
                0,
                24,
                0
              ],
              "rotation": [
                0,
                0,
                -9.5
              ],
              "uv": [
                99,
                18
              ]
            },
            {
              "origin": [
                -8,
                12,
                -2
              ],
              "size": [
                4,
                12,
                4
              ],
              "uv": [
                40,
                16
              ]
            },
            {
              "origin": [
                -5.925,
                22.1,
                -3.275
              ],
              "size": [
                3.925,
                3.175,
                6.25
              ],
              "inflate": -0.9,
              "uv": [
                105,
                18
              ],
              "mirror": true
            }
          ]
        },
        {
          "name": "bipedLeftArm",
          "pivot": [
            4,
            22,
            0
          ]
        },
        {
          "name": "armorLeftArm",
          "parent": "bipedLeftArm",
          "pivot": [
            4,
            22,
            0
          ],
          "cubes": [
            {
              "origin": [
                3,
                18.425,
                -3.325
              ],
              "size": [
                5.725,
                6.325,
                2.5
              ],
              "inflate": -1,
              "uv": [
                70,
                103
              ],
              "mirror": true
            },
            {
              "origin": [
                3.5,
                15.25,
                0.875
              ],
              "size": [
                5.225,
                9.5,
                2.225
              ],
              "inflate": -1,
              "uv": [
                64,
                103
              ],
              "mirror": true
            },
            {
              "origin": [
                2.075,
                22.1,
                -3.275
              ],
              "size": [
                3.8,
                3.175,
                6.25
              ],
              "inflate": -0.9,
              "uv": [
                103,
                18
              ],
              "mirror": true
            },
            {
              "origin": [
                3.5,
                14.25,
                -3.325
              ],
              "size": [
                5.225,
                6,
                2.5
              ],
              "inflate": -1,
              "uv": [
                70,
                106
              ],
              "mirror": true
            },
            {
              "origin": [
                1.95,
                22.725,
                -3.675
              ],
              "size": [
                5,
                3.45,
                7
              ],
              "inflate": -1.1,
              "pivot": [
                0,
                24,
                0
              ],
              "rotation": [
                0,
                0,
                9.5
              ],
              "uv": [
                99,
                18
              ],
              "mirror": true
            },
            {
              "origin": [
                4.7,
                23.225,
                -3.675
              ],
              "size": [
                2.75,
                2.95,
                7
              ],
              "inflate": -1.1,
              "pivot": [
                0,
                24,
                0
              ],
              "rotation": [
                0,
                0,
                9.5
              ],
              "uv": [
                99,
                18
              ],
              "mirror": true
            },
            {
              "origin": [
                4,
                12,
                -2
              ],
              "size": [
                4,
                12,
                4
              ],
              "uv": [
                32,
                48
              ]
            },
            {
              "origin": [
                3.5,
                19.5,
                -2.75
              ],
              "size": [
                5.725,
                5.25,
                5.5
              ],
              "inflate": -1,
              "uv": [
                64,
                101
              ]
            },
            {
              "origin": [
                3.5,
                14.5,
                -2.75
              ],
              "size": [
                5.725,
                6.75,
                5.5
              ],
              "inflate": -1,
              "uv": [
                63,
                99
              ]
            }
          ]
        },
        {
          "name": "bipedLeftLeg",
          "pivot": [
            -2,
            12,
            0
          ]
        },
        {
          "name": "armorLeftLeg",
          "parent": "bipedLeftLeg",
          "pivot": [
            -2,
            12,
            0
          ],
          "cubes": [
            {
              "origin": [
                -0.75,
                5,
                -3.325
              ],
              "size": [
                5.475,
                6.5,
                2.5
              ],
              "inflate": -1,
              "uv": [
                70,
                109
              ],
              "mirror": true
            },
            {
              "origin": [
                -0.75,
                5,
                0.675
              ],
              "size": [
                5.475,
                6.5,
                2.5
              ],
              "inflate": -1,
              "uv": [
                70,
                109
              ]
            },
            {
              "origin": [
                1.5,
                4.925,
                -2.825
              ],
              "size": [
                3.725,
                7.075,
                5.5
              ],
              "inflate": -1,
              "uv": [
                64,
                105
              ]
            },
            {
              "origin": [
                -0.75,
                4.25,
                -3.325
              ],
              "size": [
                4.475,
                2.75,
                2.5
              ],
              "inflate": -1,
              "uv": [
                70,
                105
              ]
            },
            {
              "origin": [
                0,
                0,
                -2
              ],
              "size": [
                4,
                12,
                4
              ],
              "uv": [
                16,
                48
              ]
            }
          ]
        },
        {
          "name": "armorLeftBoot",
          "parent": "bipedLeftLeg",
          "pivot": [
            -2,
            12,
            0
          ],
          "cubes": [
            {
              "origin": [
                -1.05,
                4.725,
                -2.5
              ],
              "size": [
                4.2,
                0.65,
                4.85
              ],
              "pivot": [
                2,
                12,
                0
              ],
              "rotation": [
                0,
                0,
                -8
              ],
              "uv": [
                98,
                22
              ]
            },
            {
              "origin": [
                0.25,
                0.5,
                -2.25
              ],
              "size": [
                3.5,
                4.5,
                1
              ],
              "uv": [
                112.55,
                17
              ],
              "mirror": true
            },
            {
              "origin": [
                3.75,
                0.25,
                -1.75
              ],
              "size": [
                0.5,
                4.75,
                3.5
              ],
              "uv": [
                112.55,
                17
              ],
              "mirror": true
            },
            {
              "origin": [
                0.25,
                0.5,
                1.175
              ],
              "size": [
                3.5,
                4.5,
                1
              ],
              "uv": [
                113.55,
                19
              ],
              "mirror": true
            }
          ]
        },
        {
          "name": "bipedRightLeg",
          "pivot": [
            2,
            12,
            0
          ]
        },
        {
          "name": "armorRightLeg",
          "parent": "bipedRightLeg",
          "pivot": [
            2,
            12,
            0
          ],
          "cubes": [
            {
              "origin": [
                -5.25,
                4.925,
                -2.825
              ],
              "size": [
                3.725,
                7.075,
                5.5
              ],
              "inflate": -1,
              "uv": [
                64,
                105
              ],
              "mirror": true
            },
            {
              "origin": [
                -3.75,
                4.25,
                -3.325
              ],
              "size": [
                4.475,
                2.75,
                2.25
              ],
              "inflate": -1,
              "uv": [
                70,
                105
              ],
              "mirror": true
            },
            {
              "origin": [
                -4,
                0,
                -2
              ],
              "size": [
                4,
                12,
                4
              ],
              "uv": [
                0,
                16
              ]
            },
            {
              "origin": [
                -4.25,
                0.25,
                -1.75
              ],
              "size": [
                0.5,
                4.75,
                3.5
              ],
              "uv": [
                112.55,
                17
              ],
              "mirror": true
            },
            {
              "origin": [
                -4.75,
                5,
                0.675
              ],
              "size": [
                5.475,
                6.5,
                2.5
              ],
              "inflate": -1,
              "uv": [
                70,
                109
              ],
              "mirror": true
            },
            {
              "origin": [
                -4.75,
                5,
                -3.325
              ],
              "size": [
                5.475,
                6.5,
                2.5
              ],
              "inflate": -1,
              "uv": [
                70,
                109
              ]
            }
          ]
        },
        {
          "name": "armorRightBoot",
          "parent": "bipedRightLeg",
          "pivot": [
            2,
            12,
            0
          ],
          "cubes": [
            {
              "origin": [
                -3.2,
                4.175,
                -2.5
              ],
              "size": [
                4.2,
                0.65,
                4.85
              ],
              "pivot": [
                2,
                12,
                0
              ],
              "rotation": [
                0,
                0,
                8
              ],
              "uv": [
                98,
                22
              ]
            },
            {
              "origin": [
                -3.75,
                0.5,
                1.075
              ],
              "size": [
                3.5,
                4.5,
                1
              ],
              "uv": [
                114,
                19
              ]
            },
            {
              "origin": [
                -3.75,
                0.5,
                -2.25
              ],
              "size": [
                3.5,
                4.5,
                1
              ],
              "uv": [
                112.55,
                17
              ]
            }
          ]
        }
      ]
    }
  ]
}