{
	"format_version": "1.12.0",
	"minecraft:geometry": [
		{
			"description": {
				"identifier": "geometry.unknown",
				"texture_width": 128,
				"texture_height": 128,
				"visible_bounds_width": 3,
				"visible_bounds_height": 3.5,
				"visible_bounds_offset": [0, 1.25, 0]
			},
			"bones": [
				{
					"name": "bipedHead",
					"pivot": [0, 24, 0]
				},
				{
					"name": "armorHead",
					"parent": "bipedHead",
					"pivot": [0, 24, 0],
					"cubes": [
						{"origin": [-4, 24, -4], "size": [8, 8, 8], "uv": [0, 0]},
						{"origin": [-4.05, 29.4, -4.7], "size": [6, 3.1, 3.5], "inflate": -0.325, "uv": [110, 3], "mirror": true},
						{"origin": [-6.2, 28.45, -4.45], "size": [3.475, 2.4, 3.5], "inflate": -0.375, "pivot": [0, 24.25, 0], "rotation": [0, 0, 57.5], "uv": [110, 3]},
						{"origin": [-2.575, 31.4, 4.3], "size": [5.75, 3.1, 3.225], "inflate": -0.55, "pivot": [0, 26.4, 2.625], "rotation": [87.53793, -0.43399, -9.99067], "uv": [110, 3], "mirror": true},
						{"origin": [-4.9, 31.25, 3.375], "size": [2.75, 3.1, 3.1], "inflate": -0.55, "pivot": [0, 26.4, 2.625], "rotation": [87.55919, 0.54094, 12.48848], "uv": [115, 3], "mirror": true},
						{"origin": [-3.55, 29.75, -4.5], "size": [6, 3.075, 2.6], "inflate": -0.325, "uv": [111, 3]},
						{"origin": [-4.6, 29.35, -5.3], "size": [7.25, 3, 3.5], "inflate": -0.725, "uv": [110, 3], "mirror": true},
						{"origin": [1.45, 27.75, -4.8], "size": [2.4, 1.85, 2.9], "inflate": -0.75, "pivot": [0.75, 23.7, 0], "rotation": [0, 0, 2], "uv": [110, 3]},
						{"origin": [0.63874, 27.35023, -4.8], "size": [3.15, 1.85, 2.9], "inflate": -0.725, "pivot": [0.13874, 23.55023, 0], "rotation": [0, 0, -7.5], "uv": [110, 3]},
						{"origin": [-3.78874, 27.35023, -4.8], "size": [3.15, 1.85, 2.9], "inflate": -0.725, "pivot": [-0.13874, 23.55023, 0], "rotation": [0, 0, 7.5], "uv": [110, 3], "mirror": true},
						{"origin": [-3.85, 27.75, -4.8], "size": [2.4, 1.85, 2.9], "inflate": -0.75, "pivot": [-0.75, 23.7, 0], "rotation": [0, 0, -2], "uv": [110, 3], "mirror": true},
						{"origin": [0.23874, 27.25023, -4.8], "size": [3.65, 1.675, 2.9], "inflate": -0.725, "uv": [110, 3]},
						{"origin": [-3.88874, 27.25023, -4.8], "size": [3.65, 1.675, 2.9], "inflate": -0.725, "uv": [110, 3], "mirror": true},
						{"origin": [-3.98874, 26.25023, -4.8], "size": [1.75, 2.475, 2.9], "inflate": -0.725, "uv": [110, 3], "mirror": true},
						{"origin": [2.23874, 26.25023, -4.8], "size": [1.75, 2.475, 2.9], "inflate": -0.725, "uv": [110, 3]},
						{"origin": [0, 25.975, -5.2], "size": [3.075, 3.05, 2.625], "inflate": -1.05, "uv": [118, 15]},
						{"origin": [-3.075, 25.975, -5.2], "size": [3.075, 3.05, 2.625], "inflate": -1.05, "uv": [118, 15], "mirror": true},
						{"origin": [-4.075, 28, -4.275], "size": [0.475, 3.225, 0.55], "uv": [21, 10]},
						{"origin": [3.625, 28, -4.275], "size": [0.475, 3.475, 0.55], "uv": [22, 10], "mirror": true},
						{"origin": [-4.5, 23.925, -1.375], "size": [8.8, 1.4, 5.7], "inflate": 0.025, "uv": [96, 47]},
						{
							"origin": [-4.5, 25.15, -0.8],
							"size": [8.85, 0.7, 5.375],
							"inflate": -0.15,
							"uv": {
								"north": {"uv": [91, 11], "uv_size": [11, 4]},
								"east": {"uv": [91, 11], "uv_size": [11, 4]},
								"south": {"uv": [91, 11], "uv_size": [11, 4]},
								"west": {"uv": [91, 11], "uv_size": [11, 4]},
								"up": {"uv": [102, 15], "uv_size": [-11, -4]},
								"down": {"uv": [102, 15], "uv_size": [-11, -4]}
							}
						}
					]
				},
				{
					"name": "bipedBody",
					"pivot": [0, 24, 0]
				},
				{
					"name": "armorBody",
					"parent": "bipedBody",
					"pivot": [0, 24, 0]
				},
				{
					"name": "bodyTop",
					"parent": "armorBody",
					"pivot": [0, 24, 0],
					"cubes": [
						{"origin": [-4, 18, -2], "size": [8, 6, 4], "uv": [16, 16]},
						{"origin": [-3.35, 18.5, -2.15], "size": [6.7, 4.75, 1.25], "uv": [113, 23]},
						{"origin": [1.4, 20.5, -2.4], "size": [1.95, 1.5, 1], "inflate": -0.05, "uv": [113, 23]},
						{"origin": [-3.35, 20.5, -2.4], "size": [1.95, 1.5, 1], "inflate": -0.05, "uv": [113, 23], "mirror": true},
						{"origin": [-3.35, 19.8, -3.15], "size": [2.2, 1.5, 1], "inflate": -0.075, "pivot": [0, 24, 0], "rotation": [13.5, 0, 0], "uv": [113, 23], "mirror": true},
						{"origin": [1.15, 19.8, -3.15], "size": [2.2, 1.5, 1], "inflate": -0.075, "pivot": [0, 24, 0], "rotation": [13.5, 0, 0], "uv": [113, 23]},
						{"origin": [-0.2, 22.125, -3.575], "size": [4.2, 2.7, 6.5], "inflate": -1.125, "uv": [85, 11]},
						{"origin": [-1.45, 21.45, -3.575], "size": [5.15, 2.7, 6.6], "inflate": -1.1, "pivot": [0, 24, 0], "rotation": [0, 0, -14], "uv": [85, 11]},
						{"origin": [-3.7, 21.45, -3.575], "size": [5.15, 2.7, 6.6], "inflate": -1.1, "pivot": [0, 24, 0], "rotation": [0, 0, 14], "uv": [85, 11], "mirror": true},
						{"origin": [-3.95, 22.125, -3.575], "size": [4.2, 2.7, 6.5], "inflate": -1.125, "uv": [85, 11], "mirror": true},
						{"origin": [-1.6, 23, -2.45], "size": [3.2, 0.4, 1.25], "inflate": -0.025, "uv": [115, 40]},
						{"origin": [1.05, 19.925, -2.45], "size": [0.95, 0.4, 1.25], "uv": [115, 40]},
						{"origin": [-3.525, 21.925, -2.45], "size": [3.2, 0.4, 1.25], "pivot": [0, 24, 0], "rotation": [0, 0, -80], "uv": [115, 40]},
						{"origin": [-5.075, 21.325, -2.45], "size": [1.425, 0.4, 1.25], "pivot": [0, 24, 0], "rotation": [0, 0, -80], "uv": [115, 40]},
						{"origin": [-5.325, 20.625, -3.725], "size": [5.65, 5.475, 4.25], "inflate": -1.4, "pivot": [0, 24, 0], "rotation": [0, 0, -80], "uv": [91, 22]},
						{"origin": [-8.175, 20.025, -3.825], "size": [4.55, 4.575, 4.25], "inflate": -1.4, "pivot": [0, 24, 0], "rotation": [0, 0, -80], "uv": [90, 24]},
						{"origin": [-6.425, 20.025, -3.825], "size": [4.25, 4.575, 4.25], "inflate": -1.4, "pivot": [0, 24, 0], "rotation": [0, 0, -80], "uv": [90, 24]},
						{"origin": [-6.225, 21.8, -3.825], "size": [4.05, 3.575, 4.25], "inflate": -1.4, "pivot": [0, 24, 0], "rotation": [0, 0, -80], "uv": [90, 24]},
						{"origin": [-7.275, 21.8, -3.825], "size": [3.85, 3.175, 4.25], "inflate": -1.4, "pivot": [0, 24, 0], "rotation": [0, 0, -80], "uv": [90, 24]},
						{"origin": [-2.475, 20.625, -3.725], "size": [3.1, 5.275, 4.25], "inflate": -1.4, "pivot": [0, 24, 0], "rotation": [0, 0, -80], "uv": [92, 22]},
						{"origin": [-2.175, 20.625, -3.725], "size": [2.9, 4.575, 4.25], "inflate": -1.4, "pivot": [0, 24, 0], "rotation": [0, 0, -80], "uv": [90, 24]},
						{"origin": [-4.425, 23.275, -3.725], "size": [4.75, 3.225, 4.25], "inflate": -1.4, "pivot": [0, 24, 0], "rotation": [0, 0, -80], "uv": [90, 24]},
						{"origin": [-3.525, 23.7, -3.725], "size": [3.85, 3.125, 4.25], "inflate": -1.4, "pivot": [0, 24, 0], "rotation": [0, 0, -80], "uv": [90, 24]},
						{"origin": [-2.225, 20.175, -2.45], "size": [0.8, 0.4, 1.25], "pivot": [0, 24, 0], "rotation": [0, 0, -12.5], "uv": [115, 40]},
						{"origin": [0.325, 21.925, -2.45], "size": [3.2, 0.4, 1.25], "pivot": [0, 24, 0], "rotation": [0, 0, 80], "uv": [115, 40]},
						{"origin": [3.5, 22.35, -2.45], "size": [1.775, 0.4, 1.25], "pivot": [0, 24, 0], "rotation": [0, 0, 80], "uv": [115, 40]},
						{"origin": [-4.9, 21.35, -3.625], "size": [3.45, 3.4, 3.35], "inflate": -1.2, "uv": [90, 23]},
						{"origin": [-4.9, 21.35, -3.45], "size": [3.45, 3.4, 3.35], "inflate": -1.1, "uv": [112, 36]},
						{"origin": [1.5, 21.35, -3.45], "size": [3.45, 3.4, 3.35], "inflate": -1.1, "uv": [112, 37]},
						{"origin": [1.5, 21.35, -3.625], "size": [3.45, 3.4, 3.35], "inflate": -1.2, "uv": [93, 26], "mirror": true},
						{"origin": [-1.725, 12.1, -3.525], "size": [3.45, 3.4, 3.35], "inflate": -1.175, "uv": [93, 26], "mirror": true},
						{"origin": [1.8, 22.625, -3.775], "size": [4.2, 2.7, 6.8], "inflate": -1.1, "pivot": [0, 24, 0], "rotation": [0, 0, 9.5], "uv": [85, 11], "mirror": true},
						{"origin": [1.9, 22.975, -3.575], "size": [4, 3.55, 6.9], "inflate": -1.1, "pivot": [0, 24, 0], "rotation": [0, 0, 9.5], "uv": [93, 58], "mirror": true},
						{"origin": [-6, 22.625, -3.775], "size": [4.2, 2.7, 7], "inflate": -1.1, "pivot": [0, 24, 0], "rotation": [0, 0, -9.5], "uv": [85, 11]},
						{"origin": [-6.35, 22.825, -3.675], "size": [2.75, 3.6, 7], "inflate": -1.1, "pivot": [0, 24, 0], "rotation": [0, 0, -9.5], "uv": [88, 11]},
						{"origin": [-5.9, 22.975, -3.575], "size": [4, 3.55, 7], "inflate": -1.1, "pivot": [0, 24, 0], "rotation": [0, 0, -9.5], "uv": [93, 58]}
					]
				},
				{
					"name": "cape",
					"parent": "bodyTop",
					"pivot": [0, 23.2, 0.25],
					"cubes": [
						{
							"origin": [-5, 9.425, 2.25],
							"size": [10, 14, 0.5],
							"pivot": [0, 23.2, 0.25],
							"rotation": [6, 0, 0],
							"uv": {
								"north": {"uv": [112.75, 46], "uv_size": [-13, 27]},
								"east": {"uv": [109.75, 46], "uv_size": [3, 27]},
								"south": {"uv": [122.75, 46], "uv_size": [-13, 27]},
								"west": {"uv": [99.75, 46], "uv_size": [3, 27]},
								"up": {"uv": [109.75, 52], "uv_size": [-10, 0]},
								"down": {"uv": [119.75, 52], "uv_size": [-10, 0]}
							}
						},
						{"origin": [-5.425, 8.1, 1.675], "size": [10.625, 1.825, 0.725], "inflate": -0.3, "pivot": [0, 29.25, 0.25], "rotation": [6, 0, 0], "uv": [92.75, 46]},
						{"origin": [5, 9.2, 2.2], "size": [0.75, 14.5, 0.25], "pivot": [0, 23.2, 0.25], "rotation": [6, 0, 0], "uv": [106, 57]},
						{"origin": [-18.2, 18.075, 1.575], "size": [0.95, 1.15, 0.375], "pivot": [0, 29.25, 0.25], "rotation": [4.2504, 4.23876, -44.84263], "uv": [116, 53]},
						{"origin": [17.25, 18.075, 1.575], "size": [0.95, 1.15, 0.375], "pivot": [0, 29.25, 0.25], "rotation": [4.2504, -4.23876, 44.84263], "uv": [116, 53], "mirror": true},
						{"origin": [-5.75, 9.2, 2.2], "size": [0.75, 14.75, 0.25], "pivot": [0, 23.2, 0.25], "rotation": [6, 0, 0], "uv": [118, 57]}
					]
				},
				{
					"name": "bodyBottom",
					"parent": "armorBody",
					"pivot": [0, 24, 0],
					"cubes": [
						{"origin": [-4, 12, -2], "size": [8, 6, 4], "uv": [16, 22]},
						{"origin": [-2.6, 14.45, -2.025], "size": [5.2, 4.2, 1.125], "uv": [113, 26]},
						{"origin": [-6.85, 21.325, -2.45], "size": [1.8, 0.4, 1.25], "pivot": [0, 24, 0], "rotation": [0, 0, -80], "uv": [115, 40]},
						{"origin": [5.275, 22.35, -2.45], "size": [1.75, 0.4, 1.25], "pivot": [0, 24, 0], "rotation": [0, 0, 80], "uv": [115, 40]},
						{"origin": [-10.775, 19.525, -3.575], "size": [3.9, 3.775, 4.2], "inflate": -1.4, "pivot": [0, 24, 0], "rotation": [0, 0, -80], "uv": [90, 24]},
						{"origin": [-9.25, 20.725, -2.3], "size": [2.2, 0.4, 1.2], "pivot": [0, 24, 0], "rotation": [0, 0, -80], "uv": [115, 40]},
						{"origin": [1.05, 16.475, -2.375], "size": [0.95, 0.4, 1.275], "uv": [115, 40]},
						{"origin": [-1.95, 16.675, -2.375], "size": [0.8, 0.4, 1.275], "pivot": [0, 24, 0], "rotation": [0, 0, -12.5], "uv": [115, 40]},
						{"origin": [7.35, 22.75, -2.3], "size": [2.325, 0.425, 1.2], "pivot": [0, 24, 0], "rotation": [0, 0, 80], "uv": [115, 40]},
						{"origin": [-2.1, 13, -2.2], "size": [4.2, 1.65, 1.3], "uv": [116, 40]},
						{"origin": [-3.6, 13.7, -2.15], "size": [7.2, 1.25, 1.35], "uv": [110, 38]},
						{"origin": [3.525, 14.775, -2.175], "size": [2.75, 1.45, 1.25], "pivot": [0, 24, -0.1], "rotation": [0, 0, 45], "uv": [110, 38]},
						{"origin": [-6.275, 14.775, -2.175], "size": [2.75, 1.45, 1.25], "pivot": [0, 24, -0.1], "rotation": [0, 0, -45], "uv": [110, 38], "mirror": true},
						{"origin": [-9.675, 19.425, -3.625], "size": [3.8, 4.225, 4.25], "inflate": -1.4, "pivot": [0, 24, 0], "rotation": [0, 0, -80], "uv": [90, 24]},
						{"origin": [-8.675, 19.725, -3.625], "size": [3.3, 4.575, 4.25], "inflate": -1.4, "pivot": [0, 24, 0], "rotation": [0, 0, -80], "uv": [90, 24]},
						{"origin": [-5.925, 22.1, -3.025], "size": [3.925, 3.175, 6.35], "inflate": -0.9, "uv": [92, 57], "mirror": true},
						{"origin": [2.075, 22.1, -3.025], "size": [3.8, 3.175, 6.25], "inflate": -0.9, "uv": [101, 47], "mirror": true}
					]
				},
				{
					"name": "bolt2",
					"parent": "bodyBottom",
					"pivot": [1.6, 22.75, -0.2]
				},
				{
					"name": "bolt3",
					"parent": "bodyBottom",
					"pivot": [-4.8, 6.05, -0.2]
				},
				{
					"name": "bolt1",
					"parent": "bodyBottom",
					"pivot": [0, 24, 0]
				},
				{
					"name": "bolt4",
					"parent": "bodyBottom",
					"pivot": [-3.25, 7.25, -0.1]
				},
				{
					"name": "bipedRightArm",
					"pivot": [-4, 22, 0]
				},
				{
					"name": "armorRightArm",
					"parent": "bipedRightArm",
					"pivot": [-4, 22, 0]
				},
				{
					"name": "rightArmtop",
					"parent": "armorRightArm",
					"pivot": [0, 24, 0],
					"cubes": [
						{"origin": [-7.5, 18, -2], "size": [3.5, 6, 4], "uv": [40, 16]},
						{"origin": [-7.25, 18.5, -2.25], "size": [3, 5.25, 2], "uv": [67, 4]},
						{"origin": [-7.75, 18.5, -1.75], "size": [3, 5.25, 3.5], "uv": [71, 4], "mirror": true}
					]
				},
				{
					"name": "rightArmBottom",
					"parent": "armorRightArm",
					"pivot": [-4, 22, 0],
					"cubes": [
						{"origin": [-7.5, 12, -2], "size": [3.5, 6, 4], "uv": [16, 66], "mirror": true},
						{"origin": [-7.6, 14.4, -2], "size": [3, 3.1, 4], "inflate": 0.2, "uv": [112, 35]},
						{"origin": [-7.7, 16.925, -2], "size": [2.8, 0.35, 4.025], "inflate": 0.225, "uv": [113, 39]},
						{"origin": [-6, 16.75, -2], "size": [2.8, 0.35, 4.025], "inflate": 0.175, "pivot": [-3.6, 22.1, 0], "rotation": [0, 0, 18.5], "uv": [113, 39]},
						{"origin": [-7.7, 15.825, -2], "size": [2.8, 0.35, 4.025], "inflate": 0.225, "uv": [113, 39]},
						{"origin": [-7.7, 14.725, -2], "size": [2.8, 0.35, 4.025], "inflate": 0.225, "uv": [113, 39]}
					]
				},
				{
					"name": "bipedLeftArm",
					"pivot": [4, 22, 0]
				},
				{
					"name": "armorLeftArm",
					"parent": "bipedLeftArm",
					"pivot": [4, 22, 0]
				},
				{
					"name": "leftArmTop",
					"parent": "armorLeftArm",
					"pivot": [4, 22, 0],
					"cubes": [
						{"origin": [4, 18, -2], "size": [3.5, 6, 4], "uv": [32, 48]},
						{"origin": [4.25, 18.5, -2.25], "size": [3, 5.25, 2], "uv": [67, 4], "mirror": true},
						{"origin": [4.75, 18.5, -1.75], "size": [3, 5.25, 3.5], "uv": [71, 4]}
					]
				},
				{
					"name": "leftArmBottom",
					"parent": "armorLeftArm",
					"pivot": [4, 22, 0],
					"cubes": [
						{"origin": [4, 12, -2], "size": [3.5, 6, 4], "uv": [16, 66]},
						{"origin": [4.6, 14.4, -2], "size": [3, 3.1, 4], "inflate": 0.2, "uv": [112, 35], "mirror": true},
						{"origin": [4.9, 16.925, -2], "size": [2.8, 0.35, 4.025], "inflate": 0.225, "uv": [113, 39], "mirror": true},
						{"origin": [4.9, 15.825, -2], "size": [2.8, 0.35, 4.025], "inflate": 0.225, "uv": [113, 39], "mirror": true},
						{"origin": [4.9, 14.725, -2], "size": [2.8, 0.35, 4.025], "inflate": 0.225, "uv": [113, 39], "mirror": true},
						{"origin": [3.2, 16.75, -2], "size": [2.8, 0.35, 4.025], "inflate": 0.175, "pivot": [3.6, 22.1, 0], "rotation": [0, 0, -18.5], "uv": [113, 39], "mirror": true}
					]
				},
				{
					"name": "bipedLeftLeg",
					"pivot": [-2, 12, 0]
				},
				{
					"name": "armorLeftLeg",
					"parent": "bipedLeftLeg",
					"pivot": [-2, 12, 0],
					"cubes": [
						{"origin": [0, 6, -2], "size": [4, 6, 4], "uv": [16, 48]},
						{"origin": [0.25, 6.5, -2.25], "size": [3.5, 5.25, 2], "uv": [111, 24]},
						{"origin": [0.75, 7, -1.75], "size": [3.5, 4.75, 3.5], "uv": [116, 21], "mirror": true},
						{
							"origin": [-1.025, 9.125, -0.6],
							"size": [1.75, 4.25, 2.075],
							"inflate": 0.025,
							"pivot": [0, 24, 0],
							"rotation": [-7.96077, 3.52391, -12.21355],
							"uv": {
								"north": {"uv": [112, 24], "uv_size": [8, 8]},
								"east": {"uv": [0, 123], "uv_size": [2, 2]},
								"south": {"uv": [6, 123], "uv_size": [2, 2]},
								"west": {"uv": [4, 123], "uv_size": [2, 2]},
								"up": {"uv": [2, 121], "uv_size": [2, 2]},
								"down": {"uv": [4, 123], "uv_size": [2, -2]}
							}
						},
						{
							"origin": [-0.075, 8.125, -0.65],
							"size": [1.5, 4.25, 2],
							"inflate": 0.025,
							"pivot": [0, 24, 0],
							"rotation": [-7.96077, 3.52391, -12.21355],
							"uv": {
								"north": {"uv": [112, 24], "uv_size": [8, 8]},
								"east": {"uv": [0, 123], "uv_size": [2, 2]},
								"south": {"uv": [6, 123], "uv_size": [2, 2]},
								"west": {"uv": [4, 123], "uv_size": [2, 2]},
								"up": {"uv": [2, 121], "uv_size": [2, 2]},
								"down": {"uv": [4, 123], "uv_size": [2, -2]}
							}
						},
						{
							"origin": [-2.15, 9.8, -0.525],
							"size": [1.75, 3.5, 2],
							"pivot": [0, 24, 0],
							"rotation": [-8.47398, 1.98297, -22.86519],
							"uv": {
								"north": {"uv": [112, 24], "uv_size": [8, 8]},
								"east": {"uv": [0, 123], "uv_size": [2, 2]},
								"south": {"uv": [6, 123], "uv_size": [2, 2]},
								"west": {"uv": [4, 123], "uv_size": [2, 2]},
								"up": {"uv": [2, 121], "uv_size": [2, 2]},
								"down": {"uv": [4, 123], "uv_size": [2, -2]}
							}
						}
					]
				},
				{
					"name": "armorLeftBoot",
					"parent": "bipedLeftLeg",
					"pivot": [-2, 12, 0],
					"cubes": [
						{"origin": [0, 0, -2], "size": [4, 6, 4], "uv": [38, 66]},
						{"origin": [0.25, 0, -2.25], "size": [3.25, 5.75, 2], "uv": [110, 36], "mirror": true},
						{"origin": [0.25, 0, 0.25], "size": [3.25, 5.1, 2], "uv": [110, 36], "mirror": true},
						{"origin": [1, 0, -1.75], "size": [3.15, 5.25, 3.5], "uv": [110, 36], "mirror": true},
						{"origin": [-0.35, 2, -2.25], "size": [4.45, 1.25, 4.4], "inflate": -0.025, "uv": [87, 2], "mirror": true},
						{"origin": [-0.35, 3.5, -2.25], "size": [4.45, 1.25, 4.4], "inflate": -0.025, "uv": [87, 2], "mirror": true},
						{"origin": [-0.35, 0.5, -2.25], "size": [4.45, 1.25, 4.4], "inflate": -0.025, "uv": [87, 2], "mirror": true}
					]
				},
				{
					"name": "bipedRightLeg",
					"pivot": [2, 12, 0]
				},
				{
					"name": "armorRightLeg",
					"parent": "bipedRightLeg",
					"pivot": [2, 12, 0],
					"cubes": [
						{"origin": [-4, 6, -2], "size": [4, 6, 4], "uv": [0, 16]},
						{"origin": [-3.75, 6.5, -2.25], "size": [3.5, 5.25, 2], "uv": [111, 24], "mirror": true},
						{"origin": [-4.25, 7, -1.75], "size": [3.5, 4.75, 3.5], "uv": [116, 21]}
					]
				},
				{
					"name": "armorRightBoot",
					"parent": "bipedRightLeg",
					"pivot": [2, 12, 0],
					"cubes": [
						{"origin": [-4, 0, -2], "size": [4, 6, 4], "uv": [38, 66], "mirror": true},
						{"origin": [-3.5, 0, -2.25], "size": [3.25, 5.75, 2], "uv": [110, 36]},
						{"origin": [-4.1, 2, -2.25], "size": [4.45, 1.25, 4.4], "inflate": -0.025, "uv": [87, 2]},
						{"origin": [-4.1, 0.5, -2.25], "size": [4.45, 1.25, 4.4], "inflate": -0.025, "uv": [87, 2]},
						{"origin": [-4.1, 3.5, -2.25], "size": [4.45, 1.25, 4.4], "inflate": -0.025, "uv": [87, 2]},
						{"origin": [-3.5, 0, 0.25], "size": [3.25, 5.1, 2], "uv": [110, 36]},
						{"origin": [-4.125, 0, -1.75], "size": [3.15, 5.25, 3.5], "uv": [110, 36]}
					]
				}
			]
		}
	]
}