{
  "format_version": "1.12.0",
  "minecraft:geometry": [
    {
      "description": {
        "identifier": "geometry.unknown",
        "texture_width": 128,
        "texture_height": 128,
        "visible_bounds_width": 3,
        "visible_bounds_height": 3.5,
        "visible_bounds_offset": [
          0,
          1.25,
          0
        ]
      },
      "bones": [
        {
          "name": "bipedHead",
          "pivot": [
            0,
            24,
            0
          ]
        },
        {
          "name": "armorHead",
          "parent": "bipedHead",
          "pivot": [
            0,
            24,
            0
          ],
          "cubes": [
            {
              "origin": [
                -4,
                24,
                -4
              ],
              "size": [
                8,
                8,
                8
              ],
              "uv": [
                0,
                0
              ]
            },
            {
              "origin": [
                2.125,
                26.6,
                -1
              ],
              "size": [
                2,
                2,
                2
              ],
              "inflate": 0.2,
              "uv": [
                116,
                5
              ]
            },
            {
              "origin": [
                1.075,
                27.95,
                -4.125
              ],
              "size": [
                2.675,
                0.85,
                1.025
              ],
              "pivot": [
                0,
                24,
                0
              ],
              "rotation": [
                0,
                0,
                -3
              ],
              "uv": [
                107,
                12
              ]
            },
            {
              "origin": [
                -3.75,
                27.95,
                -4.125
              ],
              "size": [
                2.675,
                0.85,
                1.025
              ],
              "pivot": [
                0,
                24,
                0
              ],
              "rotation": [
                0,
                0,
                3
              ],
              "uv": [
                107,
                12
              ]
            },
            {
              "origin": [
                -1.9,
                27.075,
                -4.075
              ],
              "size": [
                0.825,
                0.85,
                1.025
              ],
              "inflate": 0.025,
              "uv": [
                100,
                12
              ]
            },
            {
              "origin": [
                1.1,
                27.075,
                -4.075
              ],
              "size": [
                0.825,
                0.85,
                1.025
              ],
              "inflate": 0.025,
              "uv": [
                100,
                12
              ]
            },
            {
              "origin": [
                -1.5,
                26.125,
                -4.05
              ],
              "size": [
                0.775,
                1.425,
                1.5
              ],
              "pivot": [
                0,
                24,
                0
              ],
              "rotation": [
                0,
                0,
                -45
              ],
              "uv": [
                109,
                12
              ]
            },
            {
              "origin": [
                0.725,
                26.125,
                -4.05
              ],
              "size": [
                0.775,
                1.425,
                1.5
              ],
              "pivot": [
                0,
                24,
                0
              ],
              "rotation": [
                0,
                0,
                45
              ],
              "uv": [
                109,
                12
              ]
            },
            {
              "origin": [
                -4.15,
                26.6,
                -1
              ],
              "size": [
                2,
                2,
                2
              ],
              "inflate": 0.2,
              "uv": [
                116,
                5
              ]
            }
          ]
        },
        {
          "name": "bone",
          "parent": "armorHead",
          "pivot": [
            0,
            24,
            0
          ],
          "cubes": [
            {
              "origin": [
                -4.8,
                25.2,
                -4.125
              ],
              "size": [
                2.175,
                0.6,
                1.025
              ],
              "pivot": [
                0,
                24,
                0
              ],
              "rotation": [
                0,
                0,
                22.5
              ],
              "uv": [
                20,
                12
              ]
            },
            {
              "origin": [
                -1,
                26.7,
                -4.125
              ],
              "size": [
                1.5,
                0.6,
                1.025
              ],
              "pivot": [
                0,
                24,
                0
              ],
              "rotation": [
                0,
                0,
                -22.5
              ],
              "uv": [
                20,
                12
              ]
            },
            {
              "origin": [
                -0.5,
                26.7,
                -4.125
              ],
              "size": [
                1.5,
                0.6,
                1.025
              ],
              "pivot": [
                0,
                24,
                0
              ],
              "rotation": [
                0,
                0,
                22.5
              ],
              "uv": [
                20,
                12
              ]
            },
            {
              "origin": [
                2.625,
                25.2,
                -4.125
              ],
              "size": [
                2.175,
                0.6,
                1.025
              ],
              "pivot": [
                0,
                24,
                0
              ],
              "rotation": [
                0,
                0,
                -22.5
              ],
              "uv": [
                20,
                12
              ]
            },
            {
              "origin": [
                -0.85,
                26.65,
                -4.125
              ],
              "size": [
                1.7,
                1.9,
                1.025
              ],
              "uv": [
                20,
                12
              ]
            }
          ]
        },
        {
          "name": "bipedBody",
          "pivot": [
            0,
            24,
            0
          ]
        },
        {
          "name": "armorBody",
          "parent": "bipedBody",
          "pivot": [
            0,
            24,
            0
          ]
        },
        {
          "name": "bodyTop",
          "parent": "armorBody",
          "pivot": [
            0,
            24,
            0
          ],
          "cubes": [
            {
              "origin": [
                -4,
                18,
                -2
              ],
              "size": [
                8,
                6,
                4
              ],
              "uv": [
                16,
                16
              ]
            },
            {
              "origin": [
                -0.225,
                20.85,
                -2.2
              ],
              "size": [
                2.25,
                1,
                2.1
              ],
              "pivot": [
                0,
                24,
                0
              ],
              "rotation": [
                0,
                0,
                -22.5
              ],
              "uv": [
                119,
                3
              ]
            },
            {
              "origin": [
                -0.225,
                20.85,
                0.05
              ],
              "size": [
                2.25,
                1,
                2
              ],
              "pivot": [
                0,
                24,
                0
              ],
              "rotation": [
                0,
                0,
                -22.5
              ],
              "uv": [
                116,
                3
              ]
            },
            {
              "origin": [
                -2.025,
                20.85,
                -2.2
              ],
              "size": [
                2.25,
                1,
                2.1
              ],
              "pivot": [
                0,
                24,
                0
              ],
              "rotation": [
                0,
                0,
                22.5
              ],
              "uv": [
                119,
                3
              ]
            },
            {
              "origin": [
                -1,
                21,
                -2.2
              ],
              "size": [
                1.975,
                1,
                2.1
              ],
              "uv": [
                119,
                3
              ]
            },
            {
              "origin": [
                -2.025,
                20.85,
                0.05
              ],
              "size": [
                2.25,
                1,
                2
              ],
              "pivot": [
                0,
                24,
                0
              ],
              "rotation": [
                0,
                0,
                22.5
              ],
              "uv": [
                116,
                3
              ]
            },
            {
              "origin": [
                -2.075,
                20.325,
                -2.2
              ],
              "size": [
                1.4,
                1,
                2.1
              ],
              "pivot": [
                0,
                24,
                0
              ],
              "rotation": [
                0,
                0,
                45
              ],
              "uv": [
                119,
                3
              ]
            },
            {
              "origin": [
                -2.075,
                20.325,
                0.05
              ],
              "size": [
                1.4,
                1,
                2
              ],
              "pivot": [
                0,
                24,
                0
              ],
              "rotation": [
                0,
                0,
                45
              ],
              "uv": [
                117,
                3
              ]
            },
            {
              "origin": [
                -4.075,
                22.875,
                -2.1
              ],
              "size": [
                0.75,
                1.25,
                2
              ],
              "uv": [
                119,
                3
              ]
            },
            {
              "origin": [
                -4.075,
                22.875,
                0.05
              ],
              "size": [
                0.75,
                1.25,
                2
              ],
              "uv": [
                119,
                3
              ]
            },
            {
              "origin": [
                3.325,
                22.875,
                -2.1
              ],
              "size": [
                0.75,
                1.25,
                2
              ],
              "uv": [
                119,
                3
              ]
            },
            {
              "origin": [
                3.325,
                22.875,
                0.05
              ],
              "size": [
                0.75,
                1.25,
                2
              ],
              "uv": [
                119,
                3
              ]
            },
            {
              "origin": [
                0.675,
                20.325,
                -2.2
              ],
              "size": [
                1.4,
                1,
                2.1
              ],
              "pivot": [
                0,
                24,
                0
              ],
              "rotation": [
                0,
                0,
                -45
              ],
              "uv": [
                119,
                3
              ]
            },
            {
              "origin": [
                0.675,
                20.325,
                0.05
              ],
              "size": [
                1.4,
                1,
                2
              ],
              "pivot": [
                0,
                24,
                0
              ],
              "rotation": [
                0,
                0,
                -45
              ],
              "uv": [
                116,
                3
              ]
            },
            {
              "origin": [
                -3.15,
                18.1,
                -2.15
              ],
              "size": [
                3.75,
                3.25,
                1.9
              ],
              "pivot": [
                0,
                24,
                0
              ],
              "rotation": [
                0,
                0,
                8
              ],
              "uv": [
                99,
                5
              ],
              "mirror": true
            },
            {
              "origin": [
                -0.65,
                18.1,
                -2.15
              ],
              "size": [
                3.75,
                3.25,
                1.9
              ],
              "pivot": [
                0,
                24,
                0
              ],
              "rotation": [
                0,
                0,
                -8
              ],
              "uv": [
                99,
                5
              ]
            },
            {
              "origin": [
                -0.1,
                13.75,
                -2.1
              ],
              "size": [
                0.2,
                6.25,
                2
              ],
              "uv": [
                86,
                1
              ]
            },
            {
              "origin": [
                -0.85,
                12.075,
                -2.1
              ],
              "size": [
                1.7,
                1.9,
                2
              ],
              "inflate": 0.05,
              "uv": [
                114,
                11
              ]
            },
            {
              "origin": [
                -1,
                12.425,
                -2.025
              ],
              "size": [
                2,
                1.05,
                1.925
              ],
              "inflate": 0.05,
              "uv": [
                117,
                11
              ]
            },
            {
              "origin": [
                -7.3,
                14.075,
                -2.125
              ],
              "size": [
                3.725,
                1.4,
                1.925
              ],
              "inflate": 0.05,
              "pivot": [
                0,
                24,
                0
              ],
              "rotation": [
                0,
                0,
                -22.5
              ],
              "uv": [
                83,
                11
              ],
              "mirror": true
            },
            {
              "origin": [
                3.55,
                14.075,
                -2.125
              ],
              "size": [
                3.75,
                1.4,
                1.925
              ],
              "inflate": 0.05,
              "pivot": [
                0,
                24,
                0
              ],
              "rotation": [
                0,
                0,
                22.5
              ],
              "uv": [
                83,
                11
              ]
            },
            {
              "origin": [
                -3.7,
                11.825,
                -2.35
              ],
              "size": [
                0.9,
                2.4,
                2.25
              ],
              "inflate": 0.05,
              "uv": [
                117,
                11
              ]
            },
            {
              "origin": [
                -3.5,
                11.825,
                0.15
              ],
              "size": [
                0.9,
                2.4,
                2
              ],
              "inflate": 0.05,
              "uv": [
                117,
                11
              ]
            },
            {
              "origin": [
                2.75,
                11.825,
                -2.35
              ],
              "size": [
                0.9,
                2.4,
                2.25
              ],
              "inflate": 0.05,
              "uv": [
                117,
                11
              ]
            },
            {
              "origin": [
                2.55,
                11.825,
                0.15
              ],
              "size": [
                0.9,
                2.4,
                2
              ],
              "inflate": 0.05,
              "uv": [
                117,
                11
              ]
            },
            {
              "origin": [
                -2.45,
                11.925,
                -2.35
              ],
              "size": [
                0.9,
                2.2,
                2.25
              ],
              "inflate": 0.05,
              "uv": [
                117,
                11
              ]
            },
            {
              "origin": [
                -1.5,
                11.925,
                0.15
              ],
              "size": [
                0.9,
                2.2,
                2
              ],
              "inflate": 0.05,
              "uv": [
                117,
                11
              ]
            },
            {
              "origin": [
                1.5,
                11.925,
                -2.35
              ],
              "size": [
                0.9,
                2.2,
                2.25
              ],
              "inflate": 0.05,
              "uv": [
                117,
                11
              ]
            },
            {
              "origin": [
                0.55,
                11.925,
                0.15
              ],
              "size": [
                0.9,
                2.2,
                2
              ],
              "inflate": 0.05,
              "uv": [
                117,
                11
              ]
            }
          ]
        },
        {
          "name": "bodyBottom",
          "parent": "armorBody",
          "pivot": [
            0,
            24,
            0
          ],
          "cubes": [
            {
              "origin": [
                -4,
                12,
                -2
              ],
              "size": [
                8,
                6,
                4
              ],
              "uv": [
                16,
                22
              ]
            },
            {
              "origin": [
                0.35,
                16.6,
                -2.15
              ],
              "size": [
                2.05,
                1,
                1.9
              ],
              "uv": [
                103,
                2
              ]
            },
            {
              "origin": [
                -2.4,
                16.6,
                -2.15
              ],
              "size": [
                2.05,
                1,
                1.9
              ],
              "uv": [
                103,
                2
              ],
              "mirror": true
            },
            {
              "origin": [
                -2.4,
                15.45,
                -2.15
              ],
              "size": [
                2.05,
                1,
                1.9
              ],
              "uv": [
                103,
                2
              ],
              "mirror": true
            },
            {
              "origin": [
                -2.4,
                14.3,
                -2.15
              ],
              "size": [
                2.05,
                1,
                1.9
              ],
              "uv": [
                103,
                2
              ],
              "mirror": true
            },
            {
              "origin": [
                0.35,
                15.45,
                -2.15
              ],
              "size": [
                2.05,
                1,
                1.9
              ],
              "uv": [
                103,
                2
              ]
            },
            {
              "origin": [
                0.35,
                14.3,
                -2.15
              ],
              "size": [
                2.05,
                1,
                1.9
              ],
              "uv": [
                103,
                2
              ]
            }
          ]
        },
        {
          "name": "bipedRightArm",
          "pivot": [
            -4,
            22,
            0
          ]
        },
        {
          "name": "armorRightArm",
          "parent": "bipedRightArm",
          "pivot": [
            -4,
            22,
            0
          ]
        },
        {
          "name": "rightArmtop",
          "parent": "armorRightArm",
          "pivot": [
            0,
            24,
            0
          ],
          "cubes": [
            {
              "origin": [
                -8,
                18,
                -2
              ],
              "size": [
                4,
                6,
                4
              ],
              "uv": [
                40,
                16
              ]
            },
            {
              "origin": [
                -7.75,
                18.25,
                -2.15
              ],
              "size": [
                3.5,
                5.5,
                2
              ],
              "uv": [
                99,
                2
              ],
              "mirror": true
            },
            {
              "origin": [
                -7.75,
                18.65,
                -1.8
              ],
              "size": [
                3.5,
                5.5,
                3.6
              ],
              "uv": [
                96,
                1
              ],
              "mirror": true
            },
            {
              "origin": [
                -7.75,
                18.25,
                0.2
              ],
              "size": [
                3.5,
                5.5,
                2
              ],
              "uv": [
                102,
                2
              ],
              "mirror": true
            },
            {
              "origin": [
                -8.15,
                18.25,
                -1.85
              ],
              "size": [
                3.5,
                5.5,
                3.7
              ],
              "uv": [
                102,
                2
              ],
              "mirror": true
            }
          ]
        },
        {
          "name": "rightArmBottom",
          "parent": "armorRightArm",
          "pivot": [
            -4,
            22,
            0
          ],
          "cubes": [
            {
              "origin": [
                -8,
                12,
                -2
              ],
              "size": [
                4,
                6,
                4
              ],
              "uv": [
                15,
                77
              ]
            },
            {
              "origin": [
                -3.325,
                15.15,
                -2.05
              ],
              "size": [
                2.35,
                1,
                4.1
              ],
              "pivot": [
                0,
                24,
                0
              ],
              "rotation": [
                0,
                0,
                22.5
              ],
              "uv": [
                119,
                3
              ]
            },
            {
              "origin": [
                -10.225,
                16.9,
                -2.05
              ],
              "size": [
                1.25,
                1,
                4.1
              ],
              "inflate": -0.025,
              "pivot": [
                0,
                24,
                0
              ],
              "rotation": [
                0,
                0,
                -22.5
              ],
              "uv": [
                117,
                10
              ]
            },
            {
              "origin": [
                -8.075,
                13.55,
                -2.05
              ],
              "size": [
                1.35,
                1,
                4.1
              ],
              "uv": [
                116,
                10
              ],
              "mirror": true
            },
            {
              "origin": [
                -5.975,
                13.875,
                -2.05
              ],
              "size": [
                2.1,
                1,
                4.1
              ],
              "uv": [
                116,
                10
              ],
              "mirror": true
            }
          ]
        },
        {
          "name": "bipedLeftArm",
          "pivot": [
            4,
            22,
            0
          ]
        },
        {
          "name": "armorLeftArm",
          "parent": "bipedLeftArm",
          "pivot": [
            4,
            22,
            0
          ]
        },
        {
          "name": "leftArmTop",
          "parent": "armorLeftArm",
          "pivot": [
            4,
            22,
            0
          ],
          "cubes": [
            {
              "origin": [
                4,
                18,
                -2
              ],
              "size": [
                4,
                6,
                4
              ],
              "uv": [
                32,
                48
              ]
            },
            {
              "origin": [
                4.25,
                18.25,
                -2.15
              ],
              "size": [
                3.5,
                5.5,
                2
              ],
              "uv": [
                99,
                2
              ]
            },
            {
              "origin": [
                4.25,
                18.25,
                0.2
              ],
              "size": [
                3.5,
                5.5,
                2
              ],
              "uv": [
                102,
                2
              ]
            },
            {
              "origin": [
                4.25,
                18.65,
                -1.8
              ],
              "size": [
                3.5,
                5.5,
                3.6
              ],
              "uv": [
                96,
                1
              ]
            },
            {
              "origin": [
                4.65,
                18.25,
                -1.85
              ],
              "size": [
                3.5,
                5.5,
                3.7
              ],
              "uv": [
                102,
                2
              ]
            }
          ]
        },
        {
          "name": "leftArmBottom",
          "parent": "armorLeftArm",
          "pivot": [
            4,
            22,
            0
          ],
          "cubes": [
            {
              "origin": [
                4,
                12,
                -2
              ],
              "size": [
                4,
                6,
                4
              ],
              "uv": [
                15,
                66
              ]
            },
            {
              "origin": [
                0.925,
                15.15,
                -2.05
              ],
              "size": [
                2.35,
                1,
                4.1
              ],
              "pivot": [
                0,
                24,
                0
              ],
              "rotation": [
                0,
                0,
                -22.5
              ],
              "uv": [
                119,
                3
              ],
              "mirror": true
            },
            {
              "origin": [
                6.725,
                13.55,
                -2.05
              ],
              "size": [
                1.35,
                1,
                4.1
              ],
              "uv": [
                116,
                10
              ],
              "mirror": true
            },
            {
              "origin": [
                3.9,
                13.875,
                -2.05
              ],
              "size": [
                2.1,
                1,
                4.1
              ],
              "uv": [
                116,
                10
              ],
              "mirror": true
            },
            {
              "origin": [
                8.975,
                16.9,
                -2.05
              ],
              "size": [
                1.25,
                1,
                4.1
              ],
              "inflate": -0.025,
              "pivot": [
                0,
                24,
                0
              ],
              "rotation": [
                0,
                0,
                22.5
              ],
              "uv": [
                117,
                10
              ]
            }
          ]
        },
        {
          "name": "bipedLeftLeg",
          "pivot": [
            -2,
            12,
            0
          ]
        },
        {
          "name": "armorLeftLeg",
          "parent": "bipedLeftLeg",
          "pivot": [
            -2,
            12,
            0
          ],
          "cubes": [
            {
              "origin": [
                0,
                6,
                -2
              ],
              "size": [
                4,
                6,
                4
              ],
              "uv": [
                0,
                16
              ],
              "mirror": true
            },
            {
              "origin": [
                10.85,
                19.2,
                -2.225
              ],
              "size": [
                4,
                1.05,
                4.45
              ],
              "inflate": -0.1,
              "pivot": [
                0,
                24,
                0
              ],
              "rotation": [
                0,
                0,
                60
              ],
              "uv": {
                "north": {
                  "uv": [
                    92,
                    15
                  ],
                  "uv_size": [
                    -3,
                    0
                  ]
                },
                "east": {
                  "uv": [
                    96,
                    15
                  ],
                  "uv_size": [
                    -4,
                    0
                  ]
                },
                "south": {
                  "uv": [
                    99,
                    15
                  ],
                  "uv_size": [
                    -3,
                    0
                  ]
                },
                "west": {
                  "uv": [
                    89,
                    15
                  ],
                  "uv_size": [
                    -4,
                    0
                  ]
                },
                "up": {
                  "uv": [
                    92,
                    11
                  ],
                  "uv_size": [
                    -3,
                    4
                  ]
                },
                "down": {
                  "uv": [
                    95,
                    15
                  ],
                  "uv_size": [
                    -3,
                    -4
                  ]
                }
              }
            },
            {
              "origin": [
                3.2,
                8.75,
                -2.225
              ],
              "size": [
                1.05,
                1.25,
                4.45
              ],
              "inflate": -0.125,
              "uv": {
                "north": {
                  "uv": [
                    92,
                    15
                  ],
                  "uv_size": [
                    -3,
                    0
                  ]
                },
                "east": {
                  "uv": [
                    96,
                    15
                  ],
                  "uv_size": [
                    -4,
                    0
                  ]
                },
                "south": {
                  "uv": [
                    99,
                    15
                  ],
                  "uv_size": [
                    -3,
                    0
                  ]
                },
                "west": {
                  "uv": [
                    89,
                    15
                  ],
                  "uv_size": [
                    -4,
                    0
                  ]
                },
                "up": {
                  "uv": [
                    92,
                    11
                  ],
                  "uv_size": [
                    -3,
                    4
                  ]
                },
                "down": {
                  "uv": [
                    95,
                    15
                  ],
                  "uv_size": [
                    -3,
                    -4
                  ]
                }
              }
            },
            {
              "origin": [
                4.05,
                8.325,
                -1.35
              ],
              "size": [
                0.9,
                4.4,
                2
              ],
              "inflate": 0.05,
              "uv": [
                117,
                11
              ],
              "mirror": true
            },
            {
              "origin": [
                4,
                9.675,
                4.85
              ],
              "size": [
                0.9,
                4.25,
                1.9
              ],
              "inflate": -0.05,
              "pivot": [
                0,
                24,
                0
              ],
              "rotation": [
                -22.5,
                0,
                0
              ],
              "uv": [
                117,
                11
              ]
            }
          ]
        },
        {
          "name": "armorLeftBoot",
          "parent": "bipedLeftLeg",
          "pivot": [
            -2,
            12,
            0
          ],
          "cubes": [
            {
              "origin": [
                0,
                0,
                -2
              ],
              "size": [
                4,
                6,
                4
              ],
              "uv": [
                38,
                66
              ]
            },
            {
              "origin": [
                5.775,
                10.3,
                -2.025
              ],
              "size": [
                1.4,
                1,
                2
              ],
              "pivot": [
                -2,
                12,
                0
              ],
              "rotation": [
                0,
                0,
                45
              ],
              "uv": [
                118,
                12
              ]
            },
            {
              "origin": [
                -5.525,
                4.65,
                -2.025
              ],
              "size": [
                1.4,
                1,
                2
              ],
              "pivot": [
                -2,
                12,
                0
              ],
              "rotation": [
                0,
                0,
                -45
              ],
              "uv": [
                118,
                12
              ]
            }
          ]
        },
        {
          "name": "bipedRightLeg",
          "pivot": [
            2,
            12,
            0
          ]
        },
        {
          "name": "armorRightLeg",
          "parent": "bipedRightLeg",
          "pivot": [
            2,
            12,
            0
          ],
          "cubes": [
            {
              "origin": [
                -4,
                6,
                -2
              ],
              "size": [
                4,
                6,
                4
              ],
              "uv": [
                0,
                16
              ]
            },
            {
              "origin": [
                -14.875,
                19.25,
                -2.225
              ],
              "size": [
                4,
                1.05,
                4.45
              ],
              "inflate": -0.1,
              "pivot": [
                0,
                24,
                0
              ],
              "rotation": [
                0,
                0,
                -60
              ],
              "uv": {
                "north": {
                  "uv": [
                    92,
                    15
                  ],
                  "uv_size": [
                    -3,
                    0
                  ]
                },
                "east": {
                  "uv": [
                    96,
                    15
                  ],
                  "uv_size": [
                    -4,
                    0
                  ]
                },
                "south": {
                  "uv": [
                    99,
                    15
                  ],
                  "uv_size": [
                    -3,
                    0
                  ]
                },
                "west": {
                  "uv": [
                    89,
                    15
                  ],
                  "uv_size": [
                    -4,
                    0
                  ]
                },
                "up": {
                  "uv": [
                    92,
                    11
                  ],
                  "uv_size": [
                    -3,
                    4
                  ]
                },
                "down": {
                  "uv": [
                    95,
                    15
                  ],
                  "uv_size": [
                    -3,
                    -4
                  ]
                }
              }
            },
            {
              "origin": [
                -4.275,
                8.75,
                -2.225
              ],
              "size": [
                1.05,
                1.25,
                4.45
              ],
              "inflate": -0.125,
              "uv": {
                "north": {
                  "uv": [
                    92,
                    15
                  ],
                  "uv_size": [
                    -3,
                    0
                  ]
                },
                "east": {
                  "uv": [
                    96,
                    15
                  ],
                  "uv_size": [
                    -4,
                    0
                  ]
                },
                "south": {
                  "uv": [
                    99,
                    15
                  ],
                  "uv_size": [
                    -3,
                    0
                  ]
                },
                "west": {
                  "uv": [
                    89,
                    15
                  ],
                  "uv_size": [
                    -4,
                    0
                  ]
                },
                "up": {
                  "uv": [
                    92,
                    11
                  ],
                  "uv_size": [
                    -3,
                    4
                  ]
                },
                "down": {
                  "uv": [
                    95,
                    15
                  ],
                  "uv_size": [
                    -3,
                    -4
                  ]
                }
              }
            }
          ]
        },
        {
          "name": "armorRightBoot",
          "parent": "bipedRightLeg",
          "pivot": [
            2,
            12,
            0
          ],
          "cubes": [
            {
              "origin": [
                -4,
                0,
                -2
              ],
              "size": [
                4,
                6,
                4
              ],
              "uv": [
                38,
                77
              ]
            },
            {
              "origin": [
                2.95,
                7.475,
                -2.025
              ],
              "size": [
                1.4,
                1,
                2
              ],
              "pivot": [
                -2,
                12,
                0
              ],
              "rotation": [
                0,
                0,
                45
              ],
              "uv": [
                118,
                12
              ]
            },
            {
              "origin": [
                -8.35,
                7.475,
                -2.025
              ],
              "size": [
                1.4,
                1,
                2
              ],
              "pivot": [
                -2,
                12,
                0
              ],
              "rotation": [
                0,
                0,
                -45
              ],
              "uv": [
                118,
                12
              ]
            },
            {
              "origin": [
                -4.85,
                9.675,
                4.85
              ],
              "size": [
                0.9,
                4.25,
                1.9
              ],
              "inflate": -0.05,
              "pivot": [
                0,
                24,
                0
              ],
              "rotation": [
                -22.5,
                0,
                0
              ],
              "uv": [
                117,
                11
              ]
            },
            {
              "origin": [
                -4.95,
                8.325,
                -1.35
              ],
              "size": [
                0.9,
                4.4,
                2
              ],
              "inflate": 0.05,
              "uv": [
                117,
                11
              ]
            }
          ]
        }
      ]
    }
  ]
}