{
  "format_version": "1.12.0",
  "minecraft:geometry": [
    {
      "description": {
        "identifier": "geometry.unknown",
        "texture_width": 128,
        "texture_height": 128,
        "visible_bounds_width": 3,
        "visible_bounds_height": 3.5,
        "visible_bounds_offset": [
          0,
          1.25,
          0
        ]
      },
      "bones": [
        {
          "name": "bipedHead",
          "pivot": [
            0,
            24,
            0
          ]
        },
        {
          "name": "armorHead",
          "parent": "bipedHead",
          "pivot": [
            0,
            24,
            0
          ],
          "cubes": [
            {
              "origin": [
                -4,
                24,
                -4
              ],
              "size": [
                8,
                8,
                8
              ],
              "uv": [
                0,
                0
              ]
            },
            {
              "origin": [
                -5.5,
                29.75,
                -5
              ],
              "size": [
                10,
                1,
                10
              ],
              "pivot": [
                0,
                24,
                0
              ],
              "rotation": [
                0,
                0,
                4.25
              ],
              "uv": [
                79,
                3
              ]
            },
            {
              "origin": [
                -4.5,
                32.05,
                -4
              ],
              "size": [
                8,
                4.75,
                8
              ],
              "inflate": -0.05,
              "pivot": [
                0,
                24,
                0
              ],
              "rotation": [
                0,
                0,
                4
              ],
              "uv": [
                81,
                3
              ]
            },
            {
              "origin": [
                -4.75,
                30,
                -4.25
              ],
              "size": [
                8.5,
                2.25,
                8.5
              ],
              "pivot": [
                0,
                24,
                0
              ],
              "rotation": [
                0,
                0,
                3.75
              ],
              "uv": [
                97,
                16
              ]
            },
            {
              "origin": [
                -9.95,
                20,
                -11.125
              ],
              "size": [
                16,
                16,
                16
              ],
              "inflate": -6.95,
              "uv": [
                0,
                96
              ]
            },
            {
              "origin": [
                -0.575,
                26.7,
                -4.5
              ],
              "size": [
                1.325,
                1.3,
                1.25
              ],
              "uv": [
                12,
                6
              ]
            },
            {
              "origin": [
                1.575,
                23.225,
                -4.125
              ],
              "size": [
                2.55,
                1.525,
                1.25
              ],
              "pivot": [
                0,
                24,
                0
              ],
              "rotation": [
                0,
                0,
                -22.5
              ],
              "uv": [
                9,
                6
              ],
              "mirror": true
            },
            {
              "origin": [
                -4.125,
                23.275,
                -4.125
              ],
              "size": [
                2.75,
                1.575,
                1.25
              ],
              "pivot": [
                0,
                24,
                0
              ],
              "rotation": [
                0,
                0,
                22.5
              ],
              "uv": [
                9,
                6
              ]
            },
            {
              "origin": [
                -3.375,
                28.275,
                -1.75
              ],
              "size": [
                2.75,
                2.575,
                5.5
              ],
              "pivot": [
                0,
                24,
                0
              ],
              "rotation": [
                0,
                0,
                -8.75
              ],
              "uv": [
                107,
                31
              ]
            },
            {
              "origin": [
                0.675,
                28.275,
                -1.75
              ],
              "size": [
                2.75,
                2.575,
                5.5
              ],
              "pivot": [
                0,
                24,
                0
              ],
              "rotation": [
                0,
                0,
                8.75
              ],
              "uv": [
                107,
                31
              ],
              "mirror": true
            },
            {
              "origin": [
                -1.575,
                23.6,
                -4.175
              ],
              "size": [
                3.325,
                1.475,
                1.05
              ],
              "pivot": [
                0,
                24,
                0
              ],
              "rotation": [
                -4,
                0,
                0
              ],
              "uv": [
                8,
                5
              ]
            },
            {
              "origin": [
                -2.575,
                23.65,
                -3.85
              ],
              "size": [
                5.325,
                1.475,
                1.35
              ],
              "uv": [
                8,
                6
              ]
            },
            {
              "origin": [
                1.475,
                27.45,
                -4.175
              ],
              "size": [
                2.5,
                0.6,
                1.15
              ],
              "pivot": [
                0,
                24,
                0
              ],
              "rotation": [
                0,
                0,
                -9.25
              ],
              "uv": [
                93,
                9
              ]
            },
            {
              "origin": [
                -3.15,
                29.05,
                -4.175
              ],
              "size": [
                2.375,
                0.325,
                1.15
              ],
              "uv": [
                82,
                21
              ]
            },
            {
              "origin": [
                -3.125,
                26.6,
                -4.175
              ],
              "size": [
                2.325,
                0.35,
                1.15
              ],
              "uv": [
                82,
                21
              ]
            },
            {
              "origin": [
                -2.275,
                27.85,
                -4.275
              ],
              "size": [
                1.475,
                0.35,
                4.1
              ],
              "pivot": [
                0,
                24,
                0
              ],
              "rotation": [
                0,
                0,
                -35
              ],
              "uv": [
                82,
                21
              ]
            },
            {
              "origin": [
                -2.3,
                27.725,
                -0.275
              ],
              "size": [
                1.35,
                0.35,
                4.1
              ],
              "pivot": [
                0,
                24,
                0
              ],
              "rotation": [
                0,
                0,
                -35
              ],
              "uv": [
                82,
                21
              ]
            },
            {
              "origin": [
                -3.325,
                26.7,
                -4.175
              ],
              "size": [
                0.325,
                2.35,
                1.15
              ],
              "uv": [
                82,
                21
              ]
            },
            {
              "origin": [
                -0.925,
                26.7,
                -4.175
              ],
              "size": [
                0.325,
                2.35,
                1.15
              ],
              "uv": [
                82,
                21
              ]
            },
            {
              "origin": [
                -3.775,
                27.475,
                -4.075
              ],
              "size": [
                2.5,
                0.6,
                0.825
              ],
              "pivot": [
                0,
                24,
                0
              ],
              "rotation": [
                0,
                0,
                9.25
              ],
              "uv": [
                93,
                9
              ]
            },
            {
              "origin": [
                -0.15,
                26.6,
                -4.625
              ],
              "size": [
                0.5,
                2.5,
                0.875
              ],
              "uv": [
                9,
                5
              ]
            },
            {
              "origin": [
                -0.375,
                26.775,
                -5.075
              ],
              "size": [
                1,
                1,
                0.575
              ],
              "uv": [
                9,
                7
              ]
            },
            {
              "origin": [
                -1.125,
                25.825,
                -4.05
              ],
              "size": [
                2.5,
                0.375,
                0.05
              ],
              "uv": [
                123,
                36
              ]
            },
            {
              "origin": [
                -0.875,
                25.025,
                -4.175
              ],
              "size": [
                2.25,
                0.375,
                0.05
              ],
              "uv": [
                123,
                36
              ]
            },
            {
              "origin": [
                -1.175,
                25.15,
                -4.15
              ],
              "size": [
                0.8,
                0.375,
                0.025
              ],
              "uv": [
                123,
                36
              ]
            },
            {
              "origin": [
                -1.125,
                25.15,
                -4.05
              ],
              "size": [
                2.5,
                0.675,
                0.05
              ],
              "uv": [
                113,
                36
              ]
            },
            {
              "origin": [
                -0.975,
                25.85,
                -5.875
              ],
              "size": [
                0.5,
                0.5,
                2.325
              ],
              "pivot": [
                0,
                24,
                0
              ],
              "rotation": [
                8,
                -22.5,
                0
              ],
              "uv": [
                96,
                7
              ]
            },
            {
              "origin": [
                -0.975,
                25.85,
                -6.65
              ],
              "size": [
                0.5,
                0.5,
                2.325
              ],
              "inflate": -0.075,
              "pivot": [
                0,
                24,
                0
              ],
              "rotation": [
                8,
                -22.5,
                0
              ],
              "uv": [
                121,
                34
              ]
            },
            {
              "origin": [
                -0.975,
                25.85,
                -6.75
              ],
              "size": [
                0.5,
                0.5,
                2.325
              ],
              "inflate": -0.125,
              "pivot": [
                0,
                24,
                0
              ],
              "rotation": [
                8,
                -22.5,
                0
              ],
              "uv": [
                108,
                31
              ]
            },
            {
              "origin": [
                -0.375,
                26.375,
                -5.425
              ],
              "size": [
                1,
                1.25,
                0.825
              ],
              "inflate": -0.1,
              "uv": [
                9,
                7
              ]
            },
            {
              "origin": [
                3.375,
                24.725,
                -4.175
              ],
              "size": [
                1.1,
                2.9,
                1.825
              ],
              "inflate": -0.1,
              "uv": [
                9,
                7
              ]
            },
            {
              "origin": [
                -4.475,
                24.825,
                -4.175
              ],
              "size": [
                1.1,
                2.8,
                1.825
              ],
              "inflate": -0.1,
              "uv": [
                13,
                7
              ]
            }
          ]
        },
        {
          "name": "bipedBody",
          "pivot": [
            0,
            24,
            0
          ]
        },
        {
          "name": "armorBody",
          "parent": "bipedBody",
          "pivot": [
            0,
            24,
            0
          ],
          "cubes": [
            {
              "origin": [
                -4,
                12,
                -2
              ],
              "size": [
                8,
                12,
                4
              ],
              "uv": [
                16,
                16
              ]
            },
            {
              "origin": [
                0.775,
                22.3,
                -2.5
              ],
              "size": [
                2.5,
                2,
                4
              ],
              "inflate": -0.4,
              "pivot": [
                0,
                24,
                0
              ],
              "rotation": [
                0,
                0,
                22.5
              ],
              "uv": [
                109,
                19
              ]
            },
            {
              "origin": [
                4.025,
                22.3,
                -2.5
              ],
              "size": [
                2,
                2,
                4
              ],
              "inflate": -0.4,
              "pivot": [
                0,
                24,
                0
              ],
              "rotation": [
                0,
                0,
                45
              ],
              "uv": [
                109,
                19
              ]
            },
            {
              "origin": [
                -1,
                21.525,
                -2.75
              ],
              "size": [
                2.325,
                2.775,
                4
              ],
              "inflate": -0.4,
              "uv": [
                109,
                19
              ]
            },
            {
              "origin": [
                -4.5,
                14.775,
                -2.75
              ],
              "size": [
                2.325,
                1.275,
                4
              ],
              "inflate": -0.4,
              "uv": [
                104,
                5
              ]
            },
            {
              "origin": [
                -2,
                15.025,
                -2.75
              ],
              "size": [
                1.825,
                1.275,
                4
              ],
              "inflate": -0.4,
              "uv": [
                79,
                34
              ]
            },
            {
              "origin": [
                -1.575,
                13.325,
                -2.925
              ],
              "size": [
                3.55,
                4.1,
                4.175
              ],
              "inflate": -0.4,
              "uv": [
                92,
                32
              ]
            },
            {
              "origin": [
                -0.325,
                12.975,
                -2.975
              ],
              "size": [
                1.05,
                4.825,
                3.975
              ],
              "inflate": -0.4,
              "uv": [
                80,
                32
              ]
            },
            {
              "origin": [
                -0.325,
                16.975,
                -2.85
              ],
              "size": [
                1.05,
                1.575,
                3.85
              ],
              "inflate": -0.4,
              "uv": [
                80,
                32
              ]
            },
            {
              "origin": [
                -0.325,
                18.65,
                -2.5
              ],
              "size": [
                1.05,
                3.675,
                3.8
              ],
              "inflate": -0.4,
              "uv": [
                121,
                33
              ]
            },
            {
              "origin": [
                0,
                20.875,
                -2.5
              ],
              "size": [
                1.125,
                1.125,
                3.8
              ],
              "inflate": -0.4,
              "uv": [
                121,
                33
              ]
            },
            {
              "origin": [
                0,
                20.125,
                -2.5
              ],
              "size": [
                1.125,
                1.125,
                3.8
              ],
              "inflate": -0.4,
              "uv": [
                121,
                33
              ]
            },
            {
              "origin": [
                0,
                19.375,
                -2.5
              ],
              "size": [
                1.125,
                1.125,
                3.8
              ],
              "inflate": -0.4,
              "uv": [
                121,
                33
              ]
            },
            {
              "origin": [
                0,
                17.375,
                -2.5
              ],
              "size": [
                1.125,
                1.125,
                3.8
              ],
              "inflate": -0.4,
              "uv": [
                96,
                37
              ]
            },
            {
              "origin": [
                0.125,
                16.375,
                -3
              ],
              "size": [
                1.125,
                1.125,
                3.8
              ],
              "inflate": -0.4,
              "uv": [
                96,
                37
              ]
            },
            {
              "origin": [
                0.1,
                15.125,
                -3.1
              ],
              "size": [
                1.125,
                1.125,
                3.8
              ],
              "inflate": -0.4,
              "uv": [
                96,
                37
              ]
            },
            {
              "origin": [
                0,
                13.875,
                -3.1
              ],
              "size": [
                1.125,
                1.125,
                3.8
              ],
              "inflate": -0.4,
              "uv": [
                96,
                37
              ]
            },
            {
              "origin": [
                -0.325,
                12.725,
                -2.85
              ],
              "size": [
                1.05,
                1.575,
                3.85
              ],
              "inflate": -0.4,
              "uv": [
                80,
                32
              ]
            },
            {
              "origin": [
                -1.825,
                13.075,
                -2.675
              ],
              "size": [
                4.05,
                5.1,
                3.925
              ],
              "inflate": -0.4,
              "uv": [
                92,
                34
              ]
            },
            {
              "origin": [
                0.5,
                15.025,
                -2.75
              ],
              "size": [
                1.825,
                1.275,
                4
              ],
              "inflate": -0.4,
              "uv": [
                79,
                34
              ]
            },
            {
              "origin": [
                2.5,
                14.775,
                -2.75
              ],
              "size": [
                2.075,
                1.275,
                4
              ],
              "inflate": -0.4,
              "uv": [
                104,
                5
              ]
            },
            {
              "origin": [
                2.475,
                19.275,
                -2.75
              ],
              "size": [
                1.9,
                1.275,
                4
              ],
              "inflate": -0.4,
              "uv": [
                104,
                5
              ]
            },
            {
              "origin": [
                2.475,
                18.625,
                -2.75
              ],
              "size": [
                1.625,
                1.45,
                4
              ],
              "inflate": -0.4,
              "uv": [
                88,
                9
              ]
            },
            {
              "origin": [
                1.5,
                14.425,
                -2.725
              ],
              "size": [
                1.825,
                10.025,
                4
              ],
              "inflate": -0.4,
              "uv": [
                107,
                1
              ]
            },
            {
              "origin": [
                -3,
                14.425,
                -2.725
              ],
              "size": [
                1.825,
                10.025,
                4
              ],
              "inflate": -0.4,
              "uv": [
                107,
                1
              ]
            },
            {
              "origin": [
                -10.2,
                15.825,
                -2.575
              ],
              "size": [
                1.775,
                2.825,
                4
              ],
              "inflate": -0.4,
              "pivot": [
                0,
                24,
                0
              ],
              "rotation": [
                0,
                0,
                -45
              ],
              "uv": [
                79.25,
                33.5
              ]
            },
            {
              "origin": [
                8.675,
                16.125,
                -2.5
              ],
              "size": [
                1.775,
                2.825,
                4
              ],
              "inflate": -0.4,
              "pivot": [
                0,
                24,
                0
              ],
              "rotation": [
                0,
                0,
                45
              ],
              "uv": [
                80,
                33
              ]
            },
            {
              "origin": [
                6.625,
                13.8,
                -2.5
              ],
              "size": [
                1.775,
                3.075,
                4
              ],
              "inflate": -0.4,
              "pivot": [
                0,
                24,
                0
              ],
              "rotation": [
                0,
                0,
                45
              ],
              "uv": [
                77.5,
                31
              ],
              "mirror": true
            },
            {
              "origin": [
                -8.125,
                13.55,
                -2.525
              ],
              "size": [
                1.775,
                3.075,
                4
              ],
              "inflate": -0.4,
              "pivot": [
                0,
                24,
                0
              ],
              "rotation": [
                0,
                0,
                -45
              ],
              "uv": [
                77.5,
                31
              ],
              "mirror": true
            },
            {
              "origin": [
                -4.625,
                19.3,
                -2.525
              ],
              "size": [
                1.775,
                4.075,
                4
              ],
              "inflate": -0.4,
              "pivot": [
                0,
                24,
                0
              ],
              "rotation": [
                0,
                0,
                -45
              ],
              "uv": [
                77.5,
                31
              ],
              "mirror": true
            },
            {
              "origin": [
                3.125,
                19.35,
                -2.525
              ],
              "size": [
                1.775,
                4.325,
                4
              ],
              "inflate": -0.4,
              "pivot": [
                0,
                24,
                0
              ],
              "rotation": [
                0,
                0,
                45
              ],
              "uv": [
                77.5,
                31
              ],
              "mirror": true
            },
            {
              "origin": [
                -2.25,
                21.9,
                -2.5
              ],
              "size": [
                2.5,
                2,
                4
              ],
              "inflate": -0.4,
              "pivot": [
                0,
                24,
                0
              ],
              "rotation": [
                0,
                0,
                22.5
              ],
              "uv": [
                109,
                19
              ]
            },
            {
              "origin": [
                0.025,
                21.775,
                -2.5
              ],
              "size": [
                2.5,
                2,
                4
              ],
              "inflate": -0.4,
              "pivot": [
                0,
                24,
                0
              ],
              "rotation": [
                0,
                0,
                -22.5
              ],
              "uv": [
                109,
                19
              ]
            },
            {
              "origin": [
                -2.95,
                22.175,
                -2.5
              ],
              "size": [
                2.5,
                2,
                4
              ],
              "inflate": -0.4,
              "pivot": [
                0,
                24,
                0
              ],
              "rotation": [
                0,
                0,
                -22.5
              ],
              "uv": [
                109,
                19
              ]
            },
            {
              "origin": [
                -9.65,
                20.1,
                -2.15
              ],
              "size": [
                2.1,
                0.35,
                1.975
              ],
              "pivot": [
                0,
                24,
                0
              ],
              "rotation": [
                0,
                0,
                -57.5
              ],
              "uv": [
                82,
                21
              ]
            },
            {
              "origin": [
                5.5,
                16.6,
                -2.15
              ],
              "size": [
                2.1,
                0.35,
                1.975
              ],
              "pivot": [
                0,
                24,
                0
              ],
              "rotation": [
                0,
                0,
                57.5
              ],
              "uv": [
                82,
                21
              ]
            },
            {
              "origin": [
                -3.875,
                3.2,
                0.2
              ],
              "size": [
                4.225,
                8.75,
                1
              ],
              "pivot": [
                2.35,
                16.175,
                -2.75
              ],
              "rotation": [
                12.72699,
                0.77198,
                3.4139
              ],
              "uv": [
                23,
                75
              ]
            },
            {
              "origin": [
                -0.4,
                3.525,
                -0.1
              ],
              "size": [
                4.075,
                8.75,
                1
              ],
              "pivot": [
                2.35,
                17.925,
                -2.75
              ],
              "rotation": [
                12.72699,
                0.77198,
                -3.4139
              ],
              "uv": [
                23,
                75
              ],
              "mirror": true
            }
          ]
        },
        {
          "name": "bipedRightArm",
          "pivot": [
            -4,
            22,
            0
          ]
        },
        {
          "name": "armorRightArm",
          "parent": "bipedRightArm",
          "pivot": [
            -4,
            22,
            0
          ],
          "cubes": [
            {
              "origin": [
                -8,
                12,
                -2
              ],
              "size": [
                4,
                12,
                4
              ],
              "uv": [
                40,
                16
              ]
            },
            {
              "origin": [
                -8.25,
                16,
                -2.25
              ],
              "size": [
                3,
                1.5,
                4.5
              ],
              "uv": [
                105,
                5
              ]
            },
            {
              "origin": [
                -8.475,
                16.475,
                0.25
              ],
              "size": [
                1,
                1,
                1
              ],
              "inflate": -0.075,
              "uv": [
                84,
                23
              ]
            }
          ]
        },
        {
          "name": "bipedLeftArm",
          "pivot": [
            4,
            22,
            0
          ]
        },
        {
          "name": "armorLeftArm",
          "parent": "bipedLeftArm",
          "pivot": [
            4,
            22,
            0
          ],
          "cubes": [
            {
              "origin": [
                4,
                12,
                -2
              ],
              "size": [
                4,
                12,
                4
              ],
              "uv": [
                32,
                48
              ]
            },
            {
              "origin": [
                5.25,
                16,
                -2.25
              ],
              "size": [
                3,
                1.5,
                4.5
              ],
              "uv": [
                105,
                5
              ]
            },
            {
              "origin": [
                7.525,
                16.475,
                0.25
              ],
              "size": [
                1,
                1,
                1
              ],
              "inflate": -0.075,
              "uv": [
                84,
                23
              ]
            }
          ]
        },
        {
          "name": "bipedLeftLeg",
          "pivot": [
            -2,
            12,
            0
          ]
        },
        {
          "name": "armorLeftLeg",
          "parent": "bipedLeftLeg",
          "pivot": [
            -2,
            12,
            0
          ],
          "cubes": [
            {
              "origin": [
                0,
                0,
                -2
              ],
              "size": [
                4,
                12,
                4
              ],
              "uv": [
                16,
                48
              ]
            },
            {
              "origin": [
                -0.25,
                1.75,
                -2.5
              ],
              "size": [
                4.5,
                0.75,
                4.75
              ],
              "uv": [
                0,
                25
              ]
            }
          ]
        },
        {
          "name": "armorLeftBoot",
          "parent": "bipedLeftLeg",
          "pivot": [
            -2,
            12,
            0
          ]
        },
        {
          "name": "bipedRightLeg",
          "pivot": [
            2,
            12,
            0
          ]
        },
        {
          "name": "armorRightLeg",
          "parent": "bipedRightLeg",
          "pivot": [
            2,
            12,
            0
          ],
          "cubes": [
            {
              "origin": [
                -4,
                0,
                -2
              ],
              "size": [
                4,
                12,
                4
              ],
              "uv": [
                0,
                16
              ]
            },
            {
              "origin": [
                -4.25,
                1.75,
                -2.5
              ],
              "size": [
                4.5,
                0.75,
                4.75
              ],
              "uv": [
                0,
                24
              ],
              "mirror": true
            }
          ]
        },
        {
          "name": "armorRightBoot",
          "parent": "bipedRightLeg",
          "pivot": [
            2,
            12,
            0
          ]
        }
      ]
    }
  ]
}